solid OpenSCAD_Model
  facet normal -0.887049 0.461675 0
    outer loop
      vertex 23.3335 9.4 0.65
      vertex 23.7443 10.1893 3.85
      vertex 23.7443 10.1893 0.65
    endloop
  endfacet
  facet normal -0.887049 0.461675 0
    outer loop
      vertex 23.7443 10.1893 3.85
      vertex 23.3335 9.4 0.65
      vertex 23.3335 9.4 3.85
    endloop
  endfacet
  facet normal -0.991437 -0.130588 0
    outer loop
      vertex 24.6612 15.389 0.65
      vertex 24.545 16.2712 3.85
      vertex 24.545 16.2712 0.65
    endloop
  endfacet
  facet normal -0.991437 -0.130588 0
    outer loop
      vertex 24.545 16.2712 3.85
      vertex 24.6612 15.389 0.65
      vertex 24.6612 15.389 3.85
    endloop
  endfacet
  facet normal -0.999049 -0.043603 0
    outer loop
      vertex 24.7 14.5 0.65
      vertex 24.6612 15.389 3.85
      vertex 24.6612 15.389 0.65
    endloop
  endfacet
  facet normal -0.999049 -0.043603 0
    outer loop
      vertex 24.6612 15.389 3.85
      vertex 24.7 14.5 0.65
      vertex 24.7 14.5 3.85
    endloop
  endfacet
  facet normal -0.976298 -0.216431 0
    outer loop
      vertex 24.545 16.2712 0.65
      vertex 24.3524 17.14 3.85
      vertex 24.3524 17.14 0.65
    endloop
  endfacet
  facet normal -0.976298 -0.216431 0
    outer loop
      vertex 24.3524 17.14 3.85
      vertex 24.545 16.2712 0.65
      vertex 24.545 16.2712 3.85
    endloop
  endfacet
  facet normal -0.130533 0.991444 0
    outer loop
      vertex 16.2712 4.45496 0.65
      vertex 15.389 4.33881 3.85
      vertex 16.2712 4.45496 3.85
    endloop
  endfacet
  facet normal -0.130533 0.991444 0
    outer loop
      vertex 15.389 4.33881 3.85
      vertex 16.2712 4.45496 0.65
      vertex 15.389 4.33881 0.65
    endloop
  endfacet
  facet normal -0.675587 -0.73728 0
    outer loop
      vertex 21.0564 22.3137 0.65
      vertex 21.7125 21.7125 3.85
      vertex 21.0564 22.3137 3.85
    endloop
  endfacet
  facet normal -0.675587 -0.73728 -0
    outer loop
      vertex 21.7125 21.7125 3.85
      vertex 21.0564 22.3137 0.65
      vertex 21.7125 21.7125 0.65
    endloop
  endfacet
  facet normal 0.737282 0.675585 0
    outer loop
      vertex 7.28751 7.28751 3.85
      vertex 6.68635 7.94357 0.65
      vertex 6.68635 7.94357 3.85
    endloop
  endfacet
  facet normal 0.737282 0.675585 0
    outer loop
      vertex 6.68635 7.94357 0.65
      vertex 7.28751 7.28751 3.85
      vertex 7.28751 7.28751 0.65
    endloop
  endfacet
  facet normal -0.608792 -0.79333 0
    outer loop
      vertex 20.3505 22.8554 0.65
      vertex 21.0564 22.3137 3.85
      vertex 20.3505 22.8554 3.85
    endloop
  endfacet
  facet normal -0.608792 -0.79333 -0
    outer loop
      vertex 21.0564 22.3137 3.85
      vertex 20.3505 22.8554 0.65
      vertex 21.0564 22.3137 0.65
    endloop
  endfacet
  facet normal 0.923878 -0.382688 0
    outer loop
      vertex 4.91513 17.9886 3.85
      vertex 5.25566 18.8107 0.65
      vertex 5.25566 18.8107 3.85
    endloop
  endfacet
  facet normal 0.923878 -0.382688 0
    outer loop
      vertex 5.25566 18.8107 0.65
      vertex 4.91513 17.9886 3.85
      vertex 4.91513 17.9886 0.65
    endloop
  endfacet
  facet normal 0 0 1
    outer loop
      vertex 24.6612 15.389 0.65
      vertex 24.6612 13.611 0.65
      vertex 24.7 14.5 0.65
    endloop
  endfacet
  facet normal 0 0 1
    outer loop
      vertex 24.545 16.2712 0.65
      vertex 24.6612 13.611 0.65
      vertex 24.6612 15.389 0.65
    endloop
  endfacet
  facet normal 0 0 1
    outer loop
      vertex 24.545 16.2712 0.65
      vertex 24.545 12.7288 0.65
      vertex 24.6612 13.611 0.65
    endloop
  endfacet
  facet normal 0 0 1
    outer loop
      vertex 24.3524 17.14 0.65
      vertex 24.545 12.7288 0.65
      vertex 24.545 16.2712 0.65
    endloop
  endfacet
  facet normal 0 0 1
    outer loop
      vertex 24.3524 17.14 0.65
      vertex 24.3524 11.86 0.65
      vertex 24.545 12.7288 0.65
    endloop
  endfacet
  facet normal 0 0 1
    outer loop
      vertex 24.0849 17.9886 0.65
      vertex 24.3524 11.86 0.65
      vertex 24.3524 17.14 0.65
    endloop
  endfacet
  facet normal 0 0 1
    outer loop
      vertex 24.0849 17.9886 0.65
      vertex 24.0849 11.0114 0.65
      vertex 24.3524 11.86 0.65
    endloop
  endfacet
  facet normal 0 0 1
    outer loop
      vertex 23.7443 18.8107 0.65
      vertex 24.0849 11.0114 0.65
      vertex 24.0849 17.9886 0.65
    endloop
  endfacet
  facet normal 0 0 1
    outer loop
      vertex 23.7443 18.8107 0.65
      vertex 23.7443 10.1893 0.65
      vertex 24.0849 11.0114 0.65
    endloop
  endfacet
  facet normal 0 0 1
    outer loop
      vertex 23.3335 19.6 0.65
      vertex 23.7443 10.1893 0.65
      vertex 23.7443 18.8107 0.65
    endloop
  endfacet
  facet normal 0 0 1
    outer loop
      vertex 23.3335 19.6 0.65
      vertex 23.3335 9.4 0.65
      vertex 23.7443 10.1893 0.65
    endloop
  endfacet
  facet normal 0 0 1
    outer loop
      vertex 22.8554 20.3505 0.65
      vertex 23.3335 9.4 0.65
      vertex 23.3335 19.6 0.65
    endloop
  endfacet
  facet normal 0 0 1
    outer loop
      vertex 22.8554 20.3505 0.65
      vertex 22.8554 8.64952 0.65
      vertex 23.3335 9.4 0.65
    endloop
  endfacet
  facet normal 0 0 1
    outer loop
      vertex 22.3137 21.0564 0.65
      vertex 22.8554 8.64952 0.65
      vertex 22.8554 20.3505 0.65
    endloop
  endfacet
  facet normal 0 0 1
    outer loop
      vertex 22.3137 21.0564 0.65
      vertex 22.3137 7.94357 0.65
      vertex 22.8554 8.64952 0.65
    endloop
  endfacet
  facet normal 0 0 1
    outer loop
      vertex 21.7125 21.7125 0.65
      vertex 22.3137 7.94357 0.65
      vertex 22.3137 21.0564 0.65
    endloop
  endfacet
  facet normal 0 0 1
    outer loop
      vertex 21.7125 21.7125 0.65
      vertex 21.7125 7.28751 0.65
      vertex 22.3137 7.94357 0.65
    endloop
  endfacet
  facet normal 0 0 1
    outer loop
      vertex 21.0564 22.3137 0.65
      vertex 21.7125 7.28751 0.65
      vertex 21.7125 21.7125 0.65
    endloop
  endfacet
  facet normal 0 0 1
    outer loop
      vertex 21.0564 22.3137 0.65
      vertex 21.0564 6.68635 0.65
      vertex 21.7125 7.28751 0.65
    endloop
  endfacet
  facet normal 0 0 1
    outer loop
      vertex 20.3505 22.8554 0.65
      vertex 21.0564 6.68635 0.65
      vertex 21.0564 22.3137 0.65
    endloop
  endfacet
  facet normal 0 0 1
    outer loop
      vertex 20.3505 22.8554 0.65
      vertex 20.3505 6.14465 0.65
      vertex 21.0564 6.68635 0.65
    endloop
  endfacet
  facet normal 0 0 1
    outer loop
      vertex 19.6 23.3335 0.65
      vertex 20.3505 6.14465 0.65
      vertex 20.3505 22.8554 0.65
    endloop
  endfacet
  facet normal 0 0 1
    outer loop
      vertex 19.6 23.3335 0.65
      vertex 19.6 5.66654 0.65
      vertex 20.3505 6.14465 0.65
    endloop
  endfacet
  facet normal 0 0 1
    outer loop
      vertex 18.8107 23.7443 0.65
      vertex 19.6 5.66654 0.65
      vertex 19.6 23.3335 0.65
    endloop
  endfacet
  facet normal 0 0 1
    outer loop
      vertex 18.8107 23.7443 0.65
      vertex 18.8107 5.25566 0.65
      vertex 19.6 5.66654 0.65
    endloop
  endfacet
  facet normal 0 0 1
    outer loop
      vertex 17.9886 24.0849 0.65
      vertex 18.8107 5.25566 0.65
      vertex 18.8107 23.7443 0.65
    endloop
  endfacet
  facet normal 0 0 1
    outer loop
      vertex 17.9886 24.0849 0.65
      vertex 17.9886 4.91513 0.65
      vertex 18.8107 5.25566 0.65
    endloop
  endfacet
  facet normal 0 0 1
    outer loop
      vertex 17.14 24.3524 0.65
      vertex 17.9886 4.91513 0.65
      vertex 17.9886 24.0849 0.65
    endloop
  endfacet
  facet normal 0 0 1
    outer loop
      vertex 17.14 24.3524 0.65
      vertex 17.14 4.64756 0.65
      vertex 17.9886 4.91513 0.65
    endloop
  endfacet
  facet normal 0 0 1
    outer loop
      vertex 16.2712 24.545 0.65
      vertex 17.14 4.64756 0.65
      vertex 17.14 24.3524 0.65
    endloop
  endfacet
  facet normal 0 0 1
    outer loop
      vertex 16.2712 24.545 0.65
      vertex 16.2712 4.45496 0.65
      vertex 17.14 4.64756 0.65
    endloop
  endfacet
  facet normal 0 0 1
    outer loop
      vertex 15.389 24.6612 0.65
      vertex 16.2712 4.45496 0.65
      vertex 16.2712 24.545 0.65
    endloop
  endfacet
  facet normal 0 0 1
    outer loop
      vertex 15.389 24.6612 0.65
      vertex 15.389 4.33881 0.65
      vertex 16.2712 4.45496 0.65
    endloop
  endfacet
  facet normal 0 0 1
    outer loop
      vertex 14.5 24.7 0.65
      vertex 15.389 4.33881 0.65
      vertex 15.389 24.6612 0.65
    endloop
  endfacet
  facet normal 0 0 1
    outer loop
      vertex 14.5 24.7 0.65
      vertex 14.5 4.3 0.65
      vertex 15.389 4.33881 0.65
    endloop
  endfacet
  facet normal -0 0 1
    outer loop
      vertex 13.611 24.6612 0.65
      vertex 14.5 4.3 0.65
      vertex 14.5 24.7 0.65
    endloop
  endfacet
  facet normal 0 0 1
    outer loop
      vertex 13.611 24.6612 0.65
      vertex 13.611 4.33881 0.65
      vertex 14.5 4.3 0.65
    endloop
  endfacet
  facet normal -0 0 1
    outer loop
      vertex 12.7288 24.545 0.65
      vertex 13.611 4.33881 0.65
      vertex 13.611 24.6612 0.65
    endloop
  endfacet
  facet normal 0 0 1
    outer loop
      vertex 12.7288 24.545 0.65
      vertex 12.7288 4.45496 0.65
      vertex 13.611 4.33881 0.65
    endloop
  endfacet
  facet normal -0 0 1
    outer loop
      vertex 11.86 24.3524 0.65
      vertex 12.7288 4.45496 0.65
      vertex 12.7288 24.545 0.65
    endloop
  endfacet
  facet normal 0 0 1
    outer loop
      vertex 11.86 24.3524 0.65
      vertex 11.86 4.64756 0.65
      vertex 12.7288 4.45496 0.65
    endloop
  endfacet
  facet normal -0 0 1
    outer loop
      vertex 11.0114 24.0849 0.65
      vertex 11.86 4.64756 0.65
      vertex 11.86 24.3524 0.65
    endloop
  endfacet
  facet normal 0 0 1
    outer loop
      vertex 11.0114 24.0849 0.65
      vertex 11.0114 4.91513 0.65
      vertex 11.86 4.64756 0.65
    endloop
  endfacet
  facet normal -0 0 1
    outer loop
      vertex 10.1893 23.7443 0.65
      vertex 11.0114 4.91513 0.65
      vertex 11.0114 24.0849 0.65
    endloop
  endfacet
  facet normal 0 0 1
    outer loop
      vertex 10.1893 23.7443 0.65
      vertex 10.1893 5.25566 0.65
      vertex 11.0114 4.91513 0.65
    endloop
  endfacet
  facet normal -0 0 1
    outer loop
      vertex 9.4 23.3335 0.65
      vertex 10.1893 5.25566 0.65
      vertex 10.1893 23.7443 0.65
    endloop
  endfacet
  facet normal 0 0 1
    outer loop
      vertex 9.4 23.3335 0.65
      vertex 9.4 5.66654 0.65
      vertex 10.1893 5.25566 0.65
    endloop
  endfacet
  facet normal -0 0 1
    outer loop
      vertex 8.64952 22.8554 0.65
      vertex 9.4 5.66654 0.65
      vertex 9.4 23.3335 0.65
    endloop
  endfacet
  facet normal 0 0 1
    outer loop
      vertex 8.64952 22.8554 0.65
      vertex 8.64952 6.14465 0.65
      vertex 9.4 5.66654 0.65
    endloop
  endfacet
  facet normal -0 0 1
    outer loop
      vertex 7.94357 22.3137 0.65
      vertex 8.64952 6.14465 0.65
      vertex 8.64952 22.8554 0.65
    endloop
  endfacet
  facet normal 0 0 1
    outer loop
      vertex 7.94357 22.3137 0.65
      vertex 7.94357 6.68635 0.65
      vertex 8.64952 6.14465 0.65
    endloop
  endfacet
  facet normal -0 0 1
    outer loop
      vertex 7.28751 21.7125 0.65
      vertex 7.94357 6.68635 0.65
      vertex 7.94357 22.3137 0.65
    endloop
  endfacet
  facet normal 0 0 1
    outer loop
      vertex 7.28751 21.7125 0.65
      vertex 7.28751 7.28751 0.65
      vertex 7.94357 6.68635 0.65
    endloop
  endfacet
  facet normal -0 0 1
    outer loop
      vertex 6.68635 21.0564 0.65
      vertex 7.28751 7.28751 0.65
      vertex 7.28751 21.7125 0.65
    endloop
  endfacet
  facet normal 0 0 1
    outer loop
      vertex 6.68635 21.0564 0.65
      vertex 6.68635 7.94357 0.65
      vertex 7.28751 7.28751 0.65
    endloop
  endfacet
  facet normal -0 0 1
    outer loop
      vertex 6.14465 20.3505 0.65
      vertex 6.68635 7.94357 0.65
      vertex 6.68635 21.0564 0.65
    endloop
  endfacet
  facet normal 0 0 1
    outer loop
      vertex 6.14465 20.3505 0.65
      vertex 6.14465 8.64952 0.65
      vertex 6.68635 7.94357 0.65
    endloop
  endfacet
  facet normal -0 0 1
    outer loop
      vertex 5.66654 19.6 0.65
      vertex 6.14465 8.64952 0.65
      vertex 6.14465 20.3505 0.65
    endloop
  endfacet
  facet normal 0 0 1
    outer loop
      vertex 5.66654 19.6 0.65
      vertex 5.66654 9.4 0.65
      vertex 6.14465 8.64952 0.65
    endloop
  endfacet
  facet normal -0 0 1
    outer loop
      vertex 5.25566 18.8107 0.65
      vertex 5.66654 9.4 0.65
      vertex 5.66654 19.6 0.65
    endloop
  endfacet
  facet normal 0 0 1
    outer loop
      vertex 5.25566 18.8107 0.65
      vertex 5.25566 10.1893 0.65
      vertex 5.66654 9.4 0.65
    endloop
  endfacet
  facet normal -0 0 1
    outer loop
      vertex 4.91513 17.9886 0.65
      vertex 5.25566 10.1893 0.65
      vertex 5.25566 18.8107 0.65
    endloop
  endfacet
  facet normal 0 0 1
    outer loop
      vertex 4.91513 17.9886 0.65
      vertex 4.91513 11.0114 0.65
      vertex 5.25566 10.1893 0.65
    endloop
  endfacet
  facet normal -0 0 1
    outer loop
      vertex 4.64756 17.14 0.65
      vertex 4.91513 11.0114 0.65
      vertex 4.91513 17.9886 0.65
    endloop
  endfacet
  facet normal 0 0 1
    outer loop
      vertex 4.64756 17.14 0.65
      vertex 4.64756 11.86 0.65
      vertex 4.91513 11.0114 0.65
    endloop
  endfacet
  facet normal -0 0 1
    outer loop
      vertex 4.45496 16.2712 0.65
      vertex 4.64756 11.86 0.65
      vertex 4.64756 17.14 0.65
    endloop
  endfacet
  facet normal 0 0 1
    outer loop
      vertex 4.45496 16.2712 0.65
      vertex 4.45496 12.7288 0.65
      vertex 4.64756 11.86 0.65
    endloop
  endfacet
  facet normal -0 0 1
    outer loop
      vertex 4.33881 15.389 0.65
      vertex 4.45496 12.7288 0.65
      vertex 4.45496 16.2712 0.65
    endloop
  endfacet
  facet normal 0 0 1
    outer loop
      vertex 4.33881 15.389 0.65
      vertex 4.33881 13.611 0.65
      vertex 4.45496 12.7288 0.65
    endloop
  endfacet
  facet normal 0 -0 1
    outer loop
      vertex 4.33881 13.611 0.65
      vertex 4.33881 15.389 0.65
      vertex 4.3 14.5 0.65
    endloop
  endfacet
  facet normal -0.382688 0.923878 0
    outer loop
      vertex 18.8107 5.25566 0.65
      vertex 17.9886 4.91513 3.85
      vertex 18.8107 5.25566 3.85
    endloop
  endfacet
  facet normal -0.382688 0.923878 0
    outer loop
      vertex 17.9886 4.91513 3.85
      vertex 18.8107 5.25566 0.65
      vertex 17.9886 4.91513 0.65
    endloop
  endfacet
  facet normal 0.953715 0.300713 0
    outer loop
      vertex 4.91513 11.0114 3.85
      vertex 4.64756 11.86 0.65
      vertex 4.64756 11.86 3.85
    endloop
  endfacet
  facet normal 0.953715 0.300713 0
    outer loop
      vertex 4.64756 11.86 0.65
      vertex 4.91513 11.0114 3.85
      vertex 4.91513 11.0114 0.65
    endloop
  endfacet
  facet normal -0.953737 -0.300642 0
    outer loop
      vertex 24.3524 17.14 0.65
      vertex 24.0849 17.9886 3.85
      vertex 24.0849 17.9886 0.65
    endloop
  endfacet
  facet normal -0.953737 -0.300642 0
    outer loop
      vertex 24.0849 17.9886 3.85
      vertex 24.3524 17.14 0.65
      vertex 24.3524 17.14 3.85
    endloop
  endfacet
  facet normal -0.537291 0.843397 0
    outer loop
      vertex 20.3505 6.14465 0.65
      vertex 19.6 5.66654 3.85
      vertex 20.3505 6.14465 3.85
    endloop
  endfacet
  facet normal -0.537291 0.843397 0
    outer loop
      vertex 19.6 5.66654 3.85
      vertex 20.3505 6.14465 0.65
      vertex 19.6 5.66654 0.65
    endloop
  endfacet
  facet normal -0.73728 -0.675587 0
    outer loop
      vertex 22.3137 21.0564 0.65
      vertex 21.7125 21.7125 3.85
      vertex 21.7125 21.7125 0.65
    endloop
  endfacet
  facet normal -0.73728 -0.675587 0
    outer loop
      vertex 21.7125 21.7125 3.85
      vertex 22.3137 21.0564 0.65
      vertex 22.3137 21.0564 3.85
    endloop
  endfacet
  facet normal 0.300713 0.953715 -0
    outer loop
      vertex 11.86 4.64756 0.65
      vertex 11.0114 4.91513 3.85
      vertex 11.86 4.64756 3.85
    endloop
  endfacet
  facet normal 0.300713 0.953715 0
    outer loop
      vertex 11.0114 4.91513 3.85
      vertex 11.86 4.64756 0.65
      vertex 11.0114 4.91513 0.65
    endloop
  endfacet
  facet normal 0.999048 0.0436143 0
    outer loop
      vertex 4.33881 13.611 3.85
      vertex 4.3 14.5 0.65
      vertex 4.3 14.5 3.85
    endloop
  endfacet
  facet normal 0.999048 0.0436143 0
    outer loop
      vertex 4.3 14.5 0.65
      vertex 4.33881 13.611 3.85
      vertex 4.33881 13.611 0.65
    endloop
  endfacet
  facet normal -0.92385 -0.382755 0
    outer loop
      vertex 24.0849 17.9886 0.65
      vertex 23.7443 18.8107 3.85
      vertex 23.7443 18.8107 0.65
    endloop
  endfacet
  facet normal -0.92385 -0.382755 0
    outer loop
      vertex 23.7443 18.8107 3.85
      vertex 24.0849 17.9886 0.65
      vertex 24.0849 17.9886 3.85
    endloop
  endfacet
  facet normal -0.999049 0.043603 0
    outer loop
      vertex 24.6612 13.611 0.65
      vertex 24.7 14.5 3.85
      vertex 24.7 14.5 0.65
    endloop
  endfacet
  facet normal -0.999049 0.043603 0
    outer loop
      vertex 24.7 14.5 3.85
      vertex 24.6612 13.611 0.65
      vertex 24.6612 13.611 3.85
    endloop
  endfacet
  facet normal -0.461675 -0.887049 0
    outer loop
      vertex 18.8107 23.7443 0.65
      vertex 19.6 23.3335 3.85
      vertex 18.8107 23.7443 3.85
    endloop
  endfacet
  facet normal -0.461675 -0.887049 -0
    outer loop
      vertex 19.6 23.3335 3.85
      vertex 18.8107 23.7443 0.65
      vertex 19.6 23.3335 0.65
    endloop
  endfacet
  facet normal 0.461745 0.887012 -0
    outer loop
      vertex 10.1893 5.25566 0.65
      vertex 9.4 5.66654 3.85
      vertex 10.1893 5.25566 3.85
    endloop
  endfacet
  facet normal 0.461745 0.887012 0
    outer loop
      vertex 9.4 5.66654 3.85
      vertex 10.1893 5.25566 0.65
      vertex 9.4 5.66654 0.65
    endloop
  endfacet
  facet normal -0.887049 -0.461675 0
    outer loop
      vertex 23.7443 18.8107 0.65
      vertex 23.3335 19.6 3.85
      vertex 23.3335 19.6 0.65
    endloop
  endfacet
  facet normal -0.887049 -0.461675 0
    outer loop
      vertex 23.3335 19.6 3.85
      vertex 23.7443 18.8107 0.65
      vertex 23.7443 18.8107 3.85
    endloop
  endfacet
  facet normal 0.0436143 0.999048 -0
    outer loop
      vertex 14.5 4.3 0.65
      vertex 13.611 4.33881 3.85
      vertex 14.5 4.3 3.85
    endloop
  endfacet
  facet normal 0.0436143 0.999048 0
    outer loop
      vertex 13.611 4.33881 3.85
      vertex 14.5 4.3 0.65
      vertex 13.611 4.33881 0.65
    endloop
  endfacet
  facet normal 0.608765 -0.79335 0
    outer loop
      vertex 7.94357 22.3137 0.65
      vertex 8.64952 22.8554 3.85
      vertex 7.94357 22.3137 3.85
    endloop
  endfacet
  facet normal 0.608765 -0.79335 0
    outer loop
      vertex 8.64952 22.8554 3.85
      vertex 7.94357 22.3137 0.65
      vertex 8.64952 22.8554 0.65
    endloop
  endfacet
  facet normal -0.537283 -0.843402 0
    outer loop
      vertex 19.6 23.3335 0.65
      vertex 20.3505 22.8554 3.85
      vertex 19.6 23.3335 3.85
    endloop
  endfacet
  facet normal -0.537283 -0.843402 -0
    outer loop
      vertex 20.3505 22.8554 3.85
      vertex 19.6 23.3335 0.65
      vertex 20.3505 22.8554 0.65
    endloop
  endfacet
  facet normal -0.300713 0.953715 0
    outer loop
      vertex 17.9886 4.91513 0.65
      vertex 17.14 4.64756 3.85
      vertex 17.9886 4.91513 3.85
    endloop
  endfacet
  facet normal -0.300713 0.953715 0
    outer loop
      vertex 17.14 4.64756 3.85
      vertex 17.9886 4.91513 0.65
      vertex 17.14 4.64756 0.65
    endloop
  endfacet
  facet normal 0.382755 -0.92385 0
    outer loop
      vertex 10.1893 23.7443 0.65
      vertex 11.0114 24.0849 3.85
      vertex 10.1893 23.7443 3.85
    endloop
  endfacet
  facet normal 0.382755 -0.92385 0
    outer loop
      vertex 11.0114 24.0849 3.85
      vertex 10.1893 23.7443 0.65
      vertex 11.0114 24.0849 0.65
    endloop
  endfacet
  facet normal -0.79333 -0.608792 0
    outer loop
      vertex 22.8554 20.3505 0.65
      vertex 22.3137 21.0564 3.85
      vertex 22.3137 21.0564 0.65
    endloop
  endfacet
  facet normal -0.79333 -0.608792 0
    outer loop
      vertex 22.3137 21.0564 3.85
      vertex 22.8554 20.3505 0.65
      vertex 22.8554 20.3505 3.85
    endloop
  endfacet
  facet normal 0.79335 0.608765 0
    outer loop
      vertex 6.68635 7.94357 3.85
      vertex 6.14465 8.64952 0.65
      vertex 6.14465 8.64952 3.85
    endloop
  endfacet
  facet normal 0.79335 0.608765 0
    outer loop
      vertex 6.14465 8.64952 0.65
      vertex 6.68635 7.94357 3.85
      vertex 6.68635 7.94357 0.65
    endloop
  endfacet
  facet normal 0.216431 -0.976298 0
    outer loop
      vertex 11.86 24.3524 0.65
      vertex 12.7288 24.545 3.85
      vertex 11.86 24.3524 3.85
    endloop
  endfacet
  facet normal 0.216431 -0.976298 0
    outer loop
      vertex 12.7288 24.545 3.85
      vertex 11.86 24.3524 0.65
      vertex 12.7288 24.545 0.65
    endloop
  endfacet
  facet normal -0.130588 -0.991437 0
    outer loop
      vertex 15.389 24.6612 0.65
      vertex 16.2712 24.545 3.85
      vertex 15.389 24.6612 3.85
    endloop
  endfacet
  facet normal -0.130588 -0.991437 -0
    outer loop
      vertex 16.2712 24.545 3.85
      vertex 15.389 24.6612 0.65
      vertex 16.2712 24.545 0.65
    endloop
  endfacet
  facet normal -0.991437 0.130588 0
    outer loop
      vertex 24.545 12.7288 0.65
      vertex 24.6612 13.611 3.85
      vertex 24.6612 13.611 0.65
    endloop
  endfacet
  facet normal -0.991437 0.130588 0
    outer loop
      vertex 24.6612 13.611 3.85
      vertex 24.545 12.7288 0.65
      vertex 24.545 12.7288 3.85
    endloop
  endfacet
  facet normal -0.043603 -0.999049 0
    outer loop
      vertex 14.5 24.7 0.65
      vertex 15.389 24.6612 3.85
      vertex 14.5 24.7 3.85
    endloop
  endfacet
  facet normal -0.043603 -0.999049 -0
    outer loop
      vertex 15.389 24.6612 3.85
      vertex 14.5 24.7 0.65
      vertex 15.389 24.6612 0.65
    endloop
  endfacet
  facet normal 0.300642 -0.953737 0
    outer loop
      vertex 11.0114 24.0849 0.65
      vertex 11.86 24.3524 3.85
      vertex 11.0114 24.0849 3.85
    endloop
  endfacet
  facet normal 0.300642 -0.953737 0
    outer loop
      vertex 11.86 24.3524 3.85
      vertex 11.0114 24.0849 0.65
      vertex 11.86 24.3524 0.65
    endloop
  endfacet
  facet normal 0.976298 -0.216431 0
    outer loop
      vertex 4.45496 16.2712 3.85
      vertex 4.64756 17.14 0.65
      vertex 4.64756 17.14 3.85
    endloop
  endfacet
  facet normal 0.976298 -0.216431 0
    outer loop
      vertex 4.64756 17.14 0.65
      vertex 4.45496 16.2712 3.85
      vertex 4.45496 16.2712 0.65
    endloop
  endfacet
  facet normal 0.991444 -0.130533 0
    outer loop
      vertex 4.33881 15.389 3.85
      vertex 4.45496 16.2712 0.65
      vertex 4.45496 16.2712 3.85
    endloop
  endfacet
  facet normal 0.991444 -0.130533 0
    outer loop
      vertex 4.45496 16.2712 0.65
      vertex 4.33881 15.389 3.85
      vertex 4.33881 15.389 0.65
    endloop
  endfacet
  facet normal -0.461745 0.887012 0
    outer loop
      vertex 19.6 5.66654 0.65
      vertex 18.8107 5.25566 3.85
      vertex 19.6 5.66654 3.85
    endloop
  endfacet
  facet normal -0.461745 0.887012 0
    outer loop
      vertex 18.8107 5.25566 3.85
      vertex 19.6 5.66654 0.65
      vertex 18.8107 5.25566 0.65
    endloop
  endfacet
  facet normal -0.382755 -0.92385 0
    outer loop
      vertex 17.9886 24.0849 0.65
      vertex 18.8107 23.7443 3.85
      vertex 17.9886 24.0849 3.85
    endloop
  endfacet
  facet normal -0.382755 -0.92385 -0
    outer loop
      vertex 18.8107 23.7443 3.85
      vertex 17.9886 24.0849 0.65
      vertex 18.8107 23.7443 0.65
    endloop
  endfacet
  facet normal -0.976298 0.216431 0
    outer loop
      vertex 24.3524 11.86 0.65
      vertex 24.545 12.7288 3.85
      vertex 24.545 12.7288 0.65
    endloop
  endfacet
  facet normal -0.976298 0.216431 0
    outer loop
      vertex 24.545 12.7288 3.85
      vertex 24.3524 11.86 0.65
      vertex 24.3524 11.86 3.85
    endloop
  endfacet
  facet normal -0.953737 0.300642 0
    outer loop
      vertex 24.0849 11.0114 0.65
      vertex 24.3524 11.86 3.85
      vertex 24.3524 11.86 0.65
    endloop
  endfacet
  facet normal -0.953737 0.300642 0
    outer loop
      vertex 24.3524 11.86 3.85
      vertex 24.0849 11.0114 0.65
      vertex 24.0849 11.0114 3.85
    endloop
  endfacet
  facet normal 0.953715 -0.300713 0
    outer loop
      vertex 4.64756 17.14 3.85
      vertex 4.91513 17.9886 0.65
      vertex 4.91513 17.9886 3.85
    endloop
  endfacet
  facet normal 0.953715 -0.300713 0
    outer loop
      vertex 4.91513 17.9886 0.65
      vertex 4.64756 17.14 3.85
      vertex 4.64756 17.14 0.65
    endloop
  endfacet
  facet normal -0.79335 0.608765 0
    outer loop
      vertex 22.3137 7.94357 0.65
      vertex 22.8554 8.64952 3.85
      vertex 22.8554 8.64952 0.65
    endloop
  endfacet
  facet normal -0.79335 0.608765 0
    outer loop
      vertex 22.8554 8.64952 3.85
      vertex 22.3137 7.94357 0.65
      vertex 22.3137 7.94357 3.85
    endloop
  endfacet
  facet normal -0.843402 -0.537283 0
    outer loop
      vertex 23.3335 19.6 0.65
      vertex 22.8554 20.3505 3.85
      vertex 22.8554 20.3505 0.65
    endloop
  endfacet
  facet normal -0.843402 -0.537283 0
    outer loop
      vertex 22.8554 20.3505 3.85
      vertex 23.3335 19.6 0.65
      vertex 23.3335 19.6 3.85
    endloop
  endfacet
  facet normal 0.67561 -0.73726 0
    outer loop
      vertex 7.28751 21.7125 0.65
      vertex 7.94357 22.3137 3.85
      vertex 7.28751 21.7125 3.85
    endloop
  endfacet
  facet normal 0.67561 -0.73726 0
    outer loop
      vertex 7.94357 22.3137 3.85
      vertex 7.28751 21.7125 0.65
      vertex 7.94357 22.3137 0.65
    endloop
  endfacet
  facet normal -0.843396 0.537293 0
    outer loop
      vertex 22.8554 8.64952 0.65
      vertex 23.3335 9.4 3.85
      vertex 23.3335 9.4 0.65
    endloop
  endfacet
  facet normal -0.843396 0.537293 0
    outer loop
      vertex 23.3335 9.4 3.85
      vertex 22.8554 8.64952 0.65
      vertex 22.8554 8.64952 3.85
    endloop
  endfacet
  facet normal 0.737302 -0.675563 0
    outer loop
      vertex 6.68635 21.0564 3.85
      vertex 7.28751 21.7125 0.65
      vertex 7.28751 21.7125 3.85
    endloop
  endfacet
  facet normal 0.737302 -0.675563 0
    outer loop
      vertex 7.28751 21.7125 0.65
      vertex 6.68635 21.0564 3.85
      vertex 6.68635 21.0564 0.65
    endloop
  endfacet
  facet normal 0.382688 0.923878 -0
    outer loop
      vertex 11.0114 4.91513 0.65
      vertex 10.1893 5.25566 3.85
      vertex 11.0114 4.91513 3.85
    endloop
  endfacet
  facet normal 0.382688 0.923878 0
    outer loop
      vertex 10.1893 5.25566 3.85
      vertex 11.0114 4.91513 0.65
      vertex 10.1893 5.25566 0.65
    endloop
  endfacet
  facet normal 0.79333 -0.608792 0
    outer loop
      vertex 6.14465 20.3505 3.85
      vertex 6.68635 21.0564 0.65
      vertex 6.68635 21.0564 3.85
    endloop
  endfacet
  facet normal 0.79333 -0.608792 0
    outer loop
      vertex 6.68635 21.0564 0.65
      vertex 6.14465 20.3505 3.85
      vertex 6.14465 20.3505 0.65
    endloop
  endfacet
  facet normal 0.461675 -0.887049 0
    outer loop
      vertex 9.4 23.3335 0.65
      vertex 10.1893 23.7443 3.85
      vertex 9.4 23.3335 3.85
    endloop
  endfacet
  facet normal 0.461675 -0.887049 0
    outer loop
      vertex 10.1893 23.7443 3.85
      vertex 9.4 23.3335 0.65
      vertex 10.1893 23.7443 0.65
    endloop
  endfacet
  facet normal 0.923878 0.382688 0
    outer loop
      vertex 5.25566 10.1893 3.85
      vertex 4.91513 11.0114 0.65
      vertex 4.91513 11.0114 3.85
    endloop
  endfacet
  facet normal 0.923878 0.382688 0
    outer loop
      vertex 4.91513 11.0114 0.65
      vertex 5.25566 10.1893 3.85
      vertex 5.25566 10.1893 0.65
    endloop
  endfacet
  facet normal 0.043603 -0.999049 0
    outer loop
      vertex 13.611 24.6612 0.65
      vertex 14.5 24.7 3.85
      vertex 13.611 24.6612 3.85
    endloop
  endfacet
  facet normal 0.043603 -0.999049 0
    outer loop
      vertex 14.5 24.7 3.85
      vertex 13.611 24.6612 0.65
      vertex 14.5 24.7 0.65
    endloop
  endfacet
  facet normal 0.843397 -0.537291 0
    outer loop
      vertex 5.66654 19.6 3.85
      vertex 6.14465 20.3505 0.65
      vertex 6.14465 20.3505 3.85
    endloop
  endfacet
  facet normal 0.843397 -0.537291 0
    outer loop
      vertex 6.14465 20.3505 0.65
      vertex 5.66654 19.6 3.85
      vertex 5.66654 19.6 0.65
    endloop
  endfacet
  facet normal -0.0436143 0.999048 0
    outer loop
      vertex 15.389 4.33881 0.65
      vertex 14.5 4.3 3.85
      vertex 15.389 4.33881 3.85
    endloop
  endfacet
  facet normal -0.0436143 0.999048 0
    outer loop
      vertex 14.5 4.3 3.85
      vertex 15.389 4.33881 0.65
      vertex 14.5 4.3 0.65
    endloop
  endfacet
  facet normal 0.991444 0.130533 0
    outer loop
      vertex 4.45496 12.7288 3.85
      vertex 4.33881 13.611 0.65
      vertex 4.33881 13.611 3.85
    endloop
  endfacet
  facet normal 0.991444 0.130533 0
    outer loop
      vertex 4.33881 13.611 0.65
      vertex 4.45496 12.7288 3.85
      vertex 4.45496 12.7288 0.65
    endloop
  endfacet
  facet normal -0.216431 0.976298 0
    outer loop
      vertex 17.14 4.64756 0.65
      vertex 16.2712 4.45496 3.85
      vertex 17.14 4.64756 3.85
    endloop
  endfacet
  facet normal -0.216431 0.976298 0
    outer loop
      vertex 16.2712 4.45496 3.85
      vertex 17.14 4.64756 0.65
      vertex 16.2712 4.45496 0.65
    endloop
  endfacet
  facet normal -0.73726 0.67561 0
    outer loop
      vertex 21.7125 7.28751 0.65
      vertex 22.3137 7.94357 3.85
      vertex 22.3137 7.94357 0.65
    endloop
  endfacet
  facet normal -0.73726 0.67561 0
    outer loop
      vertex 22.3137 7.94357 3.85
      vertex 21.7125 7.28751 0.65
      vertex 21.7125 7.28751 3.85
    endloop
  endfacet
  facet normal -0.608792 0.79333 0
    outer loop
      vertex 21.0564 6.68635 0.65
      vertex 20.3505 6.14465 3.85
      vertex 21.0564 6.68635 3.85
    endloop
  endfacet
  facet normal -0.608792 0.79333 0
    outer loop
      vertex 20.3505 6.14465 3.85
      vertex 21.0564 6.68635 0.65
      vertex 20.3505 6.14465 0.65
    endloop
  endfacet
  facet normal 0.887012 0.461745 0
    outer loop
      vertex 5.66654 9.4 3.85
      vertex 5.25566 10.1893 0.65
      vertex 5.25566 10.1893 3.85
    endloop
  endfacet
  facet normal 0.887012 0.461745 0
    outer loop
      vertex 5.25566 10.1893 0.65
      vertex 5.66654 9.4 3.85
      vertex 5.66654 9.4 0.65
    endloop
  endfacet
  facet normal 0.130588 -0.991437 0
    outer loop
      vertex 12.7288 24.545 0.65
      vertex 13.611 24.6612 3.85
      vertex 12.7288 24.545 3.85
    endloop
  endfacet
  facet normal 0.130588 -0.991437 0
    outer loop
      vertex 13.611 24.6612 3.85
      vertex 12.7288 24.545 0.65
      vertex 13.611 24.6612 0.65
    endloop
  endfacet
  facet normal 0.216431 0.976298 -0
    outer loop
      vertex 12.7288 4.45496 0.65
      vertex 11.86 4.64756 3.85
      vertex 12.7288 4.45496 3.85
    endloop
  endfacet
  facet normal 0.216431 0.976298 0
    outer loop
      vertex 11.86 4.64756 3.85
      vertex 12.7288 4.45496 0.65
      vertex 11.86 4.64756 0.65
    endloop
  endfacet
  facet normal 0.537301 0.843391 -0
    outer loop
      vertex 9.4 5.66654 0.65
      vertex 8.64952 6.14465 3.85
      vertex 9.4 5.66654 3.85
    endloop
  endfacet
  facet normal 0.537301 0.843391 0
    outer loop
      vertex 8.64952 6.14465 3.85
      vertex 9.4 5.66654 0.65
      vertex 8.64952 6.14465 0.65
    endloop
  endfacet
  facet normal 0.675585 0.737282 -0
    outer loop
      vertex 7.94357 6.68635 0.65
      vertex 7.28751 7.28751 3.85
      vertex 7.94357 6.68635 3.85
    endloop
  endfacet
  facet normal 0.675585 0.737282 0
    outer loop
      vertex 7.28751 7.28751 3.85
      vertex 7.94357 6.68635 0.65
      vertex 7.28751 7.28751 0.65
    endloop
  endfacet
  facet normal 0.537293 -0.843396 0
    outer loop
      vertex 8.64952 22.8554 0.65
      vertex 9.4 23.3335 3.85
      vertex 8.64952 22.8554 3.85
    endloop
  endfacet
  facet normal 0.537293 -0.843396 0
    outer loop
      vertex 9.4 23.3335 3.85
      vertex 8.64952 22.8554 0.65
      vertex 9.4 23.3335 0.65
    endloop
  endfacet
  facet normal -0.92385 0.382755 0
    outer loop
      vertex 23.7443 10.1893 0.65
      vertex 24.0849 11.0114 3.85
      vertex 24.0849 11.0114 0.65
    endloop
  endfacet
  facet normal -0.92385 0.382755 0
    outer loop
      vertex 24.0849 11.0114 3.85
      vertex 23.7443 10.1893 0.65
      vertex 23.7443 10.1893 3.85
    endloop
  endfacet
  facet normal -0.675563 0.737302 0
    outer loop
      vertex 21.7125 7.28751 0.65
      vertex 21.0564 6.68635 3.85
      vertex 21.7125 7.28751 3.85
    endloop
  endfacet
  facet normal -0.675563 0.737302 0
    outer loop
      vertex 21.0564 6.68635 3.85
      vertex 21.7125 7.28751 0.65
      vertex 21.0564 6.68635 0.65
    endloop
  endfacet
  facet normal 0.887012 -0.461745 0
    outer loop
      vertex 5.25566 18.8107 3.85
      vertex 5.66654 19.6 0.65
      vertex 5.66654 19.6 3.85
    endloop
  endfacet
  facet normal 0.887012 -0.461745 0
    outer loop
      vertex 5.66654 19.6 0.65
      vertex 5.25566 18.8107 3.85
      vertex 5.25566 18.8107 0.65
    endloop
  endfacet
  facet normal 0.999048 -0.0436143 0
    outer loop
      vertex 4.3 14.5 3.85
      vertex 4.33881 15.389 0.65
      vertex 4.33881 15.389 3.85
    endloop
  endfacet
  facet normal 0.999048 -0.0436143 0
    outer loop
      vertex 4.33881 15.389 0.65
      vertex 4.3 14.5 3.85
      vertex 4.3 14.5 0.65
    endloop
  endfacet
  facet normal 0.843391 0.537301 0
    outer loop
      vertex 6.14465 8.64952 3.85
      vertex 5.66654 9.4 0.65
      vertex 5.66654 9.4 3.85
    endloop
  endfacet
  facet normal 0.843391 0.537301 0
    outer loop
      vertex 5.66654 9.4 0.65
      vertex 6.14465 8.64952 3.85
      vertex 6.14465 8.64952 0.65
    endloop
  endfacet
  facet normal 0.976298 0.216431 0
    outer loop
      vertex 4.64756 11.86 3.85
      vertex 4.45496 12.7288 0.65
      vertex 4.45496 12.7288 3.85
    endloop
  endfacet
  facet normal 0.976298 0.216431 0
    outer loop
      vertex 4.45496 12.7288 0.65
      vertex 4.64756 11.86 3.85
      vertex 4.64756 11.86 0.65
    endloop
  endfacet
  facet normal -0.300642 -0.953737 0
    outer loop
      vertex 17.14 24.3524 0.65
      vertex 17.9886 24.0849 3.85
      vertex 17.14 24.3524 3.85
    endloop
  endfacet
  facet normal -0.300642 -0.953737 -0
    outer loop
      vertex 17.9886 24.0849 3.85
      vertex 17.14 24.3524 0.65
      vertex 17.9886 24.0849 0.65
    endloop
  endfacet
  facet normal 0.130533 0.991444 -0
    outer loop
      vertex 13.611 4.33881 0.65
      vertex 12.7288 4.45496 3.85
      vertex 13.611 4.33881 3.85
    endloop
  endfacet
  facet normal 0.130533 0.991444 0
    outer loop
      vertex 12.7288 4.45496 3.85
      vertex 13.611 4.33881 0.65
      vertex 12.7288 4.45496 0.65
    endloop
  endfacet
  facet normal 0.608765 0.79335 -0
    outer loop
      vertex 8.64952 6.14465 0.65
      vertex 7.94357 6.68635 3.85
      vertex 8.64952 6.14465 3.85
    endloop
  endfacet
  facet normal 0.608765 0.79335 0
    outer loop
      vertex 7.94357 6.68635 3.85
      vertex 8.64952 6.14465 0.65
      vertex 7.94357 6.68635 0.65
    endloop
  endfacet
  facet normal -0.216431 -0.976298 0
    outer loop
      vertex 16.2712 24.545 0.65
      vertex 17.14 24.3524 3.85
      vertex 16.2712 24.545 3.85
    endloop
  endfacet
  facet normal -0.216431 -0.976298 -0
    outer loop
      vertex 17.14 24.3524 3.85
      vertex 16.2712 24.545 0.65
      vertex 17.14 24.3524 0.65
    endloop
  endfacet
  facet normal -0.886977 0.461813 0
    outer loop
      vertex 23.3335 109.9 0.65
      vertex 23.7443 110.689 3.85
      vertex 23.7443 110.689 0.65
    endloop
  endfacet
  facet normal -0.886977 0.461813 0
    outer loop
      vertex 23.7443 110.689 3.85
      vertex 23.3335 109.9 0.65
      vertex 23.3335 109.9 3.85
    endloop
  endfacet
  facet normal -0.991433 -0.130617 0
    outer loop
      vertex 24.6612 115.889 0.65
      vertex 24.545 116.771 3.85
      vertex 24.545 116.771 0.65
    endloop
  endfacet
  facet normal -0.991433 -0.130617 0
    outer loop
      vertex 24.545 116.771 3.85
      vertex 24.6612 115.889 0.65
      vertex 24.6612 115.889 3.85
    endloop
  endfacet
  facet normal -0.999049 -0.043603 0
    outer loop
      vertex 24.7 115 0.65
      vertex 24.6612 115.889 3.85
      vertex 24.6612 115.889 0.65
    endloop
  endfacet
  facet normal -0.999049 -0.043603 0
    outer loop
      vertex 24.6612 115.889 3.85
      vertex 24.7 115 0.65
      vertex 24.7 115 3.85
    endloop
  endfacet
  facet normal -0.976309 -0.216383 0
    outer loop
      vertex 24.545 116.771 0.65
      vertex 24.3524 117.64 3.85
      vertex 24.3524 117.64 0.65
    endloop
  endfacet
  facet normal -0.976309 -0.216383 0
    outer loop
      vertex 24.3524 117.64 3.85
      vertex 24.545 116.771 0.65
      vertex 24.545 116.771 3.85
    endloop
  endfacet
  facet normal -0.130367 0.991466 0
    outer loop
      vertex 16.2712 104.955 0.65
      vertex 15.389 104.839 3.85
      vertex 16.2712 104.955 3.85
    endloop
  endfacet
  facet normal -0.130367 0.991466 0
    outer loop
      vertex 15.389 104.839 3.85
      vertex 16.2712 104.955 0.65
      vertex 15.389 104.839 0.65
    endloop
  endfacet
  facet normal -0.676075 -0.736832 0
    outer loop
      vertex 21.0564 122.814 0.65
      vertex 21.7125 122.212 3.85
      vertex 21.0564 122.814 3.85
    endloop
  endfacet
  facet normal -0.676075 -0.736832 -0
    outer loop
      vertex 21.7125 122.212 3.85
      vertex 21.0564 122.814 0.65
      vertex 21.7125 122.212 0.65
    endloop
  endfacet
  facet normal 0.737251 0.675619 0
    outer loop
      vertex 7.28751 107.788 3.85
      vertex 6.68635 108.444 0.65
      vertex 6.68635 108.444 3.85
    endloop
  endfacet
  facet normal 0.737251 0.675619 0
    outer loop
      vertex 6.68635 108.444 0.65
      vertex 7.28751 107.788 3.85
      vertex 7.28751 107.788 0.65
    endloop
  endfacet
  facet normal -0.608297 -0.79371 0
    outer loop
      vertex 20.3505 123.355 0.65
      vertex 21.0564 122.814 3.85
      vertex 20.3505 123.355 3.85
    endloop
  endfacet
  facet normal -0.608297 -0.79371 -0
    outer loop
      vertex 21.0564 122.814 3.85
      vertex 20.3505 123.355 0.65
      vertex 21.0564 122.814 0.65
    endloop
  endfacet
  facet normal 0.923861 -0.382728 0
    outer loop
      vertex 4.91513 118.489 3.85
      vertex 5.25566 119.311 0.65
      vertex 5.25566 119.311 3.85
    endloop
  endfacet
  facet normal 0.923861 -0.382728 0
    outer loop
      vertex 5.25566 119.311 0.65
      vertex 4.91513 118.489 3.85
      vertex 4.91513 118.489 0.65
    endloop
  endfacet
  facet normal 0 0 1
    outer loop
      vertex 24.6612 115.889 0.65
      vertex 24.6612 114.111 0.65
      vertex 24.7 115 0.65
    endloop
  endfacet
  facet normal 0 0 1
    outer loop
      vertex 24.545 116.771 0.65
      vertex 24.6612 114.111 0.65
      vertex 24.6612 115.889 0.65
    endloop
  endfacet
  facet normal 0 0 1
    outer loop
      vertex 24.545 116.771 0.65
      vertex 24.545 113.229 0.65
      vertex 24.6612 114.111 0.65
    endloop
  endfacet
  facet normal 0 0 1
    outer loop
      vertex 24.3524 117.64 0.65
      vertex 24.545 113.229 0.65
      vertex 24.545 116.771 0.65
    endloop
  endfacet
  facet normal 0 0 1
    outer loop
      vertex 24.3524 117.64 0.65
      vertex 24.3524 112.36 0.65
      vertex 24.545 113.229 0.65
    endloop
  endfacet
  facet normal 0 0 1
    outer loop
      vertex 24.0849 118.489 0.65
      vertex 24.3524 112.36 0.65
      vertex 24.3524 117.64 0.65
    endloop
  endfacet
  facet normal 0 0 1
    outer loop
      vertex 24.0849 118.489 0.65
      vertex 24.0849 111.511 0.65
      vertex 24.3524 112.36 0.65
    endloop
  endfacet
  facet normal 0 0 1
    outer loop
      vertex 23.7443 119.311 0.65
      vertex 24.0849 111.511 0.65
      vertex 24.0849 118.489 0.65
    endloop
  endfacet
  facet normal 0 0 1
    outer loop
      vertex 23.7443 119.311 0.65
      vertex 23.7443 110.689 0.65
      vertex 24.0849 111.511 0.65
    endloop
  endfacet
  facet normal 0 0 1
    outer loop
      vertex 23.3335 120.1 0.65
      vertex 23.7443 110.689 0.65
      vertex 23.7443 119.311 0.65
    endloop
  endfacet
  facet normal 0 0 1
    outer loop
      vertex 23.3335 120.1 0.65
      vertex 23.3335 109.9 0.65
      vertex 23.7443 110.689 0.65
    endloop
  endfacet
  facet normal 0 0 1
    outer loop
      vertex 22.8554 120.85 0.65
      vertex 23.3335 109.9 0.65
      vertex 23.3335 120.1 0.65
    endloop
  endfacet
  facet normal 0 0 1
    outer loop
      vertex 22.8554 120.85 0.65
      vertex 22.8554 109.15 0.65
      vertex 23.3335 109.9 0.65
    endloop
  endfacet
  facet normal 0 0 1
    outer loop
      vertex 22.3137 121.556 0.65
      vertex 22.8554 109.15 0.65
      vertex 22.8554 120.85 0.65
    endloop
  endfacet
  facet normal 0 0 1
    outer loop
      vertex 22.3137 121.556 0.65
      vertex 22.3137 108.444 0.65
      vertex 22.8554 109.15 0.65
    endloop
  endfacet
  facet normal 0 0 1
    outer loop
      vertex 21.7125 122.212 0.65
      vertex 22.3137 108.444 0.65
      vertex 22.3137 121.556 0.65
    endloop
  endfacet
  facet normal 0 0 1
    outer loop
      vertex 21.7125 122.212 0.65
      vertex 21.7125 107.788 0.65
      vertex 22.3137 108.444 0.65
    endloop
  endfacet
  facet normal 0 0 1
    outer loop
      vertex 21.0564 122.814 0.65
      vertex 21.7125 107.788 0.65
      vertex 21.7125 122.212 0.65
    endloop
  endfacet
  facet normal 0 0 1
    outer loop
      vertex 21.0564 122.814 0.65
      vertex 21.0564 107.186 0.65
      vertex 21.7125 107.788 0.65
    endloop
  endfacet
  facet normal 0 0 1
    outer loop
      vertex 20.3505 123.355 0.65
      vertex 21.0564 107.186 0.65
      vertex 21.0564 122.814 0.65
    endloop
  endfacet
  facet normal 0 0 1
    outer loop
      vertex 20.3505 123.355 0.65
      vertex 20.3505 106.645 0.65
      vertex 21.0564 107.186 0.65
    endloop
  endfacet
  facet normal 0 0 1
    outer loop
      vertex 19.6 123.833 0.65
      vertex 20.3505 106.645 0.65
      vertex 20.3505 123.355 0.65
    endloop
  endfacet
  facet normal 0 0 1
    outer loop
      vertex 19.6 123.833 0.65
      vertex 19.6 106.167 0.65
      vertex 20.3505 106.645 0.65
    endloop
  endfacet
  facet normal 0 0 1
    outer loop
      vertex 18.8107 124.244 0.65
      vertex 19.6 106.167 0.65
      vertex 19.6 123.833 0.65
    endloop
  endfacet
  facet normal 0 0 1
    outer loop
      vertex 18.8107 124.244 0.65
      vertex 18.8107 105.756 0.65
      vertex 19.6 106.167 0.65
    endloop
  endfacet
  facet normal 0 0 1
    outer loop
      vertex 17.9886 124.585 0.65
      vertex 18.8107 105.756 0.65
      vertex 18.8107 124.244 0.65
    endloop
  endfacet
  facet normal 0 0 1
    outer loop
      vertex 17.9886 124.585 0.65
      vertex 17.9886 105.415 0.65
      vertex 18.8107 105.756 0.65
    endloop
  endfacet
  facet normal 0 0 1
    outer loop
      vertex 17.14 124.852 0.65
      vertex 17.9886 105.415 0.65
      vertex 17.9886 124.585 0.65
    endloop
  endfacet
  facet normal 0 0 1
    outer loop
      vertex 17.14 124.852 0.65
      vertex 17.14 105.148 0.65
      vertex 17.9886 105.415 0.65
    endloop
  endfacet
  facet normal 0 0 1
    outer loop
      vertex 16.2712 125.045 0.65
      vertex 17.14 105.148 0.65
      vertex 17.14 124.852 0.65
    endloop
  endfacet
  facet normal 0 0 1
    outer loop
      vertex 16.2712 125.045 0.65
      vertex 16.2712 104.955 0.65
      vertex 17.14 105.148 0.65
    endloop
  endfacet
  facet normal 0 0 1
    outer loop
      vertex 15.389 125.161 0.65
      vertex 16.2712 104.955 0.65
      vertex 16.2712 125.045 0.65
    endloop
  endfacet
  facet normal 0 0 1
    outer loop
      vertex 15.389 125.161 0.65
      vertex 15.389 104.839 0.65
      vertex 16.2712 104.955 0.65
    endloop
  endfacet
  facet normal 0 0 1
    outer loop
      vertex 14.5 125.2 0.65
      vertex 15.389 104.839 0.65
      vertex 15.389 125.161 0.65
    endloop
  endfacet
  facet normal 0 0 1
    outer loop
      vertex 14.5 125.2 0.65
      vertex 14.5 104.8 0.65
      vertex 15.389 104.839 0.65
    endloop
  endfacet
  facet normal -0 0 1
    outer loop
      vertex 13.611 125.161 0.65
      vertex 14.5 104.8 0.65
      vertex 14.5 125.2 0.65
    endloop
  endfacet
  facet normal 0 0 1
    outer loop
      vertex 13.611 125.161 0.65
      vertex 13.611 104.839 0.65
      vertex 14.5 104.8 0.65
    endloop
  endfacet
  facet normal -0 0 1
    outer loop
      vertex 12.7288 125.045 0.65
      vertex 13.611 104.839 0.65
      vertex 13.611 125.161 0.65
    endloop
  endfacet
  facet normal 0 0 1
    outer loop
      vertex 12.7288 125.045 0.65
      vertex 12.7288 104.955 0.65
      vertex 13.611 104.839 0.65
    endloop
  endfacet
  facet normal -0 0 1
    outer loop
      vertex 11.86 124.852 0.65
      vertex 12.7288 104.955 0.65
      vertex 12.7288 125.045 0.65
    endloop
  endfacet
  facet normal 0 0 1
    outer loop
      vertex 11.86 124.852 0.65
      vertex 11.86 105.148 0.65
      vertex 12.7288 104.955 0.65
    endloop
  endfacet
  facet normal -0 0 1
    outer loop
      vertex 11.0114 124.585 0.65
      vertex 11.86 105.148 0.65
      vertex 11.86 124.852 0.65
    endloop
  endfacet
  facet normal 0 0 1
    outer loop
      vertex 11.0114 124.585 0.65
      vertex 11.0114 105.415 0.65
      vertex 11.86 105.148 0.65
    endloop
  endfacet
  facet normal -0 0 1
    outer loop
      vertex 10.1893 124.244 0.65
      vertex 11.0114 105.415 0.65
      vertex 11.0114 124.585 0.65
    endloop
  endfacet
  facet normal 0 0 1
    outer loop
      vertex 10.1893 124.244 0.65
      vertex 10.1893 105.756 0.65
      vertex 11.0114 105.415 0.65
    endloop
  endfacet
  facet normal -0 0 1
    outer loop
      vertex 9.4 123.833 0.65
      vertex 10.1893 105.756 0.65
      vertex 10.1893 124.244 0.65
    endloop
  endfacet
  facet normal 0 0 1
    outer loop
      vertex 9.4 123.833 0.65
      vertex 9.4 106.167 0.65
      vertex 10.1893 105.756 0.65
    endloop
  endfacet
  facet normal -0 0 1
    outer loop
      vertex 8.64952 123.355 0.65
      vertex 9.4 106.167 0.65
      vertex 9.4 123.833 0.65
    endloop
  endfacet
  facet normal 0 0 1
    outer loop
      vertex 8.64952 123.355 0.65
      vertex 8.64952 106.645 0.65
      vertex 9.4 106.167 0.65
    endloop
  endfacet
  facet normal -0 0 1
    outer loop
      vertex 7.94357 122.814 0.65
      vertex 8.64952 106.645 0.65
      vertex 8.64952 123.355 0.65
    endloop
  endfacet
  facet normal 0 0 1
    outer loop
      vertex 7.94357 122.814 0.65
      vertex 7.94357 107.186 0.65
      vertex 8.64952 106.645 0.65
    endloop
  endfacet
  facet normal -0 0 1
    outer loop
      vertex 7.28751 122.212 0.65
      vertex 7.94357 107.186 0.65
      vertex 7.94357 122.814 0.65
    endloop
  endfacet
  facet normal 0 0 1
    outer loop
      vertex 7.28751 122.212 0.65
      vertex 7.28751 107.788 0.65
      vertex 7.94357 107.186 0.65
    endloop
  endfacet
  facet normal -0 0 1
    outer loop
      vertex 6.68635 121.556 0.65
      vertex 7.28751 107.788 0.65
      vertex 7.28751 122.212 0.65
    endloop
  endfacet
  facet normal 0 0 1
    outer loop
      vertex 6.68635 121.556 0.65
      vertex 6.68635 108.444 0.65
      vertex 7.28751 107.788 0.65
    endloop
  endfacet
  facet normal -0 0 1
    outer loop
      vertex 6.14465 120.85 0.65
      vertex 6.68635 108.444 0.65
      vertex 6.68635 121.556 0.65
    endloop
  endfacet
  facet normal 0 0 1
    outer loop
      vertex 6.14465 120.85 0.65
      vertex 6.14465 109.15 0.65
      vertex 6.68635 108.444 0.65
    endloop
  endfacet
  facet normal -0 0 1
    outer loop
      vertex 5.66654 120.1 0.65
      vertex 6.14465 109.15 0.65
      vertex 6.14465 120.85 0.65
    endloop
  endfacet
  facet normal 0 0 1
    outer loop
      vertex 5.66654 120.1 0.65
      vertex 5.66654 109.9 0.65
      vertex 6.14465 109.15 0.65
    endloop
  endfacet
  facet normal -0 0 1
    outer loop
      vertex 5.25566 119.311 0.65
      vertex 5.66654 109.9 0.65
      vertex 5.66654 120.1 0.65
    endloop
  endfacet
  facet normal 0 0 1
    outer loop
      vertex 5.25566 119.311 0.65
      vertex 5.25566 110.689 0.65
      vertex 5.66654 109.9 0.65
    endloop
  endfacet
  facet normal -0 0 1
    outer loop
      vertex 4.91513 118.489 0.65
      vertex 5.25566 110.689 0.65
      vertex 5.25566 119.311 0.65
    endloop
  endfacet
  facet normal 0 0 1
    outer loop
      vertex 4.91513 118.489 0.65
      vertex 4.91513 111.511 0.65
      vertex 5.25566 110.689 0.65
    endloop
  endfacet
  facet normal -0 0 1
    outer loop
      vertex 4.64756 117.64 0.65
      vertex 4.91513 111.511 0.65
      vertex 4.91513 118.489 0.65
    endloop
  endfacet
  facet normal 0 0 1
    outer loop
      vertex 4.64756 117.64 0.65
      vertex 4.64756 112.36 0.65
      vertex 4.91513 111.511 0.65
    endloop
  endfacet
  facet normal -0 0 1
    outer loop
      vertex 4.45496 116.771 0.65
      vertex 4.64756 112.36 0.65
      vertex 4.64756 117.64 0.65
    endloop
  endfacet
  facet normal 0 0 1
    outer loop
      vertex 4.45496 116.771 0.65
      vertex 4.45496 113.229 0.65
      vertex 4.64756 112.36 0.65
    endloop
  endfacet
  facet normal -0 0 1
    outer loop
      vertex 4.33881 115.889 0.65
      vertex 4.45496 113.229 0.65
      vertex 4.45496 116.771 0.65
    endloop
  endfacet
  facet normal 0 0 1
    outer loop
      vertex 4.33881 115.889 0.65
      vertex 4.33881 114.111 0.65
      vertex 4.45496 113.229 0.65
    endloop
  endfacet
  facet normal 0 -0 1
    outer loop
      vertex 4.33881 114.111 0.65
      vertex 4.33881 115.889 0.65
      vertex 4.3 115 0.65
    endloop
  endfacet
  facet normal -0.383139 0.923691 0
    outer loop
      vertex 18.8107 105.756 0.65
      vertex 17.9886 105.415 3.85
      vertex 18.8107 105.756 3.85
    endloop
  endfacet
  facet normal -0.383139 0.923691 0
    outer loop
      vertex 17.9886 105.415 3.85
      vertex 18.8107 105.756 0.65
      vertex 17.9886 105.415 0.65
    endloop
  endfacet
  facet normal 0.953755 0.300585 0
    outer loop
      vertex 4.91513 111.511 3.85
      vertex 4.64756 112.36 0.65
      vertex 4.64756 112.36 3.85
    endloop
  endfacet
  facet normal 0.953755 0.300585 0
    outer loop
      vertex 4.64756 112.36 0.65
      vertex 4.91513 111.511 3.85
      vertex 4.91513 111.511 0.65
    endloop
  endfacet
  facet normal -0.953778 -0.300513 0
    outer loop
      vertex 24.3524 117.64 0.65
      vertex 24.0849 118.489 3.85
      vertex 24.0849 118.489 0.65
    endloop
  endfacet
  facet normal -0.953778 -0.300513 0
    outer loop
      vertex 24.0849 118.489 3.85
      vertex 24.3524 117.64 0.65
      vertex 24.3524 117.64 3.85
    endloop
  endfacet
  facet normal -0.537203 0.843453 0
    outer loop
      vertex 20.3505 106.645 0.65
      vertex 19.6 106.167 3.85
      vertex 20.3505 106.645 3.85
    endloop
  endfacet
  facet normal -0.537203 0.843453 0
    outer loop
      vertex 19.6 106.167 3.85
      vertex 20.3505 106.645 0.65
      vertex 19.6 106.167 0.65
    endloop
  endfacet
  facet normal -0.737229 -0.675643 0
    outer loop
      vertex 22.3137 121.556 0.65
      vertex 21.7125 122.212 3.85
      vertex 21.7125 122.212 0.65
    endloop
  endfacet
  facet normal -0.737229 -0.675643 0
    outer loop
      vertex 21.7125 122.212 3.85
      vertex 22.3137 121.556 0.65
      vertex 22.3137 121.556 3.85
    endloop
  endfacet
  facet normal 0.300131 0.953898 -0
    outer loop
      vertex 11.86 105.148 0.65
      vertex 11.0114 105.415 3.85
      vertex 11.86 105.148 3.85
    endloop
  endfacet
  facet normal 0.300131 0.953898 0
    outer loop
      vertex 11.0114 105.415 3.85
      vertex 11.86 105.148 0.65
      vertex 11.0114 105.415 0.65
    endloop
  endfacet
  facet normal 0.999048 0.0436143 0
    outer loop
      vertex 4.33881 114.111 3.85
      vertex 4.3 115 0.65
      vertex 4.3 115 3.85
    endloop
  endfacet
  facet normal 0.999048 0.0436143 0
    outer loop
      vertex 4.3 115 0.65
      vertex 4.33881 114.111 3.85
      vertex 4.33881 114.111 0.65
    endloop
  endfacet
  facet normal -0.923833 -0.382795 0
    outer loop
      vertex 24.0849 118.489 0.65
      vertex 23.7443 119.311 3.85
      vertex 23.7443 119.311 0.65
    endloop
  endfacet
  facet normal -0.923833 -0.382795 0
    outer loop
      vertex 23.7443 119.311 3.85
      vertex 24.0849 118.489 0.65
      vertex 24.0849 118.489 3.85
    endloop
  endfacet
  facet normal -0.999049 0.043603 0
    outer loop
      vertex 24.6612 114.111 0.65
      vertex 24.7 115 3.85
      vertex 24.7 115 0.65
    endloop
  endfacet
  facet normal -0.999049 0.043603 0
    outer loop
      vertex 24.7 115 3.85
      vertex 24.6612 114.111 0.65
      vertex 24.6612 114.111 3.85
    endloop
  endfacet
  facet normal 0.461852 0.886957 -0
    outer loop
      vertex 10.1893 105.756 0.65
      vertex 9.4 106.167 3.85
      vertex 10.1893 105.756 3.85
    endloop
  endfacet
  facet normal 0.461852 0.886957 0
    outer loop
      vertex 9.4 106.167 3.85
      vertex 10.1893 105.756 0.65
      vertex 9.4 106.167 0.65
    endloop
  endfacet
  facet normal -0.886977 -0.461813 0
    outer loop
      vertex 23.7443 119.311 0.65
      vertex 23.3335 120.1 3.85
      vertex 23.3335 120.1 0.65
    endloop
  endfacet
  facet normal -0.886977 -0.461813 0
    outer loop
      vertex 23.3335 120.1 3.85
      vertex 23.7443 119.311 0.65
      vertex 23.7443 119.311 3.85
    endloop
  endfacet
  facet normal 0.0438274 0.999039 -0
    outer loop
      vertex 14.5 104.8 0.65
      vertex 13.611 104.839 3.85
      vertex 14.5 104.8 3.85
    endloop
  endfacet
  facet normal 0.0438274 0.999039 0
    outer loop
      vertex 13.611 104.839 3.85
      vertex 14.5 104.8 0.65
      vertex 13.611 104.839 0.65
    endloop
  endfacet
  facet normal 0.60827 -0.79373 0
    outer loop
      vertex 7.94357 122.814 0.65
      vertex 8.64952 123.355 3.85
      vertex 7.94357 122.814 3.85
    endloop
  endfacet
  facet normal 0.60827 -0.79373 0
    outer loop
      vertex 8.64952 123.355 3.85
      vertex 7.94357 122.814 0.65
      vertex 8.64952 123.355 0.65
    endloop
  endfacet
  facet normal -0.537203 -0.843453 0
    outer loop
      vertex 19.6 123.833 0.65
      vertex 20.3505 123.355 3.85
      vertex 19.6 123.833 3.85
    endloop
  endfacet
  facet normal -0.537203 -0.843453 -0
    outer loop
      vertex 20.3505 123.355 3.85
      vertex 19.6 123.833 0.65
      vertex 20.3505 123.355 0.65
    endloop
  endfacet
  facet normal -0.300131 0.953898 0
    outer loop
      vertex 17.9886 105.415 0.65
      vertex 17.14 105.148 3.85
      vertex 17.9886 105.415 3.85
    endloop
  endfacet
  facet normal -0.300131 0.953898 0
    outer loop
      vertex 17.14 105.148 3.85
      vertex 17.9886 105.415 0.65
      vertex 17.14 105.148 0.65
    endloop
  endfacet
  facet normal 0.383139 -0.923691 0
    outer loop
      vertex 10.1893 124.244 0.65
      vertex 11.0114 124.585 3.85
      vertex 10.1893 124.244 3.85
    endloop
  endfacet
  facet normal 0.383139 -0.923691 0
    outer loop
      vertex 11.0114 124.585 3.85
      vertex 10.1893 124.244 0.65
      vertex 11.0114 124.585 0.65
    endloop
  endfacet
  facet normal -0.793371 -0.608738 0
    outer loop
      vertex 22.8554 120.85 0.65
      vertex 22.3137 121.556 3.85
      vertex 22.3137 121.556 0.65
    endloop
  endfacet
  facet normal -0.793371 -0.608738 0
    outer loop
      vertex 22.3137 121.556 3.85
      vertex 22.8554 120.85 0.65
      vertex 22.8554 120.85 3.85
    endloop
  endfacet
  facet normal 0.793371 0.608738 0
    outer loop
      vertex 6.68635 108.444 3.85
      vertex 6.14465 109.15 0.65
      vertex 6.14465 109.15 3.85
    endloop
  endfacet
  facet normal 0.793371 0.608738 0
    outer loop
      vertex 6.14465 109.15 0.65
      vertex 6.68635 108.444 3.85
      vertex 6.68635 108.444 0.65
    endloop
  endfacet
  facet normal 0.216859 -0.976203 0
    outer loop
      vertex 11.86 124.852 0.65
      vertex 12.7288 125.045 3.85
      vertex 11.86 124.852 3.85
    endloop
  endfacet
  facet normal 0.216859 -0.976203 0
    outer loop
      vertex 12.7288 125.045 3.85
      vertex 11.86 124.852 0.65
      vertex 12.7288 125.045 0.65
    endloop
  endfacet
  facet normal -0.130367 -0.991466 0
    outer loop
      vertex 15.389 125.161 0.65
      vertex 16.2712 125.045 3.85
      vertex 15.389 125.161 3.85
    endloop
  endfacet
  facet normal -0.130367 -0.991466 -0
    outer loop
      vertex 16.2712 125.045 3.85
      vertex 15.389 125.161 0.65
      vertex 16.2712 125.045 0.65
    endloop
  endfacet
  facet normal -0.991433 0.130617 0
    outer loop
      vertex 24.545 113.229 0.65
      vertex 24.6612 114.111 3.85
      vertex 24.6612 114.111 0.65
    endloop
  endfacet
  facet normal -0.991433 0.130617 0
    outer loop
      vertex 24.6612 114.111 3.85
      vertex 24.545 113.229 0.65
      vertex 24.545 113.229 3.85
    endloop
  endfacet
  facet normal -0.0438274 -0.999039 0
    outer loop
      vertex 14.5 125.2 0.65
      vertex 15.389 125.161 3.85
      vertex 14.5 125.2 3.85
    endloop
  endfacet
  facet normal -0.0438274 -0.999039 -0
    outer loop
      vertex 15.389 125.161 3.85
      vertex 14.5 125.2 0.65
      vertex 15.389 125.161 0.65
    endloop
  endfacet
  facet normal 0.300131 -0.953898 0
    outer loop
      vertex 11.0114 124.585 0.65
      vertex 11.86 124.852 3.85
      vertex 11.0114 124.585 3.85
    endloop
  endfacet
  facet normal 0.300131 -0.953898 0
    outer loop
      vertex 11.86 124.852 3.85
      vertex 11.0114 124.585 0.65
      vertex 11.86 124.852 0.65
    endloop
  endfacet
  facet normal 0.976309 -0.216383 0
    outer loop
      vertex 4.45496 116.771 3.85
      vertex 4.64756 117.64 0.65
      vertex 4.64756 117.64 3.85
    endloop
  endfacet
  facet normal 0.976309 -0.216383 0
    outer loop
      vertex 4.64756 117.64 0.65
      vertex 4.45496 116.771 3.85
      vertex 4.45496 116.771 0.65
    endloop
  endfacet
  facet normal 0.99144 -0.130562 0
    outer loop
      vertex 4.33881 115.889 3.85
      vertex 4.45496 116.771 0.65
      vertex 4.45496 116.771 3.85
    endloop
  endfacet
  facet normal 0.99144 -0.130562 0
    outer loop
      vertex 4.45496 116.771 0.65
      vertex 4.33881 115.889 3.85
      vertex 4.33881 115.889 0.65
    endloop
  endfacet
  facet normal -0.461852 0.886957 0
    outer loop
      vertex 19.6 106.167 0.65
      vertex 18.8107 105.756 3.85
      vertex 19.6 106.167 3.85
    endloop
  endfacet
  facet normal -0.461852 0.886957 0
    outer loop
      vertex 18.8107 105.756 3.85
      vertex 19.6 106.167 0.65
      vertex 18.8107 105.756 0.65
    endloop
  endfacet
  facet normal -0.383139 -0.923691 0
    outer loop
      vertex 17.9886 124.585 0.65
      vertex 18.8107 124.244 3.85
      vertex 17.9886 124.585 3.85
    endloop
  endfacet
  facet normal -0.383139 -0.923691 -0
    outer loop
      vertex 18.8107 124.244 3.85
      vertex 17.9886 124.585 0.65
      vertex 18.8107 124.244 0.65
    endloop
  endfacet
  facet normal -0.461852 -0.886957 0
    outer loop
      vertex 18.8107 124.244 0.65
      vertex 19.6 123.833 3.85
      vertex 18.8107 124.244 3.85
    endloop
  endfacet
  facet normal -0.461852 -0.886957 -0
    outer loop
      vertex 19.6 123.833 3.85
      vertex 18.8107 124.244 0.65
      vertex 19.6 123.833 0.65
    endloop
  endfacet
  facet normal -0.976309 0.216383 0
    outer loop
      vertex 24.3524 112.36 0.65
      vertex 24.545 113.229 3.85
      vertex 24.545 113.229 0.65
    endloop
  endfacet
  facet normal -0.976309 0.216383 0
    outer loop
      vertex 24.545 113.229 3.85
      vertex 24.3524 112.36 0.65
      vertex 24.3524 112.36 3.85
    endloop
  endfacet
  facet normal -0.953778 0.300513 0
    outer loop
      vertex 24.0849 111.511 0.65
      vertex 24.3524 112.36 3.85
      vertex 24.3524 112.36 0.65
    endloop
  endfacet
  facet normal -0.953778 0.300513 0
    outer loop
      vertex 24.3524 112.36 3.85
      vertex 24.0849 111.511 0.65
      vertex 24.0849 111.511 3.85
    endloop
  endfacet
  facet normal 0.953755 -0.300585 0
    outer loop
      vertex 4.64756 117.64 3.85
      vertex 4.91513 118.489 0.65
      vertex 4.91513 118.489 3.85
    endloop
  endfacet
  facet normal 0.953755 -0.300585 0
    outer loop
      vertex 4.91513 118.489 0.65
      vertex 4.64756 117.64 3.85
      vertex 4.64756 117.64 0.65
    endloop
  endfacet
  facet normal -0.793371 0.608738 0
    outer loop
      vertex 22.3137 108.444 0.65
      vertex 22.8554 109.15 3.85
      vertex 22.8554 109.15 0.65
    endloop
  endfacet
  facet normal -0.793371 0.608738 0
    outer loop
      vertex 22.8554 109.15 3.85
      vertex 22.3137 108.444 0.65
      vertex 22.3137 108.444 3.85
    endloop
  endfacet
  facet normal -0.84324 -0.537537 0
    outer loop
      vertex 23.3335 120.1 0.65
      vertex 22.8554 120.85 3.85
      vertex 22.8554 120.85 0.65
    endloop
  endfacet
  facet normal -0.84324 -0.537537 0
    outer loop
      vertex 22.8554 120.85 3.85
      vertex 23.3335 120.1 0.65
      vertex 23.3335 120.1 3.85
    endloop
  endfacet
  facet normal 0.676098 -0.736812 0
    outer loop
      vertex 7.28751 122.212 0.65
      vertex 7.94357 122.814 3.85
      vertex 7.28751 122.212 3.85
    endloop
  endfacet
  facet normal 0.676098 -0.736812 0
    outer loop
      vertex 7.94357 122.814 3.85
      vertex 7.28751 122.212 0.65
      vertex 7.94357 122.814 0.65
    endloop
  endfacet
  facet normal -0.84324 0.537537 0
    outer loop
      vertex 22.8554 109.15 0.65
      vertex 23.3335 109.9 3.85
      vertex 23.3335 109.9 0.65
    endloop
  endfacet
  facet normal -0.84324 0.537537 0
    outer loop
      vertex 23.3335 109.9 3.85
      vertex 22.8554 109.15 0.65
      vertex 22.8554 109.15 3.85
    endloop
  endfacet
  facet normal 0.737251 -0.675619 0
    outer loop
      vertex 6.68635 121.556 3.85
      vertex 7.28751 122.212 0.65
      vertex 7.28751 122.212 3.85
    endloop
  endfacet
  facet normal 0.737251 -0.675619 0
    outer loop
      vertex 7.28751 122.212 0.65
      vertex 6.68635 121.556 3.85
      vertex 6.68635 121.556 0.65
    endloop
  endfacet
  facet normal 0.383139 0.923691 -0
    outer loop
      vertex 11.0114 105.415 0.65
      vertex 10.1893 105.756 3.85
      vertex 11.0114 105.415 3.85
    endloop
  endfacet
  facet normal 0.383139 0.923691 0
    outer loop
      vertex 10.1893 105.756 3.85
      vertex 11.0114 105.415 0.65
      vertex 10.1893 105.756 0.65
    endloop
  endfacet
  facet normal 0.793371 -0.608738 0
    outer loop
      vertex 6.14465 120.85 3.85
      vertex 6.68635 121.556 0.65
      vertex 6.68635 121.556 3.85
    endloop
  endfacet
  facet normal 0.793371 -0.608738 0
    outer loop
      vertex 6.68635 121.556 0.65
      vertex 6.14465 120.85 3.85
      vertex 6.14465 120.85 0.65
    endloop
  endfacet
  facet normal 0.461852 -0.886957 0
    outer loop
      vertex 9.4 123.833 0.65
      vertex 10.1893 124.244 3.85
      vertex 9.4 123.833 3.85
    endloop
  endfacet
  facet normal 0.461852 -0.886957 0
    outer loop
      vertex 10.1893 124.244 3.85
      vertex 9.4 123.833 0.65
      vertex 10.1893 124.244 0.65
    endloop
  endfacet
  facet normal 0.923861 0.382728 0
    outer loop
      vertex 5.25566 110.689 3.85
      vertex 4.91513 111.511 0.65
      vertex 4.91513 111.511 3.85
    endloop
  endfacet
  facet normal 0.923861 0.382728 0
    outer loop
      vertex 4.91513 111.511 0.65
      vertex 5.25566 110.689 3.85
      vertex 5.25566 110.689 0.65
    endloop
  endfacet
  facet normal 0.0438274 -0.999039 0
    outer loop
      vertex 13.611 125.161 0.65
      vertex 14.5 125.2 3.85
      vertex 13.611 125.161 3.85
    endloop
  endfacet
  facet normal 0.0438274 -0.999039 0
    outer loop
      vertex 14.5 125.2 3.85
      vertex 13.611 125.161 0.65
      vertex 14.5 125.2 0.65
    endloop
  endfacet
  facet normal 0.843235 -0.537545 0
    outer loop
      vertex 5.66654 120.1 3.85
      vertex 6.14465 120.85 0.65
      vertex 6.14465 120.85 3.85
    endloop
  endfacet
  facet normal 0.843235 -0.537545 0
    outer loop
      vertex 6.14465 120.85 0.65
      vertex 5.66654 120.1 3.85
      vertex 5.66654 120.1 0.65
    endloop
  endfacet
  facet normal -0.0438274 0.999039 0
    outer loop
      vertex 15.389 104.839 0.65
      vertex 14.5 104.8 3.85
      vertex 15.389 104.839 3.85
    endloop
  endfacet
  facet normal -0.0438274 0.999039 0
    outer loop
      vertex 14.5 104.8 3.85
      vertex 15.389 104.839 0.65
      vertex 14.5 104.8 0.65
    endloop
  endfacet
  facet normal 0.99144 0.130562 0
    outer loop
      vertex 4.45496 113.229 3.85
      vertex 4.33881 114.111 0.65
      vertex 4.33881 114.111 3.85
    endloop
  endfacet
  facet normal 0.99144 0.130562 0
    outer loop
      vertex 4.33881 114.111 0.65
      vertex 4.45496 113.229 3.85
      vertex 4.45496 113.229 0.65
    endloop
  endfacet
  facet normal -0.216859 0.976203 0
    outer loop
      vertex 17.14 105.148 0.65
      vertex 16.2712 104.955 3.85
      vertex 17.14 105.148 3.85
    endloop
  endfacet
  facet normal -0.216859 0.976203 0
    outer loop
      vertex 16.2712 104.955 3.85
      vertex 17.14 105.148 0.65
      vertex 16.2712 104.955 0.65
    endloop
  endfacet
  facet normal -0.737229 0.675643 0
    outer loop
      vertex 21.7125 107.788 0.65
      vertex 22.3137 108.444 3.85
      vertex 22.3137 108.444 0.65
    endloop
  endfacet
  facet normal -0.737229 0.675643 0
    outer loop
      vertex 22.3137 108.444 3.85
      vertex 21.7125 107.788 0.65
      vertex 21.7125 107.788 3.85
    endloop
  endfacet
  facet normal -0.608297 0.79371 0
    outer loop
      vertex 21.0564 107.186 0.65
      vertex 20.3505 106.645 3.85
      vertex 21.0564 107.186 3.85
    endloop
  endfacet
  facet normal -0.608297 0.79371 0
    outer loop
      vertex 20.3505 106.645 3.85
      vertex 21.0564 107.186 0.65
      vertex 20.3505 106.645 0.65
    endloop
  endfacet
  facet normal 0.886941 0.461884 0
    outer loop
      vertex 5.66654 109.9 3.85
      vertex 5.25566 110.689 0.65
      vertex 5.25566 110.689 3.85
    endloop
  endfacet
  facet normal 0.886941 0.461884 0
    outer loop
      vertex 5.25566 110.689 0.65
      vertex 5.66654 109.9 3.85
      vertex 5.66654 109.9 0.65
    endloop
  endfacet
  facet normal 0.130367 -0.991466 0
    outer loop
      vertex 12.7288 125.045 0.65
      vertex 13.611 125.161 3.85
      vertex 12.7288 125.045 3.85
    endloop
  endfacet
  facet normal 0.130367 -0.991466 0
    outer loop
      vertex 13.611 125.161 3.85
      vertex 12.7288 125.045 0.65
      vertex 13.611 125.161 0.65
    endloop
  endfacet
  facet normal 0.216859 0.976203 -0
    outer loop
      vertex 12.7288 104.955 0.65
      vertex 11.86 105.148 3.85
      vertex 12.7288 104.955 3.85
    endloop
  endfacet
  facet normal 0.216859 0.976203 0
    outer loop
      vertex 11.86 105.148 3.85
      vertex 12.7288 104.955 0.65
      vertex 11.86 105.148 0.65
    endloop
  endfacet
  facet normal 0.537213 0.843447 -0
    outer loop
      vertex 9.4 106.167 0.65
      vertex 8.64952 106.645 3.85
      vertex 9.4 106.167 3.85
    endloop
  endfacet
  facet normal 0.537213 0.843447 0
    outer loop
      vertex 8.64952 106.645 3.85
      vertex 9.4 106.167 0.65
      vertex 8.64952 106.645 0.65
    endloop
  endfacet
  facet normal 0.676098 0.736812 -0
    outer loop
      vertex 7.94357 107.186 0.65
      vertex 7.28751 107.788 3.85
      vertex 7.94357 107.186 3.85
    endloop
  endfacet
  facet normal 0.676098 0.736812 0
    outer loop
      vertex 7.28751 107.788 3.85
      vertex 7.94357 107.186 0.65
      vertex 7.28751 107.788 0.65
    endloop
  endfacet
  facet normal 0.537213 -0.843447 0
    outer loop
      vertex 8.64952 123.355 0.65
      vertex 9.4 123.833 3.85
      vertex 8.64952 123.355 3.85
    endloop
  endfacet
  facet normal 0.537213 -0.843447 0
    outer loop
      vertex 9.4 123.833 3.85
      vertex 8.64952 123.355 0.65
      vertex 9.4 123.833 0.65
    endloop
  endfacet
  facet normal -0.923833 0.382795 0
    outer loop
      vertex 23.7443 110.689 0.65
      vertex 24.0849 111.511 3.85
      vertex 24.0849 111.511 0.65
    endloop
  endfacet
  facet normal -0.923833 0.382795 0
    outer loop
      vertex 24.0849 111.511 3.85
      vertex 23.7443 110.689 0.65
      vertex 23.7443 110.689 3.85
    endloop
  endfacet
  facet normal -0.676075 0.736832 0
    outer loop
      vertex 21.7125 107.788 0.65
      vertex 21.0564 107.186 3.85
      vertex 21.7125 107.788 3.85
    endloop
  endfacet
  facet normal -0.676075 0.736832 0
    outer loop
      vertex 21.0564 107.186 3.85
      vertex 21.7125 107.788 0.65
      vertex 21.0564 107.186 0.65
    endloop
  endfacet
  facet normal 0.886941 -0.461884 0
    outer loop
      vertex 5.25566 119.311 3.85
      vertex 5.66654 120.1 0.65
      vertex 5.66654 120.1 3.85
    endloop
  endfacet
  facet normal 0.886941 -0.461884 0
    outer loop
      vertex 5.66654 120.1 0.65
      vertex 5.25566 119.311 3.85
      vertex 5.25566 119.311 0.65
    endloop
  endfacet
  facet normal 0.999048 -0.0436143 0
    outer loop
      vertex 4.3 115 3.85
      vertex 4.33881 115.889 0.65
      vertex 4.33881 115.889 3.85
    endloop
  endfacet
  facet normal 0.999048 -0.0436143 0
    outer loop
      vertex 4.33881 115.889 0.65
      vertex 4.3 115 3.85
      vertex 4.3 115 0.65
    endloop
  endfacet
  facet normal 0.843235 0.537545 0
    outer loop
      vertex 6.14465 109.15 3.85
      vertex 5.66654 109.9 0.65
      vertex 5.66654 109.9 3.85
    endloop
  endfacet
  facet normal 0.843235 0.537545 0
    outer loop
      vertex 5.66654 109.9 0.65
      vertex 6.14465 109.15 3.85
      vertex 6.14465 109.15 0.65
    endloop
  endfacet
  facet normal 0.976309 0.216383 0
    outer loop
      vertex 4.64756 112.36 3.85
      vertex 4.45496 113.229 0.65
      vertex 4.45496 113.229 3.85
    endloop
  endfacet
  facet normal 0.976309 0.216383 0
    outer loop
      vertex 4.45496 113.229 0.65
      vertex 4.64756 112.36 3.85
      vertex 4.64756 112.36 0.65
    endloop
  endfacet
  facet normal -0.300131 -0.953898 0
    outer loop
      vertex 17.14 124.852 0.65
      vertex 17.9886 124.585 3.85
      vertex 17.14 124.852 3.85
    endloop
  endfacet
  facet normal -0.300131 -0.953898 -0
    outer loop
      vertex 17.9886 124.585 3.85
      vertex 17.14 124.852 0.65
      vertex 17.9886 124.585 0.65
    endloop
  endfacet
  facet normal 0.130367 0.991466 -0
    outer loop
      vertex 13.611 104.839 0.65
      vertex 12.7288 104.955 3.85
      vertex 13.611 104.839 3.85
    endloop
  endfacet
  facet normal 0.130367 0.991466 0
    outer loop
      vertex 12.7288 104.955 3.85
      vertex 13.611 104.839 0.65
      vertex 12.7288 104.955 0.65
    endloop
  endfacet
  facet normal 0.60827 0.79373 -0
    outer loop
      vertex 8.64952 106.645 0.65
      vertex 7.94357 107.186 3.85
      vertex 8.64952 106.645 3.85
    endloop
  endfacet
  facet normal 0.60827 0.79373 0
    outer loop
      vertex 7.94357 107.186 3.85
      vertex 8.64952 106.645 0.65
      vertex 7.94357 107.186 0.65
    endloop
  endfacet
  facet normal -0.216859 -0.976203 0
    outer loop
      vertex 16.2712 125.045 0.65
      vertex 17.14 124.852 3.85
      vertex 16.2712 125.045 3.85
    endloop
  endfacet
  facet normal -0.216859 -0.976203 -0
    outer loop
      vertex 17.14 124.852 3.85
      vertex 16.2712 125.045 0.65
      vertex 17.14 124.852 0.65
    endloop
  endfacet
  facet normal -0.886957 0.461852 0
    outer loop
      vertex 114.333 9.4 0.65
      vertex 114.744 10.1893 3.85
      vertex 114.744 10.1893 0.65
    endloop
  endfacet
  facet normal -0.886957 0.461852 0
    outer loop
      vertex 114.744 10.1893 3.85
      vertex 114.333 9.4 0.65
      vertex 114.333 9.4 3.85
    endloop
  endfacet
  facet normal -0.991466 -0.130367 0
    outer loop
      vertex 115.661 15.389 0.65
      vertex 115.545 16.2712 3.85
      vertex 115.545 16.2712 0.65
    endloop
  endfacet
  facet normal -0.991466 -0.130367 0
    outer loop
      vertex 115.545 16.2712 3.85
      vertex 115.661 15.389 0.65
      vertex 115.661 15.389 3.85
    endloop
  endfacet
  facet normal -0.999039 -0.0438274 0
    outer loop
      vertex 115.7 14.5 0.65
      vertex 115.661 15.389 3.85
      vertex 115.661 15.389 0.65
    endloop
  endfacet
  facet normal -0.999039 -0.0438274 0
    outer loop
      vertex 115.661 15.389 3.85
      vertex 115.7 14.5 0.65
      vertex 115.7 14.5 3.85
    endloop
  endfacet
  facet normal -0.976203 -0.216859 0
    outer loop
      vertex 115.545 16.2712 0.65
      vertex 115.352 17.14 3.85
      vertex 115.352 17.14 0.65
    endloop
  endfacet
  facet normal -0.976203 -0.216859 0
    outer loop
      vertex 115.352 17.14 3.85
      vertex 115.545 16.2712 0.65
      vertex 115.545 16.2712 3.85
    endloop
  endfacet
  facet normal -0.130562 0.99144 0
    outer loop
      vertex 107.271 4.45496 0.65
      vertex 106.389 4.33881 3.85
      vertex 107.271 4.45496 3.85
    endloop
  endfacet
  facet normal -0.130562 0.99144 0
    outer loop
      vertex 106.389 4.33881 3.85
      vertex 107.271 4.45496 0.65
      vertex 106.389 4.33881 0.65
    endloop
  endfacet
  facet normal -0.675643 -0.737229 0
    outer loop
      vertex 112.056 22.3137 0.65
      vertex 112.712 21.7125 3.85
      vertex 112.056 22.3137 3.85
    endloop
  endfacet
  facet normal -0.675643 -0.737229 -0
    outer loop
      vertex 112.712 21.7125 3.85
      vertex 112.056 22.3137 0.65
      vertex 112.712 21.7125 0.65
    endloop
  endfacet
  facet normal 0.73726 0.67561 0
    outer loop
      vertex 98.2875 7.28751 3.85
      vertex 97.6863 7.94357 0.65
      vertex 97.6863 7.94357 3.85
    endloop
  endfacet
  facet normal 0.73726 0.67561 0
    outer loop
      vertex 97.6863 7.94357 0.65
      vertex 98.2875 7.28751 3.85
      vertex 98.2875 7.28751 0.65
    endloop
  endfacet
  facet normal -0.608738 -0.793371 0
    outer loop
      vertex 111.35 22.8554 0.65
      vertex 112.056 22.3137 3.85
      vertex 111.35 22.8554 3.85
    endloop
  endfacet
  facet normal -0.608738 -0.793371 -0
    outer loop
      vertex 112.056 22.3137 3.85
      vertex 111.35 22.8554 0.65
      vertex 112.056 22.3137 0.65
    endloop
  endfacet
  facet normal 0.92385 -0.382755 0
    outer loop
      vertex 95.9151 17.9886 3.85
      vertex 96.2557 18.8107 0.65
      vertex 96.2557 18.8107 3.85
    endloop
  endfacet
  facet normal 0.92385 -0.382755 0
    outer loop
      vertex 96.2557 18.8107 0.65
      vertex 95.9151 17.9886 3.85
      vertex 95.9151 17.9886 0.65
    endloop
  endfacet
  facet normal 0 0 1
    outer loop
      vertex 115.661 15.389 0.65
      vertex 115.661 13.611 0.65
      vertex 115.7 14.5 0.65
    endloop
  endfacet
  facet normal 0 0 1
    outer loop
      vertex 115.545 16.2712 0.65
      vertex 115.661 13.611 0.65
      vertex 115.661 15.389 0.65
    endloop
  endfacet
  facet normal 0 0 1
    outer loop
      vertex 115.545 16.2712 0.65
      vertex 115.545 12.7288 0.65
      vertex 115.661 13.611 0.65
    endloop
  endfacet
  facet normal 0 0 1
    outer loop
      vertex 115.352 17.14 0.65
      vertex 115.545 12.7288 0.65
      vertex 115.545 16.2712 0.65
    endloop
  endfacet
  facet normal 0 0 1
    outer loop
      vertex 115.352 17.14 0.65
      vertex 115.352 11.86 0.65
      vertex 115.545 12.7288 0.65
    endloop
  endfacet
  facet normal 0 0 1
    outer loop
      vertex 115.085 17.9886 0.65
      vertex 115.352 11.86 0.65
      vertex 115.352 17.14 0.65
    endloop
  endfacet
  facet normal 0 0 1
    outer loop
      vertex 115.085 17.9886 0.65
      vertex 115.085 11.0114 0.65
      vertex 115.352 11.86 0.65
    endloop
  endfacet
  facet normal 0 0 1
    outer loop
      vertex 114.744 18.8107 0.65
      vertex 115.085 11.0114 0.65
      vertex 115.085 17.9886 0.65
    endloop
  endfacet
  facet normal 0 0 1
    outer loop
      vertex 114.744 18.8107 0.65
      vertex 114.744 10.1893 0.65
      vertex 115.085 11.0114 0.65
    endloop
  endfacet
  facet normal 0 0 1
    outer loop
      vertex 114.333 19.6 0.65
      vertex 114.744 10.1893 0.65
      vertex 114.744 18.8107 0.65
    endloop
  endfacet
  facet normal 0 0 1
    outer loop
      vertex 114.333 19.6 0.65
      vertex 114.333 9.4 0.65
      vertex 114.744 10.1893 0.65
    endloop
  endfacet
  facet normal 0 0 1
    outer loop
      vertex 113.855 20.3505 0.65
      vertex 114.333 9.4 0.65
      vertex 114.333 19.6 0.65
    endloop
  endfacet
  facet normal 0 0 1
    outer loop
      vertex 113.855 20.3505 0.65
      vertex 113.855 8.64952 0.65
      vertex 114.333 9.4 0.65
    endloop
  endfacet
  facet normal 0 0 1
    outer loop
      vertex 113.314 21.0564 0.65
      vertex 113.855 8.64952 0.65
      vertex 113.855 20.3505 0.65
    endloop
  endfacet
  facet normal 0 0 1
    outer loop
      vertex 113.314 21.0564 0.65
      vertex 113.314 7.94357 0.65
      vertex 113.855 8.64952 0.65
    endloop
  endfacet
  facet normal 0 0 1
    outer loop
      vertex 112.712 21.7125 0.65
      vertex 113.314 7.94357 0.65
      vertex 113.314 21.0564 0.65
    endloop
  endfacet
  facet normal 0 0 1
    outer loop
      vertex 112.712 21.7125 0.65
      vertex 112.712 7.28751 0.65
      vertex 113.314 7.94357 0.65
    endloop
  endfacet
  facet normal 0 0 1
    outer loop
      vertex 112.056 22.3137 0.65
      vertex 112.712 7.28751 0.65
      vertex 112.712 21.7125 0.65
    endloop
  endfacet
  facet normal 0 0 1
    outer loop
      vertex 112.056 22.3137 0.65
      vertex 112.056 6.68635 0.65
      vertex 112.712 7.28751 0.65
    endloop
  endfacet
  facet normal 0 0 1
    outer loop
      vertex 111.35 22.8554 0.65
      vertex 112.056 6.68635 0.65
      vertex 112.056 22.3137 0.65
    endloop
  endfacet
  facet normal 0 0 1
    outer loop
      vertex 111.35 22.8554 0.65
      vertex 111.35 6.14465 0.65
      vertex 112.056 6.68635 0.65
    endloop
  endfacet
  facet normal 0 0 1
    outer loop
      vertex 110.6 23.3335 0.65
      vertex 111.35 6.14465 0.65
      vertex 111.35 22.8554 0.65
    endloop
  endfacet
  facet normal 0 0 1
    outer loop
      vertex 110.6 23.3335 0.65
      vertex 110.6 5.66654 0.65
      vertex 111.35 6.14465 0.65
    endloop
  endfacet
  facet normal 0 0 1
    outer loop
      vertex 109.811 23.7443 0.65
      vertex 110.6 5.66654 0.65
      vertex 110.6 23.3335 0.65
    endloop
  endfacet
  facet normal 0 0 1
    outer loop
      vertex 109.811 23.7443 0.65
      vertex 109.811 5.25566 0.65
      vertex 110.6 5.66654 0.65
    endloop
  endfacet
  facet normal 0 0 1
    outer loop
      vertex 108.989 24.0849 0.65
      vertex 109.811 5.25566 0.65
      vertex 109.811 23.7443 0.65
    endloop
  endfacet
  facet normal 0 0 1
    outer loop
      vertex 108.989 24.0849 0.65
      vertex 108.989 4.91513 0.65
      vertex 109.811 5.25566 0.65
    endloop
  endfacet
  facet normal 0 0 1
    outer loop
      vertex 108.14 24.3524 0.65
      vertex 108.989 4.91513 0.65
      vertex 108.989 24.0849 0.65
    endloop
  endfacet
  facet normal 0 0 1
    outer loop
      vertex 108.14 24.3524 0.65
      vertex 108.14 4.64756 0.65
      vertex 108.989 4.91513 0.65
    endloop
  endfacet
  facet normal 0 0 1
    outer loop
      vertex 107.271 24.545 0.65
      vertex 108.14 4.64756 0.65
      vertex 108.14 24.3524 0.65
    endloop
  endfacet
  facet normal 0 0 1
    outer loop
      vertex 107.271 24.545 0.65
      vertex 107.271 4.45496 0.65
      vertex 108.14 4.64756 0.65
    endloop
  endfacet
  facet normal 0 0 1
    outer loop
      vertex 106.389 24.6612 0.65
      vertex 107.271 4.45496 0.65
      vertex 107.271 24.545 0.65
    endloop
  endfacet
  facet normal 0 0 1
    outer loop
      vertex 106.389 24.6612 0.65
      vertex 106.389 4.33881 0.65
      vertex 107.271 4.45496 0.65
    endloop
  endfacet
  facet normal 0 0 1
    outer loop
      vertex 105.5 24.7 0.65
      vertex 106.389 4.33881 0.65
      vertex 106.389 24.6612 0.65
    endloop
  endfacet
  facet normal 0 0 1
    outer loop
      vertex 105.5 24.7 0.65
      vertex 105.5 4.3 0.65
      vertex 106.389 4.33881 0.65
    endloop
  endfacet
  facet normal -0 0 1
    outer loop
      vertex 104.611 24.6612 0.65
      vertex 105.5 4.3 0.65
      vertex 105.5 24.7 0.65
    endloop
  endfacet
  facet normal 0 0 1
    outer loop
      vertex 104.611 24.6612 0.65
      vertex 104.611 4.33881 0.65
      vertex 105.5 4.3 0.65
    endloop
  endfacet
  facet normal -0 0 1
    outer loop
      vertex 103.729 24.545 0.65
      vertex 104.611 4.33881 0.65
      vertex 104.611 24.6612 0.65
    endloop
  endfacet
  facet normal 0 0 1
    outer loop
      vertex 103.729 24.545 0.65
      vertex 103.729 4.45496 0.65
      vertex 104.611 4.33881 0.65
    endloop
  endfacet
  facet normal -0 0 1
    outer loop
      vertex 102.86 24.3524 0.65
      vertex 103.729 4.45496 0.65
      vertex 103.729 24.545 0.65
    endloop
  endfacet
  facet normal 0 0 1
    outer loop
      vertex 102.86 24.3524 0.65
      vertex 102.86 4.64756 0.65
      vertex 103.729 4.45496 0.65
    endloop
  endfacet
  facet normal -0 0 1
    outer loop
      vertex 102.011 24.0849 0.65
      vertex 102.86 4.64756 0.65
      vertex 102.86 24.3524 0.65
    endloop
  endfacet
  facet normal 0 0 1
    outer loop
      vertex 102.011 24.0849 0.65
      vertex 102.011 4.91513 0.65
      vertex 102.86 4.64756 0.65
    endloop
  endfacet
  facet normal -0 0 1
    outer loop
      vertex 101.189 23.7443 0.65
      vertex 102.011 4.91513 0.65
      vertex 102.011 24.0849 0.65
    endloop
  endfacet
  facet normal 0 0 1
    outer loop
      vertex 101.189 23.7443 0.65
      vertex 101.189 5.25566 0.65
      vertex 102.011 4.91513 0.65
    endloop
  endfacet
  facet normal -0 0 1
    outer loop
      vertex 100.4 23.3335 0.65
      vertex 101.189 5.25566 0.65
      vertex 101.189 23.7443 0.65
    endloop
  endfacet
  facet normal 0 0 1
    outer loop
      vertex 100.4 23.3335 0.65
      vertex 100.4 5.66654 0.65
      vertex 101.189 5.25566 0.65
    endloop
  endfacet
  facet normal -0 0 1
    outer loop
      vertex 99.6495 22.8554 0.65
      vertex 100.4 5.66654 0.65
      vertex 100.4 23.3335 0.65
    endloop
  endfacet
  facet normal 0 0 1
    outer loop
      vertex 99.6495 22.8554 0.65
      vertex 99.6495 6.14465 0.65
      vertex 100.4 5.66654 0.65
    endloop
  endfacet
  facet normal -0 0 1
    outer loop
      vertex 98.9436 22.3137 0.65
      vertex 99.6495 6.14465 0.65
      vertex 99.6495 22.8554 0.65
    endloop
  endfacet
  facet normal 0 0 1
    outer loop
      vertex 98.9436 22.3137 0.65
      vertex 98.9436 6.68635 0.65
      vertex 99.6495 6.14465 0.65
    endloop
  endfacet
  facet normal -0 0 1
    outer loop
      vertex 98.2875 21.7125 0.65
      vertex 98.9436 6.68635 0.65
      vertex 98.9436 22.3137 0.65
    endloop
  endfacet
  facet normal 0 0 1
    outer loop
      vertex 98.2875 21.7125 0.65
      vertex 98.2875 7.28751 0.65
      vertex 98.9436 6.68635 0.65
    endloop
  endfacet
  facet normal -0 0 1
    outer loop
      vertex 97.6863 21.0564 0.65
      vertex 98.2875 7.28751 0.65
      vertex 98.2875 21.7125 0.65
    endloop
  endfacet
  facet normal 0 0 1
    outer loop
      vertex 97.6863 21.0564 0.65
      vertex 97.6863 7.94357 0.65
      vertex 98.2875 7.28751 0.65
    endloop
  endfacet
  facet normal -0 0 1
    outer loop
      vertex 97.1446 20.3505 0.65
      vertex 97.6863 7.94357 0.65
      vertex 97.6863 21.0564 0.65
    endloop
  endfacet
  facet normal 0 0 1
    outer loop
      vertex 97.1446 20.3505 0.65
      vertex 97.1446 8.64952 0.65
      vertex 97.6863 7.94357 0.65
    endloop
  endfacet
  facet normal -0 0 1
    outer loop
      vertex 96.6665 19.6 0.65
      vertex 97.1446 8.64952 0.65
      vertex 97.1446 20.3505 0.65
    endloop
  endfacet
  facet normal 0 0 1
    outer loop
      vertex 96.6665 19.6 0.65
      vertex 96.6665 9.4 0.65
      vertex 97.1446 8.64952 0.65
    endloop
  endfacet
  facet normal -0 0 1
    outer loop
      vertex 96.2557 18.8107 0.65
      vertex 96.6665 9.4 0.65
      vertex 96.6665 19.6 0.65
    endloop
  endfacet
  facet normal 0 0 1
    outer loop
      vertex 96.2557 18.8107 0.65
      vertex 96.2557 10.1893 0.65
      vertex 96.6665 9.4 0.65
    endloop
  endfacet
  facet normal -0 0 1
    outer loop
      vertex 95.9151 17.9886 0.65
      vertex 96.2557 10.1893 0.65
      vertex 96.2557 18.8107 0.65
    endloop
  endfacet
  facet normal 0 0 1
    outer loop
      vertex 95.9151 17.9886 0.65
      vertex 95.9151 11.0114 0.65
      vertex 96.2557 10.1893 0.65
    endloop
  endfacet
  facet normal -0 0 1
    outer loop
      vertex 95.6476 17.14 0.65
      vertex 95.9151 11.0114 0.65
      vertex 95.9151 17.9886 0.65
    endloop
  endfacet
  facet normal 0 0 1
    outer loop
      vertex 95.6476 17.14 0.65
      vertex 95.6476 11.86 0.65
      vertex 95.9151 11.0114 0.65
    endloop
  endfacet
  facet normal -0 0 1
    outer loop
      vertex 95.455 16.2712 0.65
      vertex 95.6476 11.86 0.65
      vertex 95.6476 17.14 0.65
    endloop
  endfacet
  facet normal 0 0 1
    outer loop
      vertex 95.455 16.2712 0.65
      vertex 95.455 12.7288 0.65
      vertex 95.6476 11.86 0.65
    endloop
  endfacet
  facet normal -0 0 1
    outer loop
      vertex 95.3388 15.389 0.65
      vertex 95.455 12.7288 0.65
      vertex 95.455 16.2712 0.65
    endloop
  endfacet
  facet normal 0 0 1
    outer loop
      vertex 95.3388 15.389 0.65
      vertex 95.3388 13.611 0.65
      vertex 95.455 12.7288 0.65
    endloop
  endfacet
  facet normal 0 -0 1
    outer loop
      vertex 95.3388 13.611 0.65
      vertex 95.3388 15.389 0.65
      vertex 95.3 14.5 0.65
    endloop
  endfacet
  facet normal -0.382728 0.923861 0
    outer loop
      vertex 109.811 5.25566 0.65
      vertex 108.989 4.91513 3.85
      vertex 109.811 5.25566 3.85
    endloop
  endfacet
  facet normal -0.382728 0.923861 0
    outer loop
      vertex 108.989 4.91513 3.85
      vertex 109.811 5.25566 0.65
      vertex 108.989 4.91513 0.65
    endloop
  endfacet
  facet normal 0.953737 0.300642 0
    outer loop
      vertex 95.9151 11.0114 3.85
      vertex 95.6476 11.86 0.65
      vertex 95.6476 11.86 3.85
    endloop
  endfacet
  facet normal 0.953737 0.300642 0
    outer loop
      vertex 95.6476 11.86 0.65
      vertex 95.9151 11.0114 3.85
      vertex 95.9151 11.0114 0.65
    endloop
  endfacet
  facet normal -0.953898 -0.300131 0
    outer loop
      vertex 115.352 17.14 0.65
      vertex 115.085 17.9886 3.85
      vertex 115.085 17.9886 0.65
    endloop
  endfacet
  facet normal -0.953898 -0.300131 0
    outer loop
      vertex 115.085 17.9886 3.85
      vertex 115.352 17.14 0.65
      vertex 115.352 17.14 3.85
    endloop
  endfacet
  facet normal -0.537545 0.843235 0
    outer loop
      vertex 111.35 6.14465 0.65
      vertex 110.6 5.66654 3.85
      vertex 111.35 6.14465 3.85
    endloop
  endfacet
  facet normal -0.537545 0.843235 0
    outer loop
      vertex 110.6 5.66654 3.85
      vertex 111.35 6.14465 0.65
      vertex 110.6 5.66654 0.65
    endloop
  endfacet
  facet normal -0.736832 -0.676075 0
    outer loop
      vertex 113.314 21.0564 0.65
      vertex 112.712 21.7125 3.85
      vertex 112.712 21.7125 0.65
    endloop
  endfacet
  facet normal -0.736832 -0.676075 0
    outer loop
      vertex 112.712 21.7125 3.85
      vertex 113.314 21.0564 0.65
      vertex 113.314 21.0564 3.85
    endloop
  endfacet
  facet normal 0.300585 0.953755 -0
    outer loop
      vertex 102.86 4.64756 0.65
      vertex 102.011 4.91513 3.85
      vertex 102.86 4.64756 3.85
    endloop
  endfacet
  facet normal 0.300585 0.953755 0
    outer loop
      vertex 102.011 4.91513 3.85
      vertex 102.86 4.64756 0.65
      vertex 102.011 4.91513 0.65
    endloop
  endfacet
  facet normal 0.999049 0.043603 0
    outer loop
      vertex 95.3388 13.611 3.85
      vertex 95.3 14.5 0.65
      vertex 95.3 14.5 3.85
    endloop
  endfacet
  facet normal 0.999049 0.043603 0
    outer loop
      vertex 95.3 14.5 0.65
      vertex 95.3388 13.611 3.85
      vertex 95.3388 13.611 0.65
    endloop
  endfacet
  facet normal -0.923691 -0.383139 0
    outer loop
      vertex 115.085 17.9886 0.65
      vertex 114.744 18.8107 3.85
      vertex 114.744 18.8107 0.65
    endloop
  endfacet
  facet normal -0.923691 -0.383139 0
    outer loop
      vertex 114.744 18.8107 3.85
      vertex 115.085 17.9886 0.65
      vertex 115.085 17.9886 3.85
    endloop
  endfacet
  facet normal -0.999039 0.0438274 0
    outer loop
      vertex 115.661 13.611 0.65
      vertex 115.7 14.5 3.85
      vertex 115.7 14.5 0.65
    endloop
  endfacet
  facet normal -0.999039 0.0438274 0
    outer loop
      vertex 115.7 14.5 3.85
      vertex 115.661 13.611 0.65
      vertex 115.661 13.611 3.85
    endloop
  endfacet
  facet normal -0.461813 -0.886977 0
    outer loop
      vertex 109.811 23.7443 0.65
      vertex 110.6 23.3335 3.85
      vertex 109.811 23.7443 3.85
    endloop
  endfacet
  facet normal -0.461813 -0.886977 -0
    outer loop
      vertex 110.6 23.3335 3.85
      vertex 109.811 23.7443 0.65
      vertex 110.6 23.3335 0.65
    endloop
  endfacet
  facet normal 0.461884 0.886941 -0
    outer loop
      vertex 101.189 5.25566 0.65
      vertex 100.4 5.66654 3.85
      vertex 101.189 5.25566 3.85
    endloop
  endfacet
  facet normal 0.461884 0.886941 0
    outer loop
      vertex 100.4 5.66654 3.85
      vertex 101.189 5.25566 0.65
      vertex 100.4 5.66654 0.65
    endloop
  endfacet
  facet normal -0.886957 -0.461852 0
    outer loop
      vertex 114.744 18.8107 0.65
      vertex 114.333 19.6 3.85
      vertex 114.333 19.6 0.65
    endloop
  endfacet
  facet normal -0.886957 -0.461852 0
    outer loop
      vertex 114.333 19.6 3.85
      vertex 114.744 18.8107 0.65
      vertex 114.744 18.8107 3.85
    endloop
  endfacet
  facet normal 0.0436143 0.999048 -0
    outer loop
      vertex 105.5 4.3 0.65
      vertex 104.611 4.33881 3.85
      vertex 105.5 4.3 3.85
    endloop
  endfacet
  facet normal 0.0436143 0.999048 0
    outer loop
      vertex 104.611 4.33881 3.85
      vertex 105.5 4.3 0.65
      vertex 104.611 4.33881 0.65
    endloop
  endfacet
  facet normal 0.608792 -0.79333 0
    outer loop
      vertex 98.9436 22.3137 0.65
      vertex 99.6495 22.8554 3.85
      vertex 98.9436 22.3137 3.85
    endloop
  endfacet
  facet normal 0.608792 -0.79333 0
    outer loop
      vertex 99.6495 22.8554 3.85
      vertex 98.9436 22.3137 0.65
      vertex 99.6495 22.8554 0.65
    endloop
  endfacet
  facet normal -0.537537 -0.84324 0
    outer loop
      vertex 110.6 23.3335 0.65
      vertex 111.35 22.8554 3.85
      vertex 110.6 23.3335 3.85
    endloop
  endfacet
  facet normal -0.537537 -0.84324 -0
    outer loop
      vertex 111.35 22.8554 3.85
      vertex 110.6 23.3335 0.65
      vertex 111.35 22.8554 0.65
    endloop
  endfacet
  facet normal -0.300585 0.953755 0
    outer loop
      vertex 108.989 4.91513 0.65
      vertex 108.14 4.64756 3.85
      vertex 108.989 4.91513 3.85
    endloop
  endfacet
  facet normal -0.300585 0.953755 0
    outer loop
      vertex 108.14 4.64756 3.85
      vertex 108.989 4.91513 0.65
      vertex 108.14 4.64756 0.65
    endloop
  endfacet
  facet normal 0.382795 -0.923833 0
    outer loop
      vertex 101.189 23.7443 0.65
      vertex 102.011 24.0849 3.85
      vertex 101.189 23.7443 3.85
    endloop
  endfacet
  facet normal 0.382795 -0.923833 0
    outer loop
      vertex 102.011 24.0849 3.85
      vertex 101.189 23.7443 0.65
      vertex 102.011 24.0849 0.65
    endloop
  endfacet
  facet normal -0.79371 -0.608297 0
    outer loop
      vertex 113.855 20.3505 0.65
      vertex 113.314 21.0564 3.85
      vertex 113.314 21.0564 0.65
    endloop
  endfacet
  facet normal -0.79371 -0.608297 0
    outer loop
      vertex 113.314 21.0564 3.85
      vertex 113.855 20.3505 0.65
      vertex 113.855 20.3505 3.85
    endloop
  endfacet
  facet normal 0.79335 0.608765 0
    outer loop
      vertex 97.6863 7.94357 3.85
      vertex 97.1446 8.64952 0.65
      vertex 97.1446 8.64952 3.85
    endloop
  endfacet
  facet normal 0.79335 0.608765 0
    outer loop
      vertex 97.1446 8.64952 0.65
      vertex 97.6863 7.94357 3.85
      vertex 97.6863 7.94357 0.65
    endloop
  endfacet
  facet normal 0.216383 -0.976309 0
    outer loop
      vertex 102.86 24.3524 0.65
      vertex 103.729 24.545 3.85
      vertex 102.86 24.3524 3.85
    endloop
  endfacet
  facet normal 0.216383 -0.976309 0
    outer loop
      vertex 103.729 24.545 3.85
      vertex 102.86 24.3524 0.65
      vertex 103.729 24.545 0.65
    endloop
  endfacet
  facet normal -0.130617 -0.991433 0
    outer loop
      vertex 106.389 24.6612 0.65
      vertex 107.271 24.545 3.85
      vertex 106.389 24.6612 3.85
    endloop
  endfacet
  facet normal -0.130617 -0.991433 -0
    outer loop
      vertex 107.271 24.545 3.85
      vertex 106.389 24.6612 0.65
      vertex 107.271 24.545 0.65
    endloop
  endfacet
  facet normal -0.991466 0.130367 0
    outer loop
      vertex 115.545 12.7288 0.65
      vertex 115.661 13.611 3.85
      vertex 115.661 13.611 0.65
    endloop
  endfacet
  facet normal -0.991466 0.130367 0
    outer loop
      vertex 115.661 13.611 3.85
      vertex 115.545 12.7288 0.65
      vertex 115.545 12.7288 3.85
    endloop
  endfacet
  facet normal -0.043603 -0.999049 0
    outer loop
      vertex 105.5 24.7 0.65
      vertex 106.389 24.6612 3.85
      vertex 105.5 24.7 3.85
    endloop
  endfacet
  facet normal -0.043603 -0.999049 -0
    outer loop
      vertex 106.389 24.6612 3.85
      vertex 105.5 24.7 0.65
      vertex 106.389 24.6612 0.65
    endloop
  endfacet
  facet normal 0.300513 -0.953778 0
    outer loop
      vertex 102.011 24.0849 0.65
      vertex 102.86 24.3524 3.85
      vertex 102.011 24.0849 3.85
    endloop
  endfacet
  facet normal 0.300513 -0.953778 0
    outer loop
      vertex 102.86 24.3524 3.85
      vertex 102.011 24.0849 0.65
      vertex 102.86 24.3524 0.65
    endloop
  endfacet
  facet normal 0.976298 -0.216431 0
    outer loop
      vertex 95.455 16.2712 3.85
      vertex 95.6476 17.14 0.65
      vertex 95.6476 17.14 3.85
    endloop
  endfacet
  facet normal 0.976298 -0.216431 0
    outer loop
      vertex 95.6476 17.14 0.65
      vertex 95.455 16.2712 3.85
      vertex 95.455 16.2712 0.65
    endloop
  endfacet
  facet normal 0.991437 -0.130588 0
    outer loop
      vertex 95.3388 15.389 3.85
      vertex 95.455 16.2712 0.65
      vertex 95.455 16.2712 3.85
    endloop
  endfacet
  facet normal 0.991437 -0.130588 0
    outer loop
      vertex 95.455 16.2712 0.65
      vertex 95.3388 15.389 3.85
      vertex 95.3388 15.389 0.65
    endloop
  endfacet
  facet normal -0.461884 0.886941 0
    outer loop
      vertex 110.6 5.66654 0.65
      vertex 109.811 5.25566 3.85
      vertex 110.6 5.66654 3.85
    endloop
  endfacet
  facet normal -0.461884 0.886941 0
    outer loop
      vertex 109.811 5.25566 3.85
      vertex 110.6 5.66654 0.65
      vertex 109.811 5.25566 0.65
    endloop
  endfacet
  facet normal -0.382795 -0.923833 0
    outer loop
      vertex 108.989 24.0849 0.65
      vertex 109.811 23.7443 3.85
      vertex 108.989 24.0849 3.85
    endloop
  endfacet
  facet normal -0.382795 -0.923833 -0
    outer loop
      vertex 109.811 23.7443 3.85
      vertex 108.989 24.0849 0.65
      vertex 109.811 23.7443 0.65
    endloop
  endfacet
  facet normal -0.976203 0.216859 0
    outer loop
      vertex 115.352 11.86 0.65
      vertex 115.545 12.7288 3.85
      vertex 115.545 12.7288 0.65
    endloop
  endfacet
  facet normal -0.976203 0.216859 0
    outer loop
      vertex 115.545 12.7288 3.85
      vertex 115.352 11.86 0.65
      vertex 115.352 11.86 3.85
    endloop
  endfacet
  facet normal -0.953898 0.300131 0
    outer loop
      vertex 115.085 11.0114 0.65
      vertex 115.352 11.86 3.85
      vertex 115.352 11.86 0.65
    endloop
  endfacet
  facet normal -0.953898 0.300131 0
    outer loop
      vertex 115.352 11.86 3.85
      vertex 115.085 11.0114 0.65
      vertex 115.085 11.0114 3.85
    endloop
  endfacet
  facet normal 0.953737 -0.300642 0
    outer loop
      vertex 95.6476 17.14 3.85
      vertex 95.9151 17.9886 0.65
      vertex 95.9151 17.9886 3.85
    endloop
  endfacet
  facet normal 0.953737 -0.300642 0
    outer loop
      vertex 95.9151 17.9886 0.65
      vertex 95.6476 17.14 3.85
      vertex 95.6476 17.14 0.65
    endloop
  endfacet
  facet normal -0.79373 0.60827 0
    outer loop
      vertex 113.314 7.94357 0.65
      vertex 113.855 8.64952 3.85
      vertex 113.855 8.64952 0.65
    endloop
  endfacet
  facet normal -0.79373 0.60827 0
    outer loop
      vertex 113.855 8.64952 3.85
      vertex 113.314 7.94357 0.65
      vertex 113.314 7.94357 3.85
    endloop
  endfacet
  facet normal -0.843453 -0.537203 0
    outer loop
      vertex 114.333 19.6 0.65
      vertex 113.855 20.3505 3.85
      vertex 113.855 20.3505 0.65
    endloop
  endfacet
  facet normal -0.843453 -0.537203 0
    outer loop
      vertex 113.855 20.3505 3.85
      vertex 114.333 19.6 0.65
      vertex 114.333 19.6 3.85
    endloop
  endfacet
  facet normal 0.675587 -0.73728 0
    outer loop
      vertex 98.2875 21.7125 0.65
      vertex 98.9436 22.3137 3.85
      vertex 98.2875 21.7125 3.85
    endloop
  endfacet
  facet normal 0.675587 -0.73728 0
    outer loop
      vertex 98.9436 22.3137 3.85
      vertex 98.2875 21.7125 0.65
      vertex 98.9436 22.3137 0.65
    endloop
  endfacet
  facet normal -0.843447 0.537213 0
    outer loop
      vertex 113.855 8.64952 0.65
      vertex 114.333 9.4 3.85
      vertex 114.333 9.4 0.65
    endloop
  endfacet
  facet normal -0.843447 0.537213 0
    outer loop
      vertex 114.333 9.4 3.85
      vertex 113.855 8.64952 0.65
      vertex 113.855 8.64952 3.85
    endloop
  endfacet
  facet normal 0.73728 -0.675587 0
    outer loop
      vertex 97.6863 21.0564 3.85
      vertex 98.2875 21.7125 0.65
      vertex 98.2875 21.7125 3.85
    endloop
  endfacet
  facet normal 0.73728 -0.675587 0
    outer loop
      vertex 98.2875 21.7125 0.65
      vertex 97.6863 21.0564 3.85
      vertex 97.6863 21.0564 0.65
    endloop
  endfacet
  facet normal 0.382728 0.923861 -0
    outer loop
      vertex 102.011 4.91513 0.65
      vertex 101.189 5.25566 3.85
      vertex 102.011 4.91513 3.85
    endloop
  endfacet
  facet normal 0.382728 0.923861 0
    outer loop
      vertex 101.189 5.25566 3.85
      vertex 102.011 4.91513 0.65
      vertex 101.189 5.25566 0.65
    endloop
  endfacet
  facet normal 0.79333 -0.608792 0
    outer loop
      vertex 97.1446 20.3505 3.85
      vertex 97.6863 21.0564 0.65
      vertex 97.6863 21.0564 3.85
    endloop
  endfacet
  facet normal 0.79333 -0.608792 0
    outer loop
      vertex 97.6863 21.0564 0.65
      vertex 97.1446 20.3505 3.85
      vertex 97.1446 20.3505 0.65
    endloop
  endfacet
  facet normal 0.461813 -0.886977 0
    outer loop
      vertex 100.4 23.3335 0.65
      vertex 101.189 23.7443 3.85
      vertex 100.4 23.3335 3.85
    endloop
  endfacet
  facet normal 0.461813 -0.886977 0
    outer loop
      vertex 101.189 23.7443 3.85
      vertex 100.4 23.3335 0.65
      vertex 101.189 23.7443 0.65
    endloop
  endfacet
  facet normal 0.92385 0.382755 0
    outer loop
      vertex 96.2557 10.1893 3.85
      vertex 95.9151 11.0114 0.65
      vertex 95.9151 11.0114 3.85
    endloop
  endfacet
  facet normal 0.92385 0.382755 0
    outer loop
      vertex 95.9151 11.0114 0.65
      vertex 96.2557 10.1893 3.85
      vertex 96.2557 10.1893 0.65
    endloop
  endfacet
  facet normal 0.043603 -0.999049 0
    outer loop
      vertex 104.611 24.6612 0.65
      vertex 105.5 24.7 3.85
      vertex 104.611 24.6612 3.85
    endloop
  endfacet
  facet normal 0.043603 -0.999049 0
    outer loop
      vertex 105.5 24.7 3.85
      vertex 104.611 24.6612 0.65
      vertex 105.5 24.7 0.65
    endloop
  endfacet
  facet normal 0.843402 -0.537283 0
    outer loop
      vertex 96.6665 19.6 3.85
      vertex 97.1446 20.3505 0.65
      vertex 97.1446 20.3505 3.85
    endloop
  endfacet
  facet normal 0.843402 -0.537283 0
    outer loop
      vertex 97.1446 20.3505 0.65
      vertex 96.6665 19.6 3.85
      vertex 96.6665 19.6 0.65
    endloop
  endfacet
  facet normal -0.0436143 0.999048 0
    outer loop
      vertex 106.389 4.33881 0.65
      vertex 105.5 4.3 3.85
      vertex 106.389 4.33881 3.85
    endloop
  endfacet
  facet normal -0.0436143 0.999048 0
    outer loop
      vertex 105.5 4.3 3.85
      vertex 106.389 4.33881 0.65
      vertex 105.5 4.3 0.65
    endloop
  endfacet
  facet normal 0.991437 0.130588 0
    outer loop
      vertex 95.455 12.7288 3.85
      vertex 95.3388 13.611 0.65
      vertex 95.3388 13.611 3.85
    endloop
  endfacet
  facet normal 0.991437 0.130588 0
    outer loop
      vertex 95.3388 13.611 0.65
      vertex 95.455 12.7288 3.85
      vertex 95.455 12.7288 0.65
    endloop
  endfacet
  facet normal -0.216383 0.976309 0
    outer loop
      vertex 108.14 4.64756 0.65
      vertex 107.271 4.45496 3.85
      vertex 108.14 4.64756 3.85
    endloop
  endfacet
  facet normal -0.216383 0.976309 0
    outer loop
      vertex 107.271 4.45496 3.85
      vertex 108.14 4.64756 0.65
      vertex 107.271 4.45496 0.65
    endloop
  endfacet
  facet normal -0.736812 0.676098 0
    outer loop
      vertex 112.712 7.28751 0.65
      vertex 113.314 7.94357 3.85
      vertex 113.314 7.94357 0.65
    endloop
  endfacet
  facet normal -0.736812 0.676098 0
    outer loop
      vertex 113.314 7.94357 3.85
      vertex 112.712 7.28751 0.65
      vertex 112.712 7.28751 3.85
    endloop
  endfacet
  facet normal -0.608738 0.793371 0
    outer loop
      vertex 112.056 6.68635 0.65
      vertex 111.35 6.14465 3.85
      vertex 112.056 6.68635 3.85
    endloop
  endfacet
  facet normal -0.608738 0.793371 0
    outer loop
      vertex 111.35 6.14465 3.85
      vertex 112.056 6.68635 0.65
      vertex 111.35 6.14465 0.65
    endloop
  endfacet
  facet normal 0.887049 0.461675 0
    outer loop
      vertex 96.6665 9.4 3.85
      vertex 96.2557 10.1893 0.65
      vertex 96.2557 10.1893 3.85
    endloop
  endfacet
  facet normal 0.887049 0.461675 0
    outer loop
      vertex 96.2557 10.1893 0.65
      vertex 96.6665 9.4 3.85
      vertex 96.6665 9.4 0.65
    endloop
  endfacet
  facet normal 0.130617 -0.991433 0
    outer loop
      vertex 103.729 24.545 0.65
      vertex 104.611 24.6612 3.85
      vertex 103.729 24.545 3.85
    endloop
  endfacet
  facet normal 0.130617 -0.991433 0
    outer loop
      vertex 104.611 24.6612 3.85
      vertex 103.729 24.545 0.65
      vertex 104.611 24.6612 0.65
    endloop
  endfacet
  facet normal 0.216383 0.976309 -0
    outer loop
      vertex 103.729 4.45496 0.65
      vertex 102.86 4.64756 3.85
      vertex 103.729 4.45496 3.85
    endloop
  endfacet
  facet normal 0.216383 0.976309 0
    outer loop
      vertex 102.86 4.64756 3.85
      vertex 103.729 4.45496 0.65
      vertex 102.86 4.64756 0.65
    endloop
  endfacet
  facet normal 0.537291 0.843397 -0
    outer loop
      vertex 100.4 5.66654 0.65
      vertex 99.6495 6.14465 3.85
      vertex 100.4 5.66654 3.85
    endloop
  endfacet
  facet normal 0.537291 0.843397 0
    outer loop
      vertex 99.6495 6.14465 3.85
      vertex 100.4 5.66654 0.65
      vertex 99.6495 6.14465 0.65
    endloop
  endfacet
  facet normal 0.675563 0.737302 -0
    outer loop
      vertex 98.9436 6.68635 0.65
      vertex 98.2875 7.28751 3.85
      vertex 98.9436 6.68635 3.85
    endloop
  endfacet
  facet normal 0.675563 0.737302 0
    outer loop
      vertex 98.2875 7.28751 3.85
      vertex 98.9436 6.68635 0.65
      vertex 98.2875 7.28751 0.65
    endloop
  endfacet
  facet normal 0.537283 -0.843402 0
    outer loop
      vertex 99.6495 22.8554 0.65
      vertex 100.4 23.3335 3.85
      vertex 99.6495 22.8554 3.85
    endloop
  endfacet
  facet normal 0.537283 -0.843402 0
    outer loop
      vertex 100.4 23.3335 3.85
      vertex 99.6495 22.8554 0.65
      vertex 100.4 23.3335 0.65
    endloop
  endfacet
  facet normal -0.923691 0.383139 0
    outer loop
      vertex 114.744 10.1893 0.65
      vertex 115.085 11.0114 3.85
      vertex 115.085 11.0114 0.65
    endloop
  endfacet
  facet normal -0.923691 0.383139 0
    outer loop
      vertex 115.085 11.0114 3.85
      vertex 114.744 10.1893 0.65
      vertex 114.744 10.1893 3.85
    endloop
  endfacet
  facet normal -0.675619 0.737251 0
    outer loop
      vertex 112.712 7.28751 0.65
      vertex 112.056 6.68635 3.85
      vertex 112.712 7.28751 3.85
    endloop
  endfacet
  facet normal -0.675619 0.737251 0
    outer loop
      vertex 112.056 6.68635 3.85
      vertex 112.712 7.28751 0.65
      vertex 112.056 6.68635 0.65
    endloop
  endfacet
  facet normal 0.887049 -0.461675 0
    outer loop
      vertex 96.2557 18.8107 3.85
      vertex 96.6665 19.6 0.65
      vertex 96.6665 19.6 3.85
    endloop
  endfacet
  facet normal 0.887049 -0.461675 0
    outer loop
      vertex 96.6665 19.6 0.65
      vertex 96.2557 18.8107 3.85
      vertex 96.2557 18.8107 0.65
    endloop
  endfacet
  facet normal 0.999049 -0.043603 0
    outer loop
      vertex 95.3 14.5 3.85
      vertex 95.3388 15.389 0.65
      vertex 95.3388 15.389 3.85
    endloop
  endfacet
  facet normal 0.999049 -0.043603 0
    outer loop
      vertex 95.3388 15.389 0.65
      vertex 95.3 14.5 3.85
      vertex 95.3 14.5 0.65
    endloop
  endfacet
  facet normal 0.843396 0.537293 0
    outer loop
      vertex 97.1446 8.64952 3.85
      vertex 96.6665 9.4 0.65
      vertex 96.6665 9.4 3.85
    endloop
  endfacet
  facet normal 0.843396 0.537293 0
    outer loop
      vertex 96.6665 9.4 0.65
      vertex 97.1446 8.64952 3.85
      vertex 97.1446 8.64952 0.65
    endloop
  endfacet
  facet normal 0.976298 0.216431 0
    outer loop
      vertex 95.6476 11.86 3.85
      vertex 95.455 12.7288 0.65
      vertex 95.455 12.7288 3.85
    endloop
  endfacet
  facet normal 0.976298 0.216431 0
    outer loop
      vertex 95.455 12.7288 0.65
      vertex 95.6476 11.86 3.85
      vertex 95.6476 11.86 0.65
    endloop
  endfacet
  facet normal -0.300513 -0.953778 0
    outer loop
      vertex 108.14 24.3524 0.65
      vertex 108.989 24.0849 3.85
      vertex 108.14 24.3524 3.85
    endloop
  endfacet
  facet normal -0.300513 -0.953778 -0
    outer loop
      vertex 108.989 24.0849 3.85
      vertex 108.14 24.3524 0.65
      vertex 108.989 24.0849 0.65
    endloop
  endfacet
  facet normal 0.130562 0.99144 -0
    outer loop
      vertex 104.611 4.33881 0.65
      vertex 103.729 4.45496 3.85
      vertex 104.611 4.33881 3.85
    endloop
  endfacet
  facet normal 0.130562 0.99144 0
    outer loop
      vertex 103.729 4.45496 3.85
      vertex 104.611 4.33881 0.65
      vertex 103.729 4.45496 0.65
    endloop
  endfacet
  facet normal 0.608792 0.79333 -0
    outer loop
      vertex 99.6495 6.14465 0.65
      vertex 98.9436 6.68635 3.85
      vertex 99.6495 6.14465 3.85
    endloop
  endfacet
  facet normal 0.608792 0.79333 0
    outer loop
      vertex 98.9436 6.68635 3.85
      vertex 99.6495 6.14465 0.65
      vertex 98.9436 6.68635 0.65
    endloop
  endfacet
  facet normal -0.216383 -0.976309 0
    outer loop
      vertex 107.271 24.545 0.65
      vertex 108.14 24.3524 3.85
      vertex 107.271 24.545 3.85
    endloop
  endfacet
  facet normal -0.216383 -0.976309 -0
    outer loop
      vertex 108.14 24.3524 3.85
      vertex 107.271 24.545 0.65
      vertex 108.14 24.3524 0.65
    endloop
  endfacet
  facet normal -0.886885 0.46199 0
    outer loop
      vertex 114.333 109.9 0.65
      vertex 114.744 110.689 3.85
      vertex 114.744 110.689 0.65
    endloop
  endfacet
  facet normal -0.886885 0.46199 0
    outer loop
      vertex 114.744 110.689 3.85
      vertex 114.333 109.9 0.65
      vertex 114.333 109.9 3.85
    endloop
  endfacet
  facet normal -0.991462 -0.130396 0
    outer loop
      vertex 115.661 115.889 0.65
      vertex 115.545 116.771 3.85
      vertex 115.545 116.771 0.65
    endloop
  endfacet
  facet normal -0.991462 -0.130396 0
    outer loop
      vertex 115.545 116.771 3.85
      vertex 115.661 115.889 0.65
      vertex 115.661 115.889 3.85
    endloop
  endfacet
  facet normal -0.999039 -0.0438274 0
    outer loop
      vertex 115.7 115 0.65
      vertex 115.661 115.889 3.85
      vertex 115.661 115.889 0.65
    endloop
  endfacet
  facet normal -0.999039 -0.0438274 0
    outer loop
      vertex 115.661 115.889 3.85
      vertex 115.7 115 0.65
      vertex 115.7 115 3.85
    endloop
  endfacet
  facet normal -0.976213 -0.216812 0
    outer loop
      vertex 115.545 116.771 0.65
      vertex 115.352 117.64 3.85
      vertex 115.352 117.64 0.65
    endloop
  endfacet
  facet normal -0.976213 -0.216812 0
    outer loop
      vertex 115.352 117.64 3.85
      vertex 115.545 116.771 0.65
      vertex 115.545 116.771 3.85
    endloop
  endfacet
  facet normal -0.130396 0.991462 0
    outer loop
      vertex 107.271 104.955 0.65
      vertex 106.389 104.839 3.85
      vertex 107.271 104.955 3.85
    endloop
  endfacet
  facet normal -0.130396 0.991462 0
    outer loop
      vertex 106.389 104.839 3.85
      vertex 107.271 104.955 0.65
      vertex 106.389 104.839 0.65
    endloop
  endfacet
  facet normal -0.676131 -0.736781 0
    outer loop
      vertex 112.056 122.814 0.65
      vertex 112.712 122.212 3.85
      vertex 112.056 122.814 3.85
    endloop
  endfacet
  facet normal -0.676131 -0.736781 -0
    outer loop
      vertex 112.712 122.212 3.85
      vertex 112.056 122.814 0.65
      vertex 112.712 122.212 0.65
    endloop
  endfacet
  facet normal 0.737229 0.675643 0
    outer loop
      vertex 98.2875 107.788 3.85
      vertex 97.6863 108.444 0.65
      vertex 97.6863 108.444 3.85
    endloop
  endfacet
  facet normal 0.737229 0.675643 0
    outer loop
      vertex 97.6863 108.444 0.65
      vertex 98.2875 107.788 3.85
      vertex 98.2875 107.788 0.65
    endloop
  endfacet
  facet normal -0.608243 -0.793751 0
    outer loop
      vertex 111.35 123.355 0.65
      vertex 112.056 122.814 3.85
      vertex 111.35 123.355 3.85
    endloop
  endfacet
  facet normal -0.608243 -0.793751 -0
    outer loop
      vertex 112.056 122.814 3.85
      vertex 111.35 123.355 0.65
      vertex 112.056 122.814 0.65
    endloop
  endfacet
  facet normal 0.923833 -0.382795 0
    outer loop
      vertex 95.9151 118.489 3.85
      vertex 96.2557 119.311 0.65
      vertex 96.2557 119.311 3.85
    endloop
  endfacet
  facet normal 0.923833 -0.382795 0
    outer loop
      vertex 96.2557 119.311 0.65
      vertex 95.9151 118.489 3.85
      vertex 95.9151 118.489 0.65
    endloop
  endfacet
  facet normal 0 0 1
    outer loop
      vertex 115.661 115.889 0.65
      vertex 115.661 114.111 0.65
      vertex 115.7 115 0.65
    endloop
  endfacet
  facet normal 0 0 1
    outer loop
      vertex 115.545 116.771 0.65
      vertex 115.661 114.111 0.65
      vertex 115.661 115.889 0.65
    endloop
  endfacet
  facet normal 0 0 1
    outer loop
      vertex 115.545 116.771 0.65
      vertex 115.545 113.229 0.65
      vertex 115.661 114.111 0.65
    endloop
  endfacet
  facet normal 0 0 1
    outer loop
      vertex 115.352 117.64 0.65
      vertex 115.545 113.229 0.65
      vertex 115.545 116.771 0.65
    endloop
  endfacet
  facet normal 0 0 1
    outer loop
      vertex 115.352 117.64 0.65
      vertex 115.352 112.36 0.65
      vertex 115.545 113.229 0.65
    endloop
  endfacet
  facet normal 0 0 1
    outer loop
      vertex 115.085 118.489 0.65
      vertex 115.352 112.36 0.65
      vertex 115.352 117.64 0.65
    endloop
  endfacet
  facet normal 0 0 1
    outer loop
      vertex 115.085 118.489 0.65
      vertex 115.085 111.511 0.65
      vertex 115.352 112.36 0.65
    endloop
  endfacet
  facet normal 0 0 1
    outer loop
      vertex 114.744 119.311 0.65
      vertex 115.085 111.511 0.65
      vertex 115.085 118.489 0.65
    endloop
  endfacet
  facet normal 0 0 1
    outer loop
      vertex 114.744 119.311 0.65
      vertex 114.744 110.689 0.65
      vertex 115.085 111.511 0.65
    endloop
  endfacet
  facet normal 0 0 1
    outer loop
      vertex 114.333 120.1 0.65
      vertex 114.744 110.689 0.65
      vertex 114.744 119.311 0.65
    endloop
  endfacet
  facet normal 0 0 1
    outer loop
      vertex 114.333 120.1 0.65
      vertex 114.333 109.9 0.65
      vertex 114.744 110.689 0.65
    endloop
  endfacet
  facet normal 0 0 1
    outer loop
      vertex 113.855 120.85 0.65
      vertex 114.333 109.9 0.65
      vertex 114.333 120.1 0.65
    endloop
  endfacet
  facet normal 0 0 1
    outer loop
      vertex 113.855 120.85 0.65
      vertex 113.855 109.15 0.65
      vertex 114.333 109.9 0.65
    endloop
  endfacet
  facet normal 0 0 1
    outer loop
      vertex 113.314 121.556 0.65
      vertex 113.855 109.15 0.65
      vertex 113.855 120.85 0.65
    endloop
  endfacet
  facet normal 0 0 1
    outer loop
      vertex 113.314 121.556 0.65
      vertex 113.314 108.444 0.65
      vertex 113.855 109.15 0.65
    endloop
  endfacet
  facet normal 0 0 1
    outer loop
      vertex 112.712 122.212 0.65
      vertex 113.314 108.444 0.65
      vertex 113.314 121.556 0.65
    endloop
  endfacet
  facet normal 0 0 1
    outer loop
      vertex 112.712 122.212 0.65
      vertex 112.712 107.788 0.65
      vertex 113.314 108.444 0.65
    endloop
  endfacet
  facet normal 0 0 1
    outer loop
      vertex 112.056 122.814 0.65
      vertex 112.712 107.788 0.65
      vertex 112.712 122.212 0.65
    endloop
  endfacet
  facet normal 0 0 1
    outer loop
      vertex 112.056 122.814 0.65
      vertex 112.056 107.186 0.65
      vertex 112.712 107.788 0.65
    endloop
  endfacet
  facet normal 0 0 1
    outer loop
      vertex 111.35 123.355 0.65
      vertex 112.056 107.186 0.65
      vertex 112.056 122.814 0.65
    endloop
  endfacet
  facet normal 0 0 1
    outer loop
      vertex 111.35 123.355 0.65
      vertex 111.35 106.645 0.65
      vertex 112.056 107.186 0.65
    endloop
  endfacet
  facet normal 0 0 1
    outer loop
      vertex 110.6 123.833 0.65
      vertex 111.35 106.645 0.65
      vertex 111.35 123.355 0.65
    endloop
  endfacet
  facet normal 0 0 1
    outer loop
      vertex 110.6 123.833 0.65
      vertex 110.6 106.167 0.65
      vertex 111.35 106.645 0.65
    endloop
  endfacet
  facet normal 0 0 1
    outer loop
      vertex 109.811 124.244 0.65
      vertex 110.6 106.167 0.65
      vertex 110.6 123.833 0.65
    endloop
  endfacet
  facet normal 0 0 1
    outer loop
      vertex 109.811 124.244 0.65
      vertex 109.811 105.756 0.65
      vertex 110.6 106.167 0.65
    endloop
  endfacet
  facet normal 0 0 1
    outer loop
      vertex 108.989 124.585 0.65
      vertex 109.811 105.756 0.65
      vertex 109.811 124.244 0.65
    endloop
  endfacet
  facet normal 0 0 1
    outer loop
      vertex 108.989 124.585 0.65
      vertex 108.989 105.415 0.65
      vertex 109.811 105.756 0.65
    endloop
  endfacet
  facet normal 0 0 1
    outer loop
      vertex 108.14 124.852 0.65
      vertex 108.989 105.415 0.65
      vertex 108.989 124.585 0.65
    endloop
  endfacet
  facet normal 0 0 1
    outer loop
      vertex 108.14 124.852 0.65
      vertex 108.14 105.148 0.65
      vertex 108.989 105.415 0.65
    endloop
  endfacet
  facet normal 0 0 1
    outer loop
      vertex 107.271 125.045 0.65
      vertex 108.14 105.148 0.65
      vertex 108.14 124.852 0.65
    endloop
  endfacet
  facet normal 0 0 1
    outer loop
      vertex 107.271 125.045 0.65
      vertex 107.271 104.955 0.65
      vertex 108.14 105.148 0.65
    endloop
  endfacet
  facet normal 0 0 1
    outer loop
      vertex 106.389 125.161 0.65
      vertex 107.271 104.955 0.65
      vertex 107.271 125.045 0.65
    endloop
  endfacet
  facet normal 0 0 1
    outer loop
      vertex 106.389 125.161 0.65
      vertex 106.389 104.839 0.65
      vertex 107.271 104.955 0.65
    endloop
  endfacet
  facet normal 0 0 1
    outer loop
      vertex 105.5 125.2 0.65
      vertex 106.389 104.839 0.65
      vertex 106.389 125.161 0.65
    endloop
  endfacet
  facet normal 0 0 1
    outer loop
      vertex 105.5 125.2 0.65
      vertex 105.5 104.8 0.65
      vertex 106.389 104.839 0.65
    endloop
  endfacet
  facet normal -0 0 1
    outer loop
      vertex 104.611 125.161 0.65
      vertex 105.5 104.8 0.65
      vertex 105.5 125.2 0.65
    endloop
  endfacet
  facet normal 0 0 1
    outer loop
      vertex 104.611 125.161 0.65
      vertex 104.611 104.839 0.65
      vertex 105.5 104.8 0.65
    endloop
  endfacet
  facet normal -0 0 1
    outer loop
      vertex 103.729 125.045 0.65
      vertex 104.611 104.839 0.65
      vertex 104.611 125.161 0.65
    endloop
  endfacet
  facet normal 0 0 1
    outer loop
      vertex 103.729 125.045 0.65
      vertex 103.729 104.955 0.65
      vertex 104.611 104.839 0.65
    endloop
  endfacet
  facet normal -0 0 1
    outer loop
      vertex 102.86 124.852 0.65
      vertex 103.729 104.955 0.65
      vertex 103.729 125.045 0.65
    endloop
  endfacet
  facet normal 0 0 1
    outer loop
      vertex 102.86 124.852 0.65
      vertex 102.86 105.148 0.65
      vertex 103.729 104.955 0.65
    endloop
  endfacet
  facet normal -0 0 1
    outer loop
      vertex 102.011 124.585 0.65
      vertex 102.86 105.148 0.65
      vertex 102.86 124.852 0.65
    endloop
  endfacet
  facet normal 0 0 1
    outer loop
      vertex 102.011 124.585 0.65
      vertex 102.011 105.415 0.65
      vertex 102.86 105.148 0.65
    endloop
  endfacet
  facet normal -0 0 1
    outer loop
      vertex 101.189 124.244 0.65
      vertex 102.011 105.415 0.65
      vertex 102.011 124.585 0.65
    endloop
  endfacet
  facet normal 0 0 1
    outer loop
      vertex 101.189 124.244 0.65
      vertex 101.189 105.756 0.65
      vertex 102.011 105.415 0.65
    endloop
  endfacet
  facet normal -0 0 1
    outer loop
      vertex 100.4 123.833 0.65
      vertex 101.189 105.756 0.65
      vertex 101.189 124.244 0.65
    endloop
  endfacet
  facet normal 0 0 1
    outer loop
      vertex 100.4 123.833 0.65
      vertex 100.4 106.167 0.65
      vertex 101.189 105.756 0.65
    endloop
  endfacet
  facet normal -0 0 1
    outer loop
      vertex 99.6495 123.355 0.65
      vertex 100.4 106.167 0.65
      vertex 100.4 123.833 0.65
    endloop
  endfacet
  facet normal 0 0 1
    outer loop
      vertex 99.6495 123.355 0.65
      vertex 99.6495 106.645 0.65
      vertex 100.4 106.167 0.65
    endloop
  endfacet
  facet normal -0 0 1
    outer loop
      vertex 98.9436 122.814 0.65
      vertex 99.6495 106.645 0.65
      vertex 99.6495 123.355 0.65
    endloop
  endfacet
  facet normal 0 0 1
    outer loop
      vertex 98.9436 122.814 0.65
      vertex 98.9436 107.186 0.65
      vertex 99.6495 106.645 0.65
    endloop
  endfacet
  facet normal -0 0 1
    outer loop
      vertex 98.2875 122.212 0.65
      vertex 98.9436 107.186 0.65
      vertex 98.9436 122.814 0.65
    endloop
  endfacet
  facet normal 0 0 1
    outer loop
      vertex 98.2875 122.212 0.65
      vertex 98.2875 107.788 0.65
      vertex 98.9436 107.186 0.65
    endloop
  endfacet
  facet normal -0 0 1
    outer loop
      vertex 97.6863 121.556 0.65
      vertex 98.2875 107.788 0.65
      vertex 98.2875 122.212 0.65
    endloop
  endfacet
  facet normal 0 0 1
    outer loop
      vertex 97.6863 121.556 0.65
      vertex 97.6863 108.444 0.65
      vertex 98.2875 107.788 0.65
    endloop
  endfacet
  facet normal -0 0 1
    outer loop
      vertex 97.1446 120.85 0.65
      vertex 97.6863 108.444 0.65
      vertex 97.6863 121.556 0.65
    endloop
  endfacet
  facet normal 0 0 1
    outer loop
      vertex 97.1446 120.85 0.65
      vertex 97.1446 109.15 0.65
      vertex 97.6863 108.444 0.65
    endloop
  endfacet
  facet normal -0 0 1
    outer loop
      vertex 96.6665 120.1 0.65
      vertex 97.1446 109.15 0.65
      vertex 97.1446 120.85 0.65
    endloop
  endfacet
  facet normal 0 0 1
    outer loop
      vertex 96.6665 120.1 0.65
      vertex 96.6665 109.9 0.65
      vertex 97.1446 109.15 0.65
    endloop
  endfacet
  facet normal -0 0 1
    outer loop
      vertex 96.2557 119.311 0.65
      vertex 96.6665 109.9 0.65
      vertex 96.6665 120.1 0.65
    endloop
  endfacet
  facet normal 0 0 1
    outer loop
      vertex 96.2557 119.311 0.65
      vertex 96.2557 110.689 0.65
      vertex 96.6665 109.9 0.65
    endloop
  endfacet
  facet normal -0 0 1
    outer loop
      vertex 95.9151 118.489 0.65
      vertex 96.2557 110.689 0.65
      vertex 96.2557 119.311 0.65
    endloop
  endfacet
  facet normal 0 0 1
    outer loop
      vertex 95.9151 118.489 0.65
      vertex 95.9151 111.511 0.65
      vertex 96.2557 110.689 0.65
    endloop
  endfacet
  facet normal -0 0 1
    outer loop
      vertex 95.6476 117.64 0.65
      vertex 95.9151 111.511 0.65
      vertex 95.9151 118.489 0.65
    endloop
  endfacet
  facet normal 0 0 1
    outer loop
      vertex 95.6476 117.64 0.65
      vertex 95.6476 112.36 0.65
      vertex 95.9151 111.511 0.65
    endloop
  endfacet
  facet normal -0 0 1
    outer loop
      vertex 95.455 116.771 0.65
      vertex 95.6476 112.36 0.65
      vertex 95.6476 117.64 0.65
    endloop
  endfacet
  facet normal 0 0 1
    outer loop
      vertex 95.455 116.771 0.65
      vertex 95.455 113.229 0.65
      vertex 95.6476 112.36 0.65
    endloop
  endfacet
  facet normal -0 0 1
    outer loop
      vertex 95.3388 115.889 0.65
      vertex 95.455 113.229 0.65
      vertex 95.455 116.771 0.65
    endloop
  endfacet
  facet normal 0 0 1
    outer loop
      vertex 95.3388 115.889 0.65
      vertex 95.3388 114.111 0.65
      vertex 95.455 113.229 0.65
    endloop
  endfacet
  facet normal 0 -0 1
    outer loop
      vertex 95.3388 114.111 0.65
      vertex 95.3388 115.889 0.65
      vertex 95.3 115 0.65
    endloop
  endfacet
  facet normal -0.383179 0.923674 0
    outer loop
      vertex 109.811 105.756 0.65
      vertex 108.989 105.415 3.85
      vertex 109.811 105.756 3.85
    endloop
  endfacet
  facet normal -0.383179 0.923674 0
    outer loop
      vertex 108.989 105.415 3.85
      vertex 109.811 105.756 0.65
      vertex 108.989 105.415 0.65
    endloop
  endfacet
  facet normal 0.953778 0.300513 0
    outer loop
      vertex 95.9151 111.511 3.85
      vertex 95.6476 112.36 0.65
      vertex 95.6476 112.36 3.85
    endloop
  endfacet
  facet normal 0.953778 0.300513 0
    outer loop
      vertex 95.6476 112.36 0.65
      vertex 95.9151 111.511 3.85
      vertex 95.9151 111.511 0.65
    endloop
  endfacet
  facet normal -0.953939 -0.300002 0
    outer loop
      vertex 115.352 117.64 0.65
      vertex 115.085 118.489 3.85
      vertex 115.085 118.489 0.65
    endloop
  endfacet
  facet normal -0.953939 -0.300002 0
    outer loop
      vertex 115.085 118.489 3.85
      vertex 115.352 117.64 0.65
      vertex 115.352 117.64 3.85
    endloop
  endfacet
  facet normal -0.537457 0.843291 0
    outer loop
      vertex 111.35 106.645 0.65
      vertex 110.6 106.167 3.85
      vertex 111.35 106.645 3.85
    endloop
  endfacet
  facet normal -0.537457 0.843291 0
    outer loop
      vertex 110.6 106.167 3.85
      vertex 111.35 106.645 0.65
      vertex 110.6 106.167 0.65
    endloop
  endfacet
  facet normal -0.736781 -0.676131 0
    outer loop
      vertex 113.314 121.556 0.65
      vertex 112.712 122.212 3.85
      vertex 112.712 122.212 0.65
    endloop
  endfacet
  facet normal -0.736781 -0.676131 0
    outer loop
      vertex 112.712 122.212 3.85
      vertex 113.314 121.556 0.65
      vertex 113.314 121.556 3.85
    endloop
  endfacet
  facet normal 0.300002 0.953939 -0
    outer loop
      vertex 102.86 105.148 0.65
      vertex 102.011 105.415 3.85
      vertex 102.86 105.148 3.85
    endloop
  endfacet
  facet normal 0.300002 0.953939 0
    outer loop
      vertex 102.011 105.415 3.85
      vertex 102.86 105.148 0.65
      vertex 102.011 105.415 0.65
    endloop
  endfacet
  facet normal 0.999049 0.043603 0
    outer loop
      vertex 95.3388 114.111 3.85
      vertex 95.3 115 0.65
      vertex 95.3 115 3.85
    endloop
  endfacet
  facet normal 0.999049 0.043603 0
    outer loop
      vertex 95.3 115 0.65
      vertex 95.3388 114.111 3.85
      vertex 95.3388 114.111 0.65
    endloop
  endfacet
  facet normal -0.923674 -0.383179 0
    outer loop
      vertex 115.085 118.489 0.65
      vertex 114.744 119.311 3.85
      vertex 114.744 119.311 0.65
    endloop
  endfacet
  facet normal -0.923674 -0.383179 0
    outer loop
      vertex 114.744 119.311 3.85
      vertex 115.085 118.489 0.65
      vertex 115.085 118.489 3.85
    endloop
  endfacet
  facet normal -0.999039 0.0438274 0
    outer loop
      vertex 115.661 114.111 0.65
      vertex 115.7 115 3.85
      vertex 115.7 115 0.65
    endloop
  endfacet
  facet normal -0.999039 0.0438274 0
    outer loop
      vertex 115.7 115 3.85
      vertex 115.661 114.111 0.65
      vertex 115.661 114.111 3.85
    endloop
  endfacet
  facet normal 0.46199 0.886885 -0
    outer loop
      vertex 101.189 105.756 0.65
      vertex 100.4 106.167 3.85
      vertex 101.189 105.756 3.85
    endloop
  endfacet
  facet normal 0.46199 0.886885 0
    outer loop
      vertex 100.4 106.167 3.85
      vertex 101.189 105.756 0.65
      vertex 100.4 106.167 0.65
    endloop
  endfacet
  facet normal -0.886885 -0.46199 0
    outer loop
      vertex 114.744 119.311 0.65
      vertex 114.333 120.1 3.85
      vertex 114.333 120.1 0.65
    endloop
  endfacet
  facet normal -0.886885 -0.46199 0
    outer loop
      vertex 114.333 120.1 3.85
      vertex 114.744 119.311 0.65
      vertex 114.744 119.311 3.85
    endloop
  endfacet
  facet normal 0.0438274 0.999039 -0
    outer loop
      vertex 105.5 104.8 0.65
      vertex 104.611 104.839 3.85
      vertex 105.5 104.8 3.85
    endloop
  endfacet
  facet normal 0.0438274 0.999039 0
    outer loop
      vertex 104.611 104.839 3.85
      vertex 105.5 104.8 0.65
      vertex 104.611 104.839 0.65
    endloop
  endfacet
  facet normal 0.608297 -0.79371 0
    outer loop
      vertex 98.9436 122.814 0.65
      vertex 99.6495 123.355 3.85
      vertex 98.9436 122.814 3.85
    endloop
  endfacet
  facet normal 0.608297 -0.79371 0
    outer loop
      vertex 99.6495 123.355 3.85
      vertex 98.9436 122.814 0.65
      vertex 99.6495 123.355 0.65
    endloop
  endfacet
  facet normal -0.537457 -0.843291 0
    outer loop
      vertex 110.6 123.833 0.65
      vertex 111.35 123.355 3.85
      vertex 110.6 123.833 3.85
    endloop
  endfacet
  facet normal -0.537457 -0.843291 -0
    outer loop
      vertex 111.35 123.355 3.85
      vertex 110.6 123.833 0.65
      vertex 111.35 123.355 0.65
    endloop
  endfacet
  facet normal -0.300002 0.953939 0
    outer loop
      vertex 108.989 105.415 0.65
      vertex 108.14 105.148 3.85
      vertex 108.989 105.415 3.85
    endloop
  endfacet
  facet normal -0.300002 0.953939 0
    outer loop
      vertex 108.14 105.148 3.85
      vertex 108.989 105.415 0.65
      vertex 108.14 105.148 0.65
    endloop
  endfacet
  facet normal 0.383179 -0.923674 0
    outer loop
      vertex 101.189 124.244 0.65
      vertex 102.011 124.585 3.85
      vertex 101.189 124.244 3.85
    endloop
  endfacet
  facet normal 0.383179 -0.923674 0
    outer loop
      vertex 102.011 124.585 3.85
      vertex 101.189 124.244 0.65
      vertex 102.011 124.585 0.65
    endloop
  endfacet
  facet normal -0.793751 -0.608243 0
    outer loop
      vertex 113.855 120.85 0.65
      vertex 113.314 121.556 3.85
      vertex 113.314 121.556 0.65
    endloop
  endfacet
  facet normal -0.793751 -0.608243 0
    outer loop
      vertex 113.314 121.556 3.85
      vertex 113.855 120.85 0.65
      vertex 113.855 120.85 3.85
    endloop
  endfacet
  facet normal 0.793371 0.608738 0
    outer loop
      vertex 97.6863 108.444 3.85
      vertex 97.1446 109.15 0.65
      vertex 97.1446 109.15 3.85
    endloop
  endfacet
  facet normal 0.793371 0.608738 0
    outer loop
      vertex 97.1446 109.15 0.65
      vertex 97.6863 108.444 3.85
      vertex 97.6863 108.444 0.65
    endloop
  endfacet
  facet normal 0.216812 -0.976213 0
    outer loop
      vertex 102.86 124.852 0.65
      vertex 103.729 125.045 3.85
      vertex 102.86 124.852 3.85
    endloop
  endfacet
  facet normal 0.216812 -0.976213 0
    outer loop
      vertex 103.729 125.045 3.85
      vertex 102.86 124.852 0.65
      vertex 103.729 125.045 0.65
    endloop
  endfacet
  facet normal -0.130396 -0.991462 0
    outer loop
      vertex 106.389 125.161 0.65
      vertex 107.271 125.045 3.85
      vertex 106.389 125.161 3.85
    endloop
  endfacet
  facet normal -0.130396 -0.991462 -0
    outer loop
      vertex 107.271 125.045 3.85
      vertex 106.389 125.161 0.65
      vertex 107.271 125.045 0.65
    endloop
  endfacet
  facet normal -0.991462 0.130396 0
    outer loop
      vertex 115.545 113.229 0.65
      vertex 115.661 114.111 3.85
      vertex 115.661 114.111 0.65
    endloop
  endfacet
  facet normal -0.991462 0.130396 0
    outer loop
      vertex 115.661 114.111 3.85
      vertex 115.545 113.229 0.65
      vertex 115.545 113.229 3.85
    endloop
  endfacet
  facet normal -0.0438274 -0.999039 0
    outer loop
      vertex 105.5 125.2 0.65
      vertex 106.389 125.161 3.85
      vertex 105.5 125.2 3.85
    endloop
  endfacet
  facet normal -0.0438274 -0.999039 -0
    outer loop
      vertex 106.389 125.161 3.85
      vertex 105.5 125.2 0.65
      vertex 106.389 125.161 0.65
    endloop
  endfacet
  facet normal 0.300002 -0.953939 0
    outer loop
      vertex 102.011 124.585 0.65
      vertex 102.86 124.852 3.85
      vertex 102.011 124.585 3.85
    endloop
  endfacet
  facet normal 0.300002 -0.953939 0
    outer loop
      vertex 102.86 124.852 3.85
      vertex 102.011 124.585 0.65
      vertex 102.86 124.852 0.65
    endloop
  endfacet
  facet normal 0.976309 -0.216383 0
    outer loop
      vertex 95.455 116.771 3.85
      vertex 95.6476 117.64 0.65
      vertex 95.6476 117.64 3.85
    endloop
  endfacet
  facet normal 0.976309 -0.216383 0
    outer loop
      vertex 95.6476 117.64 0.65
      vertex 95.455 116.771 3.85
      vertex 95.455 116.771 0.65
    endloop
  endfacet
  facet normal 0.991433 -0.130617 0
    outer loop
      vertex 95.3388 115.889 3.85
      vertex 95.455 116.771 0.65
      vertex 95.455 116.771 3.85
    endloop
  endfacet
  facet normal 0.991433 -0.130617 0
    outer loop
      vertex 95.455 116.771 0.65
      vertex 95.3388 115.889 3.85
      vertex 95.3388 115.889 0.65
    endloop
  endfacet
  facet normal -0.46199 0.886885 0
    outer loop
      vertex 110.6 106.167 0.65
      vertex 109.811 105.756 3.85
      vertex 110.6 106.167 3.85
    endloop
  endfacet
  facet normal -0.46199 0.886885 0
    outer loop
      vertex 109.811 105.756 3.85
      vertex 110.6 106.167 0.65
      vertex 109.811 105.756 0.65
    endloop
  endfacet
  facet normal -0.383179 -0.923674 0
    outer loop
      vertex 108.989 124.585 0.65
      vertex 109.811 124.244 3.85
      vertex 108.989 124.585 3.85
    endloop
  endfacet
  facet normal -0.383179 -0.923674 -0
    outer loop
      vertex 109.811 124.244 3.85
      vertex 108.989 124.585 0.65
      vertex 109.811 124.244 0.65
    endloop
  endfacet
  facet normal -0.46199 -0.886885 0
    outer loop
      vertex 109.811 124.244 0.65
      vertex 110.6 123.833 3.85
      vertex 109.811 124.244 3.85
    endloop
  endfacet
  facet normal -0.46199 -0.886885 -0
    outer loop
      vertex 110.6 123.833 3.85
      vertex 109.811 124.244 0.65
      vertex 110.6 123.833 0.65
    endloop
  endfacet
  facet normal -0.976213 0.216812 0
    outer loop
      vertex 115.352 112.36 0.65
      vertex 115.545 113.229 3.85
      vertex 115.545 113.229 0.65
    endloop
  endfacet
  facet normal -0.976213 0.216812 0
    outer loop
      vertex 115.545 113.229 3.85
      vertex 115.352 112.36 0.65
      vertex 115.352 112.36 3.85
    endloop
  endfacet
  facet normal -0.953939 0.300002 0
    outer loop
      vertex 115.085 111.511 0.65
      vertex 115.352 112.36 3.85
      vertex 115.352 112.36 0.65
    endloop
  endfacet
  facet normal -0.953939 0.300002 0
    outer loop
      vertex 115.352 112.36 3.85
      vertex 115.085 111.511 0.65
      vertex 115.085 111.511 3.85
    endloop
  endfacet
  facet normal 0.953778 -0.300513 0
    outer loop
      vertex 95.6476 117.64 3.85
      vertex 95.9151 118.489 0.65
      vertex 95.9151 118.489 3.85
    endloop
  endfacet
  facet normal 0.953778 -0.300513 0
    outer loop
      vertex 95.9151 118.489 0.65
      vertex 95.6476 117.64 3.85
      vertex 95.6476 117.64 0.65
    endloop
  endfacet
  facet normal -0.793751 0.608243 0
    outer loop
      vertex 113.314 108.444 0.65
      vertex 113.855 109.15 3.85
      vertex 113.855 109.15 0.65
    endloop
  endfacet
  facet normal -0.793751 0.608243 0
    outer loop
      vertex 113.855 109.15 3.85
      vertex 113.314 108.444 0.65
      vertex 113.314 108.444 3.85
    endloop
  endfacet
  facet normal -0.843291 -0.537457 0
    outer loop
      vertex 114.333 120.1 0.65
      vertex 113.855 120.85 3.85
      vertex 113.855 120.85 0.65
    endloop
  endfacet
  facet normal -0.843291 -0.537457 0
    outer loop
      vertex 113.855 120.85 3.85
      vertex 114.333 120.1 0.65
      vertex 114.333 120.1 3.85
    endloop
  endfacet
  facet normal 0.676075 -0.736832 0
    outer loop
      vertex 98.2875 122.212 0.65
      vertex 98.9436 122.814 3.85
      vertex 98.2875 122.212 3.85
    endloop
  endfacet
  facet normal 0.676075 -0.736832 0
    outer loop
      vertex 98.9436 122.814 3.85
      vertex 98.2875 122.212 0.65
      vertex 98.9436 122.814 0.65
    endloop
  endfacet
  facet normal -0.843291 0.537457 0
    outer loop
      vertex 113.855 109.15 0.65
      vertex 114.333 109.9 3.85
      vertex 114.333 109.9 0.65
    endloop
  endfacet
  facet normal -0.843291 0.537457 0
    outer loop
      vertex 114.333 109.9 3.85
      vertex 113.855 109.15 0.65
      vertex 113.855 109.15 3.85
    endloop
  endfacet
  facet normal 0.737229 -0.675643 0
    outer loop
      vertex 97.6863 121.556 3.85
      vertex 98.2875 122.212 0.65
      vertex 98.2875 122.212 3.85
    endloop
  endfacet
  facet normal 0.737229 -0.675643 0
    outer loop
      vertex 98.2875 122.212 0.65
      vertex 97.6863 121.556 3.85
      vertex 97.6863 121.556 0.65
    endloop
  endfacet
  facet normal 0.383179 0.923674 -0
    outer loop
      vertex 102.011 105.415 0.65
      vertex 101.189 105.756 3.85
      vertex 102.011 105.415 3.85
    endloop
  endfacet
  facet normal 0.383179 0.923674 0
    outer loop
      vertex 101.189 105.756 3.85
      vertex 102.011 105.415 0.65
      vertex 101.189 105.756 0.65
    endloop
  endfacet
  facet normal 0.793371 -0.608738 0
    outer loop
      vertex 97.1446 120.85 3.85
      vertex 97.6863 121.556 0.65
      vertex 97.6863 121.556 3.85
    endloop
  endfacet
  facet normal 0.793371 -0.608738 0
    outer loop
      vertex 97.6863 121.556 0.65
      vertex 97.1446 120.85 3.85
      vertex 97.1446 120.85 0.65
    endloop
  endfacet
  facet normal 0.46199 -0.886885 0
    outer loop
      vertex 100.4 123.833 0.65
      vertex 101.189 124.244 3.85
      vertex 100.4 123.833 3.85
    endloop
  endfacet
  facet normal 0.46199 -0.886885 0
    outer loop
      vertex 101.189 124.244 3.85
      vertex 100.4 123.833 0.65
      vertex 101.189 124.244 0.65
    endloop
  endfacet
  facet normal 0.923833 0.382795 0
    outer loop
      vertex 96.2557 110.689 3.85
      vertex 95.9151 111.511 0.65
      vertex 95.9151 111.511 3.85
    endloop
  endfacet
  facet normal 0.923833 0.382795 0
    outer loop
      vertex 95.9151 111.511 0.65
      vertex 96.2557 110.689 3.85
      vertex 96.2557 110.689 0.65
    endloop
  endfacet
  facet normal 0.0438274 -0.999039 0
    outer loop
      vertex 104.611 125.161 0.65
      vertex 105.5 125.2 3.85
      vertex 104.611 125.161 3.85
    endloop
  endfacet
  facet normal 0.0438274 -0.999039 0
    outer loop
      vertex 105.5 125.2 3.85
      vertex 104.611 125.161 0.65
      vertex 105.5 125.2 0.65
    endloop
  endfacet
  facet normal 0.84324 -0.537537 0
    outer loop
      vertex 96.6665 120.1 3.85
      vertex 97.1446 120.85 0.65
      vertex 97.1446 120.85 3.85
    endloop
  endfacet
  facet normal 0.84324 -0.537537 0
    outer loop
      vertex 97.1446 120.85 0.65
      vertex 96.6665 120.1 3.85
      vertex 96.6665 120.1 0.65
    endloop
  endfacet
  facet normal -0.0438274 0.999039 0
    outer loop
      vertex 106.389 104.839 0.65
      vertex 105.5 104.8 3.85
      vertex 106.389 104.839 3.85
    endloop
  endfacet
  facet normal -0.0438274 0.999039 0
    outer loop
      vertex 105.5 104.8 3.85
      vertex 106.389 104.839 0.65
      vertex 105.5 104.8 0.65
    endloop
  endfacet
  facet normal 0.991433 0.130617 0
    outer loop
      vertex 95.455 113.229 3.85
      vertex 95.3388 114.111 0.65
      vertex 95.3388 114.111 3.85
    endloop
  endfacet
  facet normal 0.991433 0.130617 0
    outer loop
      vertex 95.3388 114.111 0.65
      vertex 95.455 113.229 3.85
      vertex 95.455 113.229 0.65
    endloop
  endfacet
  facet normal -0.216812 0.976213 0
    outer loop
      vertex 108.14 105.148 0.65
      vertex 107.271 104.955 3.85
      vertex 108.14 105.148 3.85
    endloop
  endfacet
  facet normal -0.216812 0.976213 0
    outer loop
      vertex 107.271 104.955 3.85
      vertex 108.14 105.148 0.65
      vertex 107.271 104.955 0.65
    endloop
  endfacet
  facet normal -0.736781 0.676131 0
    outer loop
      vertex 112.712 107.788 0.65
      vertex 113.314 108.444 3.85
      vertex 113.314 108.444 0.65
    endloop
  endfacet
  facet normal -0.736781 0.676131 0
    outer loop
      vertex 113.314 108.444 3.85
      vertex 112.712 107.788 0.65
      vertex 112.712 107.788 3.85
    endloop
  endfacet
  facet normal -0.608243 0.793751 0
    outer loop
      vertex 112.056 107.186 0.65
      vertex 111.35 106.645 3.85
      vertex 112.056 107.186 3.85
    endloop
  endfacet
  facet normal -0.608243 0.793751 0
    outer loop
      vertex 111.35 106.645 3.85
      vertex 112.056 107.186 0.65
      vertex 111.35 106.645 0.65
    endloop
  endfacet
  facet normal 0.886977 0.461813 0
    outer loop
      vertex 96.6665 109.9 3.85
      vertex 96.2557 110.689 0.65
      vertex 96.2557 110.689 3.85
    endloop
  endfacet
  facet normal 0.886977 0.461813 0
    outer loop
      vertex 96.2557 110.689 0.65
      vertex 96.6665 109.9 3.85
      vertex 96.6665 109.9 0.65
    endloop
  endfacet
  facet normal 0.130396 -0.991462 0
    outer loop
      vertex 103.729 125.045 0.65
      vertex 104.611 125.161 3.85
      vertex 103.729 125.045 3.85
    endloop
  endfacet
  facet normal 0.130396 -0.991462 0
    outer loop
      vertex 104.611 125.161 3.85
      vertex 103.729 125.045 0.65
      vertex 104.611 125.161 0.65
    endloop
  endfacet
  facet normal 0.216812 0.976213 -0
    outer loop
      vertex 103.729 104.955 0.65
      vertex 102.86 105.148 3.85
      vertex 103.729 104.955 3.85
    endloop
  endfacet
  facet normal 0.216812 0.976213 0
    outer loop
      vertex 102.86 105.148 3.85
      vertex 103.729 104.955 0.65
      vertex 102.86 105.148 0.65
    endloop
  endfacet
  facet normal 0.537203 0.843453 -0
    outer loop
      vertex 100.4 106.167 0.65
      vertex 99.6495 106.645 3.85
      vertex 100.4 106.167 3.85
    endloop
  endfacet
  facet normal 0.537203 0.843453 0
    outer loop
      vertex 99.6495 106.645 3.85
      vertex 100.4 106.167 0.65
      vertex 99.6495 106.645 0.65
    endloop
  endfacet
  facet normal 0.676075 0.736832 -0
    outer loop
      vertex 98.9436 107.186 0.65
      vertex 98.2875 107.788 3.85
      vertex 98.9436 107.186 3.85
    endloop
  endfacet
  facet normal 0.676075 0.736832 0
    outer loop
      vertex 98.2875 107.788 3.85
      vertex 98.9436 107.186 0.65
      vertex 98.2875 107.788 0.65
    endloop
  endfacet
  facet normal 0.537203 -0.843453 0
    outer loop
      vertex 99.6495 123.355 0.65
      vertex 100.4 123.833 3.85
      vertex 99.6495 123.355 3.85
    endloop
  endfacet
  facet normal 0.537203 -0.843453 0
    outer loop
      vertex 100.4 123.833 3.85
      vertex 99.6495 123.355 0.65
      vertex 100.4 123.833 0.65
    endloop
  endfacet
  facet normal -0.923674 0.383179 0
    outer loop
      vertex 114.744 110.689 0.65
      vertex 115.085 111.511 3.85
      vertex 115.085 111.511 0.65
    endloop
  endfacet
  facet normal -0.923674 0.383179 0
    outer loop
      vertex 115.085 111.511 3.85
      vertex 114.744 110.689 0.65
      vertex 114.744 110.689 3.85
    endloop
  endfacet
  facet normal -0.676131 0.736781 0
    outer loop
      vertex 112.712 107.788 0.65
      vertex 112.056 107.186 3.85
      vertex 112.712 107.788 3.85
    endloop
  endfacet
  facet normal -0.676131 0.736781 0
    outer loop
      vertex 112.056 107.186 3.85
      vertex 112.712 107.788 0.65
      vertex 112.056 107.186 0.65
    endloop
  endfacet
  facet normal 0.886977 -0.461813 0
    outer loop
      vertex 96.2557 119.311 3.85
      vertex 96.6665 120.1 0.65
      vertex 96.6665 120.1 3.85
    endloop
  endfacet
  facet normal 0.886977 -0.461813 0
    outer loop
      vertex 96.6665 120.1 0.65
      vertex 96.2557 119.311 3.85
      vertex 96.2557 119.311 0.65
    endloop
  endfacet
  facet normal 0.999049 -0.043603 0
    outer loop
      vertex 95.3 115 3.85
      vertex 95.3388 115.889 0.65
      vertex 95.3388 115.889 3.85
    endloop
  endfacet
  facet normal 0.999049 -0.043603 0
    outer loop
      vertex 95.3388 115.889 0.65
      vertex 95.3 115 3.85
      vertex 95.3 115 0.65
    endloop
  endfacet
  facet normal 0.84324 0.537537 0
    outer loop
      vertex 97.1446 109.15 3.85
      vertex 96.6665 109.9 0.65
      vertex 96.6665 109.9 3.85
    endloop
  endfacet
  facet normal 0.84324 0.537537 0
    outer loop
      vertex 96.6665 109.9 0.65
      vertex 97.1446 109.15 3.85
      vertex 97.1446 109.15 0.65
    endloop
  endfacet
  facet normal 0.976309 0.216383 0
    outer loop
      vertex 95.6476 112.36 3.85
      vertex 95.455 113.229 0.65
      vertex 95.455 113.229 3.85
    endloop
  endfacet
  facet normal 0.976309 0.216383 0
    outer loop
      vertex 95.455 113.229 0.65
      vertex 95.6476 112.36 3.85
      vertex 95.6476 112.36 0.65
    endloop
  endfacet
  facet normal -0.300002 -0.953939 0
    outer loop
      vertex 108.14 124.852 0.65
      vertex 108.989 124.585 3.85
      vertex 108.14 124.852 3.85
    endloop
  endfacet
  facet normal -0.300002 -0.953939 -0
    outer loop
      vertex 108.989 124.585 3.85
      vertex 108.14 124.852 0.65
      vertex 108.989 124.585 0.65
    endloop
  endfacet
  facet normal 0.130396 0.991462 -0
    outer loop
      vertex 104.611 104.839 0.65
      vertex 103.729 104.955 3.85
      vertex 104.611 104.839 3.85
    endloop
  endfacet
  facet normal 0.130396 0.991462 0
    outer loop
      vertex 103.729 104.955 3.85
      vertex 104.611 104.839 0.65
      vertex 103.729 104.955 0.65
    endloop
  endfacet
  facet normal 0.608297 0.79371 -0
    outer loop
      vertex 99.6495 106.645 0.65
      vertex 98.9436 107.186 3.85
      vertex 99.6495 106.645 3.85
    endloop
  endfacet
  facet normal 0.608297 0.79371 0
    outer loop
      vertex 98.9436 107.186 3.85
      vertex 99.6495 106.645 0.65
      vertex 98.9436 107.186 0.65
    endloop
  endfacet
  facet normal -0.216812 -0.976213 0
    outer loop
      vertex 107.271 125.045 0.65
      vertex 108.14 124.852 3.85
      vertex 107.271 125.045 3.85
    endloop
  endfacet
  facet normal -0.216812 -0.976213 -0
    outer loop
      vertex 108.14 124.852 3.85
      vertex 107.271 125.045 0.65
      vertex 108.14 124.852 0.65
    endloop
  endfacet
  facet normal -0.953722 0.300689 0
    outer loop
      vertex 6.56557 47.5212 1.5
      vertex 6.6023 47.6377 3.85
      vertex 6.6023 47.6377 1.5
    endloop
  endfacet
  facet normal -0.953722 0.300689 0
    outer loop
      vertex 6.6023 47.6377 3.85
      vertex 6.56557 47.5212 1.5
      vertex 6.56557 47.5212 3.85
    endloop
  endfacet
  facet normal -0.608523 0.793536 0
    outer loop
      vertex 6.1499 46.9275 1.5
      vertex 6.05301 46.8532 3.85
      vertex 6.1499 46.9275 3.85
    endloop
  endfacet
  facet normal -0.608523 0.793536 0
    outer loop
      vertex 6.05301 46.8532 3.85
      vertex 6.1499 46.9275 1.5
      vertex 6.05301 46.8532 1.5
    endloop
  endfacet
  facet normal -0.737487 0.675361 0
    outer loop
      vertex 6.23995 47.01 1.5
      vertex 6.32246 47.1001 3.85
      vertex 6.32246 47.1001 1.5
    endloop
  endfacet
  facet normal -0.737487 0.675361 0
    outer loop
      vertex 6.32246 47.1001 3.85
      vertex 6.23995 47.01 1.5
      vertex 6.23995 47.01 3.85
    endloop
  endfacet
  facet normal -0.991448 -0.130501 0
    outer loop
      vertex 6.64467 48.122 1.5
      vertex 6.62873 48.2431 3.85
      vertex 6.62873 48.2431 1.5
    endloop
  endfacet
  facet normal -0.991448 -0.130501 0
    outer loop
      vertex 6.62873 48.2431 3.85
      vertex 6.64467 48.122 1.5
      vertex 6.64467 48.122 3.85
    endloop
  endfacet
  facet normal -0.923951 0.382511 0
    outer loop
      vertex 6.51883 47.4083 1.5
      vertex 6.56557 47.5212 3.85
      vertex 6.56557 47.5212 1.5
    endloop
  endfacet
  facet normal -0.923951 0.382511 0
    outer loop
      vertex 6.56557 47.5212 3.85
      vertex 6.51883 47.4083 1.5
      vertex 6.51883 47.4083 3.85
    endloop
  endfacet
  facet normal -0.793369 -0.608741 0
    outer loop
      vertex 6.39681 48.803 1.5
      vertex 6.32246 48.8999 3.85
      vertex 6.32246 48.8999 1.5
    endloop
  endfacet
  facet normal -0.793369 -0.608741 0
    outer loop
      vertex 6.32246 48.8999 3.85
      vertex 6.39681 48.803 1.5
      vertex 6.39681 48.803 3.85
    endloop
  endfacet
  facet normal -0.675521 0.737341 0
    outer loop
      vertex 6.23995 47.01 1.5
      vertex 6.1499 46.9275 3.85
      vertex 6.23995 47.01 3.85
    endloop
  endfacet
  facet normal -0.675521 0.737341 0
    outer loop
      vertex 6.1499 46.9275 3.85
      vertex 6.23995 47.01 1.5
      vertex 6.1499 46.9275 1.5
    endloop
  endfacet
  facet normal 0.923951 0.382511 0
    outer loop
      vertex 3.98117 47.4083 3.85
      vertex 3.93443 47.5212 1.5
      vertex 3.93443 47.5212 3.85
    endloop
  endfacet
  facet normal 0.923951 0.382511 0
    outer loop
      vertex 3.93443 47.5212 1.5
      vertex 3.98117 47.4083 3.85
      vertex 3.98117 47.4083 1.5
    endloop
  endfacet
  facet normal -0.608523 -0.793536 0
    outer loop
      vertex 6.05301 49.1468 1.5
      vertex 6.1499 49.0725 3.85
      vertex 6.05301 49.1468 3.85
    endloop
  endfacet
  facet normal -0.608523 -0.793536 -0
    outer loop
      vertex 6.1499 49.0725 3.85
      vertex 6.05301 49.1468 1.5
      vertex 6.1499 49.0725 1.5
    endloop
  endfacet
  facet normal 0.953722 0.300689 0
    outer loop
      vertex 3.93443 47.5212 3.85
      vertex 3.8977 47.6377 1.5
      vertex 3.8977 47.6377 3.85
    endloop
  endfacet
  facet normal 0.953722 0.300689 0
    outer loop
      vertex 3.8977 47.6377 1.5
      vertex 3.93443 47.5212 3.85
      vertex 3.93443 47.5212 1.5
    endloop
  endfacet
  facet normal -0.537156 -0.843483 0
    outer loop
      vertex 5.95 49.2124 1.5
      vertex 6.05301 49.1468 3.85
      vertex 5.95 49.2124 3.85
    endloop
  endfacet
  facet normal -0.537156 -0.843483 -0
    outer loop
      vertex 6.05301 49.1468 3.85
      vertex 5.95 49.2124 1.5
      vertex 6.05301 49.1468 1.5
    endloop
  endfacet
  facet normal -0.300512 -0.953778 0
    outer loop
      vertex 5.61235 49.3523 1.5
      vertex 5.72883 49.3156 3.85
      vertex 5.61235 49.3523 3.85
    endloop
  endfacet
  facet normal -0.300512 -0.953778 -0
    outer loop
      vertex 5.72883 49.3156 3.85
      vertex 5.61235 49.3523 1.5
      vertex 5.72883 49.3156 1.5
    endloop
  endfacet
  facet normal -0.999047 -0.0436469 0
    outer loop
      vertex 6.65 48 1.5
      vertex 6.64467 48.122 3.85
      vertex 6.64467 48.122 1.5
    endloop
  endfacet
  facet normal -0.999047 -0.0436469 0
    outer loop
      vertex 6.64467 48.122 3.85
      vertex 6.65 48 1.5
      vertex 6.65 48 3.85
    endloop
  endfacet
  facet normal 0.737487 0.675361 0
    outer loop
      vertex 4.26005 47.01 3.85
      vertex 4.17754 47.1001 1.5
      vertex 4.17754 47.1001 3.85
    endloop
  endfacet
  facet normal 0.737487 0.675361 0
    outer loop
      vertex 4.17754 47.1001 1.5
      vertex 4.26005 47.01 3.85
      vertex 4.26005 47.01 1.5
    endloop
  endfacet
  facet normal 0.130995 -0.991383 0
    outer loop
      vertex 5.00689 49.3787 1.5
      vertex 5.12798 49.3947 3.85
      vertex 5.00689 49.3787 3.85
    endloop
  endfacet
  facet normal 0.130995 -0.991383 0
    outer loop
      vertex 5.12798 49.3947 3.85
      vertex 5.00689 49.3787 1.5
      vertex 5.12798 49.3947 1.5
    endloop
  endfacet
  facet normal 0.216167 -0.976356 0
    outer loop
      vertex 4.88765 49.3523 1.5
      vertex 5.00689 49.3787 3.85
      vertex 4.88765 49.3523 3.85
    endloop
  endfacet
  facet normal 0.216167 -0.976356 0
    outer loop
      vertex 5.00689 49.3787 3.85
      vertex 4.88765 49.3523 1.5
      vertex 5.00689 49.3787 1.5
    endloop
  endfacet
  facet normal 0.953722 -0.300689 0
    outer loop
      vertex 3.8977 48.3623 3.85
      vertex 3.93443 48.4788 1.5
      vertex 3.93443 48.4788 3.85
    endloop
  endfacet
  facet normal 0.953722 -0.300689 0
    outer loop
      vertex 3.93443 48.4788 1.5
      vertex 3.8977 48.3623 3.85
      vertex 3.8977 48.3623 1.5
    endloop
  endfacet
  facet normal -0.130995 0.991383 0
    outer loop
      vertex 5.49311 46.6213 1.5
      vertex 5.37202 46.6053 3.85
      vertex 5.49311 46.6213 3.85
    endloop
  endfacet
  facet normal -0.130995 0.991383 0
    outer loop
      vertex 5.37202 46.6053 3.85
      vertex 5.49311 46.6213 1.5
      vertex 5.37202 46.6053 1.5
    endloop
  endfacet
  facet normal -0.130995 -0.991383 0
    outer loop
      vertex 5.37202 49.3947 1.5
      vertex 5.49311 49.3787 3.85
      vertex 5.37202 49.3947 3.85
    endloop
  endfacet
  facet normal -0.130995 -0.991383 -0
    outer loop
      vertex 5.49311 49.3787 3.85
      vertex 5.37202 49.3947 1.5
      vertex 5.49311 49.3787 1.5
    endloop
  endfacet
  facet normal -0.923951 -0.382511 0
    outer loop
      vertex 6.56557 48.4788 1.5
      vertex 6.51883 48.5917 3.85
      vertex 6.51883 48.5917 1.5
    endloop
  endfacet
  facet normal -0.923951 -0.382511 0
    outer loop
      vertex 6.51883 48.5917 3.85
      vertex 6.56557 48.4788 1.5
      vertex 6.56557 48.4788 3.85
    endloop
  endfacet
  facet normal 0.793369 -0.608741 0
    outer loop
      vertex 4.10319 48.803 3.85
      vertex 4.17754 48.8999 1.5
      vertex 4.17754 48.8999 3.85
    endloop
  endfacet
  facet normal 0.793369 -0.608741 0
    outer loop
      vertex 4.17754 48.8999 1.5
      vertex 4.10319 48.803 3.85
      vertex 4.10319 48.803 1.5
    endloop
  endfacet
  facet normal -0.976289 0.216471 0
    outer loop
      vertex 6.6023 47.6377 1.5
      vertex 6.62873 47.7569 3.85
      vertex 6.62873 47.7569 1.5
    endloop
  endfacet
  facet normal -0.976289 0.216471 0
    outer loop
      vertex 6.62873 47.7569 3.85
      vertex 6.6023 47.6377 1.5
      vertex 6.6023 47.6377 3.85
    endloop
  endfacet
  facet normal -0.976289 -0.216471 0
    outer loop
      vertex 6.62873 48.2431 1.5
      vertex 6.6023 48.3623 3.85
      vertex 6.6023 48.3623 1.5
    endloop
  endfacet
  facet normal -0.976289 -0.216471 0
    outer loop
      vertex 6.6023 48.3623 3.85
      vertex 6.62873 48.2431 1.5
      vertex 6.62873 48.2431 3.85
    endloop
  endfacet
  facet normal 0.976289 -0.216471 0
    outer loop
      vertex 3.87127 48.2431 3.85
      vertex 3.8977 48.3623 1.5
      vertex 3.8977 48.3623 3.85
    endloop
  endfacet
  facet normal 0.976289 -0.216471 0
    outer loop
      vertex 3.8977 48.3623 1.5
      vertex 3.87127 48.2431 3.85
      vertex 3.87127 48.2431 1.5
    endloop
  endfacet
  facet normal 0.991448 0.130501 0
    outer loop
      vertex 3.87127 47.7569 3.85
      vertex 3.85533 47.878 1.5
      vertex 3.85533 47.878 3.85
    endloop
  endfacet
  facet normal 0.991448 0.130501 0
    outer loop
      vertex 3.85533 47.878 1.5
      vertex 3.87127 47.7569 3.85
      vertex 3.87127 47.7569 1.5
    endloop
  endfacet
  facet normal 0.675521 0.737341 -0
    outer loop
      vertex 4.3501 46.9275 1.5
      vertex 4.26005 47.01 3.85
      vertex 4.3501 46.9275 3.85
    endloop
  endfacet
  facet normal 0.675521 0.737341 0
    outer loop
      vertex 4.26005 47.01 3.85
      vertex 4.3501 46.9275 1.5
      vertex 4.26005 47.01 1.5
    endloop
  endfacet
  facet normal -0.991448 0.130501 0
    outer loop
      vertex 6.62873 47.7569 1.5
      vertex 6.64467 47.878 3.85
      vertex 6.64467 47.878 1.5
    endloop
  endfacet
  facet normal -0.991448 0.130501 0
    outer loop
      vertex 6.64467 47.878 3.85
      vertex 6.62873 47.7569 1.5
      vertex 6.62873 47.7569 3.85
    endloop
  endfacet
  facet normal -0.999047 0.0436469 0
    outer loop
      vertex 6.64467 47.878 1.5
      vertex 6.65 48 3.85
      vertex 6.65 48 1.5
    endloop
  endfacet
  facet normal -0.999047 0.0436469 0
    outer loop
      vertex 6.65 48 3.85
      vertex 6.64467 47.878 1.5
      vertex 6.64467 47.878 3.85
    endloop
  endfacet
  facet normal -0.886935 0.461894 0
    outer loop
      vertex 6.46243 47.3 1.5
      vertex 6.51883 47.4083 3.85
      vertex 6.51883 47.4083 1.5
    endloop
  endfacet
  facet normal -0.886935 0.461894 0
    outer loop
      vertex 6.51883 47.4083 3.85
      vertex 6.46243 47.3 1.5
      vertex 6.46243 47.3 3.85
    endloop
  endfacet
  facet normal -0.216167 0.976356 0
    outer loop
      vertex 5.61235 46.6477 1.5
      vertex 5.49311 46.6213 3.85
      vertex 5.61235 46.6477 3.85
    endloop
  endfacet
  facet normal -0.216167 0.976356 0
    outer loop
      vertex 5.49311 46.6213 3.85
      vertex 5.61235 46.6477 1.5
      vertex 5.49311 46.6213 1.5
    endloop
  endfacet
  facet normal 0.737113 -0.675769 0
    outer loop
      vertex 4.17754 48.8999 3.85
      vertex 4.26005 48.9899 1.5
      vertex 4.26005 48.9899 3.85
    endloop
  endfacet
  facet normal 0.737113 -0.675769 0
    outer loop
      vertex 4.26005 48.9899 1.5
      vertex 4.17754 48.8999 3.85
      vertex 4.17754 48.8999 1.5
    endloop
  endfacet
  facet normal 0.537156 -0.843483 0
    outer loop
      vertex 4.44699 49.1468 1.5
      vertex 4.55 49.2124 3.85
      vertex 4.44699 49.1468 3.85
    endloop
  endfacet
  facet normal 0.537156 -0.843483 0
    outer loop
      vertex 4.55 49.2124 3.85
      vertex 4.44699 49.1468 1.5
      vertex 4.55 49.2124 1.5
    endloop
  endfacet
  facet normal -0.300512 0.953778 0
    outer loop
      vertex 5.72883 46.6844 1.5
      vertex 5.61235 46.6477 3.85
      vertex 5.72883 46.6844 3.85
    endloop
  endfacet
  facet normal -0.300512 0.953778 0
    outer loop
      vertex 5.61235 46.6477 3.85
      vertex 5.72883 46.6844 1.5
      vertex 5.61235 46.6477 1.5
    endloop
  endfacet
  facet normal -0.383104 -0.923705 0
    outer loop
      vertex 5.72883 49.3156 1.5
      vertex 5.84167 49.2688 3.85
      vertex 5.72883 49.3156 3.85
    endloop
  endfacet
  facet normal -0.383104 -0.923705 -0
    outer loop
      vertex 5.84167 49.2688 3.85
      vertex 5.72883 49.3156 1.5
      vertex 5.84167 49.2688 1.5
    endloop
  endfacet
  facet normal 0.0433946 0.999058 -0
    outer loop
      vertex 5.25 46.6 1.5
      vertex 5.12798 46.6053 3.85
      vertex 5.25 46.6 3.85
    endloop
  endfacet
  facet normal 0.0433946 0.999058 0
    outer loop
      vertex 5.12798 46.6053 3.85
      vertex 5.25 46.6 1.5
      vertex 5.12798 46.6053 1.5
    endloop
  endfacet
  facet normal -0.953722 -0.300689 0
    outer loop
      vertex 6.6023 48.3623 1.5
      vertex 6.56557 48.4788 3.85
      vertex 6.56557 48.4788 1.5
    endloop
  endfacet
  facet normal -0.953722 -0.300689 0
    outer loop
      vertex 6.56557 48.4788 3.85
      vertex 6.6023 48.3623 1.5
      vertex 6.6023 48.3623 3.85
    endloop
  endfacet
  facet normal 0.991448 -0.130501 0
    outer loop
      vertex 3.85533 48.122 3.85
      vertex 3.87127 48.2431 1.5
      vertex 3.87127 48.2431 3.85
    endloop
  endfacet
  facet normal 0.991448 -0.130501 0
    outer loop
      vertex 3.87127 48.2431 1.5
      vertex 3.85533 48.122 3.85
      vertex 3.85533 48.122 1.5
    endloop
  endfacet
  facet normal -0.216167 -0.976356 0
    outer loop
      vertex 5.49311 49.3787 1.5
      vertex 5.61235 49.3523 3.85
      vertex 5.49311 49.3787 3.85
    endloop
  endfacet
  facet normal -0.216167 -0.976356 -0
    outer loop
      vertex 5.61235 49.3523 3.85
      vertex 5.49311 49.3787 1.5
      vertex 5.61235 49.3523 1.5
    endloop
  endfacet
  facet normal 0.923951 -0.382511 0
    outer loop
      vertex 3.93443 48.4788 3.85
      vertex 3.98117 48.5917 1.5
      vertex 3.98117 48.5917 3.85
    endloop
  endfacet
  facet normal 0.923951 -0.382511 0
    outer loop
      vertex 3.98117 48.5917 1.5
      vertex 3.93443 48.4788 3.85
      vertex 3.93443 48.4788 1.5
    endloop
  endfacet
  facet normal -0.461794 -0.886987 0
    outer loop
      vertex 5.84167 49.2688 1.5
      vertex 5.95 49.2124 3.85
      vertex 5.84167 49.2688 3.85
    endloop
  endfacet
  facet normal -0.461794 -0.886987 -0
    outer loop
      vertex 5.95 49.2124 3.85
      vertex 5.84167 49.2688 1.5
      vertex 5.95 49.2124 1.5
    endloop
  endfacet
  facet normal 0.843348 -0.537368 0
    outer loop
      vertex 4.03756 48.7 3.85
      vertex 4.10319 48.803 1.5
      vertex 4.10319 48.803 3.85
    endloop
  endfacet
  facet normal 0.843348 -0.537368 0
    outer loop
      vertex 4.10319 48.803 1.5
      vertex 4.03756 48.7 3.85
      vertex 4.03756 48.7 1.5
    endloop
  endfacet
  facet normal -0.0433946 -0.999058 0
    outer loop
      vertex 5.25 49.4 1.5
      vertex 5.37202 49.3947 3.85
      vertex 5.25 49.4 3.85
    endloop
  endfacet
  facet normal -0.0433946 -0.999058 -0
    outer loop
      vertex 5.37202 49.3947 3.85
      vertex 5.25 49.4 1.5
      vertex 5.37202 49.3947 1.5
    endloop
  endfacet
  facet normal -0.886935 -0.461894 0
    outer loop
      vertex 6.51883 48.5917 1.5
      vertex 6.46243 48.7 3.85
      vertex 6.46243 48.7 1.5
    endloop
  endfacet
  facet normal -0.886935 -0.461894 0
    outer loop
      vertex 6.46243 48.7 3.85
      vertex 6.51883 48.5917 1.5
      vertex 6.51883 48.5917 3.85
    endloop
  endfacet
  facet normal 0.300512 -0.953778 0
    outer loop
      vertex 4.77117 49.3156 1.5
      vertex 4.88765 49.3523 3.85
      vertex 4.77117 49.3156 3.85
    endloop
  endfacet
  facet normal 0.300512 -0.953778 0
    outer loop
      vertex 4.88765 49.3523 3.85
      vertex 4.77117 49.3156 1.5
      vertex 4.88765 49.3523 1.5
    endloop
  endfacet
  facet normal 0.608523 -0.793536 0
    outer loop
      vertex 4.3501 49.0725 1.5
      vertex 4.44699 49.1468 3.85
      vertex 4.3501 49.0725 3.85
    endloop
  endfacet
  facet normal 0.608523 -0.793536 0
    outer loop
      vertex 4.44699 49.1468 3.85
      vertex 4.3501 49.0725 1.5
      vertex 4.44699 49.1468 1.5
    endloop
  endfacet
  facet normal -0.843385 0.53731 0
    outer loop
      vertex 6.39681 47.197 1.5
      vertex 6.46243 47.3 3.85
      vertex 6.46243 47.3 1.5
    endloop
  endfacet
  facet normal -0.843385 0.53731 0
    outer loop
      vertex 6.46243 47.3 3.85
      vertex 6.39681 47.197 1.5
      vertex 6.39681 47.197 3.85
    endloop
  endfacet
  facet normal 0.216167 0.976356 -0
    outer loop
      vertex 5.00689 46.6213 1.5
      vertex 4.88765 46.6477 3.85
      vertex 5.00689 46.6213 3.85
    endloop
  endfacet
  facet normal 0.216167 0.976356 0
    outer loop
      vertex 4.88765 46.6477 3.85
      vertex 5.00689 46.6213 1.5
      vertex 4.88765 46.6477 1.5
    endloop
  endfacet
  facet normal 0.675965 -0.736933 0
    outer loop
      vertex 4.26005 48.9899 1.5
      vertex 4.3501 49.0725 3.85
      vertex 4.26005 48.9899 3.85
    endloop
  endfacet
  facet normal 0.675965 -0.736933 0
    outer loop
      vertex 4.3501 49.0725 3.85
      vertex 4.26005 48.9899 1.5
      vertex 4.3501 49.0725 1.5
    endloop
  endfacet
  facet normal -0.675965 -0.736933 0
    outer loop
      vertex 6.1499 49.0725 1.5
      vertex 6.23995 48.9899 3.85
      vertex 6.1499 49.0725 3.85
    endloop
  endfacet
  facet normal -0.675965 -0.736933 -0
    outer loop
      vertex 6.23995 48.9899 3.85
      vertex 6.1499 49.0725 1.5
      vertex 6.23995 48.9899 1.5
    endloop
  endfacet
  facet normal 0.999047 0.0436469 0
    outer loop
      vertex 3.85533 47.878 3.85
      vertex 3.85 48 1.5
      vertex 3.85 48 3.85
    endloop
  endfacet
  facet normal 0.999047 0.0436469 0
    outer loop
      vertex 3.85 48 1.5
      vertex 3.85533 47.878 3.85
      vertex 3.85533 47.878 1.5
    endloop
  endfacet
  facet normal 0.886969 -0.46183 0
    outer loop
      vertex 3.98117 48.5917 3.85
      vertex 4.03756 48.7 1.5
      vertex 4.03756 48.7 3.85
    endloop
  endfacet
  facet normal 0.886969 -0.46183 0
    outer loop
      vertex 4.03756 48.7 1.5
      vertex 3.98117 48.5917 3.85
      vertex 3.98117 48.5917 1.5
    endloop
  endfacet
  facet normal -0.843385 -0.53731 0
    outer loop
      vertex 6.46243 48.7 1.5
      vertex 6.39681 48.803 3.85
      vertex 6.39681 48.803 1.5
    endloop
  endfacet
  facet normal -0.843385 -0.53731 0
    outer loop
      vertex 6.39681 48.803 3.85
      vertex 6.46243 48.7 1.5
      vertex 6.46243 48.7 3.85
    endloop
  endfacet
  facet normal 0.0433946 -0.999058 0
    outer loop
      vertex 5.12798 49.3947 1.5
      vertex 5.25 49.4 3.85
      vertex 5.12798 49.3947 3.85
    endloop
  endfacet
  facet normal 0.0433946 -0.999058 0
    outer loop
      vertex 5.25 49.4 3.85
      vertex 5.12798 49.3947 1.5
      vertex 5.25 49.4 1.5
    endloop
  endfacet
  facet normal 0.130995 0.991383 -0
    outer loop
      vertex 5.12798 46.6053 1.5
      vertex 5.00689 46.6213 3.85
      vertex 5.12798 46.6053 3.85
    endloop
  endfacet
  facet normal 0.130995 0.991383 0
    outer loop
      vertex 5.00689 46.6213 3.85
      vertex 5.12798 46.6053 1.5
      vertex 5.00689 46.6213 1.5
    endloop
  endfacet
  facet normal 0.383104 -0.923705 0
    outer loop
      vertex 4.65833 49.2688 1.5
      vertex 4.77117 49.3156 3.85
      vertex 4.65833 49.2688 3.85
    endloop
  endfacet
  facet normal 0.383104 -0.923705 0
    outer loop
      vertex 4.77117 49.3156 3.85
      vertex 4.65833 49.2688 1.5
      vertex 4.77117 49.3156 1.5
    endloop
  endfacet
  facet normal 0.999047 -0.0436469 0
    outer loop
      vertex 3.85 48 3.85
      vertex 3.85533 48.122 1.5
      vertex 3.85533 48.122 3.85
    endloop
  endfacet
  facet normal 0.999047 -0.0436469 0
    outer loop
      vertex 3.85533 48.122 1.5
      vertex 3.85 48 3.85
      vertex 3.85 48 1.5
    endloop
  endfacet
  facet normal 0.300512 0.953778 -0
    outer loop
      vertex 4.88765 46.6477 1.5
      vertex 4.77117 46.6844 3.85
      vertex 4.88765 46.6477 3.85
    endloop
  endfacet
  facet normal 0.300512 0.953778 0
    outer loop
      vertex 4.77117 46.6844 3.85
      vertex 4.88765 46.6477 1.5
      vertex 4.77117 46.6844 1.5
    endloop
  endfacet
  facet normal 0.976289 0.216471 0
    outer loop
      vertex 3.8977 47.6377 3.85
      vertex 3.87127 47.7569 1.5
      vertex 3.87127 47.7569 3.85
    endloop
  endfacet
  facet normal 0.976289 0.216471 0
    outer loop
      vertex 3.87127 47.7569 1.5
      vertex 3.8977 47.6377 3.85
      vertex 3.8977 47.6377 1.5
    endloop
  endfacet
  facet normal -0.383104 0.923705 0
    outer loop
      vertex 5.84167 46.7312 1.5
      vertex 5.72883 46.6844 3.85
      vertex 5.84167 46.7312 3.85
    endloop
  endfacet
  facet normal -0.383104 0.923705 0
    outer loop
      vertex 5.72883 46.6844 3.85
      vertex 5.84167 46.7312 1.5
      vertex 5.72883 46.6844 1.5
    endloop
  endfacet
  facet normal 0.608523 0.793536 -0
    outer loop
      vertex 4.44699 46.8532 1.5
      vertex 4.3501 46.9275 3.85
      vertex 4.44699 46.8532 3.85
    endloop
  endfacet
  facet normal 0.608523 0.793536 0
    outer loop
      vertex 4.3501 46.9275 3.85
      vertex 4.44699 46.8532 1.5
      vertex 4.3501 46.9275 1.5
    endloop
  endfacet
  facet normal -0.737113 -0.675769 0
    outer loop
      vertex 6.32246 48.8999 1.5
      vertex 6.23995 48.9899 3.85
      vertex 6.23995 48.9899 1.5
    endloop
  endfacet
  facet normal -0.737113 -0.675769 0
    outer loop
      vertex 6.23995 48.9899 3.85
      vertex 6.32246 48.8999 1.5
      vertex 6.32246 48.8999 3.85
    endloop
  endfacet
  facet normal -0.461794 0.886987 0
    outer loop
      vertex 5.95 46.7876 1.5
      vertex 5.84167 46.7312 3.85
      vertex 5.95 46.7876 3.85
    endloop
  endfacet
  facet normal -0.461794 0.886987 0
    outer loop
      vertex 5.84167 46.7312 3.85
      vertex 5.95 46.7876 1.5
      vertex 5.84167 46.7312 1.5
    endloop
  endfacet
  facet normal 0.537156 0.843483 -0
    outer loop
      vertex 4.55 46.7876 1.5
      vertex 4.44699 46.8532 3.85
      vertex 4.55 46.7876 3.85
    endloop
  endfacet
  facet normal 0.537156 0.843483 0
    outer loop
      vertex 4.44699 46.8532 3.85
      vertex 4.55 46.7876 1.5
      vertex 4.44699 46.8532 1.5
    endloop
  endfacet
  facet normal -0.793369 0.608741 0
    outer loop
      vertex 6.32246 47.1001 1.5
      vertex 6.39681 47.197 3.85
      vertex 6.39681 47.197 1.5
    endloop
  endfacet
  facet normal -0.793369 0.608741 0
    outer loop
      vertex 6.39681 47.197 3.85
      vertex 6.32246 47.1001 1.5
      vertex 6.32246 47.1001 3.85
    endloop
  endfacet
  facet normal 0.886969 0.46183 0
    outer loop
      vertex 4.03756 47.3 3.85
      vertex 3.98117 47.4083 1.5
      vertex 3.98117 47.4083 3.85
    endloop
  endfacet
  facet normal 0.886969 0.46183 0
    outer loop
      vertex 3.98117 47.4083 1.5
      vertex 4.03756 47.3 3.85
      vertex 4.03756 47.3 1.5
    endloop
  endfacet
  facet normal -0.0433946 0.999058 0
    outer loop
      vertex 5.37202 46.6053 1.5
      vertex 5.25 46.6 3.85
      vertex 5.37202 46.6053 3.85
    endloop
  endfacet
  facet normal -0.0433946 0.999058 0
    outer loop
      vertex 5.25 46.6 3.85
      vertex 5.37202 46.6053 1.5
      vertex 5.25 46.6 1.5
    endloop
  endfacet
  facet normal -0.537156 0.843483 0
    outer loop
      vertex 6.05301 46.8532 1.5
      vertex 5.95 46.7876 3.85
      vertex 6.05301 46.8532 3.85
    endloop
  endfacet
  facet normal -0.537156 0.843483 0
    outer loop
      vertex 5.95 46.7876 3.85
      vertex 6.05301 46.8532 1.5
      vertex 5.95 46.7876 1.5
    endloop
  endfacet
  facet normal 0.461794 -0.886987 0
    outer loop
      vertex 4.55 49.2124 1.5
      vertex 4.65833 49.2688 3.85
      vertex 4.55 49.2124 3.85
    endloop
  endfacet
  facet normal 0.461794 -0.886987 0
    outer loop
      vertex 4.65833 49.2688 3.85
      vertex 4.55 49.2124 1.5
      vertex 4.65833 49.2688 1.5
    endloop
  endfacet
  facet normal 0.383104 0.923705 -0
    outer loop
      vertex 4.77117 46.6844 1.5
      vertex 4.65833 46.7312 3.85
      vertex 4.77117 46.6844 3.85
    endloop
  endfacet
  facet normal 0.383104 0.923705 0
    outer loop
      vertex 4.65833 46.7312 3.85
      vertex 4.77117 46.6844 1.5
      vertex 4.65833 46.7312 1.5
    endloop
  endfacet
  facet normal 0.461794 0.886987 -0
    outer loop
      vertex 4.65833 46.7312 1.5
      vertex 4.55 46.7876 3.85
      vertex 4.65833 46.7312 3.85
    endloop
  endfacet
  facet normal 0.461794 0.886987 0
    outer loop
      vertex 4.55 46.7876 3.85
      vertex 4.65833 46.7312 1.5
      vertex 4.55 46.7876 1.5
    endloop
  endfacet
  facet normal 0.843348 0.537368 0
    outer loop
      vertex 4.10319 47.197 3.85
      vertex 4.03756 47.3 1.5
      vertex 4.03756 47.3 3.85
    endloop
  endfacet
  facet normal 0.843348 0.537368 0
    outer loop
      vertex 4.03756 47.3 1.5
      vertex 4.10319 47.197 3.85
      vertex 4.10319 47.197 1.5
    endloop
  endfacet
  facet normal 0.793369 0.608741 0
    outer loop
      vertex 4.17754 47.1001 3.85
      vertex 4.10319 47.197 1.5
      vertex 4.10319 47.197 3.85
    endloop
  endfacet
  facet normal 0.793369 0.608741 0
    outer loop
      vertex 4.10319 47.197 1.5
      vertex 4.17754 47.1001 3.85
      vertex 4.17754 47.1001 1.5
    endloop
  endfacet
  facet normal 0.291074 -0.702338 -0.649613
    outer loop
      vertex 4.33091 50.5205 0
      vertex 4.65833 49.2688 1.5
      vertex 4.11616 50.4315 0
    endloop
  endfacet
  facet normal -0.740876 -0.172871 -0.649014
    outer loop
      vertex 7.89214 48.4659 0
      vertex 6.6023 48.3623 1.5
      vertex 7.89179 48.4674 0
    endloop
  endfacet
  facet normal -0.742239 -0.164575 -0.649613
    outer loop
      vertex 6.6023 48.3623 1.5
      vertex 7.89214 48.4659 0
      vertex 6.62873 48.2431 1.5
    endloop
  endfacet
  facet normal -0.560396 -0.513758 -0.649622
    outer loop
      vertex 6.23995 48.9899 1.5
      vertex 7.14818 49.8959 0
      vertex 6.32246 48.8999 1.5
    endloop
  endfacet
  facet normal -0.562806 -0.511215 -0.649545
    outer loop
      vertex 7.14818 49.8959 0
      vertex 6.23995 48.9899 1.5
      vertex 7.14709 49.8971 0
    endloop
  endfacet
  facet normal -0.759541 -0.0332299 -0.64961
    outer loop
      vertex 6.65 48 1.5
      vertex 7.93283 48.0016 0
      vertex 7.9329 48 0
    endloop
  endfacet
  facet normal -0.759542 -0.0331833 -0.649611
    outer loop
      vertex 7.93283 48.0016 0
      vertex 6.65 48 1.5
      vertex 6.64467 48.122 1.5
    endloop
  endfacet
  facet normal -0.759542 -0.0331686 -0.649612
    outer loop
      vertex 7.92269 48.2338 0
      vertex 7.93283 48.0016 0
      vertex 6.64467 48.122 1.5
    endloop
  endfacet
  facet normal 0.753764 0.0992156 -0.649612
    outer loop
      vertex 3.85533 47.878 1.5
      vertex 2.60765 47.5357 0
      vertex 2.57731 47.7662 0
    endloop
  endfacet
  facet normal -0.0994266 -0.753745 -0.649602
    outer loop
      vertex 5.48383 50.6727 0
      vertex 5.71429 50.6423 0
      vertex 5.37202 49.3947 1.5
    endloop
  endfacet
  facet normal -0.64117 0.408549 -0.649606
    outer loop
      vertex 7.57259 46.6572 0
      vertex 7.4477 46.4612 0
      vertex 6.39681 47.197 1.5
    endloop
  endfacet
  facet normal -0.724041 -0.231693 -0.64968
    outer loop
      vertex 7.77158 48.9161 0
      vertex 6.56557 48.4788 1.5
      vertex 7.7711 48.9176 0
    endloop
  endfacet
  facet normal -0.72508 -0.228603 -0.649615
    outer loop
      vertex 6.56557 48.4788 1.5
      vertex 7.77158 48.9161 0
      vertex 6.6023 48.3623 1.5
    endloop
  endfacet
  facet normal -0.742254 0.164506 -0.649613
    outer loop
      vertex 7.89179 47.5326 0
      vertex 7.84148 47.3056 0
      vertex 6.6023 47.6377 1.5
    endloop
  endfacet
  facet normal 0.603174 0.462807 -0.649609
    outer loop
      vertex 3.05328 46.4599 0
      vertex 4.10319 47.197 1.5
      vertex 4.17754 47.1001 1.5
    endloop
  endfacet
  facet normal 0.607009 0.457592 -0.649731
    outer loop
      vertex 4.10319 47.197 1.5
      vertex 3.05328 46.4599 0
      vertex 3.0523 46.4612 0
    endloop
  endfacet
  facet normal -0.291266 -0.702275 -0.649595
    outer loop
      vertex 6.1676 50.5211 0
      vertex 5.84167 49.2688 1.5
      vertex 5.72883 49.3156 1.5
    endloop
  endfacet
  facet normal -0.283826 -0.704835 -0.650115
    outer loop
      vertex 5.84167 49.2688 1.5
      vertex 6.1676 50.5211 0
      vertex 6.16909 50.5205 0
    endloop
  endfacet
  facet normal -0.674307 0.351162 -0.649612
    outer loop
      vertex 7.5742 46.66 0
      vertex 6.46243 47.3 1.5
      vertex 6.51883 47.4083 1.5
    endloop
  endfacet
  facet normal -0.670039 0.35895 -0.649771
    outer loop
      vertex 6.46243 47.3 1.5
      vertex 7.5742 46.66 0
      vertex 7.57345 46.6586 0
    endloop
  endfacet
  facet normal -0.350973 0.674405 -0.649612
    outer loop
      vertex 6.59002 45.6758 0
      vertex 6.38384 45.5685 0
      vertex 5.84167 46.7312 1.5
    endloop
  endfacet
  facet normal 0.22862 0.725075 -0.649615
    outer loop
      vertex 4.88765 46.6477 1.5
      vertex 4.55562 45.4085 0
      vertex 4.33393 45.4784 0
    endloop
  endfacet
  facet normal 0.759542 -0.0331833 -0.649611
    outer loop
      vertex 3.85 48 1.5
      vertex 2.56717 48.0016 0
      vertex 3.85533 48.122 1.5
    endloop
  endfacet
  facet normal 0.759541 -0.0332299 -0.64961
    outer loop
      vertex 2.56717 48.0016 0
      vertex 3.85 48 1.5
      vertex 2.5671 48 0
    endloop
  endfacet
  facet normal -0.725077 -0.22861 -0.649615
    outer loop
      vertex 7.77158 48.9161 0
      vertex 7.84148 48.6944 0
      vertex 6.6023 48.3623 1.5
    endloop
  endfacet
  facet normal 0.560562 -0.513597 -0.649607
    outer loop
      vertex 3.35182 49.8959 0
      vertex 4.17754 48.8999 1.5
      vertex 3.19478 49.7245 0
    endloop
  endfacet
  facet normal 0.0330355 0.759555 -0.649603
    outer loop
      vertex 5.12798 46.6053 1.5
      vertex 5.24839 45.3172 0
      vertex 5.01617 45.3273 0
    endloop
  endfacet
  facet normal 0.0330355 -0.759555 -0.649603
    outer loop
      vertex 5.24839 50.6828 0
      vertex 5.12798 49.3947 1.5
      vertex 5.01617 50.6727 0
    endloop
  endfacet
  facet normal 0.753764 0.0992155 -0.649612
    outer loop
      vertex 3.87127 47.7569 1.5
      vertex 2.60765 47.5357 0
      vertex 3.85533 47.878 1.5
    endloop
  endfacet
  facet normal 0.753806 0.098937 -0.649606
    outer loop
      vertex 2.60765 47.5357 0
      vertex 3.87127 47.7569 1.5
      vertex 2.60786 47.5341 0
    endloop
  endfacet
  facet normal -0.702586 -0.290402 -0.649646
    outer loop
      vertex 7.7711 48.9176 0
      vertex 6.51883 48.5917 1.5
      vertex 7.77048 48.9191 0
    endloop
  endfacet
  facet normal -0.702445 -0.290808 -0.649617
    outer loop
      vertex 6.51883 48.5917 1.5
      vertex 7.7711 48.9176 0
      vertex 6.56557 48.4788 1.5
    endloop
  endfacet
  facet normal -0.283826 0.704835 -0.650115
    outer loop
      vertex 6.1676 45.4789 0
      vertex 5.84167 46.7312 1.5
      vertex 6.16909 45.4795 0
    endloop
  endfacet
  facet normal -0.291266 0.702275 -0.649595
    outer loop
      vertex 5.84167 46.7312 1.5
      vertex 6.1676 45.4789 0
      vertex 5.72883 46.6844 1.5
    endloop
  endfacet
  facet normal 0.421911 0.632866 -0.649208
    outer loop
      vertex 3.9072 45.6774 0
      vertex 4.55 46.7876 1.5
      vertex 3.90855 45.6765 0
    endloop
  endfacet
  facet normal 0.408376 0.641263 -0.649623
    outer loop
      vertex 4.55 46.7876 1.5
      vertex 3.9072 45.6774 0
      vertex 4.44699 46.8532 1.5
    endloop
  endfacet
  facet normal -0.647652 0.397843 -0.649821
    outer loop
      vertex 7.57259 46.6572 0
      vertex 6.46243 47.3 1.5
      vertex 7.57345 46.6586 0
    endloop
  endfacet
  facet normal -0.641198 0.408499 -0.64961
    outer loop
      vertex 6.46243 47.3 1.5
      vertex 7.57259 46.6572 0
      vertex 6.39681 47.197 1.5
    endloop
  endfacet
  facet normal -0.560562 0.513597 -0.649607
    outer loop
      vertex 7.30522 46.2755 0
      vertex 7.14818 46.1041 0
      vertex 6.32246 47.1001 1.5
    endloop
  endfacet
  facet normal -0.0994266 0.753745 -0.649602
    outer loop
      vertex 5.71429 45.3577 0
      vertex 5.48383 45.3273 0
      vertex 5.37202 46.6053 1.5
    endloop
  endfacet
  facet normal -0.462822 0.603174 -0.649597
    outer loop
      vertex 6.97453 45.9448 0
      vertex 6.79012 45.8033 0
      vertex 6.1499 46.9275 1.5
    endloop
  endfacet
  facet normal -0.334447 0.683228 -0.649111
    outer loop
      vertex 6.59002 45.6758 0
      vertex 5.95 46.7876 1.5
      vertex 6.59145 45.6765 0
    endloop
  endfacet
  facet normal -0.351082 0.67434 -0.649621
    outer loop
      vertex 5.95 46.7876 1.5
      vertex 6.59002 45.6758 0
      vertex 5.84167 46.7312 1.5
    endloop
  endfacet
  facet normal -0.513562 0.560601 -0.649601
    outer loop
      vertex 7.14591 46.1018 0
      vertex 6.97453 45.9448 0
      vertex 6.1499 46.9275 1.5
    endloop
  endfacet
  facet normal 0.603156 -0.462834 -0.649606
    outer loop
      vertex 3.19478 49.7245 0
      vertex 4.17754 48.8999 1.5
      vertex 3.05328 49.5401 0
    endloop
  endfacet
  facet normal -0.742254 -0.164506 -0.649613
    outer loop
      vertex 7.84148 48.6944 0
      vertex 7.89179 48.4674 0
      vertex 6.6023 48.3623 1.5
    endloop
  endfacet
  facet normal -0.408511 0.641188 -0.649613
    outer loop
      vertex 6.78884 45.8023 0
      vertex 6.5928 45.6774 0
      vertex 6.05301 46.8532 1.5
    endloop
  endfacet
  facet normal 0.702445 0.290808 -0.649617
    outer loop
      vertex 3.98117 47.4083 1.5
      vertex 2.7289 47.0824 0
      vertex 3.93443 47.5212 1.5
    endloop
  endfacet
  facet normal 0.702586 0.290402 -0.649646
    outer loop
      vertex 2.7289 47.0824 0
      vertex 3.98117 47.4083 1.5
      vertex 2.72952 47.0809 0
    endloop
  endfacet
  facet normal 0.22862 -0.725075 -0.649615
    outer loop
      vertex 4.55562 50.5915 0
      vertex 4.88765 49.3523 1.5
      vertex 4.33393 50.5216 0
    endloop
  endfacet
  facet normal 0.462822 0.603174 -0.649597
    outer loop
      vertex 4.3501 46.9275 1.5
      vertex 3.70988 45.8033 0
      vertex 3.52547 45.9448 0
    endloop
  endfacet
  facet normal -0.647652 -0.397843 -0.649821
    outer loop
      vertex 6.46243 48.7 1.5
      vertex 7.57259 49.3428 0
      vertex 7.57345 49.3414 0
    endloop
  endfacet
  facet normal -0.641198 -0.408499 -0.64961
    outer loop
      vertex 7.57259 49.3428 0
      vertex 6.46243 48.7 1.5
      vertex 6.39681 48.803 1.5
    endloop
  endfacet
  facet normal 0.0994266 -0.753745 -0.649602
    outer loop
      vertex 5.01617 50.6727 0
      vertex 5.12798 49.3947 1.5
      vertex 4.78571 50.6423 0
    endloop
  endfacet
  facet normal -0.291074 -0.702338 -0.649613
    outer loop
      vertex 6.16909 50.5205 0
      vertex 6.38384 50.4315 0
      vertex 5.84167 49.2688 1.5
    endloop
  endfacet
  facet normal 0.759541 0.0332299 -0.64961
    outer loop
      vertex 3.85 48 1.5
      vertex 2.56717 47.9984 0
      vertex 2.5671 48 0
    endloop
  endfacet
  facet normal 0.759542 0.0331833 -0.649611
    outer loop
      vertex 2.56717 47.9984 0
      vertex 3.85 48 1.5
      vertex 3.85533 47.878 1.5
    endloop
  endfacet
  facet normal -0.674387 0.351028 -0.649601
    outer loop
      vertex 7.68153 46.8662 0
      vertex 7.5742 46.66 0
      vertex 6.51883 47.4083 1.5
    endloop
  endfacet
  facet normal 0.742239 0.164575 -0.649613
    outer loop
      vertex 3.8977 47.6377 1.5
      vertex 2.60786 47.5341 0
      vertex 3.87127 47.7569 1.5
    endloop
  endfacet
  facet normal 0.740876 0.172871 -0.649014
    outer loop
      vertex 2.60786 47.5341 0
      vertex 3.8977 47.6377 1.5
      vertex 2.60821 47.5326 0
    endloop
  endfacet
  facet normal 0.64117 -0.408549 -0.649606
    outer loop
      vertex 3.0523 49.5388 0
      vertex 4.10319 48.803 1.5
      vertex 2.92741 49.3428 0
    endloop
  endfacet
  facet normal -0.754492 -0.0943115 -0.649497
    outer loop
      vertex 7.89234 48.4643 0
      vertex 6.62873 48.2431 1.5
      vertex 7.89214 48.4659 0
    endloop
  endfacet
  facet normal -0.753767 -0.0992159 -0.649609
    outer loop
      vertex 6.62873 48.2431 1.5
      vertex 7.89234 48.4643 0
      vertex 6.64467 48.122 1.5
    endloop
  endfacet
  facet normal 0.742254 0.164506 -0.649613
    outer loop
      vertex 3.8977 47.6377 1.5
      vertex 2.65852 47.3056 0
      vertex 2.60821 47.5326 0
    endloop
  endfacet
  facet normal -0.560562 -0.513597 -0.649607
    outer loop
      vertex 7.14818 49.8959 0
      vertex 7.30522 49.7245 0
      vertex 6.32246 48.8999 1.5
    endloop
  endfacet
  facet normal -0.513562 -0.560601 -0.649601
    outer loop
      vertex 6.97453 50.0552 0
      vertex 7.14591 49.8982 0
      vertex 6.1499 49.0725 1.5
    endloop
  endfacet
  facet normal 0.641172 0.408545 -0.649607
    outer loop
      vertex 2.92741 46.6572 0
      vertex 4.03756 47.3 1.5
      vertex 4.10319 47.197 1.5
    endloop
  endfacet
  facet normal 0.645629 0.401212 -0.649763
    outer loop
      vertex 4.03756 47.3 1.5
      vertex 2.92741 46.6572 0
      vertex 2.92654 46.6586 0
    endloop
  endfacet
  facet normal -0.674387 -0.351028 -0.649601
    outer loop
      vertex 7.5742 49.34 0
      vertex 7.68153 49.1338 0
      vertex 6.51883 48.5917 1.5
    endloop
  endfacet
  facet normal -0.753761 -0.0992479 -0.649611
    outer loop
      vertex 7.89234 48.4643 0
      vertex 7.92269 48.2338 0
      vertex 6.64467 48.122 1.5
    endloop
  endfacet
  facet normal -0.518328 -0.556025 -0.649748
    outer loop
      vertex 6.23995 48.9899 1.5
      vertex 7.14591 49.8982 0
      vertex 7.14709 49.8971 0
    endloop
  endfacet
  facet normal -0.513901 -0.560252 -0.649634
    outer loop
      vertex 7.14591 49.8982 0
      vertex 6.23995 48.9899 1.5
      vertex 6.1499 49.0725 1.5
    endloop
  endfacet
  facet normal -0.607009 0.457592 -0.649731
    outer loop
      vertex 7.44672 46.4599 0
      vertex 6.39681 47.197 1.5
      vertex 7.4477 46.4612 0
    endloop
  endfacet
  facet normal -0.603174 0.462807 -0.649609
    outer loop
      vertex 6.39681 47.197 1.5
      vertex 7.44672 46.4599 0
      vertex 6.32246 47.1001 1.5
    endloop
  endfacet
  facet normal 0.291266 0.702275 -0.649595
    outer loop
      vertex 4.3324 45.4789 0
      vertex 4.65833 46.7312 1.5
      vertex 4.77117 46.6844 1.5
    endloop
  endfacet
  facet normal 0.283826 0.704835 -0.650115
    outer loop
      vertex 4.65833 46.7312 1.5
      vertex 4.3324 45.4789 0
      vertex 4.33091 45.4795 0
    endloop
  endfacet
  facet normal -0.0330355 0.759555 -0.649603
    outer loop
      vertex 5.37202 46.6053 1.5
      vertex 5.48383 45.3273 0
      vertex 5.25161 45.3172 0
    endloop
  endfacet
  facet normal -0.753761 0.0992479 -0.649611
    outer loop
      vertex 7.92269 47.7662 0
      vertex 7.89234 47.5357 0
      vertex 6.64467 47.878 1.5
    endloop
  endfacet
  facet normal -0.291074 0.702338 -0.649613
    outer loop
      vertex 6.38384 45.5685 0
      vertex 6.16909 45.4795 0
      vertex 5.84167 46.7312 1.5
    endloop
  endfacet
  facet normal -0.518341 0.556038 -0.649727
    outer loop
      vertex 7.14591 46.1018 0
      vertex 6.23995 47.01 1.5
      vertex 7.14709 46.1029 0
    endloop
  endfacet
  facet normal -0.513581 0.560581 -0.649602
    outer loop
      vertex 6.23995 47.01 1.5
      vertex 7.14591 46.1018 0
      vertex 6.1499 46.9275 1.5
    endloop
  endfacet
  facet normal -0.72508 0.228603 -0.649615
    outer loop
      vertex 7.77158 47.0839 0
      vertex 6.56557 47.5212 1.5
      vertex 6.6023 47.6377 1.5
    endloop
  endfacet
  facet normal -0.724041 0.231693 -0.64968
    outer loop
      vertex 6.56557 47.5212 1.5
      vertex 7.77158 47.0839 0
      vertex 7.7711 47.0824 0
    endloop
  endfacet
  facet normal -0.0329916 0.759555 -0.649606
    outer loop
      vertex 5.25161 45.3172 0
      vertex 5.25 46.6 1.5
      vertex 5.37202 46.6053 1.5
    endloop
  endfacet
  facet normal -0.04715 0.759115 -0.649246
    outer loop
      vertex 5.25 46.6 1.5
      vertex 5.25161 45.3172 0
      vertex 5.25 45.3171 0
    endloop
  endfacet
  facet normal -0.70238 0.290995 -0.649603
    outer loop
      vertex 7.77048 47.0809 0
      vertex 7.68153 46.8662 0
      vertex 6.51883 47.4083 1.5
    endloop
  endfacet
  facet normal 0.725077 -0.22861 -0.649615
    outer loop
      vertex 2.72842 48.9161 0
      vertex 3.8977 48.3623 1.5
      vertex 2.65852 48.6944 0
    endloop
  endfacet
  facet normal 0.725077 0.22861 -0.649615
    outer loop
      vertex 3.8977 47.6377 1.5
      vertex 2.72842 47.0839 0
      vertex 2.65852 47.3056 0
    endloop
  endfacet
  facet normal 0.72508 0.228603 -0.649615
    outer loop
      vertex 3.93443 47.5212 1.5
      vertex 2.72842 47.0839 0
      vertex 3.8977 47.6377 1.5
    endloop
  endfacet
  facet normal 0.724041 0.231693 -0.64968
    outer loop
      vertex 2.72842 47.0839 0
      vertex 3.93443 47.5212 1.5
      vertex 2.7289 47.0824 0
    endloop
  endfacet
  facet normal 0.674387 0.351028 -0.649601
    outer loop
      vertex 3.98117 47.4083 1.5
      vertex 2.9258 46.66 0
      vertex 2.81847 46.8662 0
    endloop
  endfacet
  facet normal 0.0329916 -0.759555 -0.649606
    outer loop
      vertex 5.24839 50.6828 0
      vertex 5.25 49.4 1.5
      vertex 5.12798 49.3947 1.5
    endloop
  endfacet
  facet normal 0.04715 -0.759115 -0.649246
    outer loop
      vertex 5.25 49.4 1.5
      vertex 5.24839 50.6828 0
      vertex 5.25 50.6829 0
    endloop
  endfacet
  facet normal 0.142475 -0.745617 -0.650965
    outer loop
      vertex 4.78412 50.6421 0
      vertex 4.88765 49.3523 1.5
      vertex 4.78255 50.6418 0
    endloop
  endfacet
  facet normal 0.164345 -0.74229 -0.649613
    outer loop
      vertex 4.88765 49.3523 1.5
      vertex 4.78412 50.6421 0
      vertex 5.00689 49.3787 1.5
    endloop
  endfacet
  facet normal -0.759542 0.0331686 -0.649612
    outer loop
      vertex 7.93283 47.9984 0
      vertex 7.92269 47.7662 0
      vertex 6.64467 47.878 1.5
    endloop
  endfacet
  facet normal -0.759541 0.0332299 -0.64961
    outer loop
      vertex 7.93283 47.9984 0
      vertex 6.65 48 1.5
      vertex 7.9329 48 0
    endloop
  endfacet
  facet normal -0.759542 0.0331833 -0.649611
    outer loop
      vertex 6.65 48 1.5
      vertex 7.93283 47.9984 0
      vertex 6.64467 47.878 1.5
    endloop
  endfacet
  facet normal -0.142475 0.745617 -0.650965
    outer loop
      vertex 5.71588 45.3579 0
      vertex 5.61235 46.6477 1.5
      vertex 5.71745 45.3582 0
    endloop
  endfacet
  facet normal -0.164345 0.74229 -0.649613
    outer loop
      vertex 5.61235 46.6477 1.5
      vertex 5.71588 45.3579 0
      vertex 5.49311 46.6213 1.5
    endloop
  endfacet
  facet normal -0.0330355 -0.759555 -0.649603
    outer loop
      vertex 5.48383 50.6727 0
      vertex 5.37202 49.3947 1.5
      vertex 5.25161 50.6828 0
    endloop
  endfacet
  facet normal 0.672081 -0.355243 -0.649699
    outer loop
      vertex 4.03756 48.7 1.5
      vertex 2.9258 49.34 0
      vertex 2.92654 49.3414 0
    endloop
  endfacet
  facet normal 0.674335 -0.351115 -0.649608
    outer loop
      vertex 2.9258 49.34 0
      vertex 4.03756 48.7 1.5
      vertex 3.98117 48.5917 1.5
    endloop
  endfacet
  facet normal 0.470455 0.597477 -0.649379
    outer loop
      vertex 3.70988 45.8033 0
      vertex 4.44699 46.8532 1.5
      vertex 3.71115 45.8023 0
    endloop
  endfacet
  facet normal 0.462639 0.603298 -0.649612
    outer loop
      vertex 4.44699 46.8532 1.5
      vertex 3.70988 45.8033 0
      vertex 4.3501 46.9275 1.5
    endloop
  endfacet
  facet normal 0.742254 -0.164506 -0.649613
    outer loop
      vertex 2.65852 48.6944 0
      vertex 3.8977 48.3623 1.5
      vertex 2.60821 48.4674 0
    endloop
  endfacet
  facet normal -0.64117 -0.408549 -0.649606
    outer loop
      vertex 7.4477 49.5388 0
      vertex 7.57259 49.3428 0
      vertex 6.39681 48.803 1.5
    endloop
  endfacet
  facet normal -0.228471 -0.725132 -0.649604
    outer loop
      vertex 6.16607 50.5216 0
      vertex 5.72883 49.3156 1.5
      vertex 5.61235 49.3523 1.5
    endloop
  endfacet
  facet normal -0.236125 -0.722542 -0.649752
    outer loop
      vertex 5.72883 49.3156 1.5
      vertex 6.16607 50.5216 0
      vertex 6.1676 50.5211 0
    endloop
  endfacet
  facet normal 0.603174 -0.462807 -0.649609
    outer loop
      vertex 4.10319 48.803 1.5
      vertex 3.05328 49.5401 0
      vertex 4.17754 48.8999 1.5
    endloop
  endfacet
  facet normal 0.607009 -0.457592 -0.649731
    outer loop
      vertex 3.05328 49.5401 0
      vertex 4.10319 48.803 1.5
      vertex 3.0523 49.5388 0
    endloop
  endfacet
  facet normal -0.742239 0.164575 -0.649613
    outer loop
      vertex 7.89214 47.5341 0
      vertex 6.6023 47.6377 1.5
      vertex 6.62873 47.7569 1.5
    endloop
  endfacet
  facet normal -0.740876 0.172871 -0.649014
    outer loop
      vertex 6.6023 47.6377 1.5
      vertex 7.89214 47.5341 0
      vertex 7.89179 47.5326 0
    endloop
  endfacet
  facet normal 0.236125 -0.722542 -0.649752
    outer loop
      vertex 4.33393 50.5216 0
      vertex 4.77117 49.3156 1.5
      vertex 4.3324 50.5211 0
    endloop
  endfacet
  facet normal 0.228471 -0.725132 -0.649604
    outer loop
      vertex 4.77117 49.3156 1.5
      vertex 4.33393 50.5216 0
      vertex 4.88765 49.3523 1.5
    endloop
  endfacet
  facet normal -0.603156 0.462834 -0.649606
    outer loop
      vertex 7.44672 46.4599 0
      vertex 7.30522 46.2755 0
      vertex 6.32246 47.1001 1.5
    endloop
  endfacet
  facet normal 0.641172 -0.408545 -0.649607
    outer loop
      vertex 4.03756 48.7 1.5
      vertex 2.92741 49.3428 0
      vertex 4.10319 48.803 1.5
    endloop
  endfacet
  facet normal 0.645629 -0.401212 -0.649763
    outer loop
      vertex 2.92741 49.3428 0
      vertex 4.03756 48.7 1.5
      vertex 2.92654 49.3414 0
    endloop
  endfacet
  facet normal -0.70238 -0.290995 -0.649603
    outer loop
      vertex 7.68153 49.1338 0
      vertex 7.77048 48.9191 0
      vertex 6.51883 48.5917 1.5
    endloop
  endfacet
  facet normal 0.70238 0.290995 -0.649603
    outer loop
      vertex 3.98117 47.4083 1.5
      vertex 2.81847 46.8662 0
      vertex 2.72952 47.0809 0
    endloop
  endfacet
  facet normal -0.562818 0.511226 -0.649526
    outer loop
      vertex 6.23995 47.01 1.5
      vertex 7.14818 46.1041 0
      vertex 7.14709 46.1029 0
    endloop
  endfacet
  facet normal -0.560698 0.513465 -0.649594
    outer loop
      vertex 7.14818 46.1041 0
      vertex 6.23995 47.01 1.5
      vertex 6.32246 47.1001 1.5
    endloop
  endfacet
  facet normal 0.513562 0.560601 -0.649601
    outer loop
      vertex 4.3501 46.9275 1.5
      vertex 3.52547 45.9448 0
      vertex 3.35409 46.1018 0
    endloop
  endfacet
  facet normal 0.0994266 0.753745 -0.649602
    outer loop
      vertex 5.12798 46.6053 1.5
      vertex 5.01617 45.3273 0
      vertex 4.78571 45.3577 0
    endloop
  endfacet
  facet normal 0.603156 0.462834 -0.649606
    outer loop
      vertex 4.17754 47.1001 1.5
      vertex 3.19478 46.2755 0
      vertex 3.05328 46.4599 0
    endloop
  endfacet
  facet normal 0.562818 0.511226 -0.649526
    outer loop
      vertex 3.35182 46.1041 0
      vertex 4.26005 47.01 1.5
      vertex 3.35291 46.1029 0
    endloop
  endfacet
  facet normal 0.560698 0.513465 -0.649594
    outer loop
      vertex 4.26005 47.01 1.5
      vertex 3.35182 46.1041 0
      vertex 4.17754 47.1001 1.5
    endloop
  endfacet
  facet normal -0.462822 -0.603174 -0.649597
    outer loop
      vertex 6.79012 50.1967 0
      vertex 6.97453 50.0552 0
      vertex 6.1499 49.0725 1.5
    endloop
  endfacet
  facet normal 0.759542 0.0331686 -0.649612
    outer loop
      vertex 3.85533 47.878 1.5
      vertex 2.57731 47.7662 0
      vertex 2.56717 47.9984 0
    endloop
  endfacet
  facet normal -0.603156 -0.462834 -0.649606
    outer loop
      vertex 7.30522 49.7245 0
      vertex 7.44672 49.5401 0
      vertex 6.32246 48.8999 1.5
    endloop
  endfacet
  facet normal -0.725077 0.22861 -0.649615
    outer loop
      vertex 7.84148 47.3056 0
      vertex 7.77158 47.0839 0
      vertex 6.6023 47.6377 1.5
    endloop
  endfacet
  facet normal 0.560396 -0.513758 -0.649622
    outer loop
      vertex 3.35182 49.8959 0
      vertex 4.26005 48.9899 1.5
      vertex 4.17754 48.8999 1.5
    endloop
  endfacet
  facet normal 0.562806 -0.511215 -0.649545
    outer loop
      vertex 4.26005 48.9899 1.5
      vertex 3.35182 49.8959 0
      vertex 3.35291 49.8971 0
    endloop
  endfacet
  facet normal -0.408376 -0.641263 -0.649623
    outer loop
      vertex 5.95 49.2124 1.5
      vertex 6.5928 50.3226 0
      vertex 6.05301 49.1468 1.5
    endloop
  endfacet
  facet normal -0.421911 -0.632866 -0.649208
    outer loop
      vertex 6.5928 50.3226 0
      vertex 5.95 49.2124 1.5
      vertex 6.59145 50.3235 0
    endloop
  endfacet
  facet normal -0.22862 0.725075 -0.649615
    outer loop
      vertex 6.16607 45.4784 0
      vertex 5.94438 45.4085 0
      vertex 5.61235 46.6477 1.5
    endloop
  endfacet
  facet normal 0.674335 0.351115 -0.649608
    outer loop
      vertex 4.03756 47.3 1.5
      vertex 2.9258 46.66 0
      vertex 3.98117 47.4083 1.5
    endloop
  endfacet
  facet normal 0.672081 0.355243 -0.649699
    outer loop
      vertex 2.9258 46.66 0
      vertex 4.03756 47.3 1.5
      vertex 2.92654 46.6586 0
    endloop
  endfacet
  facet normal -0.0948944 0.75441 -0.649508
    outer loop
      vertex 5.71429 45.3577 0
      vertex 5.49311 46.6213 1.5
      vertex 5.71588 45.3579 0
    endloop
  endfacet
  facet normal -0.0995905 0.753714 -0.649613
    outer loop
      vertex 5.49311 46.6213 1.5
      vertex 5.71429 45.3577 0
      vertex 5.37202 46.6053 1.5
    endloop
  endfacet
  facet normal 0.513581 0.560581 -0.649602
    outer loop
      vertex 3.35409 46.1018 0
      vertex 4.26005 47.01 1.5
      vertex 4.3501 46.9275 1.5
    endloop
  endfacet
  facet normal 0.518341 0.556038 -0.649727
    outer loop
      vertex 4.26005 47.01 1.5
      vertex 3.35409 46.1018 0
      vertex 3.35291 46.1029 0
    endloop
  endfacet
  facet normal 0.0948944 -0.75441 -0.649508
    outer loop
      vertex 4.78571 50.6423 0
      vertex 5.00689 49.3787 1.5
      vertex 4.78412 50.6421 0
    endloop
  endfacet
  facet normal 0.0995905 -0.753714 -0.649613
    outer loop
      vertex 5.00689 49.3787 1.5
      vertex 4.78571 50.6423 0
      vertex 5.12798 49.3947 1.5
    endloop
  endfacet
  facet normal -0.351082 -0.67434 -0.649621
    outer loop
      vertex 6.59002 50.3242 0
      vertex 5.95 49.2124 1.5
      vertex 5.84167 49.2688 1.5
    endloop
  endfacet
  facet normal -0.334447 -0.683228 -0.649111
    outer loop
      vertex 5.95 49.2124 1.5
      vertex 6.59002 50.3242 0
      vertex 6.59145 50.3235 0
    endloop
  endfacet
  facet normal 0.759542 -0.0331686 -0.649612
    outer loop
      vertex 2.57731 48.2338 0
      vertex 3.85533 48.122 1.5
      vertex 2.56717 48.0016 0
    endloop
  endfacet
  facet normal -0.702445 0.290808 -0.649617
    outer loop
      vertex 7.7711 47.0824 0
      vertex 6.51883 47.4083 1.5
      vertex 6.56557 47.5212 1.5
    endloop
  endfacet
  facet normal -0.702586 0.290402 -0.649646
    outer loop
      vertex 6.51883 47.4083 1.5
      vertex 7.7711 47.0824 0
      vertex 7.77048 47.0809 0
    endloop
  endfacet
  facet normal -0.468136 0.599214 -0.649455
    outer loop
      vertex 6.05301 46.8532 1.5
      vertex 6.79012 45.8033 0
      vertex 6.78884 45.8023 0
    endloop
  endfacet
  facet normal -0.462639 0.603298 -0.649612
    outer loop
      vertex 6.79012 45.8033 0
      vertex 6.05301 46.8532 1.5
      vertex 6.1499 46.9275 1.5
    endloop
  endfacet
  facet normal -0.753767 0.0992159 -0.649609
    outer loop
      vertex 7.89234 47.5357 0
      vertex 6.62873 47.7569 1.5
      vertex 6.64467 47.878 1.5
    endloop
  endfacet
  facet normal -0.754492 0.0943115 -0.649497
    outer loop
      vertex 6.62873 47.7569 1.5
      vertex 7.89234 47.5357 0
      vertex 7.89214 47.5341 0
    endloop
  endfacet
  facet normal -0.0995905 -0.753714 -0.649613
    outer loop
      vertex 5.71429 50.6423 0
      vertex 5.49311 49.3787 1.5
      vertex 5.37202 49.3947 1.5
    endloop
  endfacet
  facet normal -0.0948944 -0.75441 -0.649508
    outer loop
      vertex 5.49311 49.3787 1.5
      vertex 5.71429 50.6423 0
      vertex 5.71588 50.6421 0
    endloop
  endfacet
  facet normal 0.350973 0.674405 -0.649612
    outer loop
      vertex 4.65833 46.7312 1.5
      vertex 4.11616 45.5685 0
      vertex 3.90998 45.6758 0
    endloop
  endfacet
  facet normal 0.351082 0.67434 -0.649621
    outer loop
      vertex 3.90998 45.6758 0
      vertex 4.55 46.7876 1.5
      vertex 4.65833 46.7312 1.5
    endloop
  endfacet
  facet normal 0.334447 0.683228 -0.649111
    outer loop
      vertex 4.55 46.7876 1.5
      vertex 3.90998 45.6758 0
      vertex 3.90855 45.6765 0
    endloop
  endfacet
  facet normal 0.64117 0.408549 -0.649606
    outer loop
      vertex 4.10319 47.197 1.5
      vertex 3.0523 46.4612 0
      vertex 2.92741 46.6572 0
    endloop
  endfacet
  facet normal -0.350973 -0.674405 -0.649612
    outer loop
      vertex 6.38384 50.4315 0
      vertex 6.59002 50.3242 0
      vertex 5.84167 49.2688 1.5
    endloop
  endfacet
  facet normal -0.22862 -0.725075 -0.649615
    outer loop
      vertex 5.94438 50.5915 0
      vertex 6.16607 50.5216 0
      vertex 5.61235 49.3523 1.5
    endloop
  endfacet
  facet normal -0.462639 -0.603298 -0.649612
    outer loop
      vertex 6.05301 49.1468 1.5
      vertex 6.79012 50.1967 0
      vertex 6.1499 49.0725 1.5
    endloop
  endfacet
  facet normal -0.468136 -0.599214 -0.649455
    outer loop
      vertex 6.79012 50.1967 0
      vertex 6.05301 49.1468 1.5
      vertex 6.78884 50.1977 0
    endloop
  endfacet
  facet normal 0.04715 0.759115 -0.649246
    outer loop
      vertex 5.24839 45.3172 0
      vertex 5.25 46.6 1.5
      vertex 5.25 45.3171 0
    endloop
  endfacet
  facet normal 0.0329916 0.759555 -0.649606
    outer loop
      vertex 5.25 46.6 1.5
      vertex 5.24839 45.3172 0
      vertex 5.12798 46.6053 1.5
    endloop
  endfacet
  facet normal 0.291074 0.702338 -0.649613
    outer loop
      vertex 4.65833 46.7312 1.5
      vertex 4.33091 45.4795 0
      vertex 4.11616 45.5685 0
    endloop
  endfacet
  facet normal 0.228471 0.725132 -0.649604
    outer loop
      vertex 4.33393 45.4784 0
      vertex 4.77117 46.6844 1.5
      vertex 4.88765 46.6477 1.5
    endloop
  endfacet
  facet normal 0.236125 0.722542 -0.649752
    outer loop
      vertex 4.77117 46.6844 1.5
      vertex 4.33393 45.4784 0
      vertex 4.3324 45.4789 0
    endloop
  endfacet
  facet normal 0.513562 -0.560601 -0.649601
    outer loop
      vertex 3.52547 50.0552 0
      vertex 4.3501 49.0725 1.5
      vertex 3.35409 49.8982 0
    endloop
  endfacet
  facet normal -0.164523 -0.742249 -0.649614
    outer loop
      vertex 5.71745 50.6418 0
      vertex 5.94438 50.5915 0
      vertex 5.61235 49.3523 1.5
    endloop
  endfacet
  facet normal -0.408511 -0.641188 -0.649613
    outer loop
      vertex 6.5928 50.3226 0
      vertex 6.78884 50.1977 0
      vertex 6.05301 49.1468 1.5
    endloop
  endfacet
  facet normal 0.350973 -0.674405 -0.649612
    outer loop
      vertex 4.11616 50.4315 0
      vertex 4.65833 49.2688 1.5
      vertex 3.90998 50.3242 0
    endloop
  endfacet
  facet normal -0.421911 0.632866 -0.649208
    outer loop
      vertex 5.95 46.7876 1.5
      vertex 6.5928 45.6774 0
      vertex 6.59145 45.6765 0
    endloop
  endfacet
  facet normal -0.408376 0.641263 -0.649623
    outer loop
      vertex 6.5928 45.6774 0
      vertex 5.95 46.7876 1.5
      vertex 6.05301 46.8532 1.5
    endloop
  endfacet
  facet normal 0.408495 0.641197 -0.649614
    outer loop
      vertex 4.44699 46.8532 1.5
      vertex 3.9072 45.6774 0
      vertex 3.71115 45.8023 0
    endloop
  endfacet
  facet normal 0.408495 -0.641197 -0.649614
    outer loop
      vertex 3.9072 50.3226 0
      vertex 4.44699 49.1468 1.5
      vertex 3.71115 50.1977 0
    endloop
  endfacet
  facet normal -0.164523 0.742249 -0.649614
    outer loop
      vertex 5.94438 45.4085 0
      vertex 5.71745 45.3582 0
      vertex 5.61235 46.6477 1.5
    endloop
  endfacet
  facet normal -0.670039 -0.35895 -0.649771
    outer loop
      vertex 7.5742 49.34 0
      vertex 6.46243 48.7 1.5
      vertex 7.57345 49.3414 0
    endloop
  endfacet
  facet normal -0.674307 -0.351162 -0.649612
    outer loop
      vertex 6.46243 48.7 1.5
      vertex 7.5742 49.34 0
      vertex 6.51883 48.5917 1.5
    endloop
  endfacet
  facet normal 0.740876 -0.172871 -0.649014
    outer loop
      vertex 3.8977 48.3623 1.5
      vertex 2.60786 48.4659 0
      vertex 2.60821 48.4674 0
    endloop
  endfacet
  facet normal 0.742239 -0.164575 -0.649613
    outer loop
      vertex 2.60786 48.4659 0
      vertex 3.8977 48.3623 1.5
      vertex 3.87127 48.2431 1.5
    endloop
  endfacet
  facet normal 0.408376 -0.641263 -0.649623
    outer loop
      vertex 3.9072 50.3226 0
      vertex 4.55 49.2124 1.5
      vertex 4.44699 49.1468 1.5
    endloop
  endfacet
  facet normal 0.421911 -0.632866 -0.649208
    outer loop
      vertex 4.55 49.2124 1.5
      vertex 3.9072 50.3226 0
      vertex 3.90855 50.3235 0
    endloop
  endfacet
  facet normal -0.164345 -0.74229 -0.649613
    outer loop
      vertex 5.71588 50.6421 0
      vertex 5.61235 49.3523 1.5
      vertex 5.49311 49.3787 1.5
    endloop
  endfacet
  facet normal -0.142475 -0.745617 -0.650965
    outer loop
      vertex 5.61235 49.3523 1.5
      vertex 5.71588 50.6421 0
      vertex 5.71745 50.6418 0
    endloop
  endfacet
  facet normal 0.513901 -0.560252 -0.649634
    outer loop
      vertex 4.26005 48.9899 1.5
      vertex 3.35409 49.8982 0
      vertex 4.3501 49.0725 1.5
    endloop
  endfacet
  facet normal 0.518328 -0.556025 -0.649748
    outer loop
      vertex 3.35409 49.8982 0
      vertex 4.26005 48.9899 1.5
      vertex 3.35291 49.8971 0
    endloop
  endfacet
  facet normal 0.560562 0.513597 -0.649607
    outer loop
      vertex 4.17754 47.1001 1.5
      vertex 3.35182 46.1041 0
      vertex 3.19478 46.2755 0
    endloop
  endfacet
  facet normal 0.753764 -0.0992156 -0.649612
    outer loop
      vertex 2.60765 48.4643 0
      vertex 3.85533 48.122 1.5
      vertex 2.57731 48.2338 0
    endloop
  endfacet
  facet normal 0.283826 -0.704835 -0.650115
    outer loop
      vertex 4.3324 50.5211 0
      vertex 4.65833 49.2688 1.5
      vertex 4.33091 50.5205 0
    endloop
  endfacet
  facet normal 0.291266 -0.702275 -0.649595
    outer loop
      vertex 4.65833 49.2688 1.5
      vertex 4.3324 50.5211 0
      vertex 4.77117 49.3156 1.5
    endloop
  endfacet
  facet normal 0.70238 -0.290995 -0.649603
    outer loop
      vertex 2.81847 49.1338 0
      vertex 3.98117 48.5917 1.5
      vertex 2.72952 48.9191 0
    endloop
  endfacet
  facet normal 0.674387 -0.351028 -0.649601
    outer loop
      vertex 2.9258 49.34 0
      vertex 3.98117 48.5917 1.5
      vertex 2.81847 49.1338 0
    endloop
  endfacet
  facet normal 0.164345 0.74229 -0.649613
    outer loop
      vertex 4.78412 45.3579 0
      vertex 4.88765 46.6477 1.5
      vertex 5.00689 46.6213 1.5
    endloop
  endfacet
  facet normal 0.142475 0.745617 -0.650965
    outer loop
      vertex 4.88765 46.6477 1.5
      vertex 4.78412 45.3579 0
      vertex 4.78255 45.3582 0
    endloop
  endfacet
  facet normal 0.0995905 0.753714 -0.649613
    outer loop
      vertex 4.78571 45.3577 0
      vertex 5.00689 46.6213 1.5
      vertex 5.12798 46.6053 1.5
    endloop
  endfacet
  facet normal 0.0948944 0.75441 -0.649508
    outer loop
      vertex 5.00689 46.6213 1.5
      vertex 4.78571 45.3577 0
      vertex 4.78412 45.3579 0
    endloop
  endfacet
  facet normal -0.04715 -0.759115 -0.649246
    outer loop
      vertex 5.25161 50.6828 0
      vertex 5.25 49.4 1.5
      vertex 5.25 50.6829 0
    endloop
  endfacet
  facet normal -0.0329916 -0.759555 -0.649606
    outer loop
      vertex 5.25 49.4 1.5
      vertex 5.25161 50.6828 0
      vertex 5.37202 49.3947 1.5
    endloop
  endfacet
  facet normal 0.164523 0.742249 -0.649614
    outer loop
      vertex 4.88765 46.6477 1.5
      vertex 4.78255 45.3582 0
      vertex 4.55562 45.4085 0
    endloop
  endfacet
  facet normal -0.236125 0.722542 -0.649752
    outer loop
      vertex 6.16607 45.4784 0
      vertex 5.72883 46.6844 1.5
      vertex 6.1676 45.4789 0
    endloop
  endfacet
  facet normal -0.228471 0.725132 -0.649604
    outer loop
      vertex 5.72883 46.6844 1.5
      vertex 6.16607 45.4784 0
      vertex 5.61235 46.6477 1.5
    endloop
  endfacet
  facet normal -0.607009 -0.457592 -0.649731
    outer loop
      vertex 6.39681 48.803 1.5
      vertex 7.44672 49.5401 0
      vertex 7.4477 49.5388 0
    endloop
  endfacet
  facet normal -0.603174 -0.462807 -0.649609
    outer loop
      vertex 7.44672 49.5401 0
      vertex 6.39681 48.803 1.5
      vertex 6.32246 48.8999 1.5
    endloop
  endfacet
  facet normal 0.164523 -0.742249 -0.649614
    outer loop
      vertex 4.78255 50.6418 0
      vertex 4.88765 49.3523 1.5
      vertex 4.55562 50.5915 0
    endloop
  endfacet
  facet normal 0.753806 -0.098937 -0.649606
    outer loop
      vertex 3.87127 48.2431 1.5
      vertex 2.60765 48.4643 0
      vertex 2.60786 48.4659 0
    endloop
  endfacet
  facet normal 0.753764 -0.0992155 -0.649612
    outer loop
      vertex 2.60765 48.4643 0
      vertex 3.87127 48.2431 1.5
      vertex 3.85533 48.122 1.5
    endloop
  endfacet
  facet normal 0.702586 -0.290402 -0.649646
    outer loop
      vertex 3.98117 48.5917 1.5
      vertex 2.7289 48.9176 0
      vertex 2.72952 48.9191 0
    endloop
  endfacet
  facet normal 0.702445 -0.290808 -0.649617
    outer loop
      vertex 2.7289 48.9176 0
      vertex 3.98117 48.5917 1.5
      vertex 3.93443 48.4788 1.5
    endloop
  endfacet
  facet normal 0.334447 -0.683228 -0.649111
    outer loop
      vertex 3.90998 50.3242 0
      vertex 4.55 49.2124 1.5
      vertex 3.90855 50.3235 0
    endloop
  endfacet
  facet normal 0.351082 -0.67434 -0.649621
    outer loop
      vertex 4.55 49.2124 1.5
      vertex 3.90998 50.3242 0
      vertex 4.65833 49.2688 1.5
    endloop
  endfacet
  facet normal 0.724041 -0.231693 -0.64968
    outer loop
      vertex 3.93443 48.4788 1.5
      vertex 2.72842 48.9161 0
      vertex 2.7289 48.9176 0
    endloop
  endfacet
  facet normal 0.72508 -0.228603 -0.649615
    outer loop
      vertex 2.72842 48.9161 0
      vertex 3.93443 48.4788 1.5
      vertex 3.8977 48.3623 1.5
    endloop
  endfacet
  facet normal 0.462822 -0.603174 -0.649597
    outer loop
      vertex 3.70988 50.1967 0
      vertex 4.3501 49.0725 1.5
      vertex 3.52547 50.0552 0
    endloop
  endfacet
  facet normal 0.462639 -0.603298 -0.649612
    outer loop
      vertex 3.70988 50.1967 0
      vertex 4.44699 49.1468 1.5
      vertex 4.3501 49.0725 1.5
    endloop
  endfacet
  facet normal 0.470455 -0.597477 -0.649379
    outer loop
      vertex 4.44699 49.1468 1.5
      vertex 3.70988 50.1967 0
      vertex 3.71115 50.1977 0
    endloop
  endfacet
  facet normal -0.991448 -0.130501 0
    outer loop
      vertex 6.64467 96.122 1.5
      vertex 6.62873 96.2431 3.85
      vertex 6.62873 96.2431 1.5
    endloop
  endfacet
  facet normal -0.991448 -0.130501 0
    outer loop
      vertex 6.62873 96.2431 3.85
      vertex 6.64467 96.122 1.5
      vertex 6.64467 96.122 3.85
    endloop
  endfacet
  facet normal -0.999047 -0.0436469 0
    outer loop
      vertex 6.65 96 1.5
      vertex 6.64467 96.122 3.85
      vertex 6.64467 96.122 1.5
    endloop
  endfacet
  facet normal -0.999047 -0.0436469 0
    outer loop
      vertex 6.64467 96.122 3.85
      vertex 6.65 96 1.5
      vertex 6.65 96 3.85
    endloop
  endfacet
  facet normal -0.976327 -0.216298 0
    outer loop
      vertex 6.62873 96.2431 1.5
      vertex 6.6023 96.3624 3.85
      vertex 6.6023 96.3624 1.5
    endloop
  endfacet
  facet normal -0.976327 -0.216298 0
    outer loop
      vertex 6.6023 96.3624 3.85
      vertex 6.62873 96.2431 1.5
      vertex 6.62873 96.2431 3.85
    endloop
  endfacet
  facet normal -0.843385 -0.53731 0
    outer loop
      vertex 6.46243 96.7 1.5
      vertex 6.39681 96.803 3.85
      vertex 6.39681 96.803 1.5
    endloop
  endfacet
  facet normal -0.843385 -0.53731 0
    outer loop
      vertex 6.39681 96.803 3.85
      vertex 6.46243 96.7 1.5
      vertex 6.46243 96.7 3.85
    endloop
  endfacet
  facet normal 0.130995 0.991383 -0
    outer loop
      vertex 5.12798 94.6053 1.5
      vertex 5.00689 94.6213 3.85
      vertex 5.12798 94.6053 3.85
    endloop
  endfacet
  facet normal 0.130995 0.991383 0
    outer loop
      vertex 5.00689 94.6213 3.85
      vertex 5.12798 94.6053 1.5
      vertex 5.00689 94.6213 1.5
    endloop
  endfacet
  facet normal 0.886969 -0.46183 0
    outer loop
      vertex 3.98117 96.5917 3.85
      vertex 4.03756 96.7 1.5
      vertex 4.03756 96.7 3.85
    endloop
  endfacet
  facet normal 0.886969 -0.46183 0
    outer loop
      vertex 4.03756 96.7 1.5
      vertex 3.98117 96.5917 3.85
      vertex 3.98117 96.5917 1.5
    endloop
  endfacet
  facet normal 0.886969 0.46183 0
    outer loop
      vertex 4.03756 95.3 3.85
      vertex 3.98117 95.4083 1.5
      vertex 3.98117 95.4083 3.85
    endloop
  endfacet
  facet normal 0.886969 0.46183 0
    outer loop
      vertex 3.98117 95.4083 1.5
      vertex 4.03756 95.3 3.85
      vertex 4.03756 95.3 1.5
    endloop
  endfacet
  facet normal 0.923951 -0.382511 0
    outer loop
      vertex 3.93443 96.4788 3.85
      vertex 3.98117 96.5917 1.5
      vertex 3.98117 96.5917 3.85
    endloop
  endfacet
  facet normal 0.923951 -0.382511 0
    outer loop
      vertex 3.98117 96.5917 1.5
      vertex 3.93443 96.4788 3.85
      vertex 3.93443 96.4788 1.5
    endloop
  endfacet
  facet normal 0.737487 0.675361 0
    outer loop
      vertex 4.26005 95.01 3.85
      vertex 4.17754 95.1001 1.5
      vertex 4.17754 95.1001 3.85
    endloop
  endfacet
  facet normal 0.737487 0.675361 0
    outer loop
      vertex 4.17754 95.1001 1.5
      vertex 4.26005 95.01 3.85
      vertex 4.26005 95.01 1.5
    endloop
  endfacet
  facet normal -0.537156 -0.843483 0
    outer loop
      vertex 5.95 97.2124 1.5
      vertex 6.05301 97.1468 3.85
      vertex 5.95 97.2124 3.85
    endloop
  endfacet
  facet normal -0.537156 -0.843483 -0
    outer loop
      vertex 6.05301 97.1468 3.85
      vertex 5.95 97.2124 1.5
      vertex 6.05301 97.1468 1.5
    endloop
  endfacet
  facet normal -0.675521 -0.737341 0
    outer loop
      vertex 6.1499 97.0725 1.5
      vertex 6.23995 96.99 3.85
      vertex 6.1499 97.0725 3.85
    endloop
  endfacet
  facet normal -0.675521 -0.737341 -0
    outer loop
      vertex 6.23995 96.99 3.85
      vertex 6.1499 97.0725 1.5
      vertex 6.23995 96.99 1.5
    endloop
  endfacet
  facet normal -0.675521 0.737341 0
    outer loop
      vertex 6.23995 95.01 1.5
      vertex 6.1499 94.9275 3.85
      vertex 6.23995 95.01 3.85
    endloop
  endfacet
  facet normal -0.675521 0.737341 0
    outer loop
      vertex 6.1499 94.9275 3.85
      vertex 6.23995 95.01 1.5
      vertex 6.1499 94.9275 1.5
    endloop
  endfacet
  facet normal 0.0433946 0.999058 -0
    outer loop
      vertex 5.25 94.6 1.5
      vertex 5.12798 94.6053 3.85
      vertex 5.25 94.6 3.85
    endloop
  endfacet
  facet normal 0.0433946 0.999058 0
    outer loop
      vertex 5.12798 94.6053 3.85
      vertex 5.25 94.6 1.5
      vertex 5.12798 94.6053 1.5
    endloop
  endfacet
  facet normal -0.843385 0.53731 0
    outer loop
      vertex 6.39681 95.197 1.5
      vertex 6.46243 95.3 3.85
      vertex 6.46243 95.3 1.5
    endloop
  endfacet
  facet normal -0.843385 0.53731 0
    outer loop
      vertex 6.46243 95.3 3.85
      vertex 6.39681 95.197 1.5
      vertex 6.39681 95.197 3.85
    endloop
  endfacet
  facet normal -0.216167 0.976356 0
    outer loop
      vertex 5.61235 94.6477 1.5
      vertex 5.49311 94.6213 3.85
      vertex 5.61235 94.6477 3.85
    endloop
  endfacet
  facet normal -0.216167 0.976356 0
    outer loop
      vertex 5.49311 94.6213 3.85
      vertex 5.61235 94.6477 1.5
      vertex 5.49311 94.6213 1.5
    endloop
  endfacet
  facet normal -0.923951 0.382511 0
    outer loop
      vertex 6.51883 95.4083 1.5
      vertex 6.56557 95.5212 3.85
      vertex 6.56557 95.5212 1.5
    endloop
  endfacet
  facet normal -0.923951 0.382511 0
    outer loop
      vertex 6.56557 95.5212 3.85
      vertex 6.51883 95.4083 1.5
      vertex 6.51883 95.4083 3.85
    endloop
  endfacet
  facet normal 0.843348 0.537368 0
    outer loop
      vertex 4.10319 95.197 3.85
      vertex 4.03756 95.3 1.5
      vertex 4.03756 95.3 3.85
    endloop
  endfacet
  facet normal 0.843348 0.537368 0
    outer loop
      vertex 4.03756 95.3 1.5
      vertex 4.10319 95.197 3.85
      vertex 4.10319 95.197 1.5
    endloop
  endfacet
  facet normal 0.793369 -0.608741 0
    outer loop
      vertex 4.10319 96.803 3.85
      vertex 4.17754 96.8999 1.5
      vertex 4.17754 96.8999 3.85
    endloop
  endfacet
  facet normal 0.793369 -0.608741 0
    outer loop
      vertex 4.17754 96.8999 1.5
      vertex 4.10319 96.803 3.85
      vertex 4.10319 96.803 1.5
    endloop
  endfacet
  facet normal -0.608523 -0.793536 0
    outer loop
      vertex 6.05301 97.1468 1.5
      vertex 6.1499 97.0725 3.85
      vertex 6.05301 97.1468 3.85
    endloop
  endfacet
  facet normal -0.608523 -0.793536 -0
    outer loop
      vertex 6.1499 97.0725 3.85
      vertex 6.05301 97.1468 1.5
      vertex 6.1499 97.0725 1.5
    endloop
  endfacet
  facet normal -0.886935 -0.461894 0
    outer loop
      vertex 6.51883 96.5917 1.5
      vertex 6.46243 96.7 3.85
      vertex 6.46243 96.7 1.5
    endloop
  endfacet
  facet normal -0.886935 -0.461894 0
    outer loop
      vertex 6.46243 96.7 3.85
      vertex 6.51883 96.5917 1.5
      vertex 6.51883 96.5917 3.85
    endloop
  endfacet
  facet normal 0.999047 0.0436469 0
    outer loop
      vertex 3.85533 95.878 3.85
      vertex 3.85 96 1.5
      vertex 3.85 96 3.85
    endloop
  endfacet
  facet normal 0.999047 0.0436469 0
    outer loop
      vertex 3.85 96 1.5
      vertex 3.85533 95.878 3.85
      vertex 3.85533 95.878 1.5
    endloop
  endfacet
  facet normal 0.793369 0.608741 0
    outer loop
      vertex 4.17754 95.1001 3.85
      vertex 4.10319 95.197 1.5
      vertex 4.10319 95.197 3.85
    endloop
  endfacet
  facet normal 0.793369 0.608741 0
    outer loop
      vertex 4.10319 95.197 1.5
      vertex 4.17754 95.1001 3.85
      vertex 4.17754 95.1001 1.5
    endloop
  endfacet
  facet normal -0.383104 -0.923705 0
    outer loop
      vertex 5.72883 97.3156 1.5
      vertex 5.84167 97.2688 3.85
      vertex 5.72883 97.3156 3.85
    endloop
  endfacet
  facet normal -0.383104 -0.923705 -0
    outer loop
      vertex 5.84167 97.2688 3.85
      vertex 5.72883 97.3156 1.5
      vertex 5.84167 97.2688 1.5
    endloop
  endfacet
  facet normal 0.300512 0.953778 -0
    outer loop
      vertex 4.88765 94.6477 1.5
      vertex 4.77117 94.6844 3.85
      vertex 4.88765 94.6477 3.85
    endloop
  endfacet
  facet normal 0.300512 0.953778 0
    outer loop
      vertex 4.77117 94.6844 3.85
      vertex 4.88765 94.6477 1.5
      vertex 4.77117 94.6844 1.5
    endloop
  endfacet
  facet normal 0.843348 -0.537368 0
    outer loop
      vertex 4.03756 96.7 3.85
      vertex 4.10319 96.803 1.5
      vertex 4.10319 96.803 3.85
    endloop
  endfacet
  facet normal 0.843348 -0.537368 0
    outer loop
      vertex 4.10319 96.803 1.5
      vertex 4.03756 96.7 3.85
      vertex 4.03756 96.7 1.5
    endloop
  endfacet
  facet normal 0.675521 -0.737341 0
    outer loop
      vertex 4.26005 96.99 1.5
      vertex 4.3501 97.0725 3.85
      vertex 4.26005 96.99 3.85
    endloop
  endfacet
  facet normal 0.675521 -0.737341 0
    outer loop
      vertex 4.3501 97.0725 3.85
      vertex 4.26005 96.99 1.5
      vertex 4.3501 97.0725 1.5
    endloop
  endfacet
  facet normal 0.461794 0.886987 -0
    outer loop
      vertex 4.65833 94.7312 1.5
      vertex 4.55 94.7876 3.85
      vertex 4.65833 94.7312 3.85
    endloop
  endfacet
  facet normal 0.461794 0.886987 0
    outer loop
      vertex 4.55 94.7876 3.85
      vertex 4.65833 94.7312 1.5
      vertex 4.55 94.7876 1.5
    endloop
  endfacet
  facet normal 0.216167 -0.976356 0
    outer loop
      vertex 4.88765 97.3523 1.5
      vertex 5.00689 97.3787 3.85
      vertex 4.88765 97.3523 3.85
    endloop
  endfacet
  facet normal 0.216167 -0.976356 0
    outer loop
      vertex 5.00689 97.3787 3.85
      vertex 4.88765 97.3523 1.5
      vertex 5.00689 97.3787 1.5
    endloop
  endfacet
  facet normal -0.923951 -0.382511 0
    outer loop
      vertex 6.56557 96.4788 1.5
      vertex 6.51883 96.5917 3.85
      vertex 6.51883 96.5917 1.5
    endloop
  endfacet
  facet normal -0.923951 -0.382511 0
    outer loop
      vertex 6.51883 96.5917 3.85
      vertex 6.56557 96.4788 1.5
      vertex 6.56557 96.4788 3.85
    endloop
  endfacet
  facet normal -0.999047 0.0436469 0
    outer loop
      vertex 6.64467 95.878 1.5
      vertex 6.65 96 3.85
      vertex 6.65 96 1.5
    endloop
  endfacet
  facet normal -0.999047 0.0436469 0
    outer loop
      vertex 6.65 96 3.85
      vertex 6.64467 95.878 1.5
      vertex 6.64467 95.878 3.85
    endloop
  endfacet
  facet normal -0.300512 -0.953778 0
    outer loop
      vertex 5.61235 97.3523 1.5
      vertex 5.72883 97.3156 3.85
      vertex 5.61235 97.3523 3.85
    endloop
  endfacet
  facet normal -0.300512 -0.953778 -0
    outer loop
      vertex 5.72883 97.3156 3.85
      vertex 5.61235 97.3523 1.5
      vertex 5.72883 97.3156 1.5
    endloop
  endfacet
  facet normal 0.216167 0.976356 -0
    outer loop
      vertex 5.00689 94.6213 1.5
      vertex 4.88765 94.6477 3.85
      vertex 5.00689 94.6213 3.85
    endloop
  endfacet
  facet normal 0.216167 0.976356 0
    outer loop
      vertex 4.88765 94.6477 3.85
      vertex 5.00689 94.6213 1.5
      vertex 4.88765 94.6477 1.5
    endloop
  endfacet
  facet normal 0.953648 -0.300924 0
    outer loop
      vertex 3.8977 96.3624 3.85
      vertex 3.93443 96.4788 1.5
      vertex 3.93443 96.4788 3.85
    endloop
  endfacet
  facet normal 0.953648 -0.300924 0
    outer loop
      vertex 3.93443 96.4788 1.5
      vertex 3.8977 96.3624 3.85
      vertex 3.8977 96.3624 1.5
    endloop
  endfacet
  facet normal -0.383104 0.923705 0
    outer loop
      vertex 5.84167 94.7312 1.5
      vertex 5.72883 94.6844 3.85
      vertex 5.84167 94.7312 3.85
    endloop
  endfacet
  facet normal -0.383104 0.923705 0
    outer loop
      vertex 5.72883 94.6844 3.85
      vertex 5.84167 94.7312 1.5
      vertex 5.72883 94.6844 1.5
    endloop
  endfacet
  facet normal 0.991448 -0.130501 0
    outer loop
      vertex 3.85533 96.122 3.85
      vertex 3.87127 96.2431 1.5
      vertex 3.87127 96.2431 3.85
    endloop
  endfacet
  facet normal 0.991448 -0.130501 0
    outer loop
      vertex 3.87127 96.2431 1.5
      vertex 3.85533 96.122 3.85
      vertex 3.85533 96.122 1.5
    endloop
  endfacet
  facet normal 0.608523 -0.793536 0
    outer loop
      vertex 4.3501 97.0725 1.5
      vertex 4.44699 97.1468 3.85
      vertex 4.3501 97.0725 3.85
    endloop
  endfacet
  facet normal 0.608523 -0.793536 0
    outer loop
      vertex 4.44699 97.1468 3.85
      vertex 4.3501 97.0725 1.5
      vertex 4.44699 97.1468 1.5
    endloop
  endfacet
  facet normal 0.953648 0.300924 0
    outer loop
      vertex 3.93443 95.5212 3.85
      vertex 3.8977 95.6376 1.5
      vertex 3.8977 95.6376 3.85
    endloop
  endfacet
  facet normal 0.953648 0.300924 0
    outer loop
      vertex 3.8977 95.6376 1.5
      vertex 3.93443 95.5212 3.85
      vertex 3.93443 95.5212 1.5
    endloop
  endfacet
  facet normal -0.608523 0.793536 0
    outer loop
      vertex 6.1499 94.9275 1.5
      vertex 6.05301 94.8532 3.85
      vertex 6.1499 94.9275 3.85
    endloop
  endfacet
  facet normal -0.608523 0.793536 0
    outer loop
      vertex 6.05301 94.8532 3.85
      vertex 6.1499 94.9275 1.5
      vertex 6.05301 94.8532 1.5
    endloop
  endfacet
  facet normal 0.0433946 -0.999058 0
    outer loop
      vertex 5.12798 97.3947 1.5
      vertex 5.25 97.4 3.85
      vertex 5.12798 97.3947 3.85
    endloop
  endfacet
  facet normal 0.0433946 -0.999058 0
    outer loop
      vertex 5.25 97.4 3.85
      vertex 5.12798 97.3947 1.5
      vertex 5.25 97.4 1.5
    endloop
  endfacet
  facet normal -0.976327 0.216298 0
    outer loop
      vertex 6.6023 95.6376 1.5
      vertex 6.62873 95.7569 3.85
      vertex 6.62873 95.7569 1.5
    endloop
  endfacet
  facet normal -0.976327 0.216298 0
    outer loop
      vertex 6.62873 95.7569 3.85
      vertex 6.6023 95.6376 1.5
      vertex 6.6023 95.6376 3.85
    endloop
  endfacet
  facet normal -0.991448 0.130501 0
    outer loop
      vertex 6.62873 95.7569 1.5
      vertex 6.64467 95.878 3.85
      vertex 6.64467 95.878 1.5
    endloop
  endfacet
  facet normal -0.991448 0.130501 0
    outer loop
      vertex 6.64467 95.878 3.85
      vertex 6.62873 95.7569 1.5
      vertex 6.62873 95.7569 3.85
    endloop
  endfacet
  facet normal -0.461794 0.886987 0
    outer loop
      vertex 5.95 94.7876 1.5
      vertex 5.84167 94.7312 3.85
      vertex 5.95 94.7876 3.85
    endloop
  endfacet
  facet normal -0.461794 0.886987 0
    outer loop
      vertex 5.84167 94.7312 3.85
      vertex 5.95 94.7876 1.5
      vertex 5.84167 94.7312 1.5
    endloop
  endfacet
  facet normal -0.130995 -0.991383 0
    outer loop
      vertex 5.37202 97.3947 1.5
      vertex 5.49311 97.3787 3.85
      vertex 5.37202 97.3947 3.85
    endloop
  endfacet
  facet normal -0.130995 -0.991383 -0
    outer loop
      vertex 5.49311 97.3787 3.85
      vertex 5.37202 97.3947 1.5
      vertex 5.49311 97.3787 1.5
    endloop
  endfacet
  facet normal 0.300512 -0.953778 0
    outer loop
      vertex 4.77117 97.3156 1.5
      vertex 4.88765 97.3523 3.85
      vertex 4.77117 97.3156 3.85
    endloop
  endfacet
  facet normal 0.300512 -0.953778 0
    outer loop
      vertex 4.88765 97.3523 3.85
      vertex 4.77117 97.3156 1.5
      vertex 4.88765 97.3523 1.5
    endloop
  endfacet
  facet normal -0.130995 0.991383 0
    outer loop
      vertex 5.49311 94.6213 1.5
      vertex 5.37202 94.6053 3.85
      vertex 5.49311 94.6213 3.85
    endloop
  endfacet
  facet normal -0.130995 0.991383 0
    outer loop
      vertex 5.37202 94.6053 3.85
      vertex 5.49311 94.6213 1.5
      vertex 5.37202 94.6053 1.5
    endloop
  endfacet
  facet normal -0.461794 -0.886987 0
    outer loop
      vertex 5.84167 97.2688 1.5
      vertex 5.95 97.2124 3.85
      vertex 5.84167 97.2688 3.85
    endloop
  endfacet
  facet normal -0.461794 -0.886987 -0
    outer loop
      vertex 5.95 97.2124 3.85
      vertex 5.84167 97.2688 1.5
      vertex 5.95 97.2124 1.5
    endloop
  endfacet
  facet normal -0.886935 0.461894 0
    outer loop
      vertex 6.46243 95.3 1.5
      vertex 6.51883 95.4083 3.85
      vertex 6.51883 95.4083 1.5
    endloop
  endfacet
  facet normal -0.886935 0.461894 0
    outer loop
      vertex 6.51883 95.4083 3.85
      vertex 6.46243 95.3 1.5
      vertex 6.46243 95.3 3.85
    endloop
  endfacet
  facet normal -0.953648 0.300924 0
    outer loop
      vertex 6.56557 95.5212 1.5
      vertex 6.6023 95.6376 3.85
      vertex 6.6023 95.6376 1.5
    endloop
  endfacet
  facet normal -0.953648 0.300924 0
    outer loop
      vertex 6.6023 95.6376 3.85
      vertex 6.56557 95.5212 1.5
      vertex 6.56557 95.5212 3.85
    endloop
  endfacet
  facet normal 0.461794 -0.886987 0
    outer loop
      vertex 4.55 97.2124 1.5
      vertex 4.65833 97.2688 3.85
      vertex 4.55 97.2124 3.85
    endloop
  endfacet
  facet normal 0.461794 -0.886987 0
    outer loop
      vertex 4.65833 97.2688 3.85
      vertex 4.55 97.2124 1.5
      vertex 4.65833 97.2688 1.5
    endloop
  endfacet
  facet normal -0.953648 -0.300924 0
    outer loop
      vertex 6.6023 96.3624 1.5
      vertex 6.56557 96.4788 3.85
      vertex 6.56557 96.4788 1.5
    endloop
  endfacet
  facet normal -0.953648 -0.300924 0
    outer loop
      vertex 6.56557 96.4788 3.85
      vertex 6.6023 96.3624 1.5
      vertex 6.6023 96.3624 3.85
    endloop
  endfacet
  facet normal 0.923951 0.382511 0
    outer loop
      vertex 3.98117 95.4083 3.85
      vertex 3.93443 95.5212 1.5
      vertex 3.93443 95.5212 3.85
    endloop
  endfacet
  facet normal 0.923951 0.382511 0
    outer loop
      vertex 3.93443 95.5212 1.5
      vertex 3.98117 95.4083 3.85
      vertex 3.98117 95.4083 1.5
    endloop
  endfacet
  facet normal 0.737487 -0.675361 0
    outer loop
      vertex 4.17754 96.8999 3.85
      vertex 4.26005 96.99 1.5
      vertex 4.26005 96.99 3.85
    endloop
  endfacet
  facet normal 0.737487 -0.675361 0
    outer loop
      vertex 4.26005 96.99 1.5
      vertex 4.17754 96.8999 3.85
      vertex 4.17754 96.8999 1.5
    endloop
  endfacet
  facet normal 0.383104 0.923705 -0
    outer loop
      vertex 4.77117 94.6844 1.5
      vertex 4.65833 94.7312 3.85
      vertex 4.77117 94.6844 3.85
    endloop
  endfacet
  facet normal 0.383104 0.923705 0
    outer loop
      vertex 4.65833 94.7312 3.85
      vertex 4.77117 94.6844 1.5
      vertex 4.65833 94.7312 1.5
    endloop
  endfacet
  facet normal -0.0433946 0.999058 0
    outer loop
      vertex 5.37202 94.6053 1.5
      vertex 5.25 94.6 3.85
      vertex 5.37202 94.6053 3.85
    endloop
  endfacet
  facet normal -0.0433946 0.999058 0
    outer loop
      vertex 5.25 94.6 3.85
      vertex 5.37202 94.6053 1.5
      vertex 5.25 94.6 1.5
    endloop
  endfacet
  facet normal 0.383104 -0.923705 0
    outer loop
      vertex 4.65833 97.2688 1.5
      vertex 4.77117 97.3156 3.85
      vertex 4.65833 97.2688 3.85
    endloop
  endfacet
  facet normal 0.383104 -0.923705 0
    outer loop
      vertex 4.77117 97.3156 3.85
      vertex 4.65833 97.2688 1.5
      vertex 4.77117 97.3156 1.5
    endloop
  endfacet
  facet normal 0.991448 0.130501 0
    outer loop
      vertex 3.87127 95.7569 3.85
      vertex 3.85533 95.878 1.5
      vertex 3.85533 95.878 3.85
    endloop
  endfacet
  facet normal 0.991448 0.130501 0
    outer loop
      vertex 3.85533 95.878 1.5
      vertex 3.87127 95.7569 3.85
      vertex 3.87127 95.7569 1.5
    endloop
  endfacet
  facet normal 0.130995 -0.991383 0
    outer loop
      vertex 5.00689 97.3787 1.5
      vertex 5.12798 97.3947 3.85
      vertex 5.00689 97.3787 3.85
    endloop
  endfacet
  facet normal 0.130995 -0.991383 0
    outer loop
      vertex 5.12798 97.3947 3.85
      vertex 5.00689 97.3787 1.5
      vertex 5.12798 97.3947 1.5
    endloop
  endfacet
  facet normal -0.300512 0.953778 0
    outer loop
      vertex 5.72883 94.6844 1.5
      vertex 5.61235 94.6477 3.85
      vertex 5.72883 94.6844 3.85
    endloop
  endfacet
  facet normal -0.300512 0.953778 0
    outer loop
      vertex 5.61235 94.6477 3.85
      vertex 5.72883 94.6844 1.5
      vertex 5.61235 94.6477 1.5
    endloop
  endfacet
  facet normal 0.537156 0.843483 -0
    outer loop
      vertex 4.55 94.7876 1.5
      vertex 4.44699 94.8532 3.85
      vertex 4.55 94.7876 3.85
    endloop
  endfacet
  facet normal 0.537156 0.843483 0
    outer loop
      vertex 4.44699 94.8532 3.85
      vertex 4.55 94.7876 1.5
      vertex 4.44699 94.8532 1.5
    endloop
  endfacet
  facet normal -0.0433946 -0.999058 0
    outer loop
      vertex 5.25 97.4 1.5
      vertex 5.37202 97.3947 3.85
      vertex 5.25 97.4 3.85
    endloop
  endfacet
  facet normal -0.0433946 -0.999058 -0
    outer loop
      vertex 5.37202 97.3947 3.85
      vertex 5.25 97.4 1.5
      vertex 5.37202 97.3947 1.5
    endloop
  endfacet
  facet normal 0.675521 0.737341 -0
    outer loop
      vertex 4.3501 94.9275 1.5
      vertex 4.26005 95.01 3.85
      vertex 4.3501 94.9275 3.85
    endloop
  endfacet
  facet normal 0.675521 0.737341 0
    outer loop
      vertex 4.26005 95.01 3.85
      vertex 4.3501 94.9275 1.5
      vertex 4.26005 95.01 1.5
    endloop
  endfacet
  facet normal -0.793369 0.608741 0
    outer loop
      vertex 6.32246 95.1001 1.5
      vertex 6.39681 95.197 3.85
      vertex 6.39681 95.197 1.5
    endloop
  endfacet
  facet normal -0.793369 0.608741 0
    outer loop
      vertex 6.39681 95.197 3.85
      vertex 6.32246 95.1001 1.5
      vertex 6.32246 95.1001 3.85
    endloop
  endfacet
  facet normal 0.976327 0.216298 0
    outer loop
      vertex 3.8977 95.6376 3.85
      vertex 3.87127 95.7569 1.5
      vertex 3.87127 95.7569 3.85
    endloop
  endfacet
  facet normal 0.976327 0.216298 0
    outer loop
      vertex 3.87127 95.7569 1.5
      vertex 3.8977 95.6376 3.85
      vertex 3.8977 95.6376 1.5
    endloop
  endfacet
  facet normal 0.976327 -0.216298 0
    outer loop
      vertex 3.87127 96.2431 3.85
      vertex 3.8977 96.3624 1.5
      vertex 3.8977 96.3624 3.85
    endloop
  endfacet
  facet normal 0.976327 -0.216298 0
    outer loop
      vertex 3.8977 96.3624 1.5
      vertex 3.87127 96.2431 3.85
      vertex 3.87127 96.2431 1.5
    endloop
  endfacet
  facet normal -0.737487 -0.675361 0
    outer loop
      vertex 6.32246 96.8999 1.5
      vertex 6.23995 96.99 3.85
      vertex 6.23995 96.99 1.5
    endloop
  endfacet
  facet normal -0.737487 -0.675361 0
    outer loop
      vertex 6.23995 96.99 3.85
      vertex 6.32246 96.8999 1.5
      vertex 6.32246 96.8999 3.85
    endloop
  endfacet
  facet normal -0.793369 -0.608741 0
    outer loop
      vertex 6.39681 96.803 1.5
      vertex 6.32246 96.8999 3.85
      vertex 6.32246 96.8999 1.5
    endloop
  endfacet
  facet normal -0.793369 -0.608741 0
    outer loop
      vertex 6.32246 96.8999 3.85
      vertex 6.39681 96.803 1.5
      vertex 6.39681 96.803 3.85
    endloop
  endfacet
  facet normal 0.537156 -0.843483 0
    outer loop
      vertex 4.44699 97.1468 1.5
      vertex 4.55 97.2124 3.85
      vertex 4.44699 97.1468 3.85
    endloop
  endfacet
  facet normal 0.537156 -0.843483 0
    outer loop
      vertex 4.55 97.2124 3.85
      vertex 4.44699 97.1468 1.5
      vertex 4.55 97.2124 1.5
    endloop
  endfacet
  facet normal 0.999047 -0.0436469 0
    outer loop
      vertex 3.85 96 3.85
      vertex 3.85533 96.122 1.5
      vertex 3.85533 96.122 3.85
    endloop
  endfacet
  facet normal 0.999047 -0.0436469 0
    outer loop
      vertex 3.85533 96.122 1.5
      vertex 3.85 96 3.85
      vertex 3.85 96 1.5
    endloop
  endfacet
  facet normal -0.537156 0.843483 0
    outer loop
      vertex 6.05301 94.8532 1.5
      vertex 5.95 94.7876 3.85
      vertex 6.05301 94.8532 3.85
    endloop
  endfacet
  facet normal -0.537156 0.843483 0
    outer loop
      vertex 5.95 94.7876 3.85
      vertex 6.05301 94.8532 1.5
      vertex 5.95 94.7876 1.5
    endloop
  endfacet
  facet normal -0.737487 0.675361 0
    outer loop
      vertex 6.23995 95.01 1.5
      vertex 6.32246 95.1001 3.85
      vertex 6.32246 95.1001 1.5
    endloop
  endfacet
  facet normal -0.737487 0.675361 0
    outer loop
      vertex 6.32246 95.1001 3.85
      vertex 6.23995 95.01 1.5
      vertex 6.23995 95.01 3.85
    endloop
  endfacet
  facet normal -0.216167 -0.976356 0
    outer loop
      vertex 5.49311 97.3787 1.5
      vertex 5.61235 97.3523 3.85
      vertex 5.49311 97.3787 3.85
    endloop
  endfacet
  facet normal -0.216167 -0.976356 -0
    outer loop
      vertex 5.61235 97.3523 3.85
      vertex 5.49311 97.3787 1.5
      vertex 5.61235 97.3523 1.5
    endloop
  endfacet
  facet normal 0.608523 0.793536 -0
    outer loop
      vertex 4.44699 94.8532 1.5
      vertex 4.3501 94.9275 3.85
      vertex 4.44699 94.8532 3.85
    endloop
  endfacet
  facet normal 0.608523 0.793536 0
    outer loop
      vertex 4.3501 94.9275 3.85
      vertex 4.44699 94.8532 1.5
      vertex 4.3501 94.9275 1.5
    endloop
  endfacet
  facet normal 0.283826 -0.704835 -0.650115
    outer loop
      vertex 4.3324 98.5211 0
      vertex 4.65833 97.2688 1.5
      vertex 4.33091 98.5205 0
    endloop
  endfacet
  facet normal 0.291266 -0.702275 -0.649595
    outer loop
      vertex 4.65833 97.2688 1.5
      vertex 4.3324 98.5211 0
      vertex 4.77117 97.3156 1.5
    endloop
  endfacet
  facet normal -0.518341 -0.556038 -0.649727
    outer loop
      vertex 6.23995 96.99 1.5
      vertex 7.14591 97.8982 0
      vertex 7.14709 97.8971 0
    endloop
  endfacet
  facet normal -0.513581 -0.560581 -0.649602
    outer loop
      vertex 7.14591 97.8982 0
      vertex 6.23995 96.99 1.5
      vertex 6.1499 97.0725 1.5
    endloop
  endfacet
  facet normal 0.0995905 0.753714 -0.649613
    outer loop
      vertex 4.78571 93.3577 0
      vertex 5.00689 94.6213 1.5
      vertex 5.12798 94.6053 1.5
    endloop
  endfacet
  facet normal 0.0948944 0.75441 -0.649508
    outer loop
      vertex 5.00689 94.6213 1.5
      vertex 4.78571 93.3577 0
      vertex 4.78412 93.3579 0
    endloop
  endfacet
  facet normal -0.759541 -0.0332299 -0.64961
    outer loop
      vertex 6.65 96 1.5
      vertex 7.93283 96.0016 0
      vertex 7.9329 96 0
    endloop
  endfacet
  facet normal -0.759542 -0.0331833 -0.649611
    outer loop
      vertex 7.93283 96.0016 0
      vertex 6.65 96 1.5
      vertex 6.64467 96.122 1.5
    endloop
  endfacet
  facet normal -0.759542 -0.0331686 -0.649612
    outer loop
      vertex 7.92269 96.2338 0
      vertex 7.93283 96.0016 0
      vertex 6.64467 96.122 1.5
    endloop
  endfacet
  facet normal 0.674387 0.351028 -0.649601
    outer loop
      vertex 3.98117 95.4083 1.5
      vertex 2.9258 94.66 0
      vertex 2.81847 94.8662 0
    endloop
  endfacet
  facet normal 0.350973 0.674405 -0.649612
    outer loop
      vertex 4.65833 94.7312 1.5
      vertex 4.11616 93.5685 0
      vertex 3.90998 93.6758 0
    endloop
  endfacet
  facet normal -0.462822 -0.603174 -0.649597
    outer loop
      vertex 6.79012 98.1967 0
      vertex 6.97453 98.0552 0
      vertex 6.1499 97.0725 1.5
    endloop
  endfacet
  facet normal -0.740881 -0.172872 -0.649007
    outer loop
      vertex 7.89214 96.4659 0
      vertex 6.6023 96.3624 1.5
      vertex 7.89179 96.4674 0
    endloop
  endfacet
  facet normal -0.742265 -0.164443 -0.649616
    outer loop
      vertex 6.6023 96.3624 1.5
      vertex 7.89214 96.4659 0
      vertex 6.62873 96.2431 1.5
    endloop
  endfacet
  facet normal -0.702586 -0.290402 -0.649646
    outer loop
      vertex 7.7711 96.9176 0
      vertex 6.51883 96.5917 1.5
      vertex 7.77048 96.9191 0
    endloop
  endfacet
  facet normal -0.702445 -0.290808 -0.649617
    outer loop
      vertex 6.51883 96.5917 1.5
      vertex 7.7711 96.9176 0
      vertex 6.56557 96.4788 1.5
    endloop
  endfacet
  facet normal 0.164345 0.74229 -0.649613
    outer loop
      vertex 4.78412 93.3579 0
      vertex 4.88765 94.6477 1.5
      vertex 5.00689 94.6213 1.5
    endloop
  endfacet
  facet normal 0.142475 0.745617 -0.650965
    outer loop
      vertex 4.88765 94.6477 1.5
      vertex 4.78412 93.3579 0
      vertex 4.78255 93.3582 0
    endloop
  endfacet
  facet normal -0.64117 0.408549 -0.649606
    outer loop
      vertex 7.57259 94.6572 0
      vertex 7.4477 94.4612 0
      vertex 6.39681 95.197 1.5
    endloop
  endfacet
  facet normal -0.674387 0.351028 -0.649601
    outer loop
      vertex 7.68153 94.8662 0
      vertex 7.5742 94.66 0
      vertex 6.51883 95.4083 1.5
    endloop
  endfacet
  facet normal 0.0994266 -0.753745 -0.649602
    outer loop
      vertex 5.01617 98.6727 0
      vertex 5.12798 97.3947 1.5
      vertex 4.78571 98.6423 0
    endloop
  endfacet
  facet normal -0.0330355 -0.759555 -0.649603
    outer loop
      vertex 5.48383 98.6727 0
      vertex 5.37202 97.3947 1.5
      vertex 5.25161 98.6828 0
    endloop
  endfacet
  facet normal -0.647652 0.397843 -0.649821
    outer loop
      vertex 7.57259 94.6572 0
      vertex 6.46243 95.3 1.5
      vertex 7.57345 94.6586 0
    endloop
  endfacet
  facet normal -0.641198 0.408499 -0.64961
    outer loop
      vertex 6.46243 95.3 1.5
      vertex 7.57259 94.6572 0
      vertex 6.39681 95.197 1.5
    endloop
  endfacet
  facet normal 0.725021 0.22878 -0.649619
    outer loop
      vertex 3.93443 95.5212 1.5
      vertex 2.72842 95.0839 0
      vertex 3.8977 95.6376 1.5
    endloop
  endfacet
  facet normal 0.724041 0.231693 -0.64968
    outer loop
      vertex 2.72842 95.0839 0
      vertex 3.93443 95.5212 1.5
      vertex 2.7289 95.0824 0
    endloop
  endfacet
  facet normal -0.759541 0.0332299 -0.64961
    outer loop
      vertex 7.93283 95.9984 0
      vertex 6.65 96 1.5
      vertex 7.9329 96 0
    endloop
  endfacet
  facet normal -0.759542 0.0331833 -0.649611
    outer loop
      vertex 6.65 96 1.5
      vertex 7.93283 95.9984 0
      vertex 6.64467 95.878 1.5
    endloop
  endfacet
  facet normal 0.753764 0.0992156 -0.649612
    outer loop
      vertex 3.85533 95.878 1.5
      vertex 2.60765 95.5357 0
      vertex 2.57731 95.7662 0
    endloop
  endfacet
  facet normal -0.0329916 0.759555 -0.649606
    outer loop
      vertex 5.25161 93.3172 0
      vertex 5.25 94.6 1.5
      vertex 5.37202 94.6053 1.5
    endloop
  endfacet
  facet normal -0.04715 0.759115 -0.649246
    outer loop
      vertex 5.25 94.6 1.5
      vertex 5.25161 93.3172 0
      vertex 5.25 93.3171 0
    endloop
  endfacet
  facet normal 0.759542 -0.0331833 -0.649611
    outer loop
      vertex 3.85 96 1.5
      vertex 2.56717 96.0016 0
      vertex 3.85533 96.122 1.5
    endloop
  endfacet
  facet normal 0.759541 -0.0332299 -0.64961
    outer loop
      vertex 2.56717 96.0016 0
      vertex 3.85 96 1.5
      vertex 2.5671 96 0
    endloop
  endfacet
  facet normal -0.291074 -0.702338 -0.649613
    outer loop
      vertex 6.16909 98.5205 0
      vertex 6.38384 98.4315 0
      vertex 5.84167 97.2688 1.5
    endloop
  endfacet
  facet normal -0.350973 0.674405 -0.649612
    outer loop
      vertex 6.59002 93.6758 0
      vertex 6.38384 93.5685 0
      vertex 5.84167 94.7312 1.5
    endloop
  endfacet
  facet normal -0.22862 0.725075 -0.649615
    outer loop
      vertex 6.16607 93.4784 0
      vertex 5.94438 93.4085 0
      vertex 5.61235 94.6477 1.5
    endloop
  endfacet
  facet normal -0.291266 -0.702275 -0.649595
    outer loop
      vertex 6.1676 98.5211 0
      vertex 5.84167 97.2688 1.5
      vertex 5.72883 97.3156 1.5
    endloop
  endfacet
  facet normal -0.283826 -0.704835 -0.650115
    outer loop
      vertex 5.84167 97.2688 1.5
      vertex 6.1676 98.5211 0
      vertex 6.16909 98.5205 0
    endloop
  endfacet
  facet normal -0.0994266 -0.753745 -0.649602
    outer loop
      vertex 5.48383 98.6727 0
      vertex 5.71429 98.6423 0
      vertex 5.37202 97.3947 1.5
    endloop
  endfacet
  facet normal 0.334447 -0.683228 -0.649111
    outer loop
      vertex 3.90998 98.3242 0
      vertex 4.55 97.2124 1.5
      vertex 3.90855 98.3235 0
    endloop
  endfacet
  facet normal 0.351082 -0.67434 -0.649621
    outer loop
      vertex 4.55 97.2124 1.5
      vertex 3.90998 98.3242 0
      vertex 4.65833 97.2688 1.5
    endloop
  endfacet
  facet normal -0.674307 0.351162 -0.649612
    outer loop
      vertex 7.5742 94.66 0
      vertex 6.46243 95.3 1.5
      vertex 6.51883 95.4083 1.5
    endloop
  endfacet
  facet normal -0.670039 0.35895 -0.649771
    outer loop
      vertex 6.46243 95.3 1.5
      vertex 7.5742 94.66 0
      vertex 7.57345 94.6586 0
    endloop
  endfacet
  facet normal -0.334447 0.683228 -0.649111
    outer loop
      vertex 6.59002 93.6758 0
      vertex 5.95 94.7876 1.5
      vertex 6.59145 93.6765 0
    endloop
  endfacet
  facet normal -0.351082 0.67434 -0.649621
    outer loop
      vertex 5.95 94.7876 1.5
      vertex 6.59002 93.6758 0
      vertex 5.84167 94.7312 1.5
    endloop
  endfacet
  facet normal 0.560562 0.513597 -0.649607
    outer loop
      vertex 4.17754 95.1001 1.5
      vertex 3.35182 94.1041 0
      vertex 3.19478 94.2755 0
    endloop
  endfacet
  facet normal 0.562818 0.511226 -0.649526
    outer loop
      vertex 3.35182 94.1041 0
      vertex 4.26005 95.01 1.5
      vertex 3.35291 94.1029 0
    endloop
  endfacet
  facet normal 0.560698 0.513465 -0.649594
    outer loop
      vertex 4.26005 95.01 1.5
      vertex 3.35182 94.1041 0
      vertex 4.17754 95.1001 1.5
    endloop
  endfacet
  facet normal -0.725085 0.228613 -0.649606
    outer loop
      vertex 7.84148 95.3056 0
      vertex 7.77158 95.0839 0
      vertex 6.6023 95.6376 1.5
    endloop
  endfacet
  facet normal -0.513562 0.560601 -0.649601
    outer loop
      vertex 7.14591 94.1018 0
      vertex 6.97453 93.9448 0
      vertex 6.1499 94.9275 1.5
    endloop
  endfacet
  facet normal -0.22862 -0.725075 -0.649615
    outer loop
      vertex 5.94438 98.5915 0
      vertex 6.16607 98.5216 0
      vertex 5.61235 97.3523 1.5
    endloop
  endfacet
  facet normal -0.142475 0.745617 -0.650965
    outer loop
      vertex 5.71588 93.3579 0
      vertex 5.61235 94.6477 1.5
      vertex 5.71745 93.3582 0
    endloop
  endfacet
  facet normal -0.164345 0.74229 -0.649613
    outer loop
      vertex 5.61235 94.6477 1.5
      vertex 5.71588 93.3579 0
      vertex 5.49311 94.6213 1.5
    endloop
  endfacet
  facet normal -0.742259 -0.164507 -0.649606
    outer loop
      vertex 7.84148 96.6944 0
      vertex 7.89179 96.4674 0
      vertex 6.6023 96.3624 1.5
    endloop
  endfacet
  facet normal 0.350973 -0.674405 -0.649612
    outer loop
      vertex 4.11616 98.4315 0
      vertex 4.65833 97.2688 1.5
      vertex 3.90998 98.3242 0
    endloop
  endfacet
  facet normal 0.513581 -0.560581 -0.649602
    outer loop
      vertex 4.26005 96.99 1.5
      vertex 3.35409 97.8982 0
      vertex 4.3501 97.0725 1.5
    endloop
  endfacet
  facet normal 0.518341 -0.556038 -0.649727
    outer loop
      vertex 3.35409 97.8982 0
      vertex 4.26005 96.99 1.5
      vertex 3.35291 97.8971 0
    endloop
  endfacet
  facet normal -0.236125 0.722542 -0.649752
    outer loop
      vertex 6.16607 93.4784 0
      vertex 5.72883 94.6844 1.5
      vertex 6.1676 93.4789 0
    endloop
  endfacet
  facet normal -0.228471 0.725132 -0.649604
    outer loop
      vertex 5.72883 94.6844 1.5
      vertex 6.16607 93.4784 0
      vertex 5.61235 94.6477 1.5
    endloop
  endfacet
  facet normal 0.462822 -0.603174 -0.649597
    outer loop
      vertex 3.70988 98.1967 0
      vertex 4.3501 97.0725 1.5
      vertex 3.52547 98.0552 0
    endloop
  endfacet
  facet normal -0.725085 -0.228613 -0.649606
    outer loop
      vertex 7.77158 96.9161 0
      vertex 7.84148 96.6944 0
      vertex 6.6023 96.3624 1.5
    endloop
  endfacet
  facet normal 0.702445 0.290808 -0.649617
    outer loop
      vertex 3.98117 95.4083 1.5
      vertex 2.7289 95.0824 0
      vertex 3.93443 95.5212 1.5
    endloop
  endfacet
  facet normal 0.702586 0.290402 -0.649646
    outer loop
      vertex 2.7289 95.0824 0
      vertex 3.98117 95.4083 1.5
      vertex 2.72952 95.0809 0
    endloop
  endfacet
  facet normal -0.283826 0.704835 -0.650115
    outer loop
      vertex 6.1676 93.4789 0
      vertex 5.84167 94.7312 1.5
      vertex 6.16909 93.4795 0
    endloop
  endfacet
  facet normal -0.291266 0.702275 -0.649595
    outer loop
      vertex 5.84167 94.7312 1.5
      vertex 6.1676 93.4789 0
      vertex 5.72883 94.6844 1.5
    endloop
  endfacet
  facet normal 0.674335 0.351115 -0.649608
    outer loop
      vertex 4.03756 95.3 1.5
      vertex 2.9258 94.66 0
      vertex 3.98117 95.4083 1.5
    endloop
  endfacet
  facet normal 0.672081 0.355243 -0.649699
    outer loop
      vertex 2.9258 94.66 0
      vertex 4.03756 95.3 1.5
      vertex 2.92654 94.6586 0
    endloop
  endfacet
  facet normal -0.562818 0.511226 -0.649526
    outer loop
      vertex 6.23995 95.01 1.5
      vertex 7.14818 94.1041 0
      vertex 7.14709 94.1029 0
    endloop
  endfacet
  facet normal -0.560698 0.513465 -0.649594
    outer loop
      vertex 7.14818 94.1041 0
      vertex 6.23995 95.01 1.5
      vertex 6.32246 95.1001 1.5
    endloop
  endfacet
  facet normal 0.742265 0.164443 -0.649616
    outer loop
      vertex 3.8977 95.6376 1.5
      vertex 2.60786 95.5341 0
      vertex 3.87127 95.7569 1.5
    endloop
  endfacet
  facet normal 0.740881 0.172872 -0.649007
    outer loop
      vertex 2.60786 95.5341 0
      vertex 3.8977 95.6376 1.5
      vertex 2.60821 95.5326 0
    endloop
  endfacet
  facet normal 0.462822 0.603174 -0.649597
    outer loop
      vertex 4.3501 94.9275 1.5
      vertex 3.70988 93.8033 0
      vertex 3.52547 93.9448 0
    endloop
  endfacet
  facet normal -0.0330355 0.759555 -0.649603
    outer loop
      vertex 5.37202 94.6053 1.5
      vertex 5.48383 93.3273 0
      vertex 5.25161 93.3172 0
    endloop
  endfacet
  facet normal -0.0994266 0.753745 -0.649602
    outer loop
      vertex 5.71429 93.3577 0
      vertex 5.48383 93.3273 0
      vertex 5.37202 94.6053 1.5
    endloop
  endfacet
  facet normal -0.742265 0.164443 -0.649616
    outer loop
      vertex 7.89214 95.5341 0
      vertex 6.6023 95.6376 1.5
      vertex 6.62873 95.7569 1.5
    endloop
  endfacet
  facet normal -0.740881 0.172872 -0.649007
    outer loop
      vertex 6.6023 95.6376 1.5
      vertex 7.89214 95.5341 0
      vertex 7.89179 95.5326 0
    endloop
  endfacet
  facet normal -0.560562 -0.513597 -0.649607
    outer loop
      vertex 7.14818 97.8959 0
      vertex 7.30522 97.7245 0
      vertex 6.32246 96.8999 1.5
    endloop
  endfacet
  facet normal -0.513562 -0.560601 -0.649601
    outer loop
      vertex 6.97453 98.0552 0
      vertex 7.14591 97.8982 0
      vertex 6.1499 97.0725 1.5
    endloop
  endfacet
  facet normal -0.674387 -0.351028 -0.649601
    outer loop
      vertex 7.5742 97.34 0
      vertex 7.68153 97.1338 0
      vertex 6.51883 96.5917 1.5
    endloop
  endfacet
  facet normal -0.753761 -0.0992479 -0.649611
    outer loop
      vertex 7.89234 96.4643 0
      vertex 7.92269 96.2338 0
      vertex 6.64467 96.122 1.5
    endloop
  endfacet
  facet normal -0.753761 0.0992479 -0.649611
    outer loop
      vertex 7.92269 95.7662 0
      vertex 7.89234 95.5357 0
      vertex 6.64467 95.878 1.5
    endloop
  endfacet
  facet normal 0.04715 0.759115 -0.649246
    outer loop
      vertex 5.24839 93.3172 0
      vertex 5.25 94.6 1.5
      vertex 5.25 93.3171 0
    endloop
  endfacet
  facet normal 0.0329916 0.759555 -0.649606
    outer loop
      vertex 5.25 94.6 1.5
      vertex 5.24839 93.3172 0
      vertex 5.12798 94.6053 1.5
    endloop
  endfacet
  facet normal 0.725085 0.228613 -0.649606
    outer loop
      vertex 3.8977 95.6376 1.5
      vertex 2.72842 95.0839 0
      vertex 2.65852 95.3056 0
    endloop
  endfacet
  facet normal 0.742259 0.164507 -0.649606
    outer loop
      vertex 3.8977 95.6376 1.5
      vertex 2.65852 95.3056 0
      vertex 2.60821 95.5326 0
    endloop
  endfacet
  facet normal -0.70238 0.290995 -0.649603
    outer loop
      vertex 7.77048 95.0809 0
      vertex 7.68153 94.8662 0
      vertex 6.51883 95.4083 1.5
    endloop
  endfacet
  facet normal -0.725021 0.22878 -0.649619
    outer loop
      vertex 7.77158 95.0839 0
      vertex 6.56557 95.5212 1.5
      vertex 6.6023 95.6376 1.5
    endloop
  endfacet
  facet normal -0.724041 0.231693 -0.64968
    outer loop
      vertex 6.56557 95.5212 1.5
      vertex 7.77158 95.0839 0
      vertex 7.7711 95.0824 0
    endloop
  endfacet
  facet normal -0.759542 0.0331686 -0.649612
    outer loop
      vertex 7.93283 95.9984 0
      vertex 7.92269 95.7662 0
      vertex 6.64467 95.878 1.5
    endloop
  endfacet
  facet normal -0.742259 0.164507 -0.649606
    outer loop
      vertex 7.89179 95.5326 0
      vertex 7.84148 95.3056 0
      vertex 6.6023 95.6376 1.5
    endloop
  endfacet
  facet normal 0.291074 -0.702338 -0.649613
    outer loop
      vertex 4.33091 98.5205 0
      vertex 4.65833 97.2688 1.5
      vertex 4.11616 98.4315 0
    endloop
  endfacet
  facet normal -0.603156 0.462834 -0.649606
    outer loop
      vertex 7.44672 94.4599 0
      vertex 7.30522 94.2755 0
      vertex 6.32246 95.1001 1.5
    endloop
  endfacet
  facet normal 0.603174 0.462807 -0.649609
    outer loop
      vertex 3.05328 94.4599 0
      vertex 4.10319 95.197 1.5
      vertex 4.17754 95.1001 1.5
    endloop
  endfacet
  facet normal 0.607009 0.457592 -0.649731
    outer loop
      vertex 4.10319 95.197 1.5
      vertex 3.05328 94.4599 0
      vertex 3.0523 94.4612 0
    endloop
  endfacet
  facet normal 0.603156 0.462834 -0.649606
    outer loop
      vertex 4.17754 95.1001 1.5
      vertex 3.19478 94.2755 0
      vertex 3.05328 94.4599 0
    endloop
  endfacet
  facet normal 0.22862 -0.725075 -0.649615
    outer loop
      vertex 4.55562 98.5915 0
      vertex 4.88765 97.3523 1.5
      vertex 4.33393 98.5216 0
    endloop
  endfacet
  facet normal 0.560562 -0.513597 -0.649607
    outer loop
      vertex 3.35182 97.8959 0
      vertex 4.17754 96.8999 1.5
      vertex 3.19478 97.7245 0
    endloop
  endfacet
  facet normal -0.607009 0.457592 -0.649731
    outer loop
      vertex 7.44672 94.4599 0
      vertex 6.39681 95.197 1.5
      vertex 7.4477 94.4612 0
    endloop
  endfacet
  facet normal -0.603174 0.462807 -0.649609
    outer loop
      vertex 6.39681 95.197 1.5
      vertex 7.44672 94.4599 0
      vertex 6.32246 95.1001 1.5
    endloop
  endfacet
  facet normal -0.462822 0.603174 -0.649597
    outer loop
      vertex 6.97453 93.9448 0
      vertex 6.79012 93.8033 0
      vertex 6.1499 94.9275 1.5
    endloop
  endfacet
  facet normal 0.753764 0.0992155 -0.649612
    outer loop
      vertex 3.87127 95.7569 1.5
      vertex 2.60765 95.5357 0
      vertex 3.85533 95.878 1.5
    endloop
  endfacet
  facet normal 0.753806 0.098937 -0.649606
    outer loop
      vertex 2.60765 95.5357 0
      vertex 3.87127 95.7569 1.5
      vertex 2.60786 95.5341 0
    endloop
  endfacet
  facet normal 0.724041 -0.231693 -0.64968
    outer loop
      vertex 3.93443 96.4788 1.5
      vertex 2.72842 96.9161 0
      vertex 2.7289 96.9176 0
    endloop
  endfacet
  facet normal 0.725021 -0.22878 -0.649619
    outer loop
      vertex 2.72842 96.9161 0
      vertex 3.93443 96.4788 1.5
      vertex 3.8977 96.3624 1.5
    endloop
  endfacet
  facet normal 0.560698 -0.513465 -0.649594
    outer loop
      vertex 3.35182 97.8959 0
      vertex 4.26005 96.99 1.5
      vertex 4.17754 96.8999 1.5
    endloop
  endfacet
  facet normal 0.562818 -0.511226 -0.649526
    outer loop
      vertex 4.26005 96.99 1.5
      vertex 3.35182 97.8959 0
      vertex 3.35291 97.8971 0
    endloop
  endfacet
  facet normal -0.754492 -0.0943115 -0.649497
    outer loop
      vertex 7.89234 96.4643 0
      vertex 6.62873 96.2431 1.5
      vertex 7.89214 96.4659 0
    endloop
  endfacet
  facet normal -0.753767 -0.0992159 -0.649609
    outer loop
      vertex 6.62873 96.2431 1.5
      vertex 7.89234 96.4643 0
      vertex 6.64467 96.122 1.5
    endloop
  endfacet
  facet normal -0.70238 -0.290995 -0.649603
    outer loop
      vertex 7.68153 97.1338 0
      vertex 7.77048 96.9191 0
      vertex 6.51883 96.5917 1.5
    endloop
  endfacet
  facet normal 0.513562 0.560601 -0.649601
    outer loop
      vertex 4.3501 94.9275 1.5
      vertex 3.52547 93.9448 0
      vertex 3.35409 94.1018 0
    endloop
  endfacet
  facet normal -0.291074 0.702338 -0.649613
    outer loop
      vertex 6.38384 93.5685 0
      vertex 6.16909 93.4795 0
      vertex 5.84167 94.7312 1.5
    endloop
  endfacet
  facet normal 0.759542 -0.0331686 -0.649612
    outer loop
      vertex 2.57731 96.2338 0
      vertex 3.85533 96.122 1.5
      vertex 2.56717 96.0016 0
    endloop
  endfacet
  facet normal 0.470455 0.597477 -0.649379
    outer loop
      vertex 3.70988 93.8033 0
      vertex 4.44699 94.8532 1.5
      vertex 3.71115 93.8023 0
    endloop
  endfacet
  facet normal 0.462639 0.603298 -0.649612
    outer loop
      vertex 4.44699 94.8532 1.5
      vertex 3.70988 93.8033 0
      vertex 4.3501 94.9275 1.5
    endloop
  endfacet
  facet normal 0.64117 0.408549 -0.649606
    outer loop
      vertex 4.10319 95.197 1.5
      vertex 3.0523 94.4612 0
      vertex 2.92741 94.6572 0
    endloop
  endfacet
  facet normal -0.560698 -0.513465 -0.649594
    outer loop
      vertex 6.23995 96.99 1.5
      vertex 7.14818 97.8959 0
      vertex 6.32246 96.8999 1.5
    endloop
  endfacet
  facet normal -0.562818 -0.511226 -0.649526
    outer loop
      vertex 7.14818 97.8959 0
      vertex 6.23995 96.99 1.5
      vertex 7.14709 97.8971 0
    endloop
  endfacet
  facet normal -0.560562 0.513597 -0.649607
    outer loop
      vertex 7.30522 94.2755 0
      vertex 7.14818 94.1041 0
      vertex 6.32246 95.1001 1.5
    endloop
  endfacet
  facet normal 0.513581 0.560581 -0.649602
    outer loop
      vertex 3.35409 94.1018 0
      vertex 4.26005 95.01 1.5
      vertex 4.3501 94.9275 1.5
    endloop
  endfacet
  facet normal 0.518341 0.556038 -0.649727
    outer loop
      vertex 4.26005 95.01 1.5
      vertex 3.35409 94.1018 0
      vertex 3.35291 94.1029 0
    endloop
  endfacet
  facet normal -0.702445 0.290808 -0.649617
    outer loop
      vertex 7.7711 95.0824 0
      vertex 6.51883 95.4083 1.5
      vertex 6.56557 95.5212 1.5
    endloop
  endfacet
  facet normal -0.702586 0.290402 -0.649646
    outer loop
      vertex 6.51883 95.4083 1.5
      vertex 7.7711 95.0824 0
      vertex 7.77048 95.0809 0
    endloop
  endfacet
  facet normal 0.0330355 -0.759555 -0.649603
    outer loop
      vertex 5.24839 98.6828 0
      vertex 5.12798 97.3947 1.5
      vertex 5.01617 98.6727 0
    endloop
  endfacet
  facet normal 0.759542 0.0331686 -0.649612
    outer loop
      vertex 3.85533 95.878 1.5
      vertex 2.57731 95.7662 0
      vertex 2.56717 95.9984 0
    endloop
  endfacet
  facet normal -0.753767 0.0992159 -0.649609
    outer loop
      vertex 7.89234 95.5357 0
      vertex 6.62873 95.7569 1.5
      vertex 6.64467 95.878 1.5
    endloop
  endfacet
  facet normal -0.754492 0.0943115 -0.649497
    outer loop
      vertex 6.62873 95.7569 1.5
      vertex 7.89234 95.5357 0
      vertex 7.89214 95.5341 0
    endloop
  endfacet
  facet normal 0.0948944 -0.75441 -0.649508
    outer loop
      vertex 4.78571 98.6423 0
      vertex 5.00689 97.3787 1.5
      vertex 4.78412 98.6421 0
    endloop
  endfacet
  facet normal 0.0995905 -0.753714 -0.649613
    outer loop
      vertex 5.00689 97.3787 1.5
      vertex 4.78571 98.6423 0
      vertex 5.12798 97.3947 1.5
    endloop
  endfacet
  facet normal -0.350973 -0.674405 -0.649612
    outer loop
      vertex 6.38384 98.4315 0
      vertex 6.59002 98.3242 0
      vertex 5.84167 97.2688 1.5
    endloop
  endfacet
  facet normal 0.462639 -0.603298 -0.649612
    outer loop
      vertex 3.70988 98.1967 0
      vertex 4.44699 97.1468 1.5
      vertex 4.3501 97.0725 1.5
    endloop
  endfacet
  facet normal 0.470455 -0.597477 -0.649379
    outer loop
      vertex 4.44699 97.1468 1.5
      vertex 3.70988 98.1967 0
      vertex 3.71115 98.1977 0
    endloop
  endfacet
  facet normal -0.408511 -0.641188 -0.649613
    outer loop
      vertex 6.5928 98.3226 0
      vertex 6.78884 98.1977 0
      vertex 6.05301 97.1468 1.5
    endloop
  endfacet
  facet normal -0.462639 -0.603298 -0.649612
    outer loop
      vertex 6.05301 97.1468 1.5
      vertex 6.79012 98.1967 0
      vertex 6.1499 97.0725 1.5
    endloop
  endfacet
  facet normal -0.468136 -0.599214 -0.649455
    outer loop
      vertex 6.79012 98.1967 0
      vertex 6.05301 97.1468 1.5
      vertex 6.78884 98.1977 0
    endloop
  endfacet
  facet normal 0.641172 0.408545 -0.649607
    outer loop
      vertex 2.92741 94.6572 0
      vertex 4.03756 95.3 1.5
      vertex 4.10319 95.197 1.5
    endloop
  endfacet
  facet normal 0.645629 0.401212 -0.649763
    outer loop
      vertex 4.03756 95.3 1.5
      vertex 2.92741 94.6572 0
      vertex 2.92654 94.6586 0
    endloop
  endfacet
  facet normal -0.603156 -0.462834 -0.649606
    outer loop
      vertex 7.30522 97.7245 0
      vertex 7.44672 97.5401 0
      vertex 6.32246 96.8999 1.5
    endloop
  endfacet
  facet normal 0.672081 -0.355243 -0.649699
    outer loop
      vertex 4.03756 96.7 1.5
      vertex 2.9258 97.34 0
      vertex 2.92654 97.3414 0
    endloop
  endfacet
  facet normal 0.674335 -0.351115 -0.649608
    outer loop
      vertex 2.9258 97.34 0
      vertex 4.03756 96.7 1.5
      vertex 3.98117 96.5917 1.5
    endloop
  endfacet
  facet normal 0.236125 -0.722542 -0.649752
    outer loop
      vertex 4.33393 98.5216 0
      vertex 4.77117 97.3156 1.5
      vertex 4.3324 98.5211 0
    endloop
  endfacet
  facet normal 0.228471 -0.725132 -0.649604
    outer loop
      vertex 4.77117 97.3156 1.5
      vertex 4.33393 98.5216 0
      vertex 4.88765 97.3523 1.5
    endloop
  endfacet
  facet normal -0.724041 -0.231693 -0.64968
    outer loop
      vertex 7.77158 96.9161 0
      vertex 6.56557 96.4788 1.5
      vertex 7.7711 96.9176 0
    endloop
  endfacet
  facet normal -0.725021 -0.22878 -0.649619
    outer loop
      vertex 6.56557 96.4788 1.5
      vertex 7.77158 96.9161 0
      vertex 6.6023 96.3624 1.5
    endloop
  endfacet
  facet normal 0.753764 -0.0992156 -0.649612
    outer loop
      vertex 2.60765 96.4643 0
      vertex 3.85533 96.122 1.5
      vertex 2.57731 96.2338 0
    endloop
  endfacet
  facet normal 0.421911 0.632866 -0.649208
    outer loop
      vertex 3.9072 93.6774 0
      vertex 4.55 94.7876 1.5
      vertex 3.90855 93.6765 0
    endloop
  endfacet
  facet normal 0.408376 0.641263 -0.649623
    outer loop
      vertex 4.55 94.7876 1.5
      vertex 3.9072 93.6774 0
      vertex 4.44699 94.8532 1.5
    endloop
  endfacet
  facet normal 0.70238 0.290995 -0.649603
    outer loop
      vertex 3.98117 95.4083 1.5
      vertex 2.81847 94.8662 0
      vertex 2.72952 95.0809 0
    endloop
  endfacet
  facet normal 0.351082 0.67434 -0.649621
    outer loop
      vertex 3.90998 93.6758 0
      vertex 4.55 94.7876 1.5
      vertex 4.65833 94.7312 1.5
    endloop
  endfacet
  facet normal 0.334447 0.683228 -0.649111
    outer loop
      vertex 4.55 94.7876 1.5
      vertex 3.90998 93.6758 0
      vertex 3.90855 93.6765 0
    endloop
  endfacet
  facet normal 0.513562 -0.560601 -0.649601
    outer loop
      vertex 3.52547 98.0552 0
      vertex 4.3501 97.0725 1.5
      vertex 3.35409 97.8982 0
    endloop
  endfacet
  facet normal -0.518341 0.556038 -0.649727
    outer loop
      vertex 7.14591 94.1018 0
      vertex 6.23995 95.01 1.5
      vertex 7.14709 94.1029 0
    endloop
  endfacet
  facet normal -0.513581 0.560581 -0.649602
    outer loop
      vertex 6.23995 95.01 1.5
      vertex 7.14591 94.1018 0
      vertex 6.1499 94.9275 1.5
    endloop
  endfacet
  facet normal -0.408511 0.641188 -0.649613
    outer loop
      vertex 6.78884 93.8023 0
      vertex 6.5928 93.6774 0
      vertex 6.05301 94.8532 1.5
    endloop
  endfacet
  facet normal -0.468136 0.599214 -0.649455
    outer loop
      vertex 6.05301 94.8532 1.5
      vertex 6.79012 93.8033 0
      vertex 6.78884 93.8023 0
    endloop
  endfacet
  facet normal -0.462639 0.603298 -0.649612
    outer loop
      vertex 6.79012 93.8033 0
      vertex 6.05301 94.8532 1.5
      vertex 6.1499 94.9275 1.5
    endloop
  endfacet
  facet normal 0.164523 -0.742249 -0.649614
    outer loop
      vertex 4.78255 98.6418 0
      vertex 4.88765 97.3523 1.5
      vertex 4.55562 98.5915 0
    endloop
  endfacet
  facet normal 0.70238 -0.290995 -0.649603
    outer loop
      vertex 2.81847 97.1338 0
      vertex 3.98117 96.5917 1.5
      vertex 2.72952 96.9191 0
    endloop
  endfacet
  facet normal -0.607009 -0.457592 -0.649731
    outer loop
      vertex 6.39681 96.803 1.5
      vertex 7.44672 97.5401 0
      vertex 7.4477 97.5388 0
    endloop
  endfacet
  facet normal -0.603174 -0.462807 -0.649609
    outer loop
      vertex 7.44672 97.5401 0
      vertex 6.39681 96.803 1.5
      vertex 6.32246 96.8999 1.5
    endloop
  endfacet
  facet normal 0.408495 0.641197 -0.649614
    outer loop
      vertex 4.44699 94.8532 1.5
      vertex 3.9072 93.6774 0
      vertex 3.71115 93.8023 0
    endloop
  endfacet
  facet normal 0.725085 -0.228613 -0.649606
    outer loop
      vertex 2.72842 96.9161 0
      vertex 3.8977 96.3624 1.5
      vertex 2.65852 96.6944 0
    endloop
  endfacet
  facet normal -0.670039 -0.35895 -0.649771
    outer loop
      vertex 7.5742 97.34 0
      vertex 6.46243 96.7 1.5
      vertex 7.57345 97.3414 0
    endloop
  endfacet
  facet normal -0.674307 -0.351162 -0.649612
    outer loop
      vertex 6.46243 96.7 1.5
      vertex 7.5742 97.34 0
      vertex 6.51883 96.5917 1.5
    endloop
  endfacet
  facet normal -0.0948944 0.75441 -0.649508
    outer loop
      vertex 5.71429 93.3577 0
      vertex 5.49311 94.6213 1.5
      vertex 5.71588 93.3579 0
    endloop
  endfacet
  facet normal -0.0995905 0.753714 -0.649613
    outer loop
      vertex 5.49311 94.6213 1.5
      vertex 5.71429 93.3577 0
      vertex 5.37202 94.6053 1.5
    endloop
  endfacet
  facet normal 0.603174 -0.462807 -0.649609
    outer loop
      vertex 4.10319 96.803 1.5
      vertex 3.05328 97.5401 0
      vertex 4.17754 96.8999 1.5
    endloop
  endfacet
  facet normal 0.607009 -0.457592 -0.649731
    outer loop
      vertex 3.05328 97.5401 0
      vertex 4.10319 96.803 1.5
      vertex 3.0523 97.5388 0
    endloop
  endfacet
  facet normal -0.164523 -0.742249 -0.649614
    outer loop
      vertex 5.71745 98.6418 0
      vertex 5.94438 98.5915 0
      vertex 5.61235 97.3523 1.5
    endloop
  endfacet
  facet normal -0.228471 -0.725132 -0.649604
    outer loop
      vertex 6.16607 98.5216 0
      vertex 5.72883 97.3156 1.5
      vertex 5.61235 97.3523 1.5
    endloop
  endfacet
  facet normal -0.236125 -0.722542 -0.649752
    outer loop
      vertex 5.72883 97.3156 1.5
      vertex 6.16607 98.5216 0
      vertex 6.1676 98.5211 0
    endloop
  endfacet
  facet normal -0.421911 0.632866 -0.649208
    outer loop
      vertex 5.95 94.7876 1.5
      vertex 6.5928 93.6774 0
      vertex 6.59145 93.6765 0
    endloop
  endfacet
  facet normal -0.408376 0.641263 -0.649623
    outer loop
      vertex 6.5928 93.6774 0
      vertex 5.95 94.7876 1.5
      vertex 6.05301 94.8532 1.5
    endloop
  endfacet
  facet normal -0.351082 -0.67434 -0.649621
    outer loop
      vertex 6.59002 98.3242 0
      vertex 5.95 97.2124 1.5
      vertex 5.84167 97.2688 1.5
    endloop
  endfacet
  facet normal -0.334447 -0.683228 -0.649111
    outer loop
      vertex 5.95 97.2124 1.5
      vertex 6.59002 98.3242 0
      vertex 6.59145 98.3235 0
    endloop
  endfacet
  facet normal 0.408495 -0.641197 -0.649614
    outer loop
      vertex 3.9072 98.3226 0
      vertex 4.44699 97.1468 1.5
      vertex 3.71115 98.1977 0
    endloop
  endfacet
  facet normal 0.603156 -0.462834 -0.649606
    outer loop
      vertex 3.19478 97.7245 0
      vertex 4.17754 96.8999 1.5
      vertex 3.05328 97.5401 0
    endloop
  endfacet
  facet normal 0.742259 -0.164507 -0.649606
    outer loop
      vertex 2.65852 96.6944 0
      vertex 3.8977 96.3624 1.5
      vertex 2.60821 96.4674 0
    endloop
  endfacet
  facet normal 0.164523 0.742249 -0.649614
    outer loop
      vertex 4.88765 94.6477 1.5
      vertex 4.78255 93.3582 0
      vertex 4.55562 93.4085 0
    endloop
  endfacet
  facet normal -0.04715 -0.759115 -0.649246
    outer loop
      vertex 5.25161 98.6828 0
      vertex 5.25 97.4 1.5
      vertex 5.25 98.6829 0
    endloop
  endfacet
  facet normal -0.0329916 -0.759555 -0.649606
    outer loop
      vertex 5.25 97.4 1.5
      vertex 5.25161 98.6828 0
      vertex 5.37202 97.3947 1.5
    endloop
  endfacet
  facet normal 0.753806 -0.098937 -0.649606
    outer loop
      vertex 3.87127 96.2431 1.5
      vertex 2.60765 96.4643 0
      vertex 2.60786 96.4659 0
    endloop
  endfacet
  facet normal 0.753764 -0.0992155 -0.649612
    outer loop
      vertex 2.60765 96.4643 0
      vertex 3.87127 96.2431 1.5
      vertex 3.85533 96.122 1.5
    endloop
  endfacet
  facet normal -0.164523 0.742249 -0.649614
    outer loop
      vertex 5.94438 93.4085 0
      vertex 5.71745 93.3582 0
      vertex 5.61235 94.6477 1.5
    endloop
  endfacet
  facet normal 0.0994266 0.753745 -0.649602
    outer loop
      vertex 5.12798 94.6053 1.5
      vertex 5.01617 93.3273 0
      vertex 4.78571 93.3577 0
    endloop
  endfacet
  facet normal 0.0330355 0.759555 -0.649603
    outer loop
      vertex 5.12798 94.6053 1.5
      vertex 5.24839 93.3172 0
      vertex 5.01617 93.3273 0
    endloop
  endfacet
  facet normal 0.674387 -0.351028 -0.649601
    outer loop
      vertex 2.9258 97.34 0
      vertex 3.98117 96.5917 1.5
      vertex 2.81847 97.1338 0
    endloop
  endfacet
  facet normal -0.64117 -0.408549 -0.649606
    outer loop
      vertex 7.4477 97.5388 0
      vertex 7.57259 97.3428 0
      vertex 6.39681 96.803 1.5
    endloop
  endfacet
  facet normal -0.647652 -0.397843 -0.649821
    outer loop
      vertex 6.46243 96.7 1.5
      vertex 7.57259 97.3428 0
      vertex 7.57345 97.3414 0
    endloop
  endfacet
  facet normal -0.641198 -0.408499 -0.64961
    outer loop
      vertex 7.57259 97.3428 0
      vertex 6.46243 96.7 1.5
      vertex 6.39681 96.803 1.5
    endloop
  endfacet
  facet normal 0.228471 0.725132 -0.649604
    outer loop
      vertex 4.33393 93.4784 0
      vertex 4.77117 94.6844 1.5
      vertex 4.88765 94.6477 1.5
    endloop
  endfacet
  facet normal 0.236125 0.722542 -0.649752
    outer loop
      vertex 4.77117 94.6844 1.5
      vertex 4.33393 93.4784 0
      vertex 4.3324 93.4789 0
    endloop
  endfacet
  facet normal 0.291266 0.702275 -0.649595
    outer loop
      vertex 4.3324 93.4789 0
      vertex 4.65833 94.7312 1.5
      vertex 4.77117 94.6844 1.5
    endloop
  endfacet
  facet normal 0.283826 0.704835 -0.650115
    outer loop
      vertex 4.65833 94.7312 1.5
      vertex 4.3324 93.4789 0
      vertex 4.33091 93.4795 0
    endloop
  endfacet
  facet normal 0.291074 0.702338 -0.649613
    outer loop
      vertex 4.65833 94.7312 1.5
      vertex 4.33091 93.4795 0
      vertex 4.11616 93.5685 0
    endloop
  endfacet
  facet normal 0.0329916 -0.759555 -0.649606
    outer loop
      vertex 5.24839 98.6828 0
      vertex 5.25 97.4 1.5
      vertex 5.12798 97.3947 1.5
    endloop
  endfacet
  facet normal 0.04715 -0.759115 -0.649246
    outer loop
      vertex 5.25 97.4 1.5
      vertex 5.24839 98.6828 0
      vertex 5.25 98.6829 0
    endloop
  endfacet
  facet normal 0.408376 -0.641263 -0.649623
    outer loop
      vertex 3.9072 98.3226 0
      vertex 4.55 97.2124 1.5
      vertex 4.44699 97.1468 1.5
    endloop
  endfacet
  facet normal 0.421911 -0.632866 -0.649208
    outer loop
      vertex 4.55 97.2124 1.5
      vertex 3.9072 98.3226 0
      vertex 3.90855 98.3235 0
    endloop
  endfacet
  facet normal 0.142475 -0.745617 -0.650965
    outer loop
      vertex 4.78412 98.6421 0
      vertex 4.88765 97.3523 1.5
      vertex 4.78255 98.6418 0
    endloop
  endfacet
  facet normal 0.164345 -0.74229 -0.649613
    outer loop
      vertex 4.88765 97.3523 1.5
      vertex 4.78412 98.6421 0
      vertex 5.00689 97.3787 1.5
    endloop
  endfacet
  facet normal 0.22862 0.725075 -0.649615
    outer loop
      vertex 4.88765 94.6477 1.5
      vertex 4.55562 93.4085 0
      vertex 4.33393 93.4784 0
    endloop
  endfacet
  facet normal 0.759541 0.0332299 -0.64961
    outer loop
      vertex 3.85 96 1.5
      vertex 2.56717 95.9984 0
      vertex 2.5671 96 0
    endloop
  endfacet
  facet normal 0.759542 0.0331833 -0.649611
    outer loop
      vertex 2.56717 95.9984 0
      vertex 3.85 96 1.5
      vertex 3.85533 95.878 1.5
    endloop
  endfacet
  facet normal -0.408376 -0.641263 -0.649623
    outer loop
      vertex 5.95 97.2124 1.5
      vertex 6.5928 98.3226 0
      vertex 6.05301 97.1468 1.5
    endloop
  endfacet
  facet normal -0.421911 -0.632866 -0.649208
    outer loop
      vertex 6.5928 98.3226 0
      vertex 5.95 97.2124 1.5
      vertex 6.59145 98.3235 0
    endloop
  endfacet
  facet normal -0.164345 -0.74229 -0.649613
    outer loop
      vertex 5.71588 98.6421 0
      vertex 5.61235 97.3523 1.5
      vertex 5.49311 97.3787 1.5
    endloop
  endfacet
  facet normal -0.142475 -0.745617 -0.650965
    outer loop
      vertex 5.61235 97.3523 1.5
      vertex 5.71588 98.6421 0
      vertex 5.71745 98.6418 0
    endloop
  endfacet
  facet normal -0.0995905 -0.753714 -0.649613
    outer loop
      vertex 5.71429 98.6423 0
      vertex 5.49311 97.3787 1.5
      vertex 5.37202 97.3947 1.5
    endloop
  endfacet
  facet normal -0.0948944 -0.75441 -0.649508
    outer loop
      vertex 5.49311 97.3787 1.5
      vertex 5.71429 98.6423 0
      vertex 5.71588 98.6421 0
    endloop
  endfacet
  facet normal 0.702586 -0.290402 -0.649646
    outer loop
      vertex 3.98117 96.5917 1.5
      vertex 2.7289 96.9176 0
      vertex 2.72952 96.9191 0
    endloop
  endfacet
  facet normal 0.702445 -0.290808 -0.649617
    outer loop
      vertex 2.7289 96.9176 0
      vertex 3.98117 96.5917 1.5
      vertex 3.93443 96.4788 1.5
    endloop
  endfacet
  facet normal 0.740881 -0.172872 -0.649007
    outer loop
      vertex 3.8977 96.3624 1.5
      vertex 2.60786 96.4659 0
      vertex 2.60821 96.4674 0
    endloop
  endfacet
  facet normal 0.742265 -0.164443 -0.649616
    outer loop
      vertex 2.60786 96.4659 0
      vertex 3.8977 96.3624 1.5
      vertex 3.87127 96.2431 1.5
    endloop
  endfacet
  facet normal 0.64117 -0.408549 -0.649606
    outer loop
      vertex 3.0523 97.5388 0
      vertex 4.10319 96.803 1.5
      vertex 2.92741 97.3428 0
    endloop
  endfacet
  facet normal 0.641172 -0.408545 -0.649607
    outer loop
      vertex 4.03756 96.7 1.5
      vertex 2.92741 97.3428 0
      vertex 4.10319 96.803 1.5
    endloop
  endfacet
  facet normal 0.645629 -0.401212 -0.649763
    outer loop
      vertex 2.92741 97.3428 0
      vertex 4.03756 96.7 1.5
      vertex 2.92654 97.3414 0
    endloop
  endfacet
  facet normal 0.0434017 -0.999058 0
    outer loop
      vertex 114.628 49.3947 1.5
      vertex 114.75 49.4 3.85
      vertex 114.628 49.3947 3.85
    endloop
  endfacet
  facet normal 0.0434017 -0.999058 0
    outer loop
      vertex 114.75 49.4 3.85
      vertex 114.628 49.3947 1.5
      vertex 114.75 49.4 1.5
    endloop
  endfacet
  facet normal -0.975293 -0.220914 0
    outer loop
      vertex 116.129 48.2431 1.5
      vertex 116.102 48.3623 3.85
      vertex 116.102 48.3623 1.5
    endloop
  endfacet
  facet normal -0.975293 -0.220914 0
    outer loop
      vertex 116.102 48.3623 3.85
      vertex 116.129 48.2431 1.5
      vertex 116.129 48.2431 3.85
    endloop
  endfacet
  facet normal -0.608088 -0.79387 0
    outer loop
      vertex 115.553 49.1468 1.5
      vertex 115.65 49.0725 3.85
      vertex 115.553 49.1468 3.85
    endloop
  endfacet
  facet normal -0.608088 -0.79387 -0
    outer loop
      vertex 115.65 49.0725 3.85
      vertex 115.553 49.1468 1.5
      vertex 115.65 49.0725 1.5
    endloop
  endfacet
  facet normal -0.991384 -0.130984 0
    outer loop
      vertex 116.145 48.122 1.5
      vertex 116.129 48.2431 3.85
      vertex 116.129 48.2431 1.5
    endloop
  endfacet
  facet normal -0.991384 -0.130984 0
    outer loop
      vertex 116.129 48.2431 3.85
      vertex 116.145 48.122 1.5
      vertex 116.145 48.122 3.85
    endloop
  endfacet
  facet normal 0.216583 0.976264 -0
    outer loop
      vertex 114.507 46.6213 1.5
      vertex 114.388 46.6477 3.85
      vertex 114.507 46.6213 3.85
    endloop
  endfacet
  facet normal 0.216583 0.976264 0
    outer loop
      vertex 114.388 46.6477 3.85
      vertex 114.507 46.6213 1.5
      vertex 114.388 46.6477 1.5
    endloop
  endfacet
  facet normal 0.955424 -0.295238 0
    outer loop
      vertex 113.398 48.3623 3.85
      vertex 113.434 48.4788 1.5
      vertex 113.434 48.4788 3.85
    endloop
  endfacet
  facet normal 0.955424 -0.295238 0
    outer loop
      vertex 113.434 48.4788 1.5
      vertex 113.398 48.3623 3.85
      vertex 113.398 48.3623 1.5
    endloop
  endfacet
  facet normal 0.923198 0.384325 0
    outer loop
      vertex 113.481 47.4083 3.85
      vertex 113.434 47.5212 1.5
      vertex 113.434 47.5212 3.85
    endloop
  endfacet
  facet normal 0.923198 0.384325 0
    outer loop
      vertex 113.434 47.5212 1.5
      vertex 113.481 47.4083 3.85
      vertex 113.481 47.4083 1.5
    endloop
  endfacet
  facet normal -0.923198 0.384325 0
    outer loop
      vertex 116.019 47.4083 1.5
      vertex 116.066 47.5212 3.85
      vertex 116.066 47.5212 1.5
    endloop
  endfacet
  facet normal -0.923198 0.384325 0
    outer loop
      vertex 116.066 47.5212 3.85
      vertex 116.019 47.4083 1.5
      vertex 116.019 47.4083 3.85
    endloop
  endfacet
  facet normal -0.216583 -0.976264 0
    outer loop
      vertex 114.993 49.3787 1.5
      vertex 115.112 49.3523 3.85
      vertex 114.993 49.3787 3.85
    endloop
  endfacet
  facet normal -0.216583 -0.976264 -0
    outer loop
      vertex 115.112 49.3523 3.85
      vertex 114.993 49.3787 1.5
      vertex 115.112 49.3523 1.5
    endloop
  endfacet
  facet normal -0.382641 0.923897 0
    outer loop
      vertex 115.342 46.7312 1.5
      vertex 115.229 46.6844 3.85
      vertex 115.342 46.7312 3.85
    endloop
  endfacet
  facet normal -0.382641 0.923897 0
    outer loop
      vertex 115.229 46.6844 3.85
      vertex 115.342 46.7312 1.5
      vertex 115.229 46.6844 1.5
    endloop
  endfacet
  facet normal 0.7908 0.612074 0
    outer loop
      vertex 113.678 47.1001 3.85
      vertex 113.603 47.197 1.5
      vertex 113.603 47.197 3.85
    endloop
  endfacet
  facet normal 0.7908 0.612074 0
    outer loop
      vertex 113.603 47.197 1.5
      vertex 113.678 47.1001 3.85
      vertex 113.678 47.1001 1.5
    endloop
  endfacet
  facet normal 0.676169 -0.736746 0
    outer loop
      vertex 113.76 48.9899 1.5
      vertex 113.85 49.0725 3.85
      vertex 113.76 48.9899 3.85
    endloop
  endfacet
  facet normal 0.676169 -0.736746 0
    outer loop
      vertex 113.85 49.0725 3.85
      vertex 113.76 48.9899 1.5
      vertex 113.85 49.0725 1.5
    endloop
  endfacet
  facet normal -0.955424 0.295238 0
    outer loop
      vertex 116.066 47.5212 1.5
      vertex 116.102 47.6377 3.85
      vertex 116.102 47.6377 1.5
    endloop
  endfacet
  facet normal -0.955424 0.295238 0
    outer loop
      vertex 116.102 47.6377 3.85
      vertex 116.066 47.5212 1.5
      vertex 116.066 47.5212 3.85
    endloop
  endfacet
  facet normal -0.7908 -0.612074 0
    outer loop
      vertex 115.897 48.803 1.5
      vertex 115.822 48.8999 3.85
      vertex 115.822 48.8999 1.5
    endloop
  endfacet
  facet normal -0.7908 -0.612074 0
    outer loop
      vertex 115.822 48.8999 3.85
      vertex 115.897 48.803 1.5
      vertex 115.897 48.803 3.85
    endloop
  endfacet
  facet normal -0.299296 -0.95416 0
    outer loop
      vertex 115.112 49.3523 1.5
      vertex 115.229 49.3156 3.85
      vertex 115.112 49.3523 3.85
    endloop
  endfacet
  facet normal -0.299296 -0.95416 -0
    outer loop
      vertex 115.229 49.3156 3.85
      vertex 115.112 49.3523 1.5
      vertex 115.229 49.3156 1.5
    endloop
  endfacet
  facet normal -0.999161 -0.0409492 0
    outer loop
      vertex 116.15 48 1.5
      vertex 116.145 48.122 3.85
      vertex 116.145 48.122 1.5
    endloop
  endfacet
  facet normal -0.999161 -0.0409492 0
    outer loop
      vertex 116.145 48.122 3.85
      vertex 116.15 48 1.5
      vertex 116.15 48 3.85
    endloop
  endfacet
  facet normal 0.382641 -0.923897 0
    outer loop
      vertex 114.158 49.2688 1.5
      vertex 114.271 49.3156 3.85
      vertex 114.158 49.2688 3.85
    endloop
  endfacet
  facet normal 0.382641 -0.923897 0
    outer loop
      vertex 114.271 49.3156 3.85
      vertex 114.158 49.2688 1.5
      vertex 114.271 49.3156 1.5
    endloop
  endfacet
  facet normal 0.739196 -0.67349 0
    outer loop
      vertex 113.678 48.8999 3.85
      vertex 113.76 48.9899 1.5
      vertex 113.76 48.9899 3.85
    endloop
  endfacet
  facet normal 0.739196 -0.67349 0
    outer loop
      vertex 113.76 48.9899 1.5
      vertex 113.678 48.8999 3.85
      vertex 113.678 48.8999 1.5
    endloop
  endfacet
  facet normal 0.382641 0.923897 -0
    outer loop
      vertex 114.271 46.6844 1.5
      vertex 114.158 46.7312 3.85
      vertex 114.271 46.6844 3.85
    endloop
  endfacet
  facet normal 0.382641 0.923897 0
    outer loop
      vertex 114.158 46.7312 3.85
      vertex 114.271 46.6844 1.5
      vertex 114.158 46.7312 1.5
    endloop
  endfacet
  facet normal -0.13109 0.99137 0
    outer loop
      vertex 114.993 46.6213 1.5
      vertex 114.872 46.6053 3.85
      vertex 114.993 46.6213 3.85
    endloop
  endfacet
  facet normal -0.13109 0.99137 0
    outer loop
      vertex 114.872 46.6053 3.85
      vertex 114.993 46.6213 1.5
      vertex 114.872 46.6053 1.5
    endloop
  endfacet
  facet normal -0.923198 -0.384325 0
    outer loop
      vertex 116.066 48.4788 1.5
      vertex 116.019 48.5917 3.85
      vertex 116.019 48.5917 1.5
    endloop
  endfacet
  facet normal -0.923198 -0.384325 0
    outer loop
      vertex 116.019 48.5917 3.85
      vertex 116.066 48.4788 1.5
      vertex 116.066 48.4788 3.85
    endloop
  endfacet
  facet normal -0.975293 0.220914 0
    outer loop
      vertex 116.102 47.6377 1.5
      vertex 116.129 47.7569 3.85
      vertex 116.129 47.7569 1.5
    endloop
  endfacet
  facet normal -0.975293 0.220914 0
    outer loop
      vertex 116.129 47.7569 3.85
      vertex 116.102 47.6377 1.5
      vertex 116.102 47.6377 3.85
    endloop
  endfacet
  facet normal -0.845684 0.533684 0
    outer loop
      vertex 115.897 47.197 1.5
      vertex 115.962 47.3 3.85
      vertex 115.962 47.3 1.5
    endloop
  endfacet
  facet normal -0.845684 0.533684 0
    outer loop
      vertex 115.962 47.3 3.85
      vertex 115.897 47.197 1.5
      vertex 115.897 47.197 3.85
    endloop
  endfacet
  facet normal 0.299296 -0.95416 0
    outer loop
      vertex 114.271 49.3156 1.5
      vertex 114.388 49.3523 3.85
      vertex 114.271 49.3156 3.85
    endloop
  endfacet
  facet normal 0.299296 -0.95416 0
    outer loop
      vertex 114.388 49.3523 3.85
      vertex 114.271 49.3156 1.5
      vertex 114.388 49.3523 1.5
    endloop
  endfacet
  facet normal -0.991384 0.130984 0
    outer loop
      vertex 116.129 47.7569 1.5
      vertex 116.145 47.878 3.85
      vertex 116.145 47.878 1.5
    endloop
  endfacet
  facet normal -0.991384 0.130984 0
    outer loop
      vertex 116.145 47.878 3.85
      vertex 116.129 47.7569 1.5
      vertex 116.129 47.7569 3.85
    endloop
  endfacet
  facet normal -0.999161 0.0409492 0
    outer loop
      vertex 116.145 47.878 1.5
      vertex 116.15 48 3.85
      vertex 116.15 48 1.5
    endloop
  endfacet
  facet normal -0.999161 0.0409492 0
    outer loop
      vertex 116.15 48 3.85
      vertex 116.145 47.878 1.5
      vertex 116.145 47.878 3.85
    endloop
  endfacet
  facet normal -0.216583 0.976264 0
    outer loop
      vertex 115.112 46.6477 1.5
      vertex 114.993 46.6213 3.85
      vertex 115.112 46.6477 3.85
    endloop
  endfacet
  facet normal -0.216583 0.976264 0
    outer loop
      vertex 114.993 46.6213 3.85
      vertex 115.112 46.6477 1.5
      vertex 114.993 46.6213 1.5
    endloop
  endfacet
  facet normal -0.0434017 -0.999058 0
    outer loop
      vertex 114.75 49.4 1.5
      vertex 114.872 49.3947 3.85
      vertex 114.75 49.4 3.85
    endloop
  endfacet
  facet normal -0.0434017 -0.999058 -0
    outer loop
      vertex 114.872 49.3947 3.85
      vertex 114.75 49.4 1.5
      vertex 114.872 49.3947 1.5
    endloop
  endfacet
  facet normal -0.739196 -0.67349 0
    outer loop
      vertex 115.822 48.8999 1.5
      vertex 115.74 48.9899 3.85
      vertex 115.74 48.9899 1.5
    endloop
  endfacet
  facet normal -0.739196 -0.67349 0
    outer loop
      vertex 115.74 48.9899 3.85
      vertex 115.822 48.8999 1.5
      vertex 115.822 48.8999 3.85
    endloop
  endfacet
  facet normal 0.462903 0.886409 -0
    outer loop
      vertex 114.158 46.7312 1.5
      vertex 114.05 46.7876 3.85
      vertex 114.158 46.7312 3.85
    endloop
  endfacet
  facet normal 0.462903 0.886409 0
    outer loop
      vertex 114.05 46.7876 3.85
      vertex 114.158 46.7312 1.5
      vertex 114.05 46.7876 1.5
    endloop
  endfacet
  facet normal -0.382641 -0.923897 0
    outer loop
      vertex 115.229 49.3156 1.5
      vertex 115.342 49.2688 3.85
      vertex 115.229 49.3156 3.85
    endloop
  endfacet
  facet normal -0.382641 -0.923897 -0
    outer loop
      vertex 115.342 49.2688 3.85
      vertex 115.229 49.3156 1.5
      vertex 115.342 49.2688 1.5
    endloop
  endfacet
  facet normal -0.608088 0.79387 0
    outer loop
      vertex 115.65 46.9275 1.5
      vertex 115.553 46.8532 3.85
      vertex 115.65 46.9275 3.85
    endloop
  endfacet
  facet normal -0.608088 0.79387 0
    outer loop
      vertex 115.553 46.8532 3.85
      vertex 115.65 46.9275 1.5
      vertex 115.553 46.8532 1.5
    endloop
  endfacet
  facet normal -0.955424 -0.295238 0
    outer loop
      vertex 116.102 48.3623 1.5
      vertex 116.066 48.4788 3.85
      vertex 116.066 48.4788 1.5
    endloop
  endfacet
  facet normal -0.955424 -0.295238 0
    outer loop
      vertex 116.066 48.4788 3.85
      vertex 116.102 48.3623 1.5
      vertex 116.102 48.3623 3.85
    endloop
  endfacet
  facet normal 0.999161 0.0409492 0
    outer loop
      vertex 113.355 47.878 3.85
      vertex 113.35 48 1.5
      vertex 113.35 48 3.85
    endloop
  endfacet
  facet normal 0.999161 0.0409492 0
    outer loop
      vertex 113.35 48 1.5
      vertex 113.355 47.878 3.85
      vertex 113.355 47.878 1.5
    endloop
  endfacet
  facet normal 0.975293 0.220914 0
    outer loop
      vertex 113.398 47.6377 3.85
      vertex 113.371 47.7569 1.5
      vertex 113.371 47.7569 3.85
    endloop
  endfacet
  facet normal 0.975293 0.220914 0
    outer loop
      vertex 113.371 47.7569 1.5
      vertex 113.398 47.6377 3.85
      vertex 113.398 47.6377 1.5
    endloop
  endfacet
  facet normal 0.991384 0.130984 0
    outer loop
      vertex 113.371 47.7569 3.85
      vertex 113.355 47.878 1.5
      vertex 113.355 47.878 3.85
    endloop
  endfacet
  facet normal 0.991384 0.130984 0
    outer loop
      vertex 113.355 47.878 1.5
      vertex 113.371 47.7569 3.85
      vertex 113.371 47.7569 1.5
    endloop
  endfacet
  facet normal -0.462903 -0.886409 0
    outer loop
      vertex 115.342 49.2688 1.5
      vertex 115.45 49.2124 3.85
      vertex 115.342 49.2688 3.85
    endloop
  endfacet
  facet normal -0.462903 -0.886409 -0
    outer loop
      vertex 115.45 49.2124 3.85
      vertex 115.342 49.2688 1.5
      vertex 115.45 49.2124 1.5
    endloop
  endfacet
  facet normal 0.739569 0.673081 0
    outer loop
      vertex 113.76 47.01 3.85
      vertex 113.678 47.1001 1.5
      vertex 113.678 47.1001 3.85
    endloop
  endfacet
  facet normal 0.739569 0.673081 0
    outer loop
      vertex 113.678 47.1001 1.5
      vertex 113.76 47.01 3.85
      vertex 113.76 47.01 1.5
    endloop
  endfacet
  facet normal 0.845684 -0.533684 0
    outer loop
      vertex 113.538 48.7 3.85
      vertex 113.603 48.803 1.5
      vertex 113.603 48.803 3.85
    endloop
  endfacet
  facet normal 0.845684 -0.533684 0
    outer loop
      vertex 113.603 48.803 1.5
      vertex 113.538 48.7 3.85
      vertex 113.538 48.7 1.5
    endloop
  endfacet
  facet normal -0.676169 -0.736746 0
    outer loop
      vertex 115.65 49.0725 1.5
      vertex 115.74 48.9899 3.85
      vertex 115.65 49.0725 3.85
    endloop
  endfacet
  facet normal -0.676169 -0.736746 -0
    outer loop
      vertex 115.74 48.9899 3.85
      vertex 115.65 49.0725 1.5
      vertex 115.74 48.9899 1.5
    endloop
  endfacet
  facet normal -0.884918 -0.465746 0
    outer loop
      vertex 116.019 48.5917 1.5
      vertex 115.962 48.7 3.85
      vertex 115.962 48.7 1.5
    endloop
  endfacet
  facet normal -0.884918 -0.465746 0
    outer loop
      vertex 115.962 48.7 3.85
      vertex 116.019 48.5917 1.5
      vertex 116.019 48.5917 3.85
    endloop
  endfacet
  facet normal 0.216583 -0.976264 0
    outer loop
      vertex 114.388 49.3523 1.5
      vertex 114.507 49.3787 3.85
      vertex 114.388 49.3523 3.85
    endloop
  endfacet
  facet normal 0.216583 -0.976264 0
    outer loop
      vertex 114.507 49.3787 3.85
      vertex 114.388 49.3523 1.5
      vertex 114.507 49.3787 1.5
    endloop
  endfacet
  facet normal -0.0434017 0.999058 0
    outer loop
      vertex 114.872 46.6053 1.5
      vertex 114.75 46.6 3.85
      vertex 114.872 46.6053 3.85
    endloop
  endfacet
  facet normal -0.0434017 0.999058 0
    outer loop
      vertex 114.75 46.6 3.85
      vertex 114.872 46.6053 1.5
      vertex 114.75 46.6 1.5
    endloop
  endfacet
  facet normal -0.845684 -0.533684 0
    outer loop
      vertex 115.962 48.7 1.5
      vertex 115.897 48.803 3.85
      vertex 115.897 48.803 1.5
    endloop
  endfacet
  facet normal -0.845684 -0.533684 0
    outer loop
      vertex 115.897 48.803 3.85
      vertex 115.962 48.7 1.5
      vertex 115.962 48.7 3.85
    endloop
  endfacet
  facet normal 0.608088 0.79387 -0
    outer loop
      vertex 113.947 46.8532 1.5
      vertex 113.85 46.9275 3.85
      vertex 113.947 46.8532 3.85
    endloop
  endfacet
  facet normal 0.608088 0.79387 0
    outer loop
      vertex 113.85 46.9275 3.85
      vertex 113.947 46.8532 1.5
      vertex 113.85 46.9275 1.5
    endloop
  endfacet
  facet normal -0.675725 0.737154 0
    outer loop
      vertex 115.74 47.01 1.5
      vertex 115.65 46.9275 3.85
      vertex 115.74 47.01 3.85
    endloop
  endfacet
  facet normal -0.675725 0.737154 0
    outer loop
      vertex 115.65 46.9275 3.85
      vertex 115.74 47.01 1.5
      vertex 115.65 46.9275 1.5
    endloop
  endfacet
  facet normal 0.999161 -0.0409492 0
    outer loop
      vertex 113.35 48 3.85
      vertex 113.355 48.122 1.5
      vertex 113.355 48.122 3.85
    endloop
  endfacet
  facet normal 0.999161 -0.0409492 0
    outer loop
      vertex 113.355 48.122 1.5
      vertex 113.35 48 3.85
      vertex 113.35 48 1.5
    endloop
  endfacet
  facet normal -0.537193 -0.843459 0
    outer loop
      vertex 115.45 49.2124 1.5
      vertex 115.553 49.1468 3.85
      vertex 115.45 49.2124 3.85
    endloop
  endfacet
  facet normal -0.537193 -0.843459 -0
    outer loop
      vertex 115.553 49.1468 3.85
      vertex 115.45 49.2124 1.5
      vertex 115.553 49.1468 1.5
    endloop
  endfacet
  facet normal 0.13109 -0.99137 0
    outer loop
      vertex 114.507 49.3787 1.5
      vertex 114.628 49.3947 3.85
      vertex 114.507 49.3787 3.85
    endloop
  endfacet
  facet normal 0.13109 -0.99137 0
    outer loop
      vertex 114.628 49.3947 3.85
      vertex 114.507 49.3787 1.5
      vertex 114.628 49.3947 1.5
    endloop
  endfacet
  facet normal 0.991384 -0.130984 0
    outer loop
      vertex 113.355 48.122 3.85
      vertex 113.371 48.2431 1.5
      vertex 113.371 48.2431 3.85
    endloop
  endfacet
  facet normal 0.991384 -0.130984 0
    outer loop
      vertex 113.371 48.2431 1.5
      vertex 113.355 48.122 3.85
      vertex 113.355 48.122 1.5
    endloop
  endfacet
  facet normal 0.675725 0.737154 -0
    outer loop
      vertex 113.85 46.9275 1.5
      vertex 113.76 47.01 3.85
      vertex 113.85 46.9275 3.85
    endloop
  endfacet
  facet normal 0.675725 0.737154 0
    outer loop
      vertex 113.76 47.01 3.85
      vertex 113.85 46.9275 1.5
      vertex 113.76 47.01 1.5
    endloop
  endfacet
  facet normal 0.608088 -0.79387 0
    outer loop
      vertex 113.85 49.0725 1.5
      vertex 113.947 49.1468 3.85
      vertex 113.85 49.0725 3.85
    endloop
  endfacet
  facet normal 0.608088 -0.79387 0
    outer loop
      vertex 113.947 49.1468 3.85
      vertex 113.85 49.0725 1.5
      vertex 113.947 49.1468 1.5
    endloop
  endfacet
  facet normal 0.955424 0.295238 0
    outer loop
      vertex 113.434 47.5212 3.85
      vertex 113.398 47.6377 1.5
      vertex 113.398 47.6377 3.85
    endloop
  endfacet
  facet normal 0.955424 0.295238 0
    outer loop
      vertex 113.398 47.6377 1.5
      vertex 113.434 47.5212 3.85
      vertex 113.434 47.5212 1.5
    endloop
  endfacet
  facet normal -0.7908 0.612074 0
    outer loop
      vertex 115.822 47.1001 1.5
      vertex 115.897 47.197 3.85
      vertex 115.897 47.197 1.5
    endloop
  endfacet
  facet normal -0.7908 0.612074 0
    outer loop
      vertex 115.897 47.197 3.85
      vertex 115.822 47.1001 1.5
      vertex 115.822 47.1001 3.85
    endloop
  endfacet
  facet normal 0.884918 -0.465746 0
    outer loop
      vertex 113.481 48.5917 3.85
      vertex 113.538 48.7 1.5
      vertex 113.538 48.7 3.85
    endloop
  endfacet
  facet normal 0.884918 -0.465746 0
    outer loop
      vertex 113.538 48.7 1.5
      vertex 113.481 48.5917 3.85
      vertex 113.481 48.5917 1.5
    endloop
  endfacet
  facet normal -0.884918 0.465746 0
    outer loop
      vertex 115.962 47.3 1.5
      vertex 116.019 47.4083 3.85
      vertex 116.019 47.4083 1.5
    endloop
  endfacet
  facet normal -0.884918 0.465746 0
    outer loop
      vertex 116.019 47.4083 3.85
      vertex 115.962 47.3 1.5
      vertex 115.962 47.3 3.85
    endloop
  endfacet
  facet normal 0.462903 -0.886409 0
    outer loop
      vertex 114.05 49.2124 1.5
      vertex 114.158 49.2688 3.85
      vertex 114.05 49.2124 3.85
    endloop
  endfacet
  facet normal 0.462903 -0.886409 0
    outer loop
      vertex 114.158 49.2688 3.85
      vertex 114.05 49.2124 1.5
      vertex 114.158 49.2688 1.5
    endloop
  endfacet
  facet normal 0.299296 0.95416 -0
    outer loop
      vertex 114.388 46.6477 1.5
      vertex 114.271 46.6844 3.85
      vertex 114.388 46.6477 3.85
    endloop
  endfacet
  facet normal 0.299296 0.95416 0
    outer loop
      vertex 114.271 46.6844 3.85
      vertex 114.388 46.6477 1.5
      vertex 114.271 46.6844 1.5
    endloop
  endfacet
  facet normal 0.7908 -0.612074 0
    outer loop
      vertex 113.603 48.803 3.85
      vertex 113.678 48.8999 1.5
      vertex 113.678 48.8999 3.85
    endloop
  endfacet
  facet normal 0.7908 -0.612074 0
    outer loop
      vertex 113.678 48.8999 1.5
      vertex 113.603 48.803 3.85
      vertex 113.603 48.803 1.5
    endloop
  endfacet
  facet normal -0.299296 0.95416 0
    outer loop
      vertex 115.229 46.6844 1.5
      vertex 115.112 46.6477 3.85
      vertex 115.229 46.6844 3.85
    endloop
  endfacet
  facet normal -0.299296 0.95416 0
    outer loop
      vertex 115.112 46.6477 3.85
      vertex 115.229 46.6844 1.5
      vertex 115.112 46.6477 1.5
    endloop
  endfacet
  facet normal -0.537193 0.843459 0
    outer loop
      vertex 115.553 46.8532 1.5
      vertex 115.45 46.7876 3.85
      vertex 115.553 46.8532 3.85
    endloop
  endfacet
  facet normal -0.537193 0.843459 0
    outer loop
      vertex 115.45 46.7876 3.85
      vertex 115.553 46.8532 1.5
      vertex 115.45 46.7876 1.5
    endloop
  endfacet
  facet normal 0.13109 0.99137 -0
    outer loop
      vertex 114.628 46.6053 1.5
      vertex 114.507 46.6213 3.85
      vertex 114.628 46.6053 3.85
    endloop
  endfacet
  facet normal 0.13109 0.99137 0
    outer loop
      vertex 114.507 46.6213 3.85
      vertex 114.628 46.6053 1.5
      vertex 114.507 46.6213 1.5
    endloop
  endfacet
  facet normal 0.537193 -0.843459 0
    outer loop
      vertex 113.947 49.1468 1.5
      vertex 114.05 49.2124 3.85
      vertex 113.947 49.1468 3.85
    endloop
  endfacet
  facet normal 0.537193 -0.843459 0
    outer loop
      vertex 114.05 49.2124 3.85
      vertex 113.947 49.1468 1.5
      vertex 114.05 49.2124 1.5
    endloop
  endfacet
  facet normal -0.462903 0.886409 0
    outer loop
      vertex 115.45 46.7876 1.5
      vertex 115.342 46.7312 3.85
      vertex 115.45 46.7876 3.85
    endloop
  endfacet
  facet normal -0.462903 0.886409 0
    outer loop
      vertex 115.342 46.7312 3.85
      vertex 115.45 46.7876 1.5
      vertex 115.342 46.7312 1.5
    endloop
  endfacet
  facet normal 0.0434017 0.999058 -0
    outer loop
      vertex 114.75 46.6 1.5
      vertex 114.628 46.6053 3.85
      vertex 114.75 46.6 3.85
    endloop
  endfacet
  facet normal 0.0434017 0.999058 0
    outer loop
      vertex 114.628 46.6053 3.85
      vertex 114.75 46.6 1.5
      vertex 114.628 46.6053 1.5
    endloop
  endfacet
  facet normal -0.739569 0.673081 0
    outer loop
      vertex 115.74 47.01 1.5
      vertex 115.822 47.1001 3.85
      vertex 115.822 47.1001 1.5
    endloop
  endfacet
  facet normal -0.739569 0.673081 0
    outer loop
      vertex 115.822 47.1001 3.85
      vertex 115.74 47.01 1.5
      vertex 115.74 47.01 3.85
    endloop
  endfacet
  facet normal 0.884918 0.465746 0
    outer loop
      vertex 113.538 47.3 3.85
      vertex 113.481 47.4083 1.5
      vertex 113.481 47.4083 3.85
    endloop
  endfacet
  facet normal 0.884918 0.465746 0
    outer loop
      vertex 113.481 47.4083 1.5
      vertex 113.538 47.3 3.85
      vertex 113.538 47.3 1.5
    endloop
  endfacet
  facet normal 0.975293 -0.220914 0
    outer loop
      vertex 113.371 48.2431 3.85
      vertex 113.398 48.3623 1.5
      vertex 113.398 48.3623 3.85
    endloop
  endfacet
  facet normal 0.975293 -0.220914 0
    outer loop
      vertex 113.398 48.3623 1.5
      vertex 113.371 48.2431 3.85
      vertex 113.371 48.2431 1.5
    endloop
  endfacet
  facet normal 0.845684 0.533684 0
    outer loop
      vertex 113.603 47.197 3.85
      vertex 113.538 47.3 1.5
      vertex 113.538 47.3 3.85
    endloop
  endfacet
  facet normal 0.845684 0.533684 0
    outer loop
      vertex 113.538 47.3 1.5
      vertex 113.603 47.197 3.85
      vertex 113.603 47.197 1.5
    endloop
  endfacet
  facet normal -0.13109 -0.99137 0
    outer loop
      vertex 114.872 49.3947 1.5
      vertex 114.993 49.3787 3.85
      vertex 114.872 49.3947 3.85
    endloop
  endfacet
  facet normal -0.13109 -0.99137 -0
    outer loop
      vertex 114.993 49.3787 3.85
      vertex 114.872 49.3947 1.5
      vertex 114.993 49.3787 1.5
    endloop
  endfacet
  facet normal 0.537193 0.843459 -0
    outer loop
      vertex 114.05 46.7876 1.5
      vertex 113.947 46.8532 3.85
      vertex 114.05 46.7876 3.85
    endloop
  endfacet
  facet normal 0.537193 0.843459 0
    outer loop
      vertex 113.947 46.8532 3.85
      vertex 114.05 46.7876 1.5
      vertex 113.947 46.8532 1.5
    endloop
  endfacet
  facet normal 0.923198 -0.384325 0
    outer loop
      vertex 113.434 48.4788 3.85
      vertex 113.481 48.5917 1.5
      vertex 113.481 48.5917 3.85
    endloop
  endfacet
  facet normal 0.923198 -0.384325 0
    outer loop
      vertex 113.481 48.5917 1.5
      vertex 113.434 48.4788 3.85
      vertex 113.434 48.4788 1.5
    endloop
  endfacet
  facet normal 0.290793 -0.702478 -0.649587
    outer loop
      vertex 113.831 50.5205 0
      vertex 114.158 49.2688 1.5
      vertex 113.616 50.4315 0
    endloop
  endfacet
  facet normal -0.758185 0 -0.652039
    outer loop
      vertex 117.392 48.4659 0
      vertex 116.102 48.3623 1.5
      vertex 117.392 48.4674 0
    endloop
  endfacet
  facet normal -0.741645 -0.16799 -0.649417
    outer loop
      vertex 116.102 48.3623 1.5
      vertex 117.392 48.4659 0
      vertex 116.129 48.2431 1.5
    endloop
  endfacet
  facet normal -0.562043 -0.512083 -0.649522
    outer loop
      vertex 115.74 48.9899 1.5
      vertex 116.648 49.8959 0
      vertex 115.822 48.8999 1.5
    endloop
  endfacet
  facet normal -0.584847 -0.487372 -0.6484
    outer loop
      vertex 116.648 49.8959 0
      vertex 115.74 48.9899 1.5
      vertex 116.647 49.8971 0
    endloop
  endfacet
  facet normal -0.759936 0 -0.649998
    outer loop
      vertex 116.15 48 1.5
      vertex 117.433 48.0016 0
      vertex 117.433 48 0
    endloop
  endfacet
  facet normal -0.759551 -0.0311291 -0.649702
    outer loop
      vertex 117.433 48.0016 0
      vertex 116.15 48 1.5
      vertex 116.145 48.122 1.5
    endloop
  endfacet
  facet normal -0.759575 -0.0327121 -0.649596
    outer loop
      vertex 117.423 48.2338 0
      vertex 117.433 48.0016 0
      vertex 116.145 48.122 1.5
    endloop
  endfacet
  facet normal 0.753527 0.101342 -0.649559
    outer loop
      vertex 113.355 47.878 1.5
      vertex 112.108 47.5357 0
      vertex 112.077 47.7662 0
    endloop
  endfacet
  facet normal -0.0996217 -0.753717 -0.649605
    outer loop
      vertex 114.984 50.6727 0
      vertex 115.214 50.6423 0
      vertex 114.872 49.3947 1.5
    endloop
  endfacet
  facet normal -0.640982 0.40879 -0.64964
    outer loop
      vertex 117.073 46.6572 0
      vertex 116.948 46.4612 0
      vertex 115.897 47.197 1.5
    endloop
  endfacet
  facet normal -0.640033 -0.426688 -0.63898
    outer loop
      vertex 117.272 48.9161 0
      vertex 116.066 48.4788 1.5
      vertex 117.271 48.9176 0
    endloop
  endfacet
  facet normal -0.726455 -0.224484 -0.649515
    outer loop
      vertex 116.066 48.4788 1.5
      vertex 117.272 48.9161 0
      vertex 116.102 48.3623 1.5
    endloop
  endfacet
  facet normal -0.741779 0.166655 -0.649607
    outer loop
      vertex 117.392 47.5326 0
      vertex 117.341 47.3056 0
      vertex 116.102 47.6377 1.5
    endloop
  endfacet
  facet normal 0.601254 0.465367 -0.649559
    outer loop
      vertex 112.553 46.4599 0
      vertex 113.603 47.197 1.5
      vertex 113.678 47.1001 1.5
    endloop
  endfacet
  facet normal 0.602606 0.463543 -0.64961
    outer loop
      vertex 113.603 47.197 1.5
      vertex 112.553 46.4599 0
      vertex 112.552 46.4612 0
    endloop
  endfacet
  facet normal -0.290903 -0.702394 -0.649629
    outer loop
      vertex 115.668 50.5211 0
      vertex 115.342 49.2688 1.5
      vertex 115.229 49.3156 1.5
    endloop
  endfacet
  facet normal -0.396341 -0.660568 -0.637624
    outer loop
      vertex 115.342 49.2688 1.5
      vertex 115.668 50.5211 0
      vertex 115.669 50.5205 0
    endloop
  endfacet
  facet normal -0.672679 0.354041 -0.649737
    outer loop
      vertex 117.074 46.66 0
      vertex 115.962 47.3 1.5
      vertex 116.019 47.4083 1.5
    endloop
  endfacet
  facet normal -0.619635 0.442597 -0.648198
    outer loop
      vertex 115.962 47.3 1.5
      vertex 117.074 46.66 0
      vertex 117.073 46.6586 0
    endloop
  endfacet
  facet normal -0.351226 0.674301 -0.649583
    outer loop
      vertex 116.09 45.6758 0
      vertex 115.884 45.5685 0
      vertex 115.342 46.7312 1.5
    endloop
  endfacet
  facet normal 0.228328 0.725163 -0.649618
    outer loop
      vertex 114.388 46.6477 1.5
      vertex 114.056 45.4085 0
      vertex 113.834 45.4784 0
    endloop
  endfacet
  facet normal 0.759551 -0.0311291 -0.649702
    outer loop
      vertex 113.35 48 1.5
      vertex 112.067 48.0016 0
      vertex 113.355 48.122 1.5
    endloop
  endfacet
  facet normal 0.759936 0 -0.649998
    outer loop
      vertex 112.067 48.0016 0
      vertex 113.35 48 1.5
      vertex 112.067 48 0
    endloop
  endfacet
  facet normal -0.725911 -0.225926 -0.649623
    outer loop
      vertex 117.272 48.9161 0
      vertex 117.341 48.6944 0
      vertex 116.102 48.3623 1.5
    endloop
  endfacet
  facet normal 0.560593 -0.513495 -0.64966
    outer loop
      vertex 112.852 49.8959 0
      vertex 113.678 48.8999 1.5
      vertex 112.695 49.7245 0
    endloop
  endfacet
  facet normal 0.0330667 0.759551 -0.649607
    outer loop
      vertex 114.628 46.6053 1.5
      vertex 114.748 45.3172 0
      vertex 114.516 45.3273 0
    endloop
  endfacet
  facet normal 0.0330667 -0.759551 -0.649607
    outer loop
      vertex 114.748 50.6828 0
      vertex 114.628 49.3947 1.5
      vertex 114.516 50.6727 0
    endloop
  endfacet
  facet normal 0.753862 0.0996019 -0.64944
    outer loop
      vertex 113.371 47.7569 1.5
      vertex 112.108 47.5357 0
      vertex 113.355 47.878 1.5
    endloop
  endfacet
  facet normal 0.764951 0 -0.644089
    outer loop
      vertex 112.108 47.5357 0
      vertex 113.371 47.7569 1.5
      vertex 112.108 47.5341 0
    endloop
  endfacet
  facet normal -0.644975 -0.429983 -0.63176
    outer loop
      vertex 117.271 48.9176 0
      vertex 116.019 48.5917 1.5
      vertex 117.27 48.9191 0
    endloop
  endfacet
  facet normal -0.702011 -0.292246 -0.64944
    outer loop
      vertex 116.019 48.5917 1.5
      vertex 117.271 48.9176 0
      vertex 116.066 48.4788 1.5
    endloop
  endfacet
  facet normal -0.396341 0.660568 -0.637624
    outer loop
      vertex 115.668 45.4789 0
      vertex 115.342 46.7312 1.5
      vertex 115.669 45.4795 0
    endloop
  endfacet
  facet normal -0.290903 0.702394 -0.649629
    outer loop
      vertex 115.342 46.7312 1.5
      vertex 115.668 45.4789 0
      vertex 115.229 46.6844 1.5
    endloop
  endfacet
  facet normal 0.312541 0.694536 -0.648026
    outer loop
      vertex 113.407 45.6774 0
      vertex 114.05 46.7876 1.5
      vertex 113.409 45.6765 0
    endloop
  endfacet
  facet normal 0.408391 0.641223 -0.649654
    outer loop
      vertex 114.05 46.7876 1.5
      vertex 113.407 45.6774 0
      vertex 113.947 46.8532 1.5
    endloop
  endfacet
  facet normal -0.803586 0 -0.595189
    outer loop
      vertex 117.073 46.6572 0
      vertex 115.962 47.3 1.5
      vertex 117.073 46.6586 0
    endloop
  endfacet
  facet normal -0.642749 0.405618 -0.649883
    outer loop
      vertex 115.962 47.3 1.5
      vertex 117.073 46.6572 0
      vertex 115.897 47.197 1.5
    endloop
  endfacet
  facet normal -0.560593 0.513495 -0.64966
    outer loop
      vertex 116.805 46.2755 0
      vertex 116.648 46.1041 0
      vertex 115.822 47.1001 1.5
    endloop
  endfacet
  facet normal -0.0996217 0.753717 -0.649605
    outer loop
      vertex 115.214 45.3577 0
      vertex 114.984 45.3273 0
      vertex 114.872 46.6053 1.5
    endloop
  endfacet
  facet normal -0.461871 0.60386 -0.649638
    outer loop
      vertex 116.475 45.9448 0
      vertex 116.29 45.8033 0
      vertex 115.65 46.9275 1.5
    endloop
  endfacet
  facet normal -0.436536 0.623622 -0.648484
    outer loop
      vertex 116.09 45.6758 0
      vertex 115.45 46.7876 1.5
      vertex 116.091 45.6765 0
    endloop
  endfacet
  facet normal -0.351919 0.673887 -0.649637
    outer loop
      vertex 115.45 46.7876 1.5
      vertex 116.09 45.6758 0
      vertex 115.342 46.7312 1.5
    endloop
  endfacet
  facet normal -0.51415 0.559998 -0.649656
    outer loop
      vertex 116.646 46.1018 0
      vertex 116.475 45.9448 0
      vertex 115.65 46.9275 1.5
    endloop
  endfacet
  facet normal 0.60231 -0.463818 -0.64969
    outer loop
      vertex 112.695 49.7245 0
      vertex 113.678 48.8999 1.5
      vertex 112.553 49.5401 0
    endloop
  endfacet
  facet normal -0.741779 -0.166655 -0.649607
    outer loop
      vertex 117.341 48.6944 0
      vertex 117.392 48.4674 0
      vertex 116.102 48.3623 1.5
    endloop
  endfacet
  facet normal -0.408557 0.64113 -0.649641
    outer loop
      vertex 116.289 45.8023 0
      vertex 116.093 45.6774 0
      vertex 115.553 46.8532 1.5
    endloop
  endfacet
  facet normal 0.702011 0.292246 -0.64944
    outer loop
      vertex 113.481 47.4083 1.5
      vertex 112.229 47.0824 0
      vertex 113.434 47.5212 1.5
    endloop
  endfacet
  facet normal 0.644975 0.429983 -0.63176
    outer loop
      vertex 112.229 47.0824 0
      vertex 113.481 47.4083 1.5
      vertex 112.23 47.0809 0
    endloop
  endfacet
  facet normal 0.228328 -0.725163 -0.649618
    outer loop
      vertex 114.056 50.5915 0
      vertex 114.388 49.3523 1.5
      vertex 113.834 50.5216 0
    endloop
  endfacet
  facet normal 0.461871 0.60386 -0.649638
    outer loop
      vertex 113.85 46.9275 1.5
      vertex 113.21 45.8033 0
      vertex 113.025 45.9448 0
    endloop
  endfacet
  facet normal -0.803586 0 -0.595189
    outer loop
      vertex 115.962 48.7 1.5
      vertex 117.073 49.3428 0
      vertex 117.073 49.3414 0
    endloop
  endfacet
  facet normal -0.642749 -0.405618 -0.649883
    outer loop
      vertex 117.073 49.3428 0
      vertex 115.962 48.7 1.5
      vertex 115.897 48.803 1.5
    endloop
  endfacet
  facet normal 0.0996217 -0.753717 -0.649605
    outer loop
      vertex 114.516 50.6727 0
      vertex 114.628 49.3947 1.5
      vertex 114.286 50.6423 0
    endloop
  endfacet
  facet normal -0.290793 -0.702478 -0.649587
    outer loop
      vertex 115.669 50.5205 0
      vertex 115.884 50.4315 0
      vertex 115.342 49.2688 1.5
    endloop
  endfacet
  facet normal 0.759936 0 -0.649998
    outer loop
      vertex 113.35 48 1.5
      vertex 112.067 47.9984 0
      vertex 112.067 48 0
    endloop
  endfacet
  facet normal 0.759551 0.0311291 -0.649702
    outer loop
      vertex 112.067 47.9984 0
      vertex 113.35 48 1.5
      vertex 113.355 47.878 1.5
    endloop
  endfacet
  facet normal -0.673462 0.352735 -0.649636
    outer loop
      vertex 117.182 46.8662 0
      vertex 117.074 46.66 0
      vertex 116.019 47.4083 1.5
    endloop
  endfacet
  facet normal 0.741645 0.16799 -0.649417
    outer loop
      vertex 113.398 47.6377 1.5
      vertex 112.108 47.5341 0
      vertex 113.371 47.7569 1.5
    endloop
  endfacet
  facet normal 0.758185 0 -0.652039
    outer loop
      vertex 112.108 47.5341 0
      vertex 113.398 47.6377 1.5
      vertex 112.108 47.5326 0
    endloop
  endfacet
  facet normal 0.640982 -0.40879 -0.64964
    outer loop
      vertex 112.552 49.5388 0
      vertex 113.603 48.803 1.5
      vertex 112.427 49.3428 0
    endloop
  endfacet
  facet normal -0.764951 0 -0.644089
    outer loop
      vertex 117.392 48.4643 0
      vertex 116.129 48.2431 1.5
      vertex 117.392 48.4659 0
    endloop
  endfacet
  facet normal -0.753862 -0.0996019 -0.64944
    outer loop
      vertex 116.129 48.2431 1.5
      vertex 117.392 48.4643 0
      vertex 116.145 48.122 1.5
    endloop
  endfacet
  facet normal 0.741779 0.166655 -0.649607
    outer loop
      vertex 113.398 47.6377 1.5
      vertex 112.159 47.3056 0
      vertex 112.108 47.5326 0
    endloop
  endfacet
  facet normal -0.560593 -0.513495 -0.64966
    outer loop
      vertex 116.648 49.8959 0
      vertex 116.805 49.7245 0
      vertex 115.822 48.8999 1.5
    endloop
  endfacet
  facet normal -0.51415 -0.559998 -0.649656
    outer loop
      vertex 116.475 50.0552 0
      vertex 116.646 49.8982 0
      vertex 115.65 49.0725 1.5
    endloop
  endfacet
  facet normal 0.642749 0.405618 -0.649883
    outer loop
      vertex 112.427 46.6572 0
      vertex 113.538 47.3 1.5
      vertex 113.603 47.197 1.5
    endloop
  endfacet
  facet normal 0.803586 0 -0.595189
    outer loop
      vertex 113.538 47.3 1.5
      vertex 112.427 46.6572 0
      vertex 112.427 46.6586 0
    endloop
  endfacet
  facet normal -0.673462 -0.352735 -0.649636
    outer loop
      vertex 117.074 49.34 0
      vertex 117.182 49.1338 0
      vertex 116.019 48.5917 1.5
    endloop
  endfacet
  facet normal -0.753527 -0.101342 -0.649559
    outer loop
      vertex 117.392 48.4643 0
      vertex 117.423 48.2338 0
      vertex 116.145 48.122 1.5
    endloop
  endfacet
  facet normal -0.562608 -0.511462 -0.649522
    outer loop
      vertex 115.74 48.9899 1.5
      vertex 116.646 49.8982 0
      vertex 116.647 49.8971 0
    endloop
  endfacet
  facet normal -0.514049 -0.560102 -0.649646
    outer loop
      vertex 116.646 49.8982 0
      vertex 115.74 48.9899 1.5
      vertex 115.65 49.0725 1.5
    endloop
  endfacet
  facet normal -0.602606 0.463543 -0.64961
    outer loop
      vertex 116.947 46.4599 0
      vertex 115.897 47.197 1.5
      vertex 116.948 46.4612 0
    endloop
  endfacet
  facet normal -0.601254 0.465367 -0.649559
    outer loop
      vertex 115.897 47.197 1.5
      vertex 116.947 46.4599 0
      vertex 115.822 47.1001 1.5
    endloop
  endfacet
  facet normal 0.290903 0.702394 -0.649629
    outer loop
      vertex 113.832 45.4789 0
      vertex 114.158 46.7312 1.5
      vertex 114.271 46.6844 1.5
    endloop
  endfacet
  facet normal 0.396341 0.660568 -0.637624
    outer loop
      vertex 114.158 46.7312 1.5
      vertex 113.832 45.4789 0
      vertex 113.831 45.4795 0
    endloop
  endfacet
  facet normal -0.0330667 0.759551 -0.649607
    outer loop
      vertex 114.872 46.6053 1.5
      vertex 114.984 45.3273 0
      vertex 114.752 45.3172 0
    endloop
  endfacet
  facet normal -0.753527 0.101342 -0.649559
    outer loop
      vertex 117.423 47.7662 0
      vertex 117.392 47.5357 0
      vertex 116.145 47.878 1.5
    endloop
  endfacet
  facet normal -0.290793 0.702478 -0.649587
    outer loop
      vertex 115.884 45.5685 0
      vertex 115.669 45.4795 0
      vertex 115.342 46.7312 1.5
    endloop
  endfacet
  facet normal -0.56262 0.511473 -0.649503
    outer loop
      vertex 116.646 46.1018 0
      vertex 115.74 47.01 1.5
      vertex 116.647 46.1029 0
    endloop
  endfacet
  facet normal -0.513729 0.560431 -0.649615
    outer loop
      vertex 115.74 47.01 1.5
      vertex 116.646 46.1018 0
      vertex 115.65 46.9275 1.5
    endloop
  endfacet
  facet normal -0.726455 0.224484 -0.649515
    outer loop
      vertex 117.272 47.0839 0
      vertex 116.066 47.5212 1.5
      vertex 116.102 47.6377 1.5
    endloop
  endfacet
  facet normal -0.640033 0.426688 -0.63898
    outer loop
      vertex 116.066 47.5212 1.5
      vertex 117.272 47.0839 0
      vertex 117.271 47.0824 0
    endloop
  endfacet
  facet normal -0.0329969 0.75955 -0.649611
    outer loop
      vertex 114.752 45.3172 0
      vertex 114.75 46.6 1.5
      vertex 114.872 46.6053 1.5
    endloop
  endfacet
  facet normal -0.0379706 0.759413 -0.6495
    outer loop
      vertex 114.75 46.6 1.5
      vertex 114.752 45.3172 0
      vertex 114.75 45.3171 0
    endloop
  endfacet
  facet normal -0.703462 0.288331 -0.64962
    outer loop
      vertex 117.27 47.0809 0
      vertex 117.182 46.8662 0
      vertex 116.019 47.4083 1.5
    endloop
  endfacet
  facet normal 0.725911 -0.225926 -0.649623
    outer loop
      vertex 112.228 48.9161 0
      vertex 113.398 48.3623 1.5
      vertex 112.159 48.6944 0
    endloop
  endfacet
  facet normal 0.725911 0.225926 -0.649623
    outer loop
      vertex 113.398 47.6377 1.5
      vertex 112.228 47.0839 0
      vertex 112.159 47.3056 0
    endloop
  endfacet
  facet normal 0.726455 0.224484 -0.649515
    outer loop
      vertex 113.434 47.5212 1.5
      vertex 112.228 47.0839 0
      vertex 113.398 47.6377 1.5
    endloop
  endfacet
  facet normal 0.640033 0.426688 -0.63898
    outer loop
      vertex 112.228 47.0839 0
      vertex 113.434 47.5212 1.5
      vertex 112.229 47.0824 0
    endloop
  endfacet
  facet normal 0.673462 0.352735 -0.649636
    outer loop
      vertex 113.481 47.4083 1.5
      vertex 112.426 46.66 0
      vertex 112.318 46.8662 0
    endloop
  endfacet
  facet normal 0.0329969 -0.75955 -0.649611
    outer loop
      vertex 114.748 50.6828 0
      vertex 114.75 49.4 1.5
      vertex 114.628 49.3947 1.5
    endloop
  endfacet
  facet normal 0.0379706 -0.759413 -0.6495
    outer loop
      vertex 114.75 49.4 1.5
      vertex 114.748 50.6828 0
      vertex 114.75 50.6829 0
    endloop
  endfacet
  facet normal 0.219642 -0.732139 -0.644771
    outer loop
      vertex 114.284 50.6421 0
      vertex 114.388 49.3523 1.5
      vertex 114.283 50.6418 0
    endloop
  endfacet
  facet normal 0.164659 -0.742213 -0.649621
    outer loop
      vertex 114.388 49.3523 1.5
      vertex 114.284 50.6421 0
      vertex 114.507 49.3787 1.5
    endloop
  endfacet
  facet normal -0.759575 0.0327121 -0.649596
    outer loop
      vertex 117.433 47.9984 0
      vertex 117.423 47.7662 0
      vertex 116.145 47.878 1.5
    endloop
  endfacet
  facet normal -0.759936 0 -0.649998
    outer loop
      vertex 117.433 47.9984 0
      vertex 116.15 48 1.5
      vertex 117.433 48 0
    endloop
  endfacet
  facet normal -0.759551 0.0311291 -0.649702
    outer loop
      vertex 116.15 48 1.5
      vertex 117.433 47.9984 0
      vertex 116.145 47.878 1.5
    endloop
  endfacet
  facet normal -0.219642 0.732139 -0.644771
    outer loop
      vertex 115.216 45.3579 0
      vertex 115.112 46.6477 1.5
      vertex 115.217 45.3582 0
    endloop
  endfacet
  facet normal -0.164659 0.742213 -0.649621
    outer loop
      vertex 115.112 46.6477 1.5
      vertex 115.216 45.3579 0
      vertex 114.993 46.6213 1.5
    endloop
  endfacet
  facet normal -0.0330667 -0.759551 -0.649607
    outer loop
      vertex 114.984 50.6727 0
      vertex 114.872 49.3947 1.5
      vertex 114.752 50.6828 0
    endloop
  endfacet
  facet normal 0.619635 -0.442597 -0.648198
    outer loop
      vertex 113.538 48.7 1.5
      vertex 112.426 49.34 0
      vertex 112.427 49.3414 0
    endloop
  endfacet
  facet normal 0.672679 -0.354041 -0.649737
    outer loop
      vertex 112.426 49.34 0
      vertex 113.538 48.7 1.5
      vertex 113.481 48.5917 1.5
    endloop
  endfacet
  facet normal 0.540808 0.540808 -0.644246
    outer loop
      vertex 113.21 45.8033 0
      vertex 113.947 46.8532 1.5
      vertex 113.211 45.8023 0
    endloop
  endfacet
  facet normal 0.462314 0.603559 -0.649601
    outer loop
      vertex 113.947 46.8532 1.5
      vertex 113.21 45.8033 0
      vertex 113.85 46.9275 1.5
    endloop
  endfacet
  facet normal 0.741779 -0.166655 -0.649607
    outer loop
      vertex 112.159 48.6944 0
      vertex 113.398 48.3623 1.5
      vertex 112.108 48.4674 0
    endloop
  endfacet
  facet normal -0.640982 -0.40879 -0.64964
    outer loop
      vertex 116.948 49.5388 0
      vertex 117.073 49.3428 0
      vertex 115.897 48.803 1.5
    endloop
  endfacet
  facet normal -0.227558 -0.725456 -0.649562
    outer loop
      vertex 115.666 50.5216 0
      vertex 115.229 49.3156 1.5
      vertex 115.112 49.3523 1.5
    endloop
  endfacet
  facet normal -0.184738 -0.738951 -0.647937
    outer loop
      vertex 115.229 49.3156 1.5
      vertex 115.666 50.5216 0
      vertex 115.668 50.5211 0
    endloop
  endfacet
  facet normal 0.601254 -0.465367 -0.649559
    outer loop
      vertex 113.603 48.803 1.5
      vertex 112.553 49.5401 0
      vertex 113.678 48.8999 1.5
    endloop
  endfacet
  facet normal 0.602606 -0.463543 -0.64961
    outer loop
      vertex 112.553 49.5401 0
      vertex 113.603 48.803 1.5
      vertex 112.552 49.5388 0
    endloop
  endfacet
  facet normal -0.741645 0.16799 -0.649417
    outer loop
      vertex 117.392 47.5341 0
      vertex 116.102 47.6377 1.5
      vertex 116.129 47.7569 1.5
    endloop
  endfacet
  facet normal -0.758185 0 -0.652039
    outer loop
      vertex 116.102 47.6377 1.5
      vertex 117.392 47.5341 0
      vertex 117.392 47.5326 0
    endloop
  endfacet
  facet normal 0.184738 -0.738951 -0.647937
    outer loop
      vertex 113.834 50.5216 0
      vertex 114.271 49.3156 1.5
      vertex 113.832 50.5211 0
    endloop
  endfacet
  facet normal 0.227558 -0.725456 -0.649562
    outer loop
      vertex 114.271 49.3156 1.5
      vertex 113.834 50.5216 0
      vertex 114.388 49.3523 1.5
    endloop
  endfacet
  facet normal -0.60231 0.463818 -0.64969
    outer loop
      vertex 116.947 46.4599 0
      vertex 116.805 46.2755 0
      vertex 115.822 47.1001 1.5
    endloop
  endfacet
  facet normal 0.642749 -0.405618 -0.649883
    outer loop
      vertex 113.538 48.7 1.5
      vertex 112.427 49.3428 0
      vertex 113.603 48.803 1.5
    endloop
  endfacet
  facet normal 0.803586 0 -0.595189
    outer loop
      vertex 112.427 49.3428 0
      vertex 113.538 48.7 1.5
      vertex 112.427 49.3414 0
    endloop
  endfacet
  facet normal -0.703462 -0.288331 -0.64962
    outer loop
      vertex 117.182 49.1338 0
      vertex 117.27 48.9191 0
      vertex 116.019 48.5917 1.5
    endloop
  endfacet
  facet normal 0.703462 0.288331 -0.64962
    outer loop
      vertex 113.481 47.4083 1.5
      vertex 112.318 46.8662 0
      vertex 112.23 47.0809 0
    endloop
  endfacet
  facet normal -0.584859 0.487383 -0.648381
    outer loop
      vertex 115.74 47.01 1.5
      vertex 116.648 46.1041 0
      vertex 116.647 46.1029 0
    endloop
  endfacet
  facet normal -0.562344 0.511789 -0.649492
    outer loop
      vertex 116.648 46.1041 0
      vertex 115.74 47.01 1.5
      vertex 115.822 47.1001 1.5
    endloop
  endfacet
  facet normal 0.51415 0.559998 -0.649656
    outer loop
      vertex 113.85 46.9275 1.5
      vertex 113.025 45.9448 0
      vertex 112.854 46.1018 0
    endloop
  endfacet
  facet normal 0.0996217 0.753717 -0.649605
    outer loop
      vertex 114.628 46.6053 1.5
      vertex 114.516 45.3273 0
      vertex 114.286 45.3577 0
    endloop
  endfacet
  facet normal 0.60231 0.463818 -0.64969
    outer loop
      vertex 113.678 47.1001 1.5
      vertex 112.695 46.2755 0
      vertex 112.553 46.4599 0
    endloop
  endfacet
  facet normal 0.584859 0.487383 -0.648381
    outer loop
      vertex 112.852 46.1041 0
      vertex 113.76 47.01 1.5
      vertex 112.853 46.1029 0
    endloop
  endfacet
  facet normal 0.562344 0.511789 -0.649492
    outer loop
      vertex 113.76 47.01 1.5
      vertex 112.852 46.1041 0
      vertex 113.678 47.1001 1.5
    endloop
  endfacet
  facet normal -0.461871 -0.60386 -0.649638
    outer loop
      vertex 116.29 50.1967 0
      vertex 116.475 50.0552 0
      vertex 115.65 49.0725 1.5
    endloop
  endfacet
  facet normal 0.759575 0.0327121 -0.649596
    outer loop
      vertex 113.355 47.878 1.5
      vertex 112.077 47.7662 0
      vertex 112.067 47.9984 0
    endloop
  endfacet
  facet normal -0.60231 -0.463818 -0.64969
    outer loop
      vertex 116.805 49.7245 0
      vertex 116.947 49.5401 0
      vertex 115.822 48.8999 1.5
    endloop
  endfacet
  facet normal -0.725911 0.225926 -0.649623
    outer loop
      vertex 117.341 47.3056 0
      vertex 117.272 47.0839 0
      vertex 116.102 47.6377 1.5
    endloop
  endfacet
  facet normal 0.562043 -0.512083 -0.649522
    outer loop
      vertex 112.852 49.8959 0
      vertex 113.76 48.9899 1.5
      vertex 113.678 48.8999 1.5
    endloop
  endfacet
  facet normal 0.584847 -0.487372 -0.6484
    outer loop
      vertex 113.76 48.9899 1.5
      vertex 112.852 49.8959 0
      vertex 112.853 49.8971 0
    endloop
  endfacet
  facet normal -0.408391 -0.641223 -0.649654
    outer loop
      vertex 115.45 49.2124 1.5
      vertex 116.093 50.3226 0
      vertex 115.553 49.1468 1.5
    endloop
  endfacet
  facet normal -0.312541 -0.694536 -0.648026
    outer loop
      vertex 116.093 50.3226 0
      vertex 115.45 49.2124 1.5
      vertex 116.091 50.3235 0
    endloop
  endfacet
  facet normal -0.228328 0.725163 -0.649618
    outer loop
      vertex 115.666 45.4784 0
      vertex 115.444 45.4085 0
      vertex 115.112 46.6477 1.5
    endloop
  endfacet
  facet normal 0.672679 0.354041 -0.649737
    outer loop
      vertex 113.538 47.3 1.5
      vertex 112.426 46.66 0
      vertex 113.481 47.4083 1.5
    endloop
  endfacet
  facet normal 0.619635 0.442597 -0.648198
    outer loop
      vertex 112.426 46.66 0
      vertex 113.538 47.3 1.5
      vertex 112.427 46.6586 0
    endloop
  endfacet
  facet normal -0.0757081 0.757081 -0.648919
    outer loop
      vertex 115.214 45.3577 0
      vertex 114.993 46.6213 1.5
      vertex 115.216 45.3579 0
    endloop
  endfacet
  facet normal -0.0996639 0.753709 -0.649608
    outer loop
      vertex 114.993 46.6213 1.5
      vertex 115.214 45.3577 0
      vertex 114.872 46.6053 1.5
    endloop
  endfacet
  facet normal 0.513729 0.560431 -0.649615
    outer loop
      vertex 112.854 46.1018 0
      vertex 113.76 47.01 1.5
      vertex 113.85 46.9275 1.5
    endloop
  endfacet
  facet normal 0.56262 0.511473 -0.649503
    outer loop
      vertex 113.76 47.01 1.5
      vertex 112.854 46.1018 0
      vertex 112.853 46.1029 0
    endloop
  endfacet
  facet normal 0.0757081 -0.757081 -0.648919
    outer loop
      vertex 114.286 50.6423 0
      vertex 114.507 49.3787 1.5
      vertex 114.284 50.6421 0
    endloop
  endfacet
  facet normal 0.0996639 -0.753709 -0.649608
    outer loop
      vertex 114.507 49.3787 1.5
      vertex 114.286 50.6423 0
      vertex 114.628 49.3947 1.5
    endloop
  endfacet
  facet normal -0.351919 -0.673887 -0.649637
    outer loop
      vertex 116.09 50.3242 0
      vertex 115.45 49.2124 1.5
      vertex 115.342 49.2688 1.5
    endloop
  endfacet
  facet normal -0.436536 -0.623622 -0.648484
    outer loop
      vertex 115.45 49.2124 1.5
      vertex 116.09 50.3242 0
      vertex 116.091 50.3235 0
    endloop
  endfacet
  facet normal 0.759575 -0.0327121 -0.649596
    outer loop
      vertex 112.077 48.2338 0
      vertex 113.355 48.122 1.5
      vertex 112.067 48.0016 0
    endloop
  endfacet
  facet normal -0.702011 0.292246 -0.64944
    outer loop
      vertex 117.271 47.0824 0
      vertex 116.019 47.4083 1.5
      vertex 116.066 47.5212 1.5
    endloop
  endfacet
  facet normal -0.644975 0.429983 -0.63176
    outer loop
      vertex 116.019 47.4083 1.5
      vertex 117.271 47.0824 0
      vertex 117.27 47.0809 0
    endloop
  endfacet
  facet normal -0.540808 0.540808 -0.644246
    outer loop
      vertex 115.553 46.8532 1.5
      vertex 116.29 45.8033 0
      vertex 116.289 45.8023 0
    endloop
  endfacet
  facet normal -0.462314 0.603559 -0.649601
    outer loop
      vertex 116.29 45.8033 0
      vertex 115.553 46.8532 1.5
      vertex 115.65 46.9275 1.5
    endloop
  endfacet
  facet normal -0.753862 0.0996019 -0.64944
    outer loop
      vertex 117.392 47.5357 0
      vertex 116.129 47.7569 1.5
      vertex 116.145 47.878 1.5
    endloop
  endfacet
  facet normal -0.764951 0 -0.644089
    outer loop
      vertex 116.129 47.7569 1.5
      vertex 117.392 47.5357 0
      vertex 117.392 47.5341 0
    endloop
  endfacet
  facet normal -0.0996639 -0.753709 -0.649608
    outer loop
      vertex 115.214 50.6423 0
      vertex 114.993 49.3787 1.5
      vertex 114.872 49.3947 1.5
    endloop
  endfacet
  facet normal -0.0757081 -0.757081 -0.648919
    outer loop
      vertex 114.993 49.3787 1.5
      vertex 115.214 50.6423 0
      vertex 115.216 50.6421 0
    endloop
  endfacet
  facet normal 0.351226 0.674301 -0.649583
    outer loop
      vertex 114.158 46.7312 1.5
      vertex 113.616 45.5685 0
      vertex 113.41 45.6758 0
    endloop
  endfacet
  facet normal 0.351919 0.673887 -0.649637
    outer loop
      vertex 113.41 45.6758 0
      vertex 114.05 46.7876 1.5
      vertex 114.158 46.7312 1.5
    endloop
  endfacet
  facet normal 0.436536 0.623622 -0.648484
    outer loop
      vertex 114.05 46.7876 1.5
      vertex 113.41 45.6758 0
      vertex 113.409 45.6765 0
    endloop
  endfacet
  facet normal 0.640982 0.40879 -0.64964
    outer loop
      vertex 113.603 47.197 1.5
      vertex 112.552 46.4612 0
      vertex 112.427 46.6572 0
    endloop
  endfacet
  facet normal -0.351226 -0.674301 -0.649583
    outer loop
      vertex 115.884 50.4315 0
      vertex 116.09 50.3242 0
      vertex 115.342 49.2688 1.5
    endloop
  endfacet
  facet normal -0.228328 -0.725163 -0.649618
    outer loop
      vertex 115.444 50.5915 0
      vertex 115.666 50.5216 0
      vertex 115.112 49.3523 1.5
    endloop
  endfacet
  facet normal -0.462314 -0.603559 -0.649601
    outer loop
      vertex 115.553 49.1468 1.5
      vertex 116.29 50.1967 0
      vertex 115.65 49.0725 1.5
    endloop
  endfacet
  facet normal -0.540808 -0.540808 -0.644246
    outer loop
      vertex 116.29 50.1967 0
      vertex 115.553 49.1468 1.5
      vertex 116.289 50.1977 0
    endloop
  endfacet
  facet normal 0.0379706 0.759413 -0.6495
    outer loop
      vertex 114.748 45.3172 0
      vertex 114.75 46.6 1.5
      vertex 114.75 45.3171 0
    endloop
  endfacet
  facet normal 0.0329969 0.75955 -0.649611
    outer loop
      vertex 114.75 46.6 1.5
      vertex 114.748 45.3172 0
      vertex 114.628 46.6053 1.5
    endloop
  endfacet
  facet normal 0.290793 0.702478 -0.649587
    outer loop
      vertex 114.158 46.7312 1.5
      vertex 113.831 45.4795 0
      vertex 113.616 45.5685 0
    endloop
  endfacet
  facet normal 0.227558 0.725456 -0.649562
    outer loop
      vertex 113.834 45.4784 0
      vertex 114.271 46.6844 1.5
      vertex 114.388 46.6477 1.5
    endloop
  endfacet
  facet normal 0.184738 0.738951 -0.647937
    outer loop
      vertex 114.271 46.6844 1.5
      vertex 113.834 45.4784 0
      vertex 113.832 45.4789 0
    endloop
  endfacet
  facet normal 0.51415 -0.559998 -0.649656
    outer loop
      vertex 113.025 50.0552 0
      vertex 113.85 49.0725 1.5
      vertex 112.854 49.8982 0
    endloop
  endfacet
  facet normal -0.164475 -0.742262 -0.649611
    outer loop
      vertex 115.217 50.6418 0
      vertex 115.444 50.5915 0
      vertex 115.112 49.3523 1.5
    endloop
  endfacet
  facet normal -0.408557 -0.64113 -0.649641
    outer loop
      vertex 116.093 50.3226 0
      vertex 116.289 50.1977 0
      vertex 115.553 49.1468 1.5
    endloop
  endfacet
  facet normal 0.351226 -0.674301 -0.649583
    outer loop
      vertex 113.616 50.4315 0
      vertex 114.158 49.2688 1.5
      vertex 113.41 50.3242 0
    endloop
  endfacet
  facet normal -0.312541 0.694536 -0.648026
    outer loop
      vertex 115.45 46.7876 1.5
      vertex 116.093 45.6774 0
      vertex 116.091 45.6765 0
    endloop
  endfacet
  facet normal -0.408391 0.641223 -0.649654
    outer loop
      vertex 116.093 45.6774 0
      vertex 115.45 46.7876 1.5
      vertex 115.553 46.8532 1.5
    endloop
  endfacet
  facet normal 0.408557 0.64113 -0.649641
    outer loop
      vertex 113.947 46.8532 1.5
      vertex 113.407 45.6774 0
      vertex 113.211 45.8023 0
    endloop
  endfacet
  facet normal 0.408557 -0.64113 -0.649641
    outer loop
      vertex 113.407 50.3226 0
      vertex 113.947 49.1468 1.5
      vertex 113.211 50.1977 0
    endloop
  endfacet
  facet normal -0.164475 0.742262 -0.649611
    outer loop
      vertex 115.444 45.4085 0
      vertex 115.217 45.3582 0
      vertex 115.112 46.6477 1.5
    endloop
  endfacet
  facet normal -0.619635 -0.442597 -0.648198
    outer loop
      vertex 117.074 49.34 0
      vertex 115.962 48.7 1.5
      vertex 117.073 49.3414 0
    endloop
  endfacet
  facet normal -0.672679 -0.354041 -0.649737
    outer loop
      vertex 115.962 48.7 1.5
      vertex 117.074 49.34 0
      vertex 116.019 48.5917 1.5
    endloop
  endfacet
  facet normal 0.758185 0 -0.652039
    outer loop
      vertex 113.398 48.3623 1.5
      vertex 112.108 48.4659 0
      vertex 112.108 48.4674 0
    endloop
  endfacet
  facet normal 0.741645 -0.16799 -0.649417
    outer loop
      vertex 112.108 48.4659 0
      vertex 113.398 48.3623 1.5
      vertex 113.371 48.2431 1.5
    endloop
  endfacet
  facet normal 0.408391 -0.641223 -0.649654
    outer loop
      vertex 113.407 50.3226 0
      vertex 114.05 49.2124 1.5
      vertex 113.947 49.1468 1.5
    endloop
  endfacet
  facet normal 0.312541 -0.694536 -0.648026
    outer loop
      vertex 114.05 49.2124 1.5
      vertex 113.407 50.3226 0
      vertex 113.409 50.3235 0
    endloop
  endfacet
  facet normal -0.164659 -0.742213 -0.649621
    outer loop
      vertex 115.216 50.6421 0
      vertex 115.112 49.3523 1.5
      vertex 114.993 49.3787 1.5
    endloop
  endfacet
  facet normal -0.219642 -0.732139 -0.644771
    outer loop
      vertex 115.112 49.3523 1.5
      vertex 115.216 50.6421 0
      vertex 115.217 50.6418 0
    endloop
  endfacet
  facet normal 0.514049 -0.560102 -0.649646
    outer loop
      vertex 113.76 48.9899 1.5
      vertex 112.854 49.8982 0
      vertex 113.85 49.0725 1.5
    endloop
  endfacet
  facet normal 0.562608 -0.511462 -0.649522
    outer loop
      vertex 112.854 49.8982 0
      vertex 113.76 48.9899 1.5
      vertex 112.853 49.8971 0
    endloop
  endfacet
  facet normal 0.560593 0.513495 -0.64966
    outer loop
      vertex 113.678 47.1001 1.5
      vertex 112.852 46.1041 0
      vertex 112.695 46.2755 0
    endloop
  endfacet
  facet normal 0.753527 -0.101342 -0.649559
    outer loop
      vertex 112.108 48.4643 0
      vertex 113.355 48.122 1.5
      vertex 112.077 48.2338 0
    endloop
  endfacet
  facet normal 0.396341 -0.660568 -0.637624
    outer loop
      vertex 113.832 50.5211 0
      vertex 114.158 49.2688 1.5
      vertex 113.831 50.5205 0
    endloop
  endfacet
  facet normal 0.290903 -0.702394 -0.649629
    outer loop
      vertex 114.158 49.2688 1.5
      vertex 113.832 50.5211 0
      vertex 114.271 49.3156 1.5
    endloop
  endfacet
  facet normal 0.703462 -0.288331 -0.64962
    outer loop
      vertex 112.318 49.1338 0
      vertex 113.481 48.5917 1.5
      vertex 112.23 48.9191 0
    endloop
  endfacet
  facet normal 0.673462 -0.352735 -0.649636
    outer loop
      vertex 112.426 49.34 0
      vertex 113.481 48.5917 1.5
      vertex 112.318 49.1338 0
    endloop
  endfacet
  facet normal 0.164659 0.742213 -0.649621
    outer loop
      vertex 114.284 45.3579 0
      vertex 114.388 46.6477 1.5
      vertex 114.507 46.6213 1.5
    endloop
  endfacet
  facet normal 0.219642 0.732139 -0.644771
    outer loop
      vertex 114.388 46.6477 1.5
      vertex 114.284 45.3579 0
      vertex 114.283 45.3582 0
    endloop
  endfacet
  facet normal 0.0996639 0.753709 -0.649608
    outer loop
      vertex 114.286 45.3577 0
      vertex 114.507 46.6213 1.5
      vertex 114.628 46.6053 1.5
    endloop
  endfacet
  facet normal 0.0757081 0.757081 -0.648919
    outer loop
      vertex 114.507 46.6213 1.5
      vertex 114.286 45.3577 0
      vertex 114.284 45.3579 0
    endloop
  endfacet
  facet normal -0.0379706 -0.759413 -0.6495
    outer loop
      vertex 114.752 50.6828 0
      vertex 114.75 49.4 1.5
      vertex 114.75 50.6829 0
    endloop
  endfacet
  facet normal -0.0329969 -0.75955 -0.649611
    outer loop
      vertex 114.75 49.4 1.5
      vertex 114.752 50.6828 0
      vertex 114.872 49.3947 1.5
    endloop
  endfacet
  facet normal 0.164475 0.742262 -0.649611
    outer loop
      vertex 114.388 46.6477 1.5
      vertex 114.283 45.3582 0
      vertex 114.056 45.4085 0
    endloop
  endfacet
  facet normal -0.184738 0.738951 -0.647937
    outer loop
      vertex 115.666 45.4784 0
      vertex 115.229 46.6844 1.5
      vertex 115.668 45.4789 0
    endloop
  endfacet
  facet normal -0.227558 0.725456 -0.649562
    outer loop
      vertex 115.229 46.6844 1.5
      vertex 115.666 45.4784 0
      vertex 115.112 46.6477 1.5
    endloop
  endfacet
  facet normal -0.602606 -0.463543 -0.64961
    outer loop
      vertex 115.897 48.803 1.5
      vertex 116.947 49.5401 0
      vertex 116.948 49.5388 0
    endloop
  endfacet
  facet normal -0.601254 -0.465367 -0.649559
    outer loop
      vertex 116.947 49.5401 0
      vertex 115.897 48.803 1.5
      vertex 115.822 48.8999 1.5
    endloop
  endfacet
  facet normal 0.164475 -0.742262 -0.649611
    outer loop
      vertex 114.283 50.6418 0
      vertex 114.388 49.3523 1.5
      vertex 114.056 50.5915 0
    endloop
  endfacet
  facet normal 0.764951 0 -0.644089
    outer loop
      vertex 113.371 48.2431 1.5
      vertex 112.108 48.4643 0
      vertex 112.108 48.4659 0
    endloop
  endfacet
  facet normal 0.753862 -0.0996019 -0.64944
    outer loop
      vertex 112.108 48.4643 0
      vertex 113.371 48.2431 1.5
      vertex 113.355 48.122 1.5
    endloop
  endfacet
  facet normal 0.644975 -0.429983 -0.63176
    outer loop
      vertex 113.481 48.5917 1.5
      vertex 112.229 48.9176 0
      vertex 112.23 48.9191 0
    endloop
  endfacet
  facet normal 0.702011 -0.292246 -0.64944
    outer loop
      vertex 112.229 48.9176 0
      vertex 113.481 48.5917 1.5
      vertex 113.434 48.4788 1.5
    endloop
  endfacet
  facet normal 0.436536 -0.623622 -0.648484
    outer loop
      vertex 113.41 50.3242 0
      vertex 114.05 49.2124 1.5
      vertex 113.409 50.3235 0
    endloop
  endfacet
  facet normal 0.351919 -0.673887 -0.649637
    outer loop
      vertex 114.05 49.2124 1.5
      vertex 113.41 50.3242 0
      vertex 114.158 49.2688 1.5
    endloop
  endfacet
  facet normal 0.640033 -0.426688 -0.63898
    outer loop
      vertex 113.434 48.4788 1.5
      vertex 112.228 48.9161 0
      vertex 112.229 48.9176 0
    endloop
  endfacet
  facet normal 0.726455 -0.224484 -0.649515
    outer loop
      vertex 112.228 48.9161 0
      vertex 113.434 48.4788 1.5
      vertex 113.398 48.3623 1.5
    endloop
  endfacet
  facet normal 0.461871 -0.60386 -0.649638
    outer loop
      vertex 113.21 50.1967 0
      vertex 113.85 49.0725 1.5
      vertex 113.025 50.0552 0
    endloop
  endfacet
  facet normal 0.462314 -0.603559 -0.649601
    outer loop
      vertex 113.21 50.1967 0
      vertex 113.947 49.1468 1.5
      vertex 113.85 49.0725 1.5
    endloop
  endfacet
  facet normal 0.540808 -0.540808 -0.644246
    outer loop
      vertex 113.947 49.1468 1.5
      vertex 113.21 50.1967 0
      vertex 113.211 50.1977 0
    endloop
  endfacet
  facet normal 0.7908 -0.612074 0
    outer loop
      vertex 113.603 96.803 3.85
      vertex 113.678 96.8999 1.5
      vertex 113.678 96.8999 3.85
    endloop
  endfacet
  facet normal 0.7908 -0.612074 0
    outer loop
      vertex 113.678 96.8999 1.5
      vertex 113.603 96.803 3.85
      vertex 113.603 96.803 1.5
    endloop
  endfacet
  facet normal -0.999161 -0.0409492 0
    outer loop
      vertex 116.15 96 1.5
      vertex 116.145 96.122 3.85
      vertex 116.145 96.122 1.5
    endloop
  endfacet
  facet normal -0.999161 -0.0409492 0
    outer loop
      vertex 116.145 96.122 3.85
      vertex 116.15 96 1.5
      vertex 116.15 96 3.85
    endloop
  endfacet
  facet normal -0.299296 -0.95416 0
    outer loop
      vertex 115.112 97.3523 1.5
      vertex 115.229 97.3156 3.85
      vertex 115.112 97.3523 3.85
    endloop
  endfacet
  facet normal -0.299296 -0.95416 -0
    outer loop
      vertex 115.229 97.3156 3.85
      vertex 115.112 97.3523 1.5
      vertex 115.229 97.3156 1.5
    endloop
  endfacet
  facet normal 0.299296 -0.95416 0
    outer loop
      vertex 114.271 97.3156 1.5
      vertex 114.388 97.3523 3.85
      vertex 114.271 97.3156 3.85
    endloop
  endfacet
  facet normal 0.299296 -0.95416 0
    outer loop
      vertex 114.388 97.3523 3.85
      vertex 114.271 97.3156 1.5
      vertex 114.388 97.3523 1.5
    endloop
  endfacet
  facet normal -0.991384 -0.130984 0
    outer loop
      vertex 116.145 96.122 1.5
      vertex 116.129 96.2431 3.85
      vertex 116.129 96.2431 1.5
    endloop
  endfacet
  facet normal -0.991384 -0.130984 0
    outer loop
      vertex 116.129 96.2431 3.85
      vertex 116.145 96.122 1.5
      vertex 116.145 96.122 3.85
    endloop
  endfacet
  facet normal 0.13109 0.99137 -0
    outer loop
      vertex 114.628 94.6053 1.5
      vertex 114.507 94.6213 3.85
      vertex 114.628 94.6053 3.85
    endloop
  endfacet
  facet normal 0.13109 0.99137 0
    outer loop
      vertex 114.507 94.6213 3.85
      vertex 114.628 94.6053 1.5
      vertex 114.507 94.6213 1.5
    endloop
  endfacet
  facet normal 0.462903 -0.886409 0
    outer loop
      vertex 114.05 97.2124 1.5
      vertex 114.158 97.2688 3.85
      vertex 114.05 97.2124 3.85
    endloop
  endfacet
  facet normal 0.462903 -0.886409 0
    outer loop
      vertex 114.158 97.2688 3.85
      vertex 114.05 97.2124 1.5
      vertex 114.158 97.2688 1.5
    endloop
  endfacet
  facet normal -0.382641 -0.923897 0
    outer loop
      vertex 115.229 97.3156 1.5
      vertex 115.342 97.2688 3.85
      vertex 115.229 97.3156 3.85
    endloop
  endfacet
  facet normal -0.382641 -0.923897 -0
    outer loop
      vertex 115.342 97.2688 3.85
      vertex 115.229 97.3156 1.5
      vertex 115.342 97.2688 1.5
    endloop
  endfacet
  facet normal -0.991384 0.130984 0
    outer loop
      vertex 116.129 95.7569 1.5
      vertex 116.145 95.878 3.85
      vertex 116.145 95.878 1.5
    endloop
  endfacet
  facet normal -0.991384 0.130984 0
    outer loop
      vertex 116.145 95.878 3.85
      vertex 116.129 95.7569 1.5
      vertex 116.129 95.7569 3.85
    endloop
  endfacet
  facet normal 0.216583 0.976264 -0
    outer loop
      vertex 114.507 94.6213 1.5
      vertex 114.388 94.6477 3.85
      vertex 114.507 94.6213 3.85
    endloop
  endfacet
  facet normal 0.216583 0.976264 0
    outer loop
      vertex 114.388 94.6477 3.85
      vertex 114.507 94.6213 1.5
      vertex 114.388 94.6477 1.5
    endloop
  endfacet
  facet normal 0.975333 -0.220738 0
    outer loop
      vertex 113.371 96.2431 3.85
      vertex 113.398 96.3624 1.5
      vertex 113.398 96.3624 3.85
    endloop
  endfacet
  facet normal 0.975333 -0.220738 0
    outer loop
      vertex 113.398 96.3624 1.5
      vertex 113.371 96.2431 3.85
      vertex 113.371 96.2431 1.5
    endloop
  endfacet
  facet normal -0.955352 0.29547 0
    outer loop
      vertex 116.066 95.5212 1.5
      vertex 116.102 95.6376 3.85
      vertex 116.102 95.6376 1.5
    endloop
  endfacet
  facet normal -0.955352 0.29547 0
    outer loop
      vertex 116.102 95.6376 3.85
      vertex 116.066 95.5212 1.5
      vertex 116.066 95.5212 3.85
    endloop
  endfacet
  facet normal 0.608088 0.79387 -0
    outer loop
      vertex 113.947 94.8532 1.5
      vertex 113.85 94.9275 3.85
      vertex 113.947 94.8532 3.85
    endloop
  endfacet
  facet normal 0.608088 0.79387 0
    outer loop
      vertex 113.85 94.9275 3.85
      vertex 113.947 94.8532 1.5
      vertex 113.85 94.9275 1.5
    endloop
  endfacet
  facet normal -0.537193 -0.843459 0
    outer loop
      vertex 115.45 97.2124 1.5
      vertex 115.553 97.1468 3.85
      vertex 115.45 97.2124 3.85
    endloop
  endfacet
  facet normal -0.537193 -0.843459 -0
    outer loop
      vertex 115.553 97.1468 3.85
      vertex 115.45 97.2124 1.5
      vertex 115.553 97.1468 1.5
    endloop
  endfacet
  facet normal 0.923198 0.384325 0
    outer loop
      vertex 113.481 95.4083 3.85
      vertex 113.434 95.5212 1.5
      vertex 113.434 95.5212 3.85
    endloop
  endfacet
  facet normal 0.923198 0.384325 0
    outer loop
      vertex 113.434 95.5212 1.5
      vertex 113.481 95.4083 3.85
      vertex 113.481 95.4083 1.5
    endloop
  endfacet
  facet normal -0.975333 -0.220738 0
    outer loop
      vertex 116.129 96.2431 1.5
      vertex 116.102 96.3624 3.85
      vertex 116.102 96.3624 1.5
    endloop
  endfacet
  facet normal -0.975333 -0.220738 0
    outer loop
      vertex 116.102 96.3624 3.85
      vertex 116.129 96.2431 1.5
      vertex 116.129 96.2431 3.85
    endloop
  endfacet
  facet normal 0.537193 -0.843459 0
    outer loop
      vertex 113.947 97.1468 1.5
      vertex 114.05 97.2124 3.85
      vertex 113.947 97.1468 3.85
    endloop
  endfacet
  facet normal 0.537193 -0.843459 0
    outer loop
      vertex 114.05 97.2124 3.85
      vertex 113.947 97.1468 1.5
      vertex 114.05 97.2124 1.5
    endloop
  endfacet
  facet normal -0.999161 0.0409492 0
    outer loop
      vertex 116.145 95.878 1.5
      vertex 116.15 96 3.85
      vertex 116.15 96 1.5
    endloop
  endfacet
  facet normal -0.999161 0.0409492 0
    outer loop
      vertex 116.15 96 3.85
      vertex 116.145 95.878 1.5
      vertex 116.145 95.878 3.85
    endloop
  endfacet
  facet normal -0.7908 0.612074 0
    outer loop
      vertex 115.822 95.1001 1.5
      vertex 115.897 95.197 3.85
      vertex 115.897 95.197 1.5
    endloop
  endfacet
  facet normal -0.7908 0.612074 0
    outer loop
      vertex 115.897 95.197 3.85
      vertex 115.822 95.1001 1.5
      vertex 115.822 95.1001 3.85
    endloop
  endfacet
  facet normal -0.884918 -0.465746 0
    outer loop
      vertex 116.019 96.5917 1.5
      vertex 115.962 96.7 3.85
      vertex 115.962 96.7 1.5
    endloop
  endfacet
  facet normal -0.884918 -0.465746 0
    outer loop
      vertex 115.962 96.7 3.85
      vertex 116.019 96.5917 1.5
      vertex 116.019 96.5917 3.85
    endloop
  endfacet
  facet normal -0.975333 0.220738 0
    outer loop
      vertex 116.102 95.6376 1.5
      vertex 116.129 95.7569 3.85
      vertex 116.129 95.7569 1.5
    endloop
  endfacet
  facet normal -0.975333 0.220738 0
    outer loop
      vertex 116.129 95.7569 3.85
      vertex 116.102 95.6376 1.5
      vertex 116.102 95.6376 3.85
    endloop
  endfacet
  facet normal 0.739569 0.673081 0
    outer loop
      vertex 113.76 95.01 3.85
      vertex 113.678 95.1001 1.5
      vertex 113.678 95.1001 3.85
    endloop
  endfacet
  facet normal 0.739569 0.673081 0
    outer loop
      vertex 113.678 95.1001 1.5
      vertex 113.76 95.01 3.85
      vertex 113.76 95.01 1.5
    endloop
  endfacet
  facet normal -0.382641 0.923897 0
    outer loop
      vertex 115.342 94.7312 1.5
      vertex 115.229 94.6844 3.85
      vertex 115.342 94.7312 3.85
    endloop
  endfacet
  facet normal -0.382641 0.923897 0
    outer loop
      vertex 115.229 94.6844 3.85
      vertex 115.342 94.7312 1.5
      vertex 115.229 94.6844 1.5
    endloop
  endfacet
  facet normal 0.216583 -0.976264 0
    outer loop
      vertex 114.388 97.3523 1.5
      vertex 114.507 97.3787 3.85
      vertex 114.388 97.3523 3.85
    endloop
  endfacet
  facet normal 0.216583 -0.976264 0
    outer loop
      vertex 114.507 97.3787 3.85
      vertex 114.388 97.3523 1.5
      vertex 114.507 97.3787 1.5
    endloop
  endfacet
  facet normal 0.884918 -0.465746 0
    outer loop
      vertex 113.481 96.5917 3.85
      vertex 113.538 96.7 1.5
      vertex 113.538 96.7 3.85
    endloop
  endfacet
  facet normal 0.884918 -0.465746 0
    outer loop
      vertex 113.538 96.7 1.5
      vertex 113.481 96.5917 3.85
      vertex 113.481 96.5917 1.5
    endloop
  endfacet
  facet normal -0.608088 0.79387 0
    outer loop
      vertex 115.65 94.9275 1.5
      vertex 115.553 94.8532 3.85
      vertex 115.65 94.9275 3.85
    endloop
  endfacet
  facet normal -0.608088 0.79387 0
    outer loop
      vertex 115.553 94.8532 3.85
      vertex 115.65 94.9275 1.5
      vertex 115.553 94.8532 1.5
    endloop
  endfacet
  facet normal -0.216583 0.976264 0
    outer loop
      vertex 115.112 94.6477 1.5
      vertex 114.993 94.6213 3.85
      vertex 115.112 94.6477 3.85
    endloop
  endfacet
  facet normal -0.216583 0.976264 0
    outer loop
      vertex 114.993 94.6213 3.85
      vertex 115.112 94.6477 1.5
      vertex 114.993 94.6213 1.5
    endloop
  endfacet
  facet normal -0.845684 -0.533684 0
    outer loop
      vertex 115.962 96.7 1.5
      vertex 115.897 96.803 3.85
      vertex 115.897 96.803 1.5
    endloop
  endfacet
  facet normal -0.845684 -0.533684 0
    outer loop
      vertex 115.897 96.803 3.85
      vertex 115.962 96.7 1.5
      vertex 115.962 96.7 3.85
    endloop
  endfacet
  facet normal 0.0434017 -0.999058 0
    outer loop
      vertex 114.628 97.3947 1.5
      vertex 114.75 97.4 3.85
      vertex 114.628 97.3947 3.85
    endloop
  endfacet
  facet normal 0.0434017 -0.999058 0
    outer loop
      vertex 114.75 97.4 3.85
      vertex 114.628 97.3947 1.5
      vertex 114.75 97.4 1.5
    endloop
  endfacet
  facet normal 0.975333 0.220738 0
    outer loop
      vertex 113.398 95.6376 3.85
      vertex 113.371 95.7569 1.5
      vertex 113.371 95.7569 3.85
    endloop
  endfacet
  facet normal 0.975333 0.220738 0
    outer loop
      vertex 113.371 95.7569 1.5
      vertex 113.398 95.6376 3.85
      vertex 113.398 95.6376 1.5
    endloop
  endfacet
  facet normal 0.382641 0.923897 -0
    outer loop
      vertex 114.271 94.6844 1.5
      vertex 114.158 94.7312 3.85
      vertex 114.271 94.6844 3.85
    endloop
  endfacet
  facet normal 0.382641 0.923897 0
    outer loop
      vertex 114.158 94.7312 3.85
      vertex 114.271 94.6844 1.5
      vertex 114.158 94.7312 1.5
    endloop
  endfacet
  facet normal 0.13109 -0.99137 0
    outer loop
      vertex 114.507 97.3787 1.5
      vertex 114.628 97.3947 3.85
      vertex 114.507 97.3787 3.85
    endloop
  endfacet
  facet normal 0.13109 -0.99137 0
    outer loop
      vertex 114.628 97.3947 3.85
      vertex 114.507 97.3787 1.5
      vertex 114.628 97.3947 1.5
    endloop
  endfacet
  facet normal 0.299296 0.95416 -0
    outer loop
      vertex 114.388 94.6477 1.5
      vertex 114.271 94.6844 3.85
      vertex 114.388 94.6477 3.85
    endloop
  endfacet
  facet normal 0.299296 0.95416 0
    outer loop
      vertex 114.271 94.6844 3.85
      vertex 114.388 94.6477 1.5
      vertex 114.271 94.6844 1.5
    endloop
  endfacet
  facet normal 0.675725 -0.737154 0
    outer loop
      vertex 113.76 96.99 1.5
      vertex 113.85 97.0725 3.85
      vertex 113.76 96.99 3.85
    endloop
  endfacet
  facet normal 0.675725 -0.737154 0
    outer loop
      vertex 113.85 97.0725 3.85
      vertex 113.76 96.99 1.5
      vertex 113.85 97.0725 1.5
    endloop
  endfacet
  facet normal -0.884918 0.465746 0
    outer loop
      vertex 115.962 95.3 1.5
      vertex 116.019 95.4083 3.85
      vertex 116.019 95.4083 1.5
    endloop
  endfacet
  facet normal -0.884918 0.465746 0
    outer loop
      vertex 116.019 95.4083 3.85
      vertex 115.962 95.3 1.5
      vertex 115.962 95.3 3.85
    endloop
  endfacet
  facet normal -0.845684 0.533684 0
    outer loop
      vertex 115.897 95.197 1.5
      vertex 115.962 95.3 3.85
      vertex 115.962 95.3 1.5
    endloop
  endfacet
  facet normal -0.845684 0.533684 0
    outer loop
      vertex 115.962 95.3 3.85
      vertex 115.897 95.197 1.5
      vertex 115.897 95.197 3.85
    endloop
  endfacet
  facet normal -0.955352 -0.29547 0
    outer loop
      vertex 116.102 96.3624 1.5
      vertex 116.066 96.4788 3.85
      vertex 116.066 96.4788 1.5
    endloop
  endfacet
  facet normal -0.955352 -0.29547 0
    outer loop
      vertex 116.066 96.4788 3.85
      vertex 116.102 96.3624 1.5
      vertex 116.102 96.3624 3.85
    endloop
  endfacet
  facet normal 0.999161 0.0409492 0
    outer loop
      vertex 113.355 95.878 3.85
      vertex 113.35 96 1.5
      vertex 113.35 96 3.85
    endloop
  endfacet
  facet normal 0.999161 0.0409492 0
    outer loop
      vertex 113.35 96 1.5
      vertex 113.355 95.878 3.85
      vertex 113.355 95.878 1.5
    endloop
  endfacet
  facet normal -0.0434017 -0.999058 0
    outer loop
      vertex 114.75 97.4 1.5
      vertex 114.872 97.3947 3.85
      vertex 114.75 97.4 3.85
    endloop
  endfacet
  facet normal -0.0434017 -0.999058 -0
    outer loop
      vertex 114.872 97.3947 3.85
      vertex 114.75 97.4 1.5
      vertex 114.872 97.3947 1.5
    endloop
  endfacet
  facet normal -0.675725 -0.737154 0
    outer loop
      vertex 115.65 97.0725 1.5
      vertex 115.74 96.99 3.85
      vertex 115.65 97.0725 3.85
    endloop
  endfacet
  facet normal -0.675725 -0.737154 -0
    outer loop
      vertex 115.74 96.99 3.85
      vertex 115.65 97.0725 1.5
      vertex 115.74 96.99 1.5
    endloop
  endfacet
  facet normal 0.382641 -0.923897 0
    outer loop
      vertex 114.158 97.2688 1.5
      vertex 114.271 97.3156 3.85
      vertex 114.158 97.2688 3.85
    endloop
  endfacet
  facet normal 0.382641 -0.923897 0
    outer loop
      vertex 114.271 97.3156 3.85
      vertex 114.158 97.2688 1.5
      vertex 114.271 97.3156 1.5
    endloop
  endfacet
  facet normal 0.923198 -0.384325 0
    outer loop
      vertex 113.434 96.4788 3.85
      vertex 113.481 96.5917 1.5
      vertex 113.481 96.5917 3.85
    endloop
  endfacet
  facet normal 0.923198 -0.384325 0
    outer loop
      vertex 113.481 96.5917 1.5
      vertex 113.434 96.4788 3.85
      vertex 113.434 96.4788 1.5
    endloop
  endfacet
  facet normal -0.923198 -0.384325 0
    outer loop
      vertex 116.066 96.4788 1.5
      vertex 116.019 96.5917 3.85
      vertex 116.019 96.5917 1.5
    endloop
  endfacet
  facet normal -0.923198 -0.384325 0
    outer loop
      vertex 116.019 96.5917 3.85
      vertex 116.066 96.4788 1.5
      vertex 116.066 96.4788 3.85
    endloop
  endfacet
  facet normal 0.0434017 0.999058 -0
    outer loop
      vertex 114.75 94.6 1.5
      vertex 114.628 94.6053 3.85
      vertex 114.75 94.6 3.85
    endloop
  endfacet
  facet normal 0.0434017 0.999058 0
    outer loop
      vertex 114.628 94.6053 3.85
      vertex 114.75 94.6 1.5
      vertex 114.628 94.6053 1.5
    endloop
  endfacet
  facet normal -0.7908 -0.612074 0
    outer loop
      vertex 115.897 96.803 1.5
      vertex 115.822 96.8999 3.85
      vertex 115.822 96.8999 1.5
    endloop
  endfacet
  facet normal -0.7908 -0.612074 0
    outer loop
      vertex 115.822 96.8999 3.85
      vertex 115.897 96.803 1.5
      vertex 115.897 96.803 3.85
    endloop
  endfacet
  facet normal 0.955352 -0.29547 0
    outer loop
      vertex 113.398 96.3624 3.85
      vertex 113.434 96.4788 1.5
      vertex 113.434 96.4788 3.85
    endloop
  endfacet
  facet normal 0.955352 -0.29547 0
    outer loop
      vertex 113.434 96.4788 1.5
      vertex 113.398 96.3624 3.85
      vertex 113.398 96.3624 1.5
    endloop
  endfacet
  facet normal -0.13109 -0.99137 0
    outer loop
      vertex 114.872 97.3947 1.5
      vertex 114.993 97.3787 3.85
      vertex 114.872 97.3947 3.85
    endloop
  endfacet
  facet normal -0.13109 -0.99137 -0
    outer loop
      vertex 114.993 97.3787 3.85
      vertex 114.872 97.3947 1.5
      vertex 114.993 97.3787 1.5
    endloop
  endfacet
  facet normal -0.0434017 0.999058 0
    outer loop
      vertex 114.872 94.6053 1.5
      vertex 114.75 94.6 3.85
      vertex 114.872 94.6053 3.85
    endloop
  endfacet
  facet normal -0.0434017 0.999058 0
    outer loop
      vertex 114.75 94.6 3.85
      vertex 114.872 94.6053 1.5
      vertex 114.75 94.6 1.5
    endloop
  endfacet
  facet normal 0.884918 0.465746 0
    outer loop
      vertex 113.538 95.3 3.85
      vertex 113.481 95.4083 1.5
      vertex 113.481 95.4083 3.85
    endloop
  endfacet
  facet normal 0.884918 0.465746 0
    outer loop
      vertex 113.481 95.4083 1.5
      vertex 113.538 95.3 3.85
      vertex 113.538 95.3 1.5
    endloop
  endfacet
  facet normal -0.608088 -0.79387 0
    outer loop
      vertex 115.553 97.1468 1.5
      vertex 115.65 97.0725 3.85
      vertex 115.553 97.1468 3.85
    endloop
  endfacet
  facet normal -0.608088 -0.79387 -0
    outer loop
      vertex 115.65 97.0725 3.85
      vertex 115.553 97.1468 1.5
      vertex 115.65 97.0725 1.5
    endloop
  endfacet
  facet normal -0.13109 0.99137 0
    outer loop
      vertex 114.993 94.6213 1.5
      vertex 114.872 94.6053 3.85
      vertex 114.993 94.6213 3.85
    endloop
  endfacet
  facet normal -0.13109 0.99137 0
    outer loop
      vertex 114.872 94.6053 3.85
      vertex 114.993 94.6213 1.5
      vertex 114.872 94.6053 1.5
    endloop
  endfacet
  facet normal -0.462903 -0.886409 0
    outer loop
      vertex 115.342 97.2688 1.5
      vertex 115.45 97.2124 3.85
      vertex 115.342 97.2688 3.85
    endloop
  endfacet
  facet normal -0.462903 -0.886409 -0
    outer loop
      vertex 115.45 97.2124 3.85
      vertex 115.342 97.2688 1.5
      vertex 115.45 97.2124 1.5
    endloop
  endfacet
  facet normal -0.462903 0.886409 0
    outer loop
      vertex 115.45 94.7876 1.5
      vertex 115.342 94.7312 3.85
      vertex 115.45 94.7876 3.85
    endloop
  endfacet
  facet normal -0.462903 0.886409 0
    outer loop
      vertex 115.342 94.7312 3.85
      vertex 115.45 94.7876 1.5
      vertex 115.342 94.7312 1.5
    endloop
  endfacet
  facet normal 0.739569 -0.673081 0
    outer loop
      vertex 113.678 96.8999 3.85
      vertex 113.76 96.99 1.5
      vertex 113.76 96.99 3.85
    endloop
  endfacet
  facet normal 0.739569 -0.673081 0
    outer loop
      vertex 113.76 96.99 1.5
      vertex 113.678 96.8999 3.85
      vertex 113.678 96.8999 1.5
    endloop
  endfacet
  facet normal -0.739569 0.673081 0
    outer loop
      vertex 115.74 95.01 1.5
      vertex 115.822 95.1001 3.85
      vertex 115.822 95.1001 1.5
    endloop
  endfacet
  facet normal -0.739569 0.673081 0
    outer loop
      vertex 115.822 95.1001 3.85
      vertex 115.74 95.01 1.5
      vertex 115.74 95.01 3.85
    endloop
  endfacet
  facet normal 0.991384 0.130984 0
    outer loop
      vertex 113.371 95.7569 3.85
      vertex 113.355 95.878 1.5
      vertex 113.355 95.878 3.85
    endloop
  endfacet
  facet normal 0.991384 0.130984 0
    outer loop
      vertex 113.355 95.878 1.5
      vertex 113.371 95.7569 3.85
      vertex 113.371 95.7569 1.5
    endloop
  endfacet
  facet normal 0.955352 0.29547 0
    outer loop
      vertex 113.434 95.5212 3.85
      vertex 113.398 95.6376 1.5
      vertex 113.398 95.6376 3.85
    endloop
  endfacet
  facet normal 0.955352 0.29547 0
    outer loop
      vertex 113.398 95.6376 1.5
      vertex 113.434 95.5212 3.85
      vertex 113.434 95.5212 1.5
    endloop
  endfacet
  facet normal -0.739569 -0.673081 0
    outer loop
      vertex 115.822 96.8999 1.5
      vertex 115.74 96.99 3.85
      vertex 115.74 96.99 1.5
    endloop
  endfacet
  facet normal -0.739569 -0.673081 0
    outer loop
      vertex 115.74 96.99 3.85
      vertex 115.822 96.8999 1.5
      vertex 115.822 96.8999 3.85
    endloop
  endfacet
  facet normal 0.675725 0.737154 -0
    outer loop
      vertex 113.85 94.9275 1.5
      vertex 113.76 95.01 3.85
      vertex 113.85 94.9275 3.85
    endloop
  endfacet
  facet normal 0.675725 0.737154 0
    outer loop
      vertex 113.76 95.01 3.85
      vertex 113.85 94.9275 1.5
      vertex 113.76 95.01 1.5
    endloop
  endfacet
  facet normal -0.537193 0.843459 0
    outer loop
      vertex 115.553 94.8532 1.5
      vertex 115.45 94.7876 3.85
      vertex 115.553 94.8532 3.85
    endloop
  endfacet
  facet normal -0.537193 0.843459 0
    outer loop
      vertex 115.45 94.7876 3.85
      vertex 115.553 94.8532 1.5
      vertex 115.45 94.7876 1.5
    endloop
  endfacet
  facet normal 0.462903 0.886409 -0
    outer loop
      vertex 114.158 94.7312 1.5
      vertex 114.05 94.7876 3.85
      vertex 114.158 94.7312 3.85
    endloop
  endfacet
  facet normal 0.462903 0.886409 0
    outer loop
      vertex 114.05 94.7876 3.85
      vertex 114.158 94.7312 1.5
      vertex 114.05 94.7876 1.5
    endloop
  endfacet
  facet normal 0.845684 0.533684 0
    outer loop
      vertex 113.603 95.197 3.85
      vertex 113.538 95.3 1.5
      vertex 113.538 95.3 3.85
    endloop
  endfacet
  facet normal 0.845684 0.533684 0
    outer loop
      vertex 113.538 95.3 1.5
      vertex 113.603 95.197 3.85
      vertex 113.603 95.197 1.5
    endloop
  endfacet
  facet normal -0.299296 0.95416 0
    outer loop
      vertex 115.229 94.6844 1.5
      vertex 115.112 94.6477 3.85
      vertex 115.229 94.6844 3.85
    endloop
  endfacet
  facet normal -0.299296 0.95416 0
    outer loop
      vertex 115.112 94.6477 3.85
      vertex 115.229 94.6844 1.5
      vertex 115.112 94.6477 1.5
    endloop
  endfacet
  facet normal -0.923198 0.384325 0
    outer loop
      vertex 116.019 95.4083 1.5
      vertex 116.066 95.5212 3.85
      vertex 116.066 95.5212 1.5
    endloop
  endfacet
  facet normal -0.923198 0.384325 0
    outer loop
      vertex 116.066 95.5212 3.85
      vertex 116.019 95.4083 1.5
      vertex 116.019 95.4083 3.85
    endloop
  endfacet
  facet normal -0.675725 0.737154 0
    outer loop
      vertex 115.74 95.01 1.5
      vertex 115.65 94.9275 3.85
      vertex 115.74 95.01 3.85
    endloop
  endfacet
  facet normal -0.675725 0.737154 0
    outer loop
      vertex 115.65 94.9275 3.85
      vertex 115.74 95.01 1.5
      vertex 115.65 94.9275 1.5
    endloop
  endfacet
  facet normal 0.999161 -0.0409492 0
    outer loop
      vertex 113.35 96 3.85
      vertex 113.355 96.122 1.5
      vertex 113.355 96.122 3.85
    endloop
  endfacet
  facet normal 0.999161 -0.0409492 0
    outer loop
      vertex 113.355 96.122 1.5
      vertex 113.35 96 3.85
      vertex 113.35 96 1.5
    endloop
  endfacet
  facet normal -0.216583 -0.976264 0
    outer loop
      vertex 114.993 97.3787 1.5
      vertex 115.112 97.3523 3.85
      vertex 114.993 97.3787 3.85
    endloop
  endfacet
  facet normal -0.216583 -0.976264 -0
    outer loop
      vertex 115.112 97.3523 3.85
      vertex 114.993 97.3787 1.5
      vertex 115.112 97.3523 1.5
    endloop
  endfacet
  facet normal 0.991384 -0.130984 0
    outer loop
      vertex 113.355 96.122 3.85
      vertex 113.371 96.2431 1.5
      vertex 113.371 96.2431 3.85
    endloop
  endfacet
  facet normal 0.991384 -0.130984 0
    outer loop
      vertex 113.371 96.2431 1.5
      vertex 113.355 96.122 3.85
      vertex 113.355 96.122 1.5
    endloop
  endfacet
  facet normal 0.608088 -0.79387 0
    outer loop
      vertex 113.85 97.0725 1.5
      vertex 113.947 97.1468 3.85
      vertex 113.85 97.0725 3.85
    endloop
  endfacet
  facet normal 0.608088 -0.79387 0
    outer loop
      vertex 113.947 97.1468 3.85
      vertex 113.85 97.0725 1.5
      vertex 113.947 97.1468 1.5
    endloop
  endfacet
  facet normal 0.7908 0.612074 0
    outer loop
      vertex 113.678 95.1001 3.85
      vertex 113.603 95.197 1.5
      vertex 113.603 95.197 3.85
    endloop
  endfacet
  facet normal 0.7908 0.612074 0
    outer loop
      vertex 113.603 95.197 1.5
      vertex 113.678 95.1001 3.85
      vertex 113.678 95.1001 1.5
    endloop
  endfacet
  facet normal 0.537193 0.843459 -0
    outer loop
      vertex 114.05 94.7876 1.5
      vertex 113.947 94.8532 3.85
      vertex 114.05 94.7876 3.85
    endloop
  endfacet
  facet normal 0.537193 0.843459 0
    outer loop
      vertex 113.947 94.8532 3.85
      vertex 114.05 94.7876 1.5
      vertex 113.947 94.8532 1.5
    endloop
  endfacet
  facet normal 0.845684 -0.533684 0
    outer loop
      vertex 113.538 96.7 3.85
      vertex 113.603 96.803 1.5
      vertex 113.603 96.803 3.85
    endloop
  endfacet
  facet normal 0.845684 -0.533684 0
    outer loop
      vertex 113.603 96.803 1.5
      vertex 113.538 96.7 3.85
      vertex 113.538 96.7 1.5
    endloop
  endfacet
  facet normal 0.290793 -0.702478 -0.649587
    outer loop
      vertex 113.831 98.5205 0
      vertex 114.158 97.2688 1.5
      vertex 113.616 98.4315 0
    endloop
  endfacet
  facet normal -0.758185 0 -0.652039
    outer loop
      vertex 117.392 96.4659 0
      vertex 116.102 96.3624 1.5
      vertex 117.392 96.4674 0
    endloop
  endfacet
  facet normal -0.741672 -0.167855 -0.64942
    outer loop
      vertex 116.102 96.3624 1.5
      vertex 117.392 96.4659 0
      vertex 116.129 96.2431 1.5
    endloop
  endfacet
  facet normal -0.562344 -0.511789 -0.649492
    outer loop
      vertex 115.74 96.99 1.5
      vertex 116.648 97.8959 0
      vertex 115.822 96.8999 1.5
    endloop
  endfacet
  facet normal -0.584859 -0.487383 -0.648381
    outer loop
      vertex 116.648 97.8959 0
      vertex 115.74 96.99 1.5
      vertex 116.647 97.8971 0
    endloop
  endfacet
  facet normal -0.759936 0 -0.649998
    outer loop
      vertex 116.15 96 1.5
      vertex 117.433 96.0016 0
      vertex 117.433 96 0
    endloop
  endfacet
  facet normal -0.759551 -0.0311291 -0.649702
    outer loop
      vertex 117.433 96.0016 0
      vertex 116.15 96 1.5
      vertex 116.145 96.122 1.5
    endloop
  endfacet
  facet normal -0.759575 -0.0327121 -0.649596
    outer loop
      vertex 117.423 96.2338 0
      vertex 117.433 96.0016 0
      vertex 116.145 96.122 1.5
    endloop
  endfacet
  facet normal 0.753527 0.101342 -0.649559
    outer loop
      vertex 113.355 95.878 1.5
      vertex 112.108 95.5357 0
      vertex 112.077 95.7662 0
    endloop
  endfacet
  facet normal -0.0996217 -0.753717 -0.649605
    outer loop
      vertex 114.984 98.6727 0
      vertex 115.214 98.6423 0
      vertex 114.872 97.3947 1.5
    endloop
  endfacet
  facet normal -0.640982 0.40879 -0.64964
    outer loop
      vertex 117.073 94.6572 0
      vertex 116.948 94.4612 0
      vertex 115.897 95.197 1.5
    endloop
  endfacet
  facet normal -0.640033 -0.426688 -0.63898
    outer loop
      vertex 117.272 96.9161 0
      vertex 116.066 96.4788 1.5
      vertex 117.271 96.9176 0
    endloop
  endfacet
  facet normal -0.726397 -0.224659 -0.649519
    outer loop
      vertex 116.066 96.4788 1.5
      vertex 117.272 96.9161 0
      vertex 116.102 96.3624 1.5
    endloop
  endfacet
  facet normal -0.741785 0.166656 -0.649601
    outer loop
      vertex 117.392 95.5326 0
      vertex 117.341 95.3056 0
      vertex 116.102 95.6376 1.5
    endloop
  endfacet
  facet normal 0.601254 0.465367 -0.649559
    outer loop
      vertex 112.553 94.4599 0
      vertex 113.603 95.197 1.5
      vertex 113.678 95.1001 1.5
    endloop
  endfacet
  facet normal 0.602606 0.463543 -0.64961
    outer loop
      vertex 113.603 95.197 1.5
      vertex 112.553 94.4599 0
      vertex 112.552 94.4612 0
    endloop
  endfacet
  facet normal -0.290903 -0.702394 -0.649629
    outer loop
      vertex 115.668 98.5211 0
      vertex 115.342 97.2688 1.5
      vertex 115.229 97.3156 1.5
    endloop
  endfacet
  facet normal -0.396341 -0.660568 -0.637624
    outer loop
      vertex 115.342 97.2688 1.5
      vertex 115.668 98.5211 0
      vertex 115.669 98.5205 0
    endloop
  endfacet
  facet normal -0.672679 0.354041 -0.649737
    outer loop
      vertex 117.074 94.66 0
      vertex 115.962 95.3 1.5
      vertex 116.019 95.4083 1.5
    endloop
  endfacet
  facet normal -0.619635 0.442597 -0.648198
    outer loop
      vertex 115.962 95.3 1.5
      vertex 117.074 94.66 0
      vertex 117.073 94.6586 0
    endloop
  endfacet
  facet normal -0.351226 0.674301 -0.649583
    outer loop
      vertex 116.09 93.6758 0
      vertex 115.884 93.5685 0
      vertex 115.342 94.7312 1.5
    endloop
  endfacet
  facet normal 0.228328 0.725163 -0.649618
    outer loop
      vertex 114.388 94.6477 1.5
      vertex 114.056 93.4085 0
      vertex 113.834 93.4784 0
    endloop
  endfacet
  facet normal 0.759551 -0.0311291 -0.649702
    outer loop
      vertex 113.35 96 1.5
      vertex 112.067 96.0016 0
      vertex 113.355 96.122 1.5
    endloop
  endfacet
  facet normal 0.759936 0 -0.649998
    outer loop
      vertex 112.067 96.0016 0
      vertex 113.35 96 1.5
      vertex 112.067 96 0
    endloop
  endfacet
  facet normal -0.725918 -0.225929 -0.649614
    outer loop
      vertex 117.272 96.9161 0
      vertex 117.341 96.6944 0
      vertex 116.102 96.3624 1.5
    endloop
  endfacet
  facet normal 0.560593 -0.513495 -0.64966
    outer loop
      vertex 112.852 97.8959 0
      vertex 113.678 96.8999 1.5
      vertex 112.695 97.7245 0
    endloop
  endfacet
  facet normal 0.0330667 0.759551 -0.649607
    outer loop
      vertex 114.628 94.6053 1.5
      vertex 114.748 93.3172 0
      vertex 114.516 93.3273 0
    endloop
  endfacet
  facet normal 0.0330667 -0.759551 -0.649607
    outer loop
      vertex 114.748 98.6828 0
      vertex 114.628 97.3947 1.5
      vertex 114.516 98.6727 0
    endloop
  endfacet
  facet normal 0.753862 0.0996019 -0.64944
    outer loop
      vertex 113.371 95.7569 1.5
      vertex 112.108 95.5357 0
      vertex 113.355 95.878 1.5
    endloop
  endfacet
  facet normal 0.764951 0 -0.644089
    outer loop
      vertex 112.108 95.5357 0
      vertex 113.371 95.7569 1.5
      vertex 112.108 95.5341 0
    endloop
  endfacet
  facet normal -0.644975 -0.429983 -0.63176
    outer loop
      vertex 117.271 96.9176 0
      vertex 116.019 96.5917 1.5
      vertex 117.27 96.9191 0
    endloop
  endfacet
  facet normal -0.702011 -0.292246 -0.64944
    outer loop
      vertex 116.019 96.5917 1.5
      vertex 117.271 96.9176 0
      vertex 116.066 96.4788 1.5
    endloop
  endfacet
  facet normal -0.396341 0.660568 -0.637624
    outer loop
      vertex 115.668 93.4789 0
      vertex 115.342 94.7312 1.5
      vertex 115.669 93.4795 0
    endloop
  endfacet
  facet normal -0.290903 0.702394 -0.649629
    outer loop
      vertex 115.342 94.7312 1.5
      vertex 115.668 93.4789 0
      vertex 115.229 94.6844 1.5
    endloop
  endfacet
  facet normal 0.312541 0.694536 -0.648026
    outer loop
      vertex 113.407 93.6774 0
      vertex 114.05 94.7876 1.5
      vertex 113.409 93.6765 0
    endloop
  endfacet
  facet normal 0.408391 0.641223 -0.649654
    outer loop
      vertex 114.05 94.7876 1.5
      vertex 113.407 93.6774 0
      vertex 113.947 94.8532 1.5
    endloop
  endfacet
  facet normal -0.803586 0 -0.595189
    outer loop
      vertex 117.073 94.6572 0
      vertex 115.962 95.3 1.5
      vertex 117.073 94.6586 0
    endloop
  endfacet
  facet normal -0.642749 0.405618 -0.649883
    outer loop
      vertex 115.962 95.3 1.5
      vertex 117.073 94.6572 0
      vertex 115.897 95.197 1.5
    endloop
  endfacet
  facet normal -0.560593 0.513495 -0.64966
    outer loop
      vertex 116.805 94.2755 0
      vertex 116.648 94.1041 0
      vertex 115.822 95.1001 1.5
    endloop
  endfacet
  facet normal -0.0996217 0.753717 -0.649605
    outer loop
      vertex 115.214 93.3577 0
      vertex 114.984 93.3273 0
      vertex 114.872 94.6053 1.5
    endloop
  endfacet
  facet normal -0.461871 0.60386 -0.649638
    outer loop
      vertex 116.475 93.9448 0
      vertex 116.29 93.8033 0
      vertex 115.65 94.9275 1.5
    endloop
  endfacet
  facet normal -0.436536 0.623622 -0.648484
    outer loop
      vertex 116.09 93.6758 0
      vertex 115.45 94.7876 1.5
      vertex 116.091 93.6765 0
    endloop
  endfacet
  facet normal -0.351919 0.673887 -0.649637
    outer loop
      vertex 115.45 94.7876 1.5
      vertex 116.09 93.6758 0
      vertex 115.342 94.7312 1.5
    endloop
  endfacet
  facet normal -0.51415 0.559998 -0.649656
    outer loop
      vertex 116.646 94.1018 0
      vertex 116.475 93.9448 0
      vertex 115.65 94.9275 1.5
    endloop
  endfacet
  facet normal 0.60231 -0.463818 -0.64969
    outer loop
      vertex 112.695 97.7245 0
      vertex 113.678 96.8999 1.5
      vertex 112.553 97.5401 0
    endloop
  endfacet
  facet normal -0.741785 -0.166656 -0.649601
    outer loop
      vertex 117.341 96.6944 0
      vertex 117.392 96.4674 0
      vertex 116.102 96.3624 1.5
    endloop
  endfacet
  facet normal -0.408557 0.64113 -0.649641
    outer loop
      vertex 116.289 93.8023 0
      vertex 116.093 93.6774 0
      vertex 115.553 94.8532 1.5
    endloop
  endfacet
  facet normal 0.702011 0.292246 -0.64944
    outer loop
      vertex 113.481 95.4083 1.5
      vertex 112.229 95.0824 0
      vertex 113.434 95.5212 1.5
    endloop
  endfacet
  facet normal 0.644975 0.429983 -0.63176
    outer loop
      vertex 112.229 95.0824 0
      vertex 113.481 95.4083 1.5
      vertex 112.23 95.0809 0
    endloop
  endfacet
  facet normal 0.228328 -0.725163 -0.649618
    outer loop
      vertex 114.056 98.5915 0
      vertex 114.388 97.3523 1.5
      vertex 113.834 98.5216 0
    endloop
  endfacet
  facet normal 0.461871 0.60386 -0.649638
    outer loop
      vertex 113.85 94.9275 1.5
      vertex 113.21 93.8033 0
      vertex 113.025 93.9448 0
    endloop
  endfacet
  facet normal -0.803586 0 -0.595189
    outer loop
      vertex 115.962 96.7 1.5
      vertex 117.073 97.3428 0
      vertex 117.073 97.3414 0
    endloop
  endfacet
  facet normal -0.642749 -0.405618 -0.649883
    outer loop
      vertex 117.073 97.3428 0
      vertex 115.962 96.7 1.5
      vertex 115.897 96.803 1.5
    endloop
  endfacet
  facet normal 0.0996217 -0.753717 -0.649605
    outer loop
      vertex 114.516 98.6727 0
      vertex 114.628 97.3947 1.5
      vertex 114.286 98.6423 0
    endloop
  endfacet
  facet normal -0.290793 -0.702478 -0.649587
    outer loop
      vertex 115.669 98.5205 0
      vertex 115.884 98.4315 0
      vertex 115.342 97.2688 1.5
    endloop
  endfacet
  facet normal 0.759936 0 -0.649998
    outer loop
      vertex 113.35 96 1.5
      vertex 112.067 95.9984 0
      vertex 112.067 96 0
    endloop
  endfacet
  facet normal 0.759551 0.0311291 -0.649702
    outer loop
      vertex 112.067 95.9984 0
      vertex 113.35 96 1.5
      vertex 113.355 95.878 1.5
    endloop
  endfacet
  facet normal -0.673462 0.352735 -0.649636
    outer loop
      vertex 117.182 94.8662 0
      vertex 117.074 94.66 0
      vertex 116.019 95.4083 1.5
    endloop
  endfacet
  facet normal 0.741672 0.167855 -0.64942
    outer loop
      vertex 113.398 95.6376 1.5
      vertex 112.108 95.5341 0
      vertex 113.371 95.7569 1.5
    endloop
  endfacet
  facet normal 0.758185 0 -0.652039
    outer loop
      vertex 112.108 95.5341 0
      vertex 113.398 95.6376 1.5
      vertex 112.108 95.5326 0
    endloop
  endfacet
  facet normal 0.640982 -0.40879 -0.64964
    outer loop
      vertex 112.552 97.5388 0
      vertex 113.603 96.803 1.5
      vertex 112.427 97.3428 0
    endloop
  endfacet
  facet normal -0.764951 0 -0.644089
    outer loop
      vertex 117.392 96.4643 0
      vertex 116.129 96.2431 1.5
      vertex 117.392 96.4659 0
    endloop
  endfacet
  facet normal -0.753862 -0.0996019 -0.64944
    outer loop
      vertex 116.129 96.2431 1.5
      vertex 117.392 96.4643 0
      vertex 116.145 96.122 1.5
    endloop
  endfacet
  facet normal 0.741785 0.166656 -0.649601
    outer loop
      vertex 113.398 95.6376 1.5
      vertex 112.159 95.3056 0
      vertex 112.108 95.5326 0
    endloop
  endfacet
  facet normal -0.560593 -0.513495 -0.64966
    outer loop
      vertex 116.648 97.8959 0
      vertex 116.805 97.7245 0
      vertex 115.822 96.8999 1.5
    endloop
  endfacet
  facet normal -0.51415 -0.559998 -0.649656
    outer loop
      vertex 116.475 98.0552 0
      vertex 116.646 97.8982 0
      vertex 115.65 97.0725 1.5
    endloop
  endfacet
  facet normal 0.642749 0.405618 -0.649883
    outer loop
      vertex 112.427 94.6572 0
      vertex 113.538 95.3 1.5
      vertex 113.603 95.197 1.5
    endloop
  endfacet
  facet normal 0.803586 0 -0.595189
    outer loop
      vertex 113.538 95.3 1.5
      vertex 112.427 94.6572 0
      vertex 112.427 94.6586 0
    endloop
  endfacet
  facet normal -0.673462 -0.352735 -0.649636
    outer loop
      vertex 117.074 97.34 0
      vertex 117.182 97.1338 0
      vertex 116.019 96.5917 1.5
    endloop
  endfacet
  facet normal -0.753527 -0.101342 -0.649559
    outer loop
      vertex 117.392 96.4643 0
      vertex 117.423 96.2338 0
      vertex 116.145 96.122 1.5
    endloop
  endfacet
  facet normal -0.56262 -0.511473 -0.649503
    outer loop
      vertex 115.74 96.99 1.5
      vertex 116.646 97.8982 0
      vertex 116.647 97.8971 0
    endloop
  endfacet
  facet normal -0.513729 -0.560431 -0.649615
    outer loop
      vertex 116.646 97.8982 0
      vertex 115.74 96.99 1.5
      vertex 115.65 97.0725 1.5
    endloop
  endfacet
  facet normal -0.602606 0.463543 -0.64961
    outer loop
      vertex 116.947 94.4599 0
      vertex 115.897 95.197 1.5
      vertex 116.948 94.4612 0
    endloop
  endfacet
  facet normal -0.601254 0.465367 -0.649559
    outer loop
      vertex 115.897 95.197 1.5
      vertex 116.947 94.4599 0
      vertex 115.822 95.1001 1.5
    endloop
  endfacet
  facet normal 0.290903 0.702394 -0.649629
    outer loop
      vertex 113.832 93.4789 0
      vertex 114.158 94.7312 1.5
      vertex 114.271 94.6844 1.5
    endloop
  endfacet
  facet normal 0.396341 0.660568 -0.637624
    outer loop
      vertex 114.158 94.7312 1.5
      vertex 113.832 93.4789 0
      vertex 113.831 93.4795 0
    endloop
  endfacet
  facet normal -0.0330667 0.759551 -0.649607
    outer loop
      vertex 114.872 94.6053 1.5
      vertex 114.984 93.3273 0
      vertex 114.752 93.3172 0
    endloop
  endfacet
  facet normal -0.753527 0.101342 -0.649559
    outer loop
      vertex 117.423 95.7662 0
      vertex 117.392 95.5357 0
      vertex 116.145 95.878 1.5
    endloop
  endfacet
  facet normal -0.290793 0.702478 -0.649587
    outer loop
      vertex 115.884 93.5685 0
      vertex 115.669 93.4795 0
      vertex 115.342 94.7312 1.5
    endloop
  endfacet
  facet normal -0.56262 0.511473 -0.649503
    outer loop
      vertex 116.646 94.1018 0
      vertex 115.74 95.01 1.5
      vertex 116.647 94.1029 0
    endloop
  endfacet
  facet normal -0.513729 0.560431 -0.649615
    outer loop
      vertex 115.74 95.01 1.5
      vertex 116.646 94.1018 0
      vertex 115.65 94.9275 1.5
    endloop
  endfacet
  facet normal -0.726397 0.224659 -0.649519
    outer loop
      vertex 117.272 95.0839 0
      vertex 116.066 95.5212 1.5
      vertex 116.102 95.6376 1.5
    endloop
  endfacet
  facet normal -0.640033 0.426688 -0.63898
    outer loop
      vertex 116.066 95.5212 1.5
      vertex 117.272 95.0839 0
      vertex 117.271 95.0824 0
    endloop
  endfacet
  facet normal -0.0329969 0.75955 -0.649611
    outer loop
      vertex 114.752 93.3172 0
      vertex 114.75 94.6 1.5
      vertex 114.872 94.6053 1.5
    endloop
  endfacet
  facet normal -0.0379706 0.759413 -0.6495
    outer loop
      vertex 114.75 94.6 1.5
      vertex 114.752 93.3172 0
      vertex 114.75 93.3171 0
    endloop
  endfacet
  facet normal -0.703462 0.288331 -0.64962
    outer loop
      vertex 117.27 95.0809 0
      vertex 117.182 94.8662 0
      vertex 116.019 95.4083 1.5
    endloop
  endfacet
  facet normal 0.725918 -0.225929 -0.649614
    outer loop
      vertex 112.228 96.9161 0
      vertex 113.398 96.3624 1.5
      vertex 112.159 96.6944 0
    endloop
  endfacet
  facet normal 0.725918 0.225929 -0.649614
    outer loop
      vertex 113.398 95.6376 1.5
      vertex 112.228 95.0839 0
      vertex 112.159 95.3056 0
    endloop
  endfacet
  facet normal 0.726397 0.224659 -0.649519
    outer loop
      vertex 113.434 95.5212 1.5
      vertex 112.228 95.0839 0
      vertex 113.398 95.6376 1.5
    endloop
  endfacet
  facet normal 0.640033 0.426688 -0.63898
    outer loop
      vertex 112.228 95.0839 0
      vertex 113.434 95.5212 1.5
      vertex 112.229 95.0824 0
    endloop
  endfacet
  facet normal 0.673462 0.352735 -0.649636
    outer loop
      vertex 113.481 95.4083 1.5
      vertex 112.426 94.66 0
      vertex 112.318 94.8662 0
    endloop
  endfacet
  facet normal 0.0329969 -0.75955 -0.649611
    outer loop
      vertex 114.748 98.6828 0
      vertex 114.75 97.4 1.5
      vertex 114.628 97.3947 1.5
    endloop
  endfacet
  facet normal 0.0379706 -0.759413 -0.6495
    outer loop
      vertex 114.75 97.4 1.5
      vertex 114.748 98.6828 0
      vertex 114.75 98.6829 0
    endloop
  endfacet
  facet normal 0.219642 -0.732139 -0.644771
    outer loop
      vertex 114.284 98.6421 0
      vertex 114.388 97.3523 1.5
      vertex 114.283 98.6418 0
    endloop
  endfacet
  facet normal 0.164659 -0.742213 -0.649621
    outer loop
      vertex 114.388 97.3523 1.5
      vertex 114.284 98.6421 0
      vertex 114.507 97.3787 1.5
    endloop
  endfacet
  facet normal -0.759575 0.0327121 -0.649596
    outer loop
      vertex 117.433 95.9984 0
      vertex 117.423 95.7662 0
      vertex 116.145 95.878 1.5
    endloop
  endfacet
  facet normal -0.759936 0 -0.649998
    outer loop
      vertex 117.433 95.9984 0
      vertex 116.15 96 1.5
      vertex 117.433 96 0
    endloop
  endfacet
  facet normal -0.759551 0.0311291 -0.649702
    outer loop
      vertex 116.15 96 1.5
      vertex 117.433 95.9984 0
      vertex 116.145 95.878 1.5
    endloop
  endfacet
  facet normal -0.219642 0.732139 -0.644771
    outer loop
      vertex 115.216 93.3579 0
      vertex 115.112 94.6477 1.5
      vertex 115.217 93.3582 0
    endloop
  endfacet
  facet normal -0.164659 0.742213 -0.649621
    outer loop
      vertex 115.112 94.6477 1.5
      vertex 115.216 93.3579 0
      vertex 114.993 94.6213 1.5
    endloop
  endfacet
  facet normal -0.0330667 -0.759551 -0.649607
    outer loop
      vertex 114.984 98.6727 0
      vertex 114.872 97.3947 1.5
      vertex 114.752 98.6828 0
    endloop
  endfacet
  facet normal 0.619635 -0.442597 -0.648198
    outer loop
      vertex 113.538 96.7 1.5
      vertex 112.426 97.34 0
      vertex 112.427 97.3414 0
    endloop
  endfacet
  facet normal 0.672679 -0.354041 -0.649737
    outer loop
      vertex 112.426 97.34 0
      vertex 113.538 96.7 1.5
      vertex 113.481 96.5917 1.5
    endloop
  endfacet
  facet normal 0.540808 0.540808 -0.644246
    outer loop
      vertex 113.21 93.8033 0
      vertex 113.947 94.8532 1.5
      vertex 113.211 93.8023 0
    endloop
  endfacet
  facet normal 0.462314 0.603559 -0.649601
    outer loop
      vertex 113.947 94.8532 1.5
      vertex 113.21 93.8033 0
      vertex 113.85 94.9275 1.5
    endloop
  endfacet
  facet normal 0.741785 -0.166656 -0.649601
    outer loop
      vertex 112.159 96.6944 0
      vertex 113.398 96.3624 1.5
      vertex 112.108 96.4674 0
    endloop
  endfacet
  facet normal -0.640982 -0.40879 -0.64964
    outer loop
      vertex 116.948 97.5388 0
      vertex 117.073 97.3428 0
      vertex 115.897 96.803 1.5
    endloop
  endfacet
  facet normal -0.227558 -0.725456 -0.649562
    outer loop
      vertex 115.666 98.5216 0
      vertex 115.229 97.3156 1.5
      vertex 115.112 97.3523 1.5
    endloop
  endfacet
  facet normal -0.184738 -0.738951 -0.647937
    outer loop
      vertex 115.229 97.3156 1.5
      vertex 115.666 98.5216 0
      vertex 115.668 98.5211 0
    endloop
  endfacet
  facet normal 0.601254 -0.465367 -0.649559
    outer loop
      vertex 113.603 96.803 1.5
      vertex 112.553 97.5401 0
      vertex 113.678 96.8999 1.5
    endloop
  endfacet
  facet normal 0.602606 -0.463543 -0.64961
    outer loop
      vertex 112.553 97.5401 0
      vertex 113.603 96.803 1.5
      vertex 112.552 97.5388 0
    endloop
  endfacet
  facet normal -0.741672 0.167855 -0.64942
    outer loop
      vertex 117.392 95.5341 0
      vertex 116.102 95.6376 1.5
      vertex 116.129 95.7569 1.5
    endloop
  endfacet
  facet normal -0.758185 0 -0.652039
    outer loop
      vertex 116.102 95.6376 1.5
      vertex 117.392 95.5341 0
      vertex 117.392 95.5326 0
    endloop
  endfacet
  facet normal 0.184738 -0.738951 -0.647937
    outer loop
      vertex 113.834 98.5216 0
      vertex 114.271 97.3156 1.5
      vertex 113.832 98.5211 0
    endloop
  endfacet
  facet normal 0.227558 -0.725456 -0.649562
    outer loop
      vertex 114.271 97.3156 1.5
      vertex 113.834 98.5216 0
      vertex 114.388 97.3523 1.5
    endloop
  endfacet
  facet normal -0.60231 0.463818 -0.64969
    outer loop
      vertex 116.947 94.4599 0
      vertex 116.805 94.2755 0
      vertex 115.822 95.1001 1.5
    endloop
  endfacet
  facet normal 0.642749 -0.405618 -0.649883
    outer loop
      vertex 113.538 96.7 1.5
      vertex 112.427 97.3428 0
      vertex 113.603 96.803 1.5
    endloop
  endfacet
  facet normal 0.803586 0 -0.595189
    outer loop
      vertex 112.427 97.3428 0
      vertex 113.538 96.7 1.5
      vertex 112.427 97.3414 0
    endloop
  endfacet
  facet normal -0.703462 -0.288331 -0.64962
    outer loop
      vertex 117.182 97.1338 0
      vertex 117.27 96.9191 0
      vertex 116.019 96.5917 1.5
    endloop
  endfacet
  facet normal 0.703462 0.288331 -0.64962
    outer loop
      vertex 113.481 95.4083 1.5
      vertex 112.318 94.8662 0
      vertex 112.23 95.0809 0
    endloop
  endfacet
  facet normal -0.584859 0.487383 -0.648381
    outer loop
      vertex 115.74 95.01 1.5
      vertex 116.648 94.1041 0
      vertex 116.647 94.1029 0
    endloop
  endfacet
  facet normal -0.562344 0.511789 -0.649492
    outer loop
      vertex 116.648 94.1041 0
      vertex 115.74 95.01 1.5
      vertex 115.822 95.1001 1.5
    endloop
  endfacet
  facet normal 0.51415 0.559998 -0.649656
    outer loop
      vertex 113.85 94.9275 1.5
      vertex 113.025 93.9448 0
      vertex 112.854 94.1018 0
    endloop
  endfacet
  facet normal 0.0996217 0.753717 -0.649605
    outer loop
      vertex 114.628 94.6053 1.5
      vertex 114.516 93.3273 0
      vertex 114.286 93.3577 0
    endloop
  endfacet
  facet normal 0.60231 0.463818 -0.64969
    outer loop
      vertex 113.678 95.1001 1.5
      vertex 112.695 94.2755 0
      vertex 112.553 94.4599 0
    endloop
  endfacet
  facet normal 0.584859 0.487383 -0.648381
    outer loop
      vertex 112.852 94.1041 0
      vertex 113.76 95.01 1.5
      vertex 112.853 94.1029 0
    endloop
  endfacet
  facet normal 0.562344 0.511789 -0.649492
    outer loop
      vertex 113.76 95.01 1.5
      vertex 112.852 94.1041 0
      vertex 113.678 95.1001 1.5
    endloop
  endfacet
  facet normal -0.461871 -0.60386 -0.649638
    outer loop
      vertex 116.29 98.1967 0
      vertex 116.475 98.0552 0
      vertex 115.65 97.0725 1.5
    endloop
  endfacet
  facet normal 0.759575 0.0327121 -0.649596
    outer loop
      vertex 113.355 95.878 1.5
      vertex 112.077 95.7662 0
      vertex 112.067 95.9984 0
    endloop
  endfacet
  facet normal -0.60231 -0.463818 -0.64969
    outer loop
      vertex 116.805 97.7245 0
      vertex 116.947 97.5401 0
      vertex 115.822 96.8999 1.5
    endloop
  endfacet
  facet normal -0.725918 0.225929 -0.649614
    outer loop
      vertex 117.341 95.3056 0
      vertex 117.272 95.0839 0
      vertex 116.102 95.6376 1.5
    endloop
  endfacet
  facet normal 0.562344 -0.511789 -0.649492
    outer loop
      vertex 112.852 97.8959 0
      vertex 113.76 96.99 1.5
      vertex 113.678 96.8999 1.5
    endloop
  endfacet
  facet normal 0.584859 -0.487383 -0.648381
    outer loop
      vertex 113.76 96.99 1.5
      vertex 112.852 97.8959 0
      vertex 112.853 97.8971 0
    endloop
  endfacet
  facet normal -0.408391 -0.641223 -0.649654
    outer loop
      vertex 115.45 97.2124 1.5
      vertex 116.093 98.3226 0
      vertex 115.553 97.1468 1.5
    endloop
  endfacet
  facet normal -0.312541 -0.694536 -0.648026
    outer loop
      vertex 116.093 98.3226 0
      vertex 115.45 97.2124 1.5
      vertex 116.091 98.3235 0
    endloop
  endfacet
  facet normal -0.228328 0.725163 -0.649618
    outer loop
      vertex 115.666 93.4784 0
      vertex 115.444 93.4085 0
      vertex 115.112 94.6477 1.5
    endloop
  endfacet
  facet normal 0.672679 0.354041 -0.649737
    outer loop
      vertex 113.538 95.3 1.5
      vertex 112.426 94.66 0
      vertex 113.481 95.4083 1.5
    endloop
  endfacet
  facet normal 0.619635 0.442597 -0.648198
    outer loop
      vertex 112.426 94.66 0
      vertex 113.538 95.3 1.5
      vertex 112.427 94.6586 0
    endloop
  endfacet
  facet normal -0.0757081 0.757081 -0.648919
    outer loop
      vertex 115.214 93.3577 0
      vertex 114.993 94.6213 1.5
      vertex 115.216 93.3579 0
    endloop
  endfacet
  facet normal -0.0996639 0.753709 -0.649608
    outer loop
      vertex 114.993 94.6213 1.5
      vertex 115.214 93.3577 0
      vertex 114.872 94.6053 1.5
    endloop
  endfacet
  facet normal 0.513729 0.560431 -0.649615
    outer loop
      vertex 112.854 94.1018 0
      vertex 113.76 95.01 1.5
      vertex 113.85 94.9275 1.5
    endloop
  endfacet
  facet normal 0.56262 0.511473 -0.649503
    outer loop
      vertex 113.76 95.01 1.5
      vertex 112.854 94.1018 0
      vertex 112.853 94.1029 0
    endloop
  endfacet
  facet normal 0.0757081 -0.757081 -0.648919
    outer loop
      vertex 114.286 98.6423 0
      vertex 114.507 97.3787 1.5
      vertex 114.284 98.6421 0
    endloop
  endfacet
  facet normal 0.0996639 -0.753709 -0.649608
    outer loop
      vertex 114.507 97.3787 1.5
      vertex 114.286 98.6423 0
      vertex 114.628 97.3947 1.5
    endloop
  endfacet
  facet normal -0.351919 -0.673887 -0.649637
    outer loop
      vertex 116.09 98.3242 0
      vertex 115.45 97.2124 1.5
      vertex 115.342 97.2688 1.5
    endloop
  endfacet
  facet normal -0.436536 -0.623622 -0.648484
    outer loop
      vertex 115.45 97.2124 1.5
      vertex 116.09 98.3242 0
      vertex 116.091 98.3235 0
    endloop
  endfacet
  facet normal 0.759575 -0.0327121 -0.649596
    outer loop
      vertex 112.077 96.2338 0
      vertex 113.355 96.122 1.5
      vertex 112.067 96.0016 0
    endloop
  endfacet
  facet normal -0.702011 0.292246 -0.64944
    outer loop
      vertex 117.271 95.0824 0
      vertex 116.019 95.4083 1.5
      vertex 116.066 95.5212 1.5
    endloop
  endfacet
  facet normal -0.644975 0.429983 -0.63176
    outer loop
      vertex 116.019 95.4083 1.5
      vertex 117.271 95.0824 0
      vertex 117.27 95.0809 0
    endloop
  endfacet
  facet normal -0.540808 0.540808 -0.644246
    outer loop
      vertex 115.553 94.8532 1.5
      vertex 116.29 93.8033 0
      vertex 116.289 93.8023 0
    endloop
  endfacet
  facet normal -0.462314 0.603559 -0.649601
    outer loop
      vertex 116.29 93.8033 0
      vertex 115.553 94.8532 1.5
      vertex 115.65 94.9275 1.5
    endloop
  endfacet
  facet normal -0.753862 0.0996019 -0.64944
    outer loop
      vertex 117.392 95.5357 0
      vertex 116.129 95.7569 1.5
      vertex 116.145 95.878 1.5
    endloop
  endfacet
  facet normal -0.764951 0 -0.644089
    outer loop
      vertex 116.129 95.7569 1.5
      vertex 117.392 95.5357 0
      vertex 117.392 95.5341 0
    endloop
  endfacet
  facet normal -0.0996639 -0.753709 -0.649608
    outer loop
      vertex 115.214 98.6423 0
      vertex 114.993 97.3787 1.5
      vertex 114.872 97.3947 1.5
    endloop
  endfacet
  facet normal -0.0757081 -0.757081 -0.648919
    outer loop
      vertex 114.993 97.3787 1.5
      vertex 115.214 98.6423 0
      vertex 115.216 98.6421 0
    endloop
  endfacet
  facet normal 0.351226 0.674301 -0.649583
    outer loop
      vertex 114.158 94.7312 1.5
      vertex 113.616 93.5685 0
      vertex 113.41 93.6758 0
    endloop
  endfacet
  facet normal 0.351919 0.673887 -0.649637
    outer loop
      vertex 113.41 93.6758 0
      vertex 114.05 94.7876 1.5
      vertex 114.158 94.7312 1.5
    endloop
  endfacet
  facet normal 0.436536 0.623622 -0.648484
    outer loop
      vertex 114.05 94.7876 1.5
      vertex 113.41 93.6758 0
      vertex 113.409 93.6765 0
    endloop
  endfacet
  facet normal 0.640982 0.40879 -0.64964
    outer loop
      vertex 113.603 95.197 1.5
      vertex 112.552 94.4612 0
      vertex 112.427 94.6572 0
    endloop
  endfacet
  facet normal -0.351226 -0.674301 -0.649583
    outer loop
      vertex 115.884 98.4315 0
      vertex 116.09 98.3242 0
      vertex 115.342 97.2688 1.5
    endloop
  endfacet
  facet normal -0.228328 -0.725163 -0.649618
    outer loop
      vertex 115.444 98.5915 0
      vertex 115.666 98.5216 0
      vertex 115.112 97.3523 1.5
    endloop
  endfacet
  facet normal -0.462314 -0.603559 -0.649601
    outer loop
      vertex 115.553 97.1468 1.5
      vertex 116.29 98.1967 0
      vertex 115.65 97.0725 1.5
    endloop
  endfacet
  facet normal -0.540808 -0.540808 -0.644246
    outer loop
      vertex 116.29 98.1967 0
      vertex 115.553 97.1468 1.5
      vertex 116.289 98.1977 0
    endloop
  endfacet
  facet normal 0.0379706 0.759413 -0.6495
    outer loop
      vertex 114.748 93.3172 0
      vertex 114.75 94.6 1.5
      vertex 114.75 93.3171 0
    endloop
  endfacet
  facet normal 0.0329969 0.75955 -0.649611
    outer loop
      vertex 114.75 94.6 1.5
      vertex 114.748 93.3172 0
      vertex 114.628 94.6053 1.5
    endloop
  endfacet
  facet normal 0.290793 0.702478 -0.649587
    outer loop
      vertex 114.158 94.7312 1.5
      vertex 113.831 93.4795 0
      vertex 113.616 93.5685 0
    endloop
  endfacet
  facet normal 0.227558 0.725456 -0.649562
    outer loop
      vertex 113.834 93.4784 0
      vertex 114.271 94.6844 1.5
      vertex 114.388 94.6477 1.5
    endloop
  endfacet
  facet normal 0.184738 0.738951 -0.647937
    outer loop
      vertex 114.271 94.6844 1.5
      vertex 113.834 93.4784 0
      vertex 113.832 93.4789 0
    endloop
  endfacet
  facet normal 0.51415 -0.559998 -0.649656
    outer loop
      vertex 113.025 98.0552 0
      vertex 113.85 97.0725 1.5
      vertex 112.854 97.8982 0
    endloop
  endfacet
  facet normal -0.164475 -0.742262 -0.649611
    outer loop
      vertex 115.217 98.6418 0
      vertex 115.444 98.5915 0
      vertex 115.112 97.3523 1.5
    endloop
  endfacet
  facet normal -0.408557 -0.64113 -0.649641
    outer loop
      vertex 116.093 98.3226 0
      vertex 116.289 98.1977 0
      vertex 115.553 97.1468 1.5
    endloop
  endfacet
  facet normal 0.351226 -0.674301 -0.649583
    outer loop
      vertex 113.616 98.4315 0
      vertex 114.158 97.2688 1.5
      vertex 113.41 98.3242 0
    endloop
  endfacet
  facet normal -0.312541 0.694536 -0.648026
    outer loop
      vertex 115.45 94.7876 1.5
      vertex 116.093 93.6774 0
      vertex 116.091 93.6765 0
    endloop
  endfacet
  facet normal -0.408391 0.641223 -0.649654
    outer loop
      vertex 116.093 93.6774 0
      vertex 115.45 94.7876 1.5
      vertex 115.553 94.8532 1.5
    endloop
  endfacet
  facet normal 0.408557 0.64113 -0.649641
    outer loop
      vertex 113.947 94.8532 1.5
      vertex 113.407 93.6774 0
      vertex 113.211 93.8023 0
    endloop
  endfacet
  facet normal 0.408557 -0.64113 -0.649641
    outer loop
      vertex 113.407 98.3226 0
      vertex 113.947 97.1468 1.5
      vertex 113.211 98.1977 0
    endloop
  endfacet
  facet normal -0.164475 0.742262 -0.649611
    outer loop
      vertex 115.444 93.4085 0
      vertex 115.217 93.3582 0
      vertex 115.112 94.6477 1.5
    endloop
  endfacet
  facet normal -0.619635 -0.442597 -0.648198
    outer loop
      vertex 117.074 97.34 0
      vertex 115.962 96.7 1.5
      vertex 117.073 97.3414 0
    endloop
  endfacet
  facet normal -0.672679 -0.354041 -0.649737
    outer loop
      vertex 115.962 96.7 1.5
      vertex 117.074 97.34 0
      vertex 116.019 96.5917 1.5
    endloop
  endfacet
  facet normal 0.758185 0 -0.652039
    outer loop
      vertex 113.398 96.3624 1.5
      vertex 112.108 96.4659 0
      vertex 112.108 96.4674 0
    endloop
  endfacet
  facet normal 0.741672 -0.167855 -0.64942
    outer loop
      vertex 112.108 96.4659 0
      vertex 113.398 96.3624 1.5
      vertex 113.371 96.2431 1.5
    endloop
  endfacet
  facet normal 0.408391 -0.641223 -0.649654
    outer loop
      vertex 113.407 98.3226 0
      vertex 114.05 97.2124 1.5
      vertex 113.947 97.1468 1.5
    endloop
  endfacet
  facet normal 0.312541 -0.694536 -0.648026
    outer loop
      vertex 114.05 97.2124 1.5
      vertex 113.407 98.3226 0
      vertex 113.409 98.3235 0
    endloop
  endfacet
  facet normal -0.164659 -0.742213 -0.649621
    outer loop
      vertex 115.216 98.6421 0
      vertex 115.112 97.3523 1.5
      vertex 114.993 97.3787 1.5
    endloop
  endfacet
  facet normal -0.219642 -0.732139 -0.644771
    outer loop
      vertex 115.112 97.3523 1.5
      vertex 115.216 98.6421 0
      vertex 115.217 98.6418 0
    endloop
  endfacet
  facet normal 0.513729 -0.560431 -0.649615
    outer loop
      vertex 113.76 96.99 1.5
      vertex 112.854 97.8982 0
      vertex 113.85 97.0725 1.5
    endloop
  endfacet
  facet normal 0.56262 -0.511473 -0.649503
    outer loop
      vertex 112.854 97.8982 0
      vertex 113.76 96.99 1.5
      vertex 112.853 97.8971 0
    endloop
  endfacet
  facet normal 0.560593 0.513495 -0.64966
    outer loop
      vertex 113.678 95.1001 1.5
      vertex 112.852 94.1041 0
      vertex 112.695 94.2755 0
    endloop
  endfacet
  facet normal 0.753527 -0.101342 -0.649559
    outer loop
      vertex 112.108 96.4643 0
      vertex 113.355 96.122 1.5
      vertex 112.077 96.2338 0
    endloop
  endfacet
  facet normal 0.396341 -0.660568 -0.637624
    outer loop
      vertex 113.832 98.5211 0
      vertex 114.158 97.2688 1.5
      vertex 113.831 98.5205 0
    endloop
  endfacet
  facet normal 0.290903 -0.702394 -0.649629
    outer loop
      vertex 114.158 97.2688 1.5
      vertex 113.832 98.5211 0
      vertex 114.271 97.3156 1.5
    endloop
  endfacet
  facet normal 0.703462 -0.288331 -0.64962
    outer loop
      vertex 112.318 97.1338 0
      vertex 113.481 96.5917 1.5
      vertex 112.23 96.9191 0
    endloop
  endfacet
  facet normal 0.673462 -0.352735 -0.649636
    outer loop
      vertex 112.426 97.34 0
      vertex 113.481 96.5917 1.5
      vertex 112.318 97.1338 0
    endloop
  endfacet
  facet normal 0.164659 0.742213 -0.649621
    outer loop
      vertex 114.284 93.3579 0
      vertex 114.388 94.6477 1.5
      vertex 114.507 94.6213 1.5
    endloop
  endfacet
  facet normal 0.219642 0.732139 -0.644771
    outer loop
      vertex 114.388 94.6477 1.5
      vertex 114.284 93.3579 0
      vertex 114.283 93.3582 0
    endloop
  endfacet
  facet normal 0.0996639 0.753709 -0.649608
    outer loop
      vertex 114.286 93.3577 0
      vertex 114.507 94.6213 1.5
      vertex 114.628 94.6053 1.5
    endloop
  endfacet
  facet normal 0.0757081 0.757081 -0.648919
    outer loop
      vertex 114.507 94.6213 1.5
      vertex 114.286 93.3577 0
      vertex 114.284 93.3579 0
    endloop
  endfacet
  facet normal -0.0379706 -0.759413 -0.6495
    outer loop
      vertex 114.752 98.6828 0
      vertex 114.75 97.4 1.5
      vertex 114.75 98.6829 0
    endloop
  endfacet
  facet normal -0.0329969 -0.75955 -0.649611
    outer loop
      vertex 114.75 97.4 1.5
      vertex 114.752 98.6828 0
      vertex 114.872 97.3947 1.5
    endloop
  endfacet
  facet normal 0.164475 0.742262 -0.649611
    outer loop
      vertex 114.388 94.6477 1.5
      vertex 114.283 93.3582 0
      vertex 114.056 93.4085 0
    endloop
  endfacet
  facet normal -0.184738 0.738951 -0.647937
    outer loop
      vertex 115.666 93.4784 0
      vertex 115.229 94.6844 1.5
      vertex 115.668 93.4789 0
    endloop
  endfacet
  facet normal -0.227558 0.725456 -0.649562
    outer loop
      vertex 115.229 94.6844 1.5
      vertex 115.666 93.4784 0
      vertex 115.112 94.6477 1.5
    endloop
  endfacet
  facet normal -0.602606 -0.463543 -0.64961
    outer loop
      vertex 115.897 96.803 1.5
      vertex 116.947 97.5401 0
      vertex 116.948 97.5388 0
    endloop
  endfacet
  facet normal -0.601254 -0.465367 -0.649559
    outer loop
      vertex 116.947 97.5401 0
      vertex 115.897 96.803 1.5
      vertex 115.822 96.8999 1.5
    endloop
  endfacet
  facet normal 0.164475 -0.742262 -0.649611
    outer loop
      vertex 114.283 98.6418 0
      vertex 114.388 97.3523 1.5
      vertex 114.056 98.5915 0
    endloop
  endfacet
  facet normal 0.764951 0 -0.644089
    outer loop
      vertex 113.371 96.2431 1.5
      vertex 112.108 96.4643 0
      vertex 112.108 96.4659 0
    endloop
  endfacet
  facet normal 0.753862 -0.0996019 -0.64944
    outer loop
      vertex 112.108 96.4643 0
      vertex 113.371 96.2431 1.5
      vertex 113.355 96.122 1.5
    endloop
  endfacet
  facet normal 0.644975 -0.429983 -0.63176
    outer loop
      vertex 113.481 96.5917 1.5
      vertex 112.229 96.9176 0
      vertex 112.23 96.9191 0
    endloop
  endfacet
  facet normal 0.702011 -0.292246 -0.64944
    outer loop
      vertex 112.229 96.9176 0
      vertex 113.481 96.5917 1.5
      vertex 113.434 96.4788 1.5
    endloop
  endfacet
  facet normal 0.436536 -0.623622 -0.648484
    outer loop
      vertex 113.41 98.3242 0
      vertex 114.05 97.2124 1.5
      vertex 113.409 98.3235 0
    endloop
  endfacet
  facet normal 0.351919 -0.673887 -0.649637
    outer loop
      vertex 114.05 97.2124 1.5
      vertex 113.41 98.3242 0
      vertex 114.158 97.2688 1.5
    endloop
  endfacet
  facet normal 0.640033 -0.426688 -0.63898
    outer loop
      vertex 113.434 96.4788 1.5
      vertex 112.228 96.9161 0
      vertex 112.229 96.9176 0
    endloop
  endfacet
  facet normal 0.726397 -0.224659 -0.649519
    outer loop
      vertex 112.228 96.9161 0
      vertex 113.434 96.4788 1.5
      vertex 113.398 96.3624 1.5
    endloop
  endfacet
  facet normal 0.461871 -0.60386 -0.649638
    outer loop
      vertex 113.21 98.1967 0
      vertex 113.85 97.0725 1.5
      vertex 113.025 98.0552 0
    endloop
  endfacet
  facet normal 0.462314 -0.603559 -0.649601
    outer loop
      vertex 113.21 98.1967 0
      vertex 113.947 97.1468 1.5
      vertex 113.85 97.0725 1.5
    endloop
  endfacet
  facet normal 0.540808 -0.540808 -0.644246
    outer loop
      vertex 113.947 97.1468 1.5
      vertex 113.21 98.1967 0
      vertex 113.211 98.1977 0
    endloop
  endfacet
  facet normal -0.843388 -0.537305 0
    outer loop
      vertex 3.35795 5.94877 0
      vertex 2.86343 6.725 3.85
      vertex 2.86343 6.725 0
    endloop
  endfacet
  facet normal -0.843388 -0.537305 0
    outer loop
      vertex 2.86343 6.725 3.85
      vertex 3.35795 5.94877 0
      vertex 3.35795 5.94877 3.85
    endloop
  endfacet
  facet normal -0.991445 -0.130523 0
    outer loop
      vertex 1.61028 10.168 0
      vertex 1.49015 11.0805 3.85
      vertex 1.49015 11.0805 0
    endloop
  endfacet
  facet normal -0.991445 -0.130523 0
    outer loop
      vertex 1.49015 11.0805 3.85
      vertex 1.61028 10.168 0
      vertex 1.61028 10.168 3.85
    endloop
  endfacet
  facet normal -0.999048 -0.0436235 0
    outer loop
      vertex 1.49015 11.0805 0
      vertex 1.45 12 3.85
      vertex 1.45 12 0
    endloop
  endfacet
  facet normal -0.999048 -0.0436235 0
    outer loop
      vertex 1.45 12 3.85
      vertex 1.49015 11.0805 0
      vertex 1.49015 11.0805 3.85
    endloop
  endfacet
  facet normal -0.300706 -0.953717 0
    outer loop
      vertex 8.39169 2.08624 0
      vertex 9.26946 1.80948 3.85
      vertex 8.39169 2.08624 3.85
    endloop
  endfacet
  facet normal -0.300706 -0.953717 -0
    outer loop
      vertex 9.26946 1.80948 3.85
      vertex 8.39169 2.08624 0
      vertex 9.26946 1.80948 0
    endloop
  endfacet
  facet normal 0.887002 -0.461765 0
    outer loop
      vertex 117.137 6.725 3.85
      vertex 117.562 7.54138 0
      vertex 117.562 7.54138 3.85
    endloop
  endfacet
  facet normal 0.887002 -0.461765 0
    outer loop
      vertex 117.562 7.54138 0
      vertex 117.137 6.725 3.85
      vertex 117.137 6.725 0
    endloop
  endfacet
  facet normal 0.976366 0.216125 0
    outer loop
      vertex 118.39 119.332 3.85
      vertex 118.191 120.231 0
      vertex 118.191 120.231 3.85
    endloop
  endfacet
  facet normal 0.976366 0.216125 0
    outer loop
      vertex 118.191 120.231 0
      vertex 118.39 119.332 3.85
      vertex 118.39 119.332 0
    endloop
  endfacet
  facet normal -0.461748 -0.887011 0
    outer loop
      vertex 6.725 2.86343 0
      vertex 7.54138 2.43845 3.85
      vertex 6.725 2.86343 3.85
    endloop
  endfacet
  facet normal -0.461748 -0.887011 -0
    outer loop
      vertex 7.54138 2.43845 3.85
      vertex 6.725 2.86343 0
      vertex 7.54138 2.43845 0
    endloop
  endfacet
  facet normal 0 -1 0
    outer loop
      vertex 12 1.45 0
      vertex 108 1.45 3.85
      vertex 12 1.45 3.85
    endloop
  endfacet
  facet normal 0 -1 -0
    outer loop
      vertex 108 1.45 3.85
      vertex 12 1.45 0
      vertex 108 1.45 0
    endloop
  endfacet
  facet normal -0.675711 0.737166 0
    outer loop
      vertex 5.21859 125.582 0
      vertex 4.54002 124.96 3.85
      vertex 5.21859 125.582 3.85
    endloop
  endfacet
  facet normal -0.675711 0.737166 0
    outer loop
      vertex 4.54002 124.96 3.85
      vertex 5.21859 125.582 0
      vertex 4.54002 124.96 0
    endloop
  endfacet
  facet normal 1 -0 0
    outer loop
      vertex 118.55 12 3.85
      vertex 118.55 117.5 0
      vertex 118.55 117.5 3.85
    endloop
  endfacet
  facet normal 1 0 0
    outer loop
      vertex 118.55 117.5 0
      vertex 118.55 12 3.85
      vertex 118.55 12 0
    endloop
  endfacet
  facet normal 0.0436472 -0.999047 0
    outer loop
      vertex 108 1.45 0
      vertex 108.919 1.49015 3.85
      vertex 108 1.45 3.85
    endloop
  endfacet
  facet normal 0.0436472 -0.999047 0
    outer loop
      vertex 108.919 1.49015 3.85
      vertex 108 1.45 0
      vertex 108.919 1.49015 0
    endloop
  endfacet
  facet normal -0.216438 -0.976296 0
    outer loop
      vertex 9.26946 1.80948 0
      vertex 10.168 1.61028 3.85
      vertex 9.26946 1.80948 3.85
    endloop
  endfacet
  facet normal -0.216438 -0.976296 -0
    outer loop
      vertex 10.168 1.61028 3.85
      vertex 9.26946 1.80948 0
      vertex 10.168 1.61028 0
    endloop
  endfacet
  facet normal 0.216125 0.976366 -0
    outer loop
      vertex 110.731 127.691 0
      vertex 109.832 127.89 3.85
      vertex 110.731 127.691 3.85
    endloop
  endfacet
  facet normal 0.216125 0.976366 0
    outer loop
      vertex 109.832 127.89 3.85
      vertex 110.731 127.691 0
      vertex 109.832 127.89 0
    endloop
  endfacet
  facet normal -1 0 0
    outer loop
      vertex 1.45 12 0
      vertex 1.45 117.5 3.85
      vertex 1.45 117.5 0
    endloop
  endfacet
  facet normal -1 -0 0
    outer loop
      vertex 1.45 117.5 3.85
      vertex 1.45 12 0
      vertex 1.45 12 3.85
    endloop
  endfacet
  facet normal -0.97632 0.216332 0
    outer loop
      vertex 1.61028 119.332 0
      vertex 1.80948 120.231 3.85
      vertex 1.80948 120.231 0
    endloop
  endfacet
  facet normal -0.97632 0.216332 0
    outer loop
      vertex 1.80948 120.231 3.85
      vertex 1.61028 119.332 0
      vertex 1.61028 119.332 3.85
    endloop
  endfacet
  facet normal -0.737493 0.675355 0
    outer loop
      vertex 3.91823 124.281 0
      vertex 4.54002 124.96 3.85
      vertex 4.54002 124.96 0
    endloop
  endfacet
  facet normal -0.737493 0.675355 0
    outer loop
      vertex 4.54002 124.96 3.85
      vertex 3.91823 124.281 0
      vertex 3.91823 124.281 3.85
    endloop
  endfacet
  facet normal 0.537418 -0.843316 0
    outer loop
      vertex 113.275 2.86343 0
      vertex 114.051 3.35795 3.85
      vertex 113.275 2.86343 3.85
    endloop
  endfacet
  facet normal 0.537418 -0.843316 0
    outer loop
      vertex 114.051 3.35795 3.85
      vertex 113.275 2.86343 0
      vertex 114.051 3.35795 0
    endloop
  endfacet
  facet normal 0.843079 0.537789 0
    outer loop
      vertex 117.137 122.775 3.85
      vertex 116.642 123.551 0
      vertex 116.642 123.551 3.85
    endloop
  endfacet
  facet normal 0.843079 0.537789 0
    outer loop
      vertex 116.642 123.551 0
      vertex 117.137 122.775 3.85
      vertex 117.137 122.775 0
    endloop
  endfacet
  facet normal 0 0 -1
    outer loop
      vertex 112.159 48.6944 0
      vertex 7.84148 48.6944 0
      vertex 112.228 48.9161 0
    endloop
  endfacet
  facet normal 0 0 -1
    outer loop
      vertex 112.318 94.8662 0
      vertex 7.93283 95.9984 0
      vertex 7.9329 96 0
    endloop
  endfacet
  facet normal -0 0 -1
    outer loop
      vertex 112.228 48.9161 0
      vertex 7.84148 48.6944 0
      vertex 112.229 48.9176 0
    endloop
  endfacet
  facet normal 0 0 -1
    outer loop
      vertex 112.318 94.8662 0
      vertex 7.92269 95.7662 0
      vertex 7.93283 95.9984 0
    endloop
  endfacet
  facet normal 0 0 -1
    outer loop
      vertex 7.77158 48.9161 0
      vertex 112.229 48.9176 0
      vertex 7.84148 48.6944 0
    endloop
  endfacet
  facet normal 0 0 -1
    outer loop
      vertex 112.318 94.8662 0
      vertex 7.89234 95.5357 0
      vertex 7.92269 95.7662 0
    endloop
  endfacet
  facet normal 0 0 -1
    outer loop
      vertex 7.7711 48.9176 0
      vertex 112.229 48.9176 0
      vertex 7.77158 48.9161 0
    endloop
  endfacet
  facet normal 0 0 -1
    outer loop
      vertex 112.318 94.8662 0
      vertex 7.89214 95.5341 0
      vertex 7.89234 95.5357 0
    endloop
  endfacet
  facet normal 0 0 -1
    outer loop
      vertex 112.229 48.9176 0
      vertex 7.7711 48.9176 0
      vertex 112.23 48.9191 0
    endloop
  endfacet
  facet normal 0 0 -1
    outer loop
      vertex 112.318 94.8662 0
      vertex 7.89179 95.5326 0
      vertex 7.89214 95.5341 0
    endloop
  endfacet
  facet normal -0 0 -1
    outer loop
      vertex 112.23 48.9191 0
      vertex 7.7711 48.9176 0
      vertex 112.318 49.1338 0
    endloop
  endfacet
  facet normal 0 0 -1
    outer loop
      vertex 112.318 94.8662 0
      vertex 7.84148 95.3056 0
      vertex 7.89179 95.5326 0
    endloop
  endfacet
  facet normal 0 0 -1
    outer loop
      vertex 7.77048 48.9191 0
      vertex 112.318 49.1338 0
      vertex 7.7711 48.9176 0
    endloop
  endfacet
  facet normal 0 0 -1
    outer loop
      vertex 112.318 94.8662 0
      vertex 7.77158 95.0839 0
      vertex 7.84148 95.3056 0
    endloop
  endfacet
  facet normal 0 0 -1
    outer loop
      vertex 7.68153 49.1338 0
      vertex 112.318 49.1338 0
      vertex 7.77048 48.9191 0
    endloop
  endfacet
  facet normal 0 0 -1
    outer loop
      vertex 112.318 94.8662 0
      vertex 7.7711 95.0824 0
      vertex 7.77158 95.0839 0
    endloop
  endfacet
  facet normal 0 0 -1
    outer loop
      vertex 112.318 49.1338 0
      vertex 7.68153 49.1338 0
      vertex 112.318 94.8662 0
    endloop
  endfacet
  facet normal 0 0 -1
    outer loop
      vertex 112.318 94.8662 0
      vertex 7.77048 95.0809 0
      vertex 7.7711 95.0824 0
    endloop
  endfacet
  facet normal 0 0 -1
    outer loop
      vertex 7.68153 94.8662 0
      vertex 112.318 94.8662 0
      vertex 7.68153 49.1338 0
    endloop
  endfacet
  facet normal 0 0 -1
    outer loop
      vertex 112.318 94.8662 0
      vertex 7.68153 94.8662 0
      vertex 7.77048 95.0809 0
    endloop
  endfacet
  facet normal 0 0 -1
    outer loop
      vertex 7.5742 49.34 0
      vertex 7.68153 94.8662 0
      vertex 7.68153 49.1338 0
    endloop
  endfacet
  facet normal 0 0 -1
    outer loop
      vertex 7.5742 49.34 0
      vertex 7.5742 94.66 0
      vertex 7.68153 94.8662 0
    endloop
  endfacet
  facet normal 0 0 -1
    outer loop
      vertex 7.57345 49.3414 0
      vertex 7.5742 94.66 0
      vertex 7.5742 49.34 0
    endloop
  endfacet
  facet normal 0 0 -1
    outer loop
      vertex 7.57345 49.3414 0
      vertex 7.57345 94.6586 0
      vertex 7.5742 94.66 0
    endloop
  endfacet
  facet normal 0 0 -1
    outer loop
      vertex 7.57259 49.3428 0
      vertex 7.57345 94.6586 0
      vertex 7.57345 49.3414 0
    endloop
  endfacet
  facet normal 0 0 -1
    outer loop
      vertex 7.57259 49.3428 0
      vertex 7.57259 94.6572 0
      vertex 7.57345 94.6586 0
    endloop
  endfacet
  facet normal 0 0 -1
    outer loop
      vertex 7.4477 49.5388 0
      vertex 7.57259 94.6572 0
      vertex 7.57259 49.3428 0
    endloop
  endfacet
  facet normal 0 0 -1
    outer loop
      vertex 7.4477 49.5388 0
      vertex 7.4477 94.4612 0
      vertex 7.57259 94.6572 0
    endloop
  endfacet
  facet normal 0 0 -1
    outer loop
      vertex 7.44672 49.5401 0
      vertex 7.4477 94.4612 0
      vertex 7.4477 49.5388 0
    endloop
  endfacet
  facet normal 0 0 -1
    outer loop
      vertex 7.44672 49.5401 0
      vertex 7.44672 94.4599 0
      vertex 7.4477 94.4612 0
    endloop
  endfacet
  facet normal 0 0 -1
    outer loop
      vertex 7.30522 49.7245 0
      vertex 7.44672 94.4599 0
      vertex 7.44672 49.5401 0
    endloop
  endfacet
  facet normal 0 0 -1
    outer loop
      vertex 7.30522 49.7245 0
      vertex 7.30522 94.2755 0
      vertex 7.44672 94.4599 0
    endloop
  endfacet
  facet normal 0 0 -1
    outer loop
      vertex 7.14818 49.8959 0
      vertex 7.30522 94.2755 0
      vertex 7.30522 49.7245 0
    endloop
  endfacet
  facet normal 0 0 -1
    outer loop
      vertex 7.14818 49.8959 0
      vertex 7.14818 94.1041 0
      vertex 7.30522 94.2755 0
    endloop
  endfacet
  facet normal 0 0 -1
    outer loop
      vertex 7.14709 49.8971 0
      vertex 7.14818 94.1041 0
      vertex 7.14818 49.8959 0
    endloop
  endfacet
  facet normal 0 0 -1
    outer loop
      vertex 7.14709 49.8971 0
      vertex 7.14709 94.1029 0
      vertex 7.14818 94.1041 0
    endloop
  endfacet
  facet normal 0 0 -1
    outer loop
      vertex 7.14591 49.8982 0
      vertex 7.14709 94.1029 0
      vertex 7.14709 49.8971 0
    endloop
  endfacet
  facet normal 0 0 -1
    outer loop
      vertex 7.14591 49.8982 0
      vertex 7.14591 94.1018 0
      vertex 7.14709 94.1029 0
    endloop
  endfacet
  facet normal 0 0 -1
    outer loop
      vertex 6.97453 50.0552 0
      vertex 7.14591 94.1018 0
      vertex 7.14591 49.8982 0
    endloop
  endfacet
  facet normal 0 0 -1
    outer loop
      vertex 6.97453 50.0552 0
      vertex 6.97453 93.9448 0
      vertex 7.14591 94.1018 0
    endloop
  endfacet
  facet normal 0 0 -1
    outer loop
      vertex 6.79012 50.1967 0
      vertex 6.97453 93.9448 0
      vertex 6.97453 50.0552 0
    endloop
  endfacet
  facet normal 0 0 -1
    outer loop
      vertex 6.79012 50.1967 0
      vertex 6.79012 93.8033 0
      vertex 6.97453 93.9448 0
    endloop
  endfacet
  facet normal 0 0 -1
    outer loop
      vertex 6.78884 50.1977 0
      vertex 6.79012 93.8033 0
      vertex 6.79012 50.1967 0
    endloop
  endfacet
  facet normal 0 0 -1
    outer loop
      vertex 6.78884 50.1977 0
      vertex 6.78884 93.8023 0
      vertex 6.79012 93.8033 0
    endloop
  endfacet
  facet normal 0 0 -1
    outer loop
      vertex 6.5928 50.3226 0
      vertex 6.78884 93.8023 0
      vertex 6.78884 50.1977 0
    endloop
  endfacet
  facet normal 0 0 -1
    outer loop
      vertex 6.5928 50.3226 0
      vertex 6.5928 93.6774 0
      vertex 6.78884 93.8023 0
    endloop
  endfacet
  facet normal 0 0 -1
    outer loop
      vertex 6.59145 50.3235 0
      vertex 6.5928 93.6774 0
      vertex 6.5928 50.3226 0
    endloop
  endfacet
  facet normal 0 0 -1
    outer loop
      vertex 6.59145 50.3235 0
      vertex 6.59145 93.6765 0
      vertex 6.5928 93.6774 0
    endloop
  endfacet
  facet normal 0 0 -1
    outer loop
      vertex 6.59002 50.3242 0
      vertex 6.59145 93.6765 0
      vertex 6.59145 50.3235 0
    endloop
  endfacet
  facet normal 0 0 -1
    outer loop
      vertex 6.59002 50.3242 0
      vertex 6.59002 93.6758 0
      vertex 6.59145 93.6765 0
    endloop
  endfacet
  facet normal 0 0 -1
    outer loop
      vertex 6.38384 50.4315 0
      vertex 6.59002 93.6758 0
      vertex 6.59002 50.3242 0
    endloop
  endfacet
  facet normal 0 0 -1
    outer loop
      vertex 6.38384 50.4315 0
      vertex 6.38384 93.5685 0
      vertex 6.59002 93.6758 0
    endloop
  endfacet
  facet normal 0 0 -1
    outer loop
      vertex 6.16909 50.5205 0
      vertex 6.38384 93.5685 0
      vertex 6.38384 50.4315 0
    endloop
  endfacet
  facet normal 0 0 -1
    outer loop
      vertex 6.16909 50.5205 0
      vertex 6.16909 93.4795 0
      vertex 6.38384 93.5685 0
    endloop
  endfacet
  facet normal 0 0 -1
    outer loop
      vertex 6.1676 50.5211 0
      vertex 6.16909 93.4795 0
      vertex 6.16909 50.5205 0
    endloop
  endfacet
  facet normal 0 0 -1
    outer loop
      vertex 6.1676 50.5211 0
      vertex 6.1676 93.4789 0
      vertex 6.16909 93.4795 0
    endloop
  endfacet
  facet normal 0 0 -1
    outer loop
      vertex 6.16607 50.5216 0
      vertex 6.1676 93.4789 0
      vertex 6.1676 50.5211 0
    endloop
  endfacet
  facet normal 0 0 -1
    outer loop
      vertex 6.16607 50.5216 0
      vertex 6.16607 93.4784 0
      vertex 6.1676 93.4789 0
    endloop
  endfacet
  facet normal 0 0 -1
    outer loop
      vertex 5.94438 50.5915 0
      vertex 6.16607 93.4784 0
      vertex 6.16607 50.5216 0
    endloop
  endfacet
  facet normal 0 0 -1
    outer loop
      vertex 5.94438 50.5915 0
      vertex 5.94438 93.4085 0
      vertex 6.16607 93.4784 0
    endloop
  endfacet
  facet normal 0 0 -1
    outer loop
      vertex 5.71745 50.6418 0
      vertex 5.94438 93.4085 0
      vertex 5.94438 50.5915 0
    endloop
  endfacet
  facet normal 0 0 -1
    outer loop
      vertex 5.71745 50.6418 0
      vertex 5.71745 93.3582 0
      vertex 5.94438 93.4085 0
    endloop
  endfacet
  facet normal 0 0 -1
    outer loop
      vertex 5.71588 50.6421 0
      vertex 5.71745 93.3582 0
      vertex 5.71745 50.6418 0
    endloop
  endfacet
  facet normal 0 0 -1
    outer loop
      vertex 5.71588 50.6421 0
      vertex 5.71588 93.3579 0
      vertex 5.71745 93.3582 0
    endloop
  endfacet
  facet normal 0 0 -1
    outer loop
      vertex 5.71429 50.6423 0
      vertex 5.71588 93.3579 0
      vertex 5.71588 50.6421 0
    endloop
  endfacet
  facet normal 0 0 -1
    outer loop
      vertex 5.71429 50.6423 0
      vertex 5.71429 93.3577 0
      vertex 5.71588 93.3579 0
    endloop
  endfacet
  facet normal 0 0 -1
    outer loop
      vertex 5.48383 50.6727 0
      vertex 5.71429 93.3577 0
      vertex 5.71429 50.6423 0
    endloop
  endfacet
  facet normal 0 0 -1
    outer loop
      vertex 5.48383 50.6727 0
      vertex 5.48383 93.3273 0
      vertex 5.71429 93.3577 0
    endloop
  endfacet
  facet normal 0 0 -1
    outer loop
      vertex 5.25161 50.6828 0
      vertex 5.48383 93.3273 0
      vertex 5.48383 50.6727 0
    endloop
  endfacet
  facet normal 0 0 -1
    outer loop
      vertex 5.25161 50.6828 0
      vertex 5.25161 93.3172 0
      vertex 5.48383 93.3273 0
    endloop
  endfacet
  facet normal 0 0 -1
    outer loop
      vertex 5.25 50.6829 0
      vertex 5.25161 93.3172 0
      vertex 5.25161 50.6828 0
    endloop
  endfacet
  facet normal 0 0 -1
    outer loop
      vertex 5.25 50.6829 0
      vertex 5.25 93.3171 0
      vertex 5.25161 93.3172 0
    endloop
  endfacet
  facet normal 0 0 -1
    outer loop
      vertex 5.24839 50.6828 0
      vertex 5.25 93.3171 0
      vertex 5.25 50.6829 0
    endloop
  endfacet
  facet normal 0 0 -1
    outer loop
      vertex 5.24839 50.6828 0
      vertex 5.24839 93.3172 0
      vertex 5.25 93.3171 0
    endloop
  endfacet
  facet normal 0 0 -1
    outer loop
      vertex 5.01617 50.6727 0
      vertex 5.24839 93.3172 0
      vertex 5.24839 50.6828 0
    endloop
  endfacet
  facet normal 0 0 -1
    outer loop
      vertex 5.01617 50.6727 0
      vertex 5.01617 93.3273 0
      vertex 5.24839 93.3172 0
    endloop
  endfacet
  facet normal 0 0 -1
    outer loop
      vertex 4.78571 50.6423 0
      vertex 5.01617 93.3273 0
      vertex 5.01617 50.6727 0
    endloop
  endfacet
  facet normal 0 0 -1
    outer loop
      vertex 4.78571 50.6423 0
      vertex 4.78571 93.3577 0
      vertex 5.01617 93.3273 0
    endloop
  endfacet
  facet normal 0 0 -1
    outer loop
      vertex 4.78412 50.6421 0
      vertex 4.78571 93.3577 0
      vertex 4.78571 50.6423 0
    endloop
  endfacet
  facet normal 0 0 -1
    outer loop
      vertex 4.78412 50.6421 0
      vertex 4.78412 93.3579 0
      vertex 4.78571 93.3577 0
    endloop
  endfacet
  facet normal 0 0 -1
    outer loop
      vertex 4.78255 50.6418 0
      vertex 4.78412 93.3579 0
      vertex 4.78412 50.6421 0
    endloop
  endfacet
  facet normal 0 0 -1
    outer loop
      vertex 4.78255 50.6418 0
      vertex 4.78255 93.3582 0
      vertex 4.78412 93.3579 0
    endloop
  endfacet
  facet normal 0 0 -1
    outer loop
      vertex 4.55562 50.5915 0
      vertex 4.78255 93.3582 0
      vertex 4.78255 50.6418 0
    endloop
  endfacet
  facet normal 0 0 -1
    outer loop
      vertex 4.55562 50.5915 0
      vertex 4.55562 93.4085 0
      vertex 4.78255 93.3582 0
    endloop
  endfacet
  facet normal 0 0 -1
    outer loop
      vertex 4.33393 50.5216 0
      vertex 4.55562 93.4085 0
      vertex 4.55562 50.5915 0
    endloop
  endfacet
  facet normal 0 0 -1
    outer loop
      vertex 4.33393 50.5216 0
      vertex 4.33393 93.4784 0
      vertex 4.55562 93.4085 0
    endloop
  endfacet
  facet normal 0 0 -1
    outer loop
      vertex 4.3324 50.5211 0
      vertex 4.33393 93.4784 0
      vertex 4.33393 50.5216 0
    endloop
  endfacet
  facet normal 0 0 -1
    outer loop
      vertex 4.3324 50.5211 0
      vertex 4.3324 93.4789 0
      vertex 4.33393 93.4784 0
    endloop
  endfacet
  facet normal 0 0 -1
    outer loop
      vertex 4.33091 50.5205 0
      vertex 4.3324 93.4789 0
      vertex 4.3324 50.5211 0
    endloop
  endfacet
  facet normal 0 0 -1
    outer loop
      vertex 4.33091 50.5205 0
      vertex 4.33091 93.4795 0
      vertex 4.3324 93.4789 0
    endloop
  endfacet
  facet normal 0 0 -1
    outer loop
      vertex 4.11616 50.4315 0
      vertex 4.33091 93.4795 0
      vertex 4.33091 50.5205 0
    endloop
  endfacet
  facet normal 0 0 -1
    outer loop
      vertex 4.11616 50.4315 0
      vertex 4.11616 93.5685 0
      vertex 4.33091 93.4795 0
    endloop
  endfacet
  facet normal 0 0 -1
    outer loop
      vertex 3.90998 50.3242 0
      vertex 4.11616 93.5685 0
      vertex 4.11616 50.4315 0
    endloop
  endfacet
  facet normal 0 0 -1
    outer loop
      vertex 3.90998 50.3242 0
      vertex 3.90998 93.6758 0
      vertex 4.11616 93.5685 0
    endloop
  endfacet
  facet normal 0 0 -1
    outer loop
      vertex 3.90855 50.3235 0
      vertex 3.90998 93.6758 0
      vertex 3.90998 50.3242 0
    endloop
  endfacet
  facet normal 0 0 -1
    outer loop
      vertex 3.90855 50.3235 0
      vertex 3.90855 93.6765 0
      vertex 3.90998 93.6758 0
    endloop
  endfacet
  facet normal 0 0 -1
    outer loop
      vertex 3.9072 50.3226 0
      vertex 3.90855 93.6765 0
      vertex 3.90855 50.3235 0
    endloop
  endfacet
  facet normal 0 0 -1
    outer loop
      vertex 3.9072 50.3226 0
      vertex 3.9072 93.6774 0
      vertex 3.90855 93.6765 0
    endloop
  endfacet
  facet normal 0 0 -1
    outer loop
      vertex 3.71115 50.1977 0
      vertex 3.9072 93.6774 0
      vertex 3.9072 50.3226 0
    endloop
  endfacet
  facet normal 0 0 -1
    outer loop
      vertex 3.71115 50.1977 0
      vertex 3.71115 93.8023 0
      vertex 3.9072 93.6774 0
    endloop
  endfacet
  facet normal 0 0 -1
    outer loop
      vertex 3.70988 50.1967 0
      vertex 3.71115 93.8023 0
      vertex 3.71115 50.1977 0
    endloop
  endfacet
  facet normal 0 0 -1
    outer loop
      vertex 3.70988 50.1967 0
      vertex 3.70988 93.8033 0
      vertex 3.71115 93.8023 0
    endloop
  endfacet
  facet normal 0 0 -1
    outer loop
      vertex 3.52547 50.0552 0
      vertex 3.70988 93.8033 0
      vertex 3.70988 50.1967 0
    endloop
  endfacet
  facet normal 0 0 -1
    outer loop
      vertex 3.52547 50.0552 0
      vertex 3.52547 93.9448 0
      vertex 3.70988 93.8033 0
    endloop
  endfacet
  facet normal 0 0 -1
    outer loop
      vertex 3.35409 49.8982 0
      vertex 3.52547 93.9448 0
      vertex 3.52547 50.0552 0
    endloop
  endfacet
  facet normal 0 0 -1
    outer loop
      vertex 3.35409 49.8982 0
      vertex 3.35409 94.1018 0
      vertex 3.52547 93.9448 0
    endloop
  endfacet
  facet normal 0 0 -1
    outer loop
      vertex 3.35291 49.8971 0
      vertex 3.35409 94.1018 0
      vertex 3.35409 49.8982 0
    endloop
  endfacet
  facet normal 0 0 -1
    outer loop
      vertex 3.35291 49.8971 0
      vertex 3.35291 94.1029 0
      vertex 3.35409 94.1018 0
    endloop
  endfacet
  facet normal 0 0 -1
    outer loop
      vertex 3.35182 49.8959 0
      vertex 3.35291 94.1029 0
      vertex 3.35291 49.8971 0
    endloop
  endfacet
  facet normal 0 0 -1
    outer loop
      vertex 3.35182 49.8959 0
      vertex 3.35182 94.1041 0
      vertex 3.35291 94.1029 0
    endloop
  endfacet
  facet normal 0 0 -1
    outer loop
      vertex 3.19478 49.7245 0
      vertex 3.35182 94.1041 0
      vertex 3.35182 49.8959 0
    endloop
  endfacet
  facet normal 0 0 -1
    outer loop
      vertex 3.19478 49.7245 0
      vertex 3.19478 94.2755 0
      vertex 3.35182 94.1041 0
    endloop
  endfacet
  facet normal 0 0 -1
    outer loop
      vertex 3.05328 49.5401 0
      vertex 3.19478 94.2755 0
      vertex 3.19478 49.7245 0
    endloop
  endfacet
  facet normal 0 0 -1
    outer loop
      vertex 3.05328 49.5401 0
      vertex 3.05328 94.4599 0
      vertex 3.19478 94.2755 0
    endloop
  endfacet
  facet normal 0 0 -1
    outer loop
      vertex 3.0523 49.5388 0
      vertex 3.05328 94.4599 0
      vertex 3.05328 49.5401 0
    endloop
  endfacet
  facet normal 0 0 -1
    outer loop
      vertex 3.0523 49.5388 0
      vertex 3.0523 94.4612 0
      vertex 3.05328 94.4599 0
    endloop
  endfacet
  facet normal 0 0 -1
    outer loop
      vertex 2.92741 49.3428 0
      vertex 3.0523 94.4612 0
      vertex 3.0523 49.5388 0
    endloop
  endfacet
  facet normal 0 0 -1
    outer loop
      vertex 2.92741 49.3428 0
      vertex 2.92741 94.6572 0
      vertex 3.0523 94.4612 0
    endloop
  endfacet
  facet normal 0 0 -1
    outer loop
      vertex 2.92654 49.3414 0
      vertex 2.92741 94.6572 0
      vertex 2.92741 49.3428 0
    endloop
  endfacet
  facet normal 0 0 -1
    outer loop
      vertex 2.92654 49.3414 0
      vertex 2.92654 94.6586 0
      vertex 2.92741 94.6572 0
    endloop
  endfacet
  facet normal 0 0 -1
    outer loop
      vertex 2.9258 49.34 0
      vertex 2.92654 94.6586 0
      vertex 2.92654 49.3414 0
    endloop
  endfacet
  facet normal 0 0 -1
    outer loop
      vertex 2.9258 49.34 0
      vertex 2.9258 94.66 0
      vertex 2.92654 94.6586 0
    endloop
  endfacet
  facet normal 0 0 -1
    outer loop
      vertex 2.81847 49.1338 0
      vertex 2.9258 94.66 0
      vertex 2.9258 49.34 0
    endloop
  endfacet
  facet normal 0 0 -1
    outer loop
      vertex 2.81847 49.1338 0
      vertex 2.81847 94.8662 0
      vertex 2.9258 94.66 0
    endloop
  endfacet
  facet normal 0 0 -1
    outer loop
      vertex 2.72952 48.9191 0
      vertex 2.81847 94.8662 0
      vertex 2.81847 49.1338 0
    endloop
  endfacet
  facet normal 0 0 -1
    outer loop
      vertex 2.72952 48.9191 0
      vertex 2.72952 95.0809 0
      vertex 2.81847 94.8662 0
    endloop
  endfacet
  facet normal 0 0 -1
    outer loop
      vertex 2.7289 48.9176 0
      vertex 2.72952 95.0809 0
      vertex 2.72952 48.9191 0
    endloop
  endfacet
  facet normal 0 0 -1
    outer loop
      vertex 2.7289 48.9176 0
      vertex 2.7289 95.0824 0
      vertex 2.72952 95.0809 0
    endloop
  endfacet
  facet normal 0 0 -1
    outer loop
      vertex 2.72842 48.9161 0
      vertex 2.7289 95.0824 0
      vertex 2.7289 48.9176 0
    endloop
  endfacet
  facet normal 0 0 -1
    outer loop
      vertex 2.72842 48.9161 0
      vertex 2.72842 95.0839 0
      vertex 2.7289 95.0824 0
    endloop
  endfacet
  facet normal 0 0 -1
    outer loop
      vertex 2.65852 48.6944 0
      vertex 2.72842 95.0839 0
      vertex 2.72842 48.9161 0
    endloop
  endfacet
  facet normal 0 0 -1
    outer loop
      vertex 2.65852 48.6944 0
      vertex 2.65852 95.3056 0
      vertex 2.72842 95.0839 0
    endloop
  endfacet
  facet normal 0 0 -1
    outer loop
      vertex 2.60821 48.4674 0
      vertex 2.65852 95.3056 0
      vertex 2.65852 48.6944 0
    endloop
  endfacet
  facet normal 0 0 -1
    outer loop
      vertex 2.60821 48.4674 0
      vertex 2.60821 95.5326 0
      vertex 2.65852 95.3056 0
    endloop
  endfacet
  facet normal 0 0 -1
    outer loop
      vertex 2.60786 48.4659 0
      vertex 2.60821 95.5326 0
      vertex 2.60821 48.4674 0
    endloop
  endfacet
  facet normal 0 0 -1
    outer loop
      vertex 2.60786 48.4659 0
      vertex 2.60786 95.5341 0
      vertex 2.60821 95.5326 0
    endloop
  endfacet
  facet normal 0 0 -1
    outer loop
      vertex 2.60765 48.4643 0
      vertex 2.60786 95.5341 0
      vertex 2.60786 48.4659 0
    endloop
  endfacet
  facet normal 0 0 -1
    outer loop
      vertex 2.60765 48.4643 0
      vertex 2.60765 95.5357 0
      vertex 2.60786 95.5341 0
    endloop
  endfacet
  facet normal 0 0 -1
    outer loop
      vertex 2.57731 48.2338 0
      vertex 2.60765 95.5357 0
      vertex 2.60765 48.4643 0
    endloop
  endfacet
  facet normal 0 0 -1
    outer loop
      vertex 2.57731 48.2338 0
      vertex 2.57731 95.7662 0
      vertex 2.60765 95.5357 0
    endloop
  endfacet
  facet normal 0 0 -1
    outer loop
      vertex 2.56717 48.0016 0
      vertex 2.57731 95.7662 0
      vertex 2.57731 48.2338 0
    endloop
  endfacet
  facet normal 0 0 -1
    outer loop
      vertex 2.56717 48.0016 0
      vertex 2.56717 95.9984 0
      vertex 2.57731 95.7662 0
    endloop
  endfacet
  facet normal 0 0 -1
    outer loop
      vertex 2.5671 48 0
      vertex 2.56717 95.9984 0
      vertex 2.56717 48.0016 0
    endloop
  endfacet
  facet normal -0 0 -1
    outer loop
      vertex 2.56717 95.9984 0
      vertex 2.5671 48 0
      vertex 2.5671 96 0
    endloop
  endfacet
  facet normal -0 0 -1
    outer loop
      vertex 112.108 96.4643 0
      vertex 7.92269 96.2338 0
      vertex 112.108 96.4659 0
    endloop
  endfacet
  facet normal 0 0 -1
    outer loop
      vertex 7.89234 96.4643 0
      vertex 112.108 96.4659 0
      vertex 7.92269 96.2338 0
    endloop
  endfacet
  facet normal 0 0 -1
    outer loop
      vertex 7.89214 96.4659 0
      vertex 112.108 96.4659 0
      vertex 7.89234 96.4643 0
    endloop
  endfacet
  facet normal 0 0 -1
    outer loop
      vertex 112.108 96.4659 0
      vertex 7.89214 96.4659 0
      vertex 12 128.05 0
    endloop
  endfacet
  facet normal 0 0 -1
    outer loop
      vertex 7.89179 96.4674 0
      vertex 12 128.05 0
      vertex 7.89214 96.4659 0
    endloop
  endfacet
  facet normal 0 0 -1
    outer loop
      vertex 7.84148 96.6944 0
      vertex 12 128.05 0
      vertex 7.89179 96.4674 0
    endloop
  endfacet
  facet normal 0 0 -1
    outer loop
      vertex 7.77158 96.9161 0
      vertex 12 128.05 0
      vertex 7.84148 96.6944 0
    endloop
  endfacet
  facet normal 0 0 -1
    outer loop
      vertex 7.7711 96.9176 0
      vertex 12 128.05 0
      vertex 7.77158 96.9161 0
    endloop
  endfacet
  facet normal 0 0 -1
    outer loop
      vertex 7.77048 96.9191 0
      vertex 12 128.05 0
      vertex 7.7711 96.9176 0
    endloop
  endfacet
  facet normal 0 0 -1
    outer loop
      vertex 7.68153 97.1338 0
      vertex 12 128.05 0
      vertex 7.77048 96.9191 0
    endloop
  endfacet
  facet normal 0 0 -1
    outer loop
      vertex 7.5742 97.34 0
      vertex 12 128.05 0
      vertex 7.68153 97.1338 0
    endloop
  endfacet
  facet normal 0 0 -1
    outer loop
      vertex 7.57345 97.3414 0
      vertex 12 128.05 0
      vertex 7.5742 97.34 0
    endloop
  endfacet
  facet normal 0 0 -1
    outer loop
      vertex 7.57259 97.3428 0
      vertex 12 128.05 0
      vertex 7.57345 97.3414 0
    endloop
  endfacet
  facet normal 0 0 -1
    outer loop
      vertex 7.4477 97.5388 0
      vertex 12 128.05 0
      vertex 7.57259 97.3428 0
    endloop
  endfacet
  facet normal 0 0 -1
    outer loop
      vertex 7.44672 97.5401 0
      vertex 12 128.05 0
      vertex 7.4477 97.5388 0
    endloop
  endfacet
  facet normal 0 0 -1
    outer loop
      vertex 7.30522 97.7245 0
      vertex 12 128.05 0
      vertex 7.44672 97.5401 0
    endloop
  endfacet
  facet normal 0 0 -1
    outer loop
      vertex 7.14818 97.8959 0
      vertex 12 128.05 0
      vertex 7.30522 97.7245 0
    endloop
  endfacet
  facet normal 0 0 -1
    outer loop
      vertex 7.14709 97.8971 0
      vertex 12 128.05 0
      vertex 7.14818 97.8959 0
    endloop
  endfacet
  facet normal 0 0 -1
    outer loop
      vertex 7.14591 97.8982 0
      vertex 12 128.05 0
      vertex 7.14709 97.8971 0
    endloop
  endfacet
  facet normal 0 0 -1
    outer loop
      vertex 6.97453 98.0552 0
      vertex 12 128.05 0
      vertex 7.14591 97.8982 0
    endloop
  endfacet
  facet normal 0 0 -1
    outer loop
      vertex 1.45 117.5 0
      vertex 12 128.05 0
      vertex 6.97453 98.0552 0
    endloop
  endfacet
  facet normal 0 0 -1
    outer loop
      vertex 12 128.05 0
      vertex 1.45 117.5 0
      vertex 8.39169 127.414 0
    endloop
  endfacet
  facet normal 0 0 -1
    outer loop
      vertex 1.45 117.5 0
      vertex 6.97453 98.0552 0
      vertex 6.79012 98.1967 0
    endloop
  endfacet
  facet normal 0 0 -1
    outer loop
      vertex 1.45 117.5 0
      vertex 6.79012 98.1967 0
      vertex 6.78884 98.1977 0
    endloop
  endfacet
  facet normal 0 0 -1
    outer loop
      vertex 8.39169 127.414 0
      vertex 1.45 117.5 0
      vertex 7.54138 127.062 0
    endloop
  endfacet
  facet normal 0 0 -1
    outer loop
      vertex 1.45 117.5 0
      vertex 6.78884 98.1977 0
      vertex 6.5928 98.3226 0
    endloop
  endfacet
  facet normal 0 0 -1
    outer loop
      vertex 1.45 117.5 0
      vertex 6.5928 98.3226 0
      vertex 6.59145 98.3235 0
    endloop
  endfacet
  facet normal 0 0 -1
    outer loop
      vertex 1.45 117.5 0
      vertex 6.59145 98.3235 0
      vertex 6.59002 98.3242 0
    endloop
  endfacet
  facet normal 0 0 -1
    outer loop
      vertex 1.45 117.5 0
      vertex 6.59002 98.3242 0
      vertex 6.38384 98.4315 0
    endloop
  endfacet
  facet normal 0 0 -1
    outer loop
      vertex 1.45 117.5 0
      vertex 6.38384 98.4315 0
      vertex 6.16909 98.5205 0
    endloop
  endfacet
  facet normal 0 0 -1
    outer loop
      vertex 1.45 117.5 0
      vertex 6.16909 98.5205 0
      vertex 6.1676 98.5211 0
    endloop
  endfacet
  facet normal 0 0 -1
    outer loop
      vertex 1.45 117.5 0
      vertex 6.1676 98.5211 0
      vertex 6.16607 98.5216 0
    endloop
  endfacet
  facet normal 0 0 -1
    outer loop
      vertex 7.54138 127.062 0
      vertex 1.45 117.5 0
      vertex 6.725 126.637 0
    endloop
  endfacet
  facet normal 0 0 -1
    outer loop
      vertex 1.45 117.5 0
      vertex 6.16607 98.5216 0
      vertex 5.94438 98.5915 0
    endloop
  endfacet
  facet normal 0 0 -1
    outer loop
      vertex 1.45 117.5 0
      vertex 5.94438 98.5915 0
      vertex 5.71745 98.6418 0
    endloop
  endfacet
  facet normal 0 0 -1
    outer loop
      vertex 1.45 117.5 0
      vertex 5.71745 98.6418 0
      vertex 5.71588 98.6421 0
    endloop
  endfacet
  facet normal 0 0 -1
    outer loop
      vertex 1.45 117.5 0
      vertex 5.71588 98.6421 0
      vertex 5.71429 98.6423 0
    endloop
  endfacet
  facet normal 0 0 -1
    outer loop
      vertex 1.45 117.5 0
      vertex 5.71429 98.6423 0
      vertex 5.48383 98.6727 0
    endloop
  endfacet
  facet normal 0 0 -1
    outer loop
      vertex 1.45 117.5 0
      vertex 5.48383 98.6727 0
      vertex 5.25161 98.6828 0
    endloop
  endfacet
  facet normal 0 0 -1
    outer loop
      vertex 1.45 117.5 0
      vertex 5.25161 98.6828 0
      vertex 5.25 98.6829 0
    endloop
  endfacet
  facet normal 0 0 -1
    outer loop
      vertex 1.45 117.5 0
      vertex 5.25 98.6829 0
      vertex 5.24839 98.6828 0
    endloop
  endfacet
  facet normal 0 0 -1
    outer loop
      vertex 6.725 126.637 0
      vertex 1.45 117.5 0
      vertex 5.94877 126.142 0
    endloop
  endfacet
  facet normal 0 0 -1
    outer loop
      vertex 1.45 117.5 0
      vertex 5.24839 98.6828 0
      vertex 5.01617 98.6727 0
    endloop
  endfacet
  facet normal 0 0 -1
    outer loop
      vertex 1.45 117.5 0
      vertex 5.01617 98.6727 0
      vertex 4.78571 98.6423 0
    endloop
  endfacet
  facet normal 0 0 -1
    outer loop
      vertex 1.45 117.5 0
      vertex 4.78571 98.6423 0
      vertex 4.78412 98.6421 0
    endloop
  endfacet
  facet normal 0 0 -1
    outer loop
      vertex 1.45 117.5 0
      vertex 4.78412 98.6421 0
      vertex 4.78255 98.6418 0
    endloop
  endfacet
  facet normal 0 0 -1
    outer loop
      vertex 1.45 117.5 0
      vertex 4.78255 98.6418 0
      vertex 4.55562 98.5915 0
    endloop
  endfacet
  facet normal 0 0 -1
    outer loop
      vertex 5.94877 126.142 0
      vertex 1.45 117.5 0
      vertex 5.21859 125.582 0
    endloop
  endfacet
  facet normal 0 0 -1
    outer loop
      vertex 1.45 117.5 0
      vertex 4.55562 98.5915 0
      vertex 4.33393 98.5216 0
    endloop
  endfacet
  facet normal 0 0 -1
    outer loop
      vertex 1.45 117.5 0
      vertex 4.33393 98.5216 0
      vertex 4.3324 98.5211 0
    endloop
  endfacet
  facet normal 0 0 -1
    outer loop
      vertex 1.45 117.5 0
      vertex 4.3324 98.5211 0
      vertex 4.33091 98.5205 0
    endloop
  endfacet
  facet normal 0 0 -1
    outer loop
      vertex 1.45 117.5 0
      vertex 4.33091 98.5205 0
      vertex 4.11616 98.4315 0
    endloop
  endfacet
  facet normal 0 0 -1
    outer loop
      vertex 5.21859 125.582 0
      vertex 1.45 117.5 0
      vertex 4.54002 124.96 0
    endloop
  endfacet
  facet normal 0 0 -1
    outer loop
      vertex 1.45 117.5 0
      vertex 4.11616 98.4315 0
      vertex 3.90998 98.3242 0
    endloop
  endfacet
  facet normal 0 0 -1
    outer loop
      vertex 1.45 117.5 0
      vertex 3.90998 98.3242 0
      vertex 3.90855 98.3235 0
    endloop
  endfacet
  facet normal 0 0 -1
    outer loop
      vertex 1.45 117.5 0
      vertex 3.90855 98.3235 0
      vertex 3.9072 98.3226 0
    endloop
  endfacet
  facet normal 0 0 -1
    outer loop
      vertex 1.45 117.5 0
      vertex 3.9072 98.3226 0
      vertex 3.71115 98.1977 0
    endloop
  endfacet
  facet normal 0 0 -1
    outer loop
      vertex 1.45 117.5 0
      vertex 3.71115 98.1977 0
      vertex 3.70988 98.1967 0
    endloop
  endfacet
  facet normal 0 0 -1
    outer loop
      vertex 1.45 117.5 0
      vertex 3.70988 98.1967 0
      vertex 3.52547 98.0552 0
    endloop
  endfacet
  facet normal 0 0 -1
    outer loop
      vertex 4.54002 124.96 0
      vertex 1.45 117.5 0
      vertex 3.91823 124.281 0
    endloop
  endfacet
  facet normal 0 0 -1
    outer loop
      vertex 1.45 117.5 0
      vertex 3.52547 98.0552 0
      vertex 3.35409 97.8982 0
    endloop
  endfacet
  facet normal 0 0 -1
    outer loop
      vertex 1.45 117.5 0
      vertex 3.35409 97.8982 0
      vertex 3.35291 97.8971 0
    endloop
  endfacet
  facet normal 0 0 -1
    outer loop
      vertex 1.45 117.5 0
      vertex 3.35291 97.8971 0
      vertex 3.35182 97.8959 0
    endloop
  endfacet
  facet normal 0 0 -1
    outer loop
      vertex 1.45 117.5 0
      vertex 3.35182 97.8959 0
      vertex 3.19478 97.7245 0
    endloop
  endfacet
  facet normal 0 0 -1
    outer loop
      vertex 1.45 117.5 0
      vertex 3.19478 97.7245 0
      vertex 3.05328 97.5401 0
    endloop
  endfacet
  facet normal 0 0 -1
    outer loop
      vertex 1.45 117.5 0
      vertex 3.05328 97.5401 0
      vertex 3.0523 97.5388 0
    endloop
  endfacet
  facet normal 0 0 -1
    outer loop
      vertex 1.45 117.5 0
      vertex 3.0523 97.5388 0
      vertex 2.92741 97.3428 0
    endloop
  endfacet
  facet normal 0 0 -1
    outer loop
      vertex 1.45 117.5 0
      vertex 2.92741 97.3428 0
      vertex 2.92654 97.3414 0
    endloop
  endfacet
  facet normal 0 0 -1
    outer loop
      vertex 1.45 117.5 0
      vertex 2.92654 97.3414 0
      vertex 2.9258 97.34 0
    endloop
  endfacet
  facet normal 0 0 -1
    outer loop
      vertex 3.91823 124.281 0
      vertex 1.45 117.5 0
      vertex 3.35795 123.551 0
    endloop
  endfacet
  facet normal 0 0 -1
    outer loop
      vertex 1.45 117.5 0
      vertex 2.9258 97.34 0
      vertex 2.81847 97.1338 0
    endloop
  endfacet
  facet normal 0 0 -1
    outer loop
      vertex 1.45 117.5 0
      vertex 2.81847 97.1338 0
      vertex 2.72952 96.9191 0
    endloop
  endfacet
  facet normal 0 0 -1
    outer loop
      vertex 1.45 117.5 0
      vertex 2.72952 96.9191 0
      vertex 2.7289 96.9176 0
    endloop
  endfacet
  facet normal 0 0 -1
    outer loop
      vertex 1.45 117.5 0
      vertex 2.7289 96.9176 0
      vertex 2.72842 96.9161 0
    endloop
  endfacet
  facet normal 0 0 -1
    outer loop
      vertex 1.45 117.5 0
      vertex 2.72842 96.9161 0
      vertex 2.65852 96.6944 0
    endloop
  endfacet
  facet normal 0 0 -1
    outer loop
      vertex 1.45 117.5 0
      vertex 2.65852 96.6944 0
      vertex 2.60821 96.4674 0
    endloop
  endfacet
  facet normal 0 0 -1
    outer loop
      vertex 1.45 117.5 0
      vertex 2.60821 96.4674 0
      vertex 2.60786 96.4659 0
    endloop
  endfacet
  facet normal 0 0 -1
    outer loop
      vertex 1.45 117.5 0
      vertex 2.60786 96.4659 0
      vertex 2.60765 96.4643 0
    endloop
  endfacet
  facet normal 0 0 -1
    outer loop
      vertex 1.45 117.5 0
      vertex 2.60765 96.4643 0
      vertex 2.57731 96.2338 0
    endloop
  endfacet
  facet normal 0 0 -1
    outer loop
      vertex 1.45 117.5 0
      vertex 2.57731 96.2338 0
      vertex 2.56717 96.0016 0
    endloop
  endfacet
  facet normal 0 0 -1
    outer loop
      vertex 1.45 117.5 0
      vertex 2.56717 96.0016 0
      vertex 2.5671 96 0
    endloop
  endfacet
  facet normal 0 0 -1
    outer loop
      vertex 3.35795 123.551 0
      vertex 1.45 117.5 0
      vertex 2.86343 122.775 0
    endloop
  endfacet
  facet normal 0 0 -1
    outer loop
      vertex 1.45 117.5 0
      vertex 2.5671 48 0
      vertex 1.45 12 0
    endloop
  endfacet
  facet normal 0 0 -1
    outer loop
      vertex 1.45 12 0
      vertex 2.43845 7.54138 0
      vertex 2.08624 8.39169 0
    endloop
  endfacet
  facet normal 0 0 -1
    outer loop
      vertex 2.5671 48 0
      vertex 1.45 117.5 0
      vertex 2.5671 96 0
    endloop
  endfacet
  facet normal 0 0 -1
    outer loop
      vertex 1.45 12 0
      vertex 2.08624 8.39169 0
      vertex 1.80948 9.26946 0
    endloop
  endfacet
  facet normal 0 0 -1
    outer loop
      vertex 2.86343 122.775 0
      vertex 1.45 117.5 0
      vertex 2.43845 121.959 0
    endloop
  endfacet
  facet normal 0 0 -1
    outer loop
      vertex 1.45 12 0
      vertex 1.80948 9.26946 0
      vertex 1.61028 10.168 0
    endloop
  endfacet
  facet normal 0 0 -1
    outer loop
      vertex 2.43845 121.959 0
      vertex 1.45 117.5 0
      vertex 2.08624 121.108 0
    endloop
  endfacet
  facet normal 0 0 -1
    outer loop
      vertex 1.45 12 0
      vertex 1.61028 10.168 0
      vertex 1.49015 11.0805 0
    endloop
  endfacet
  facet normal 0 0 -1
    outer loop
      vertex 2.08624 121.108 0
      vertex 1.45 117.5 0
      vertex 1.80948 120.231 0
    endloop
  endfacet
  facet normal 0 0 -1
    outer loop
      vertex 1.80948 120.231 0
      vertex 1.45 117.5 0
      vertex 1.61028 119.332 0
    endloop
  endfacet
  facet normal 0 0 -1
    outer loop
      vertex 1.61028 119.332 0
      vertex 1.45 117.5 0
      vertex 1.49015 118.419 0
    endloop
  endfacet
  facet normal 0 0 -0
    outer loop
      vertex 117.433 48.0016 0
      vertex 117.433 96 0
      vertex 117.433 48 0
    endloop
  endfacet
  facet normal 0 0 0
    outer loop
      vertex 117.433 48.0016 0
      vertex 117.433 95.9984 0
      vertex 117.433 96 0
    endloop
  endfacet
  facet normal 0 0 -1
    outer loop
      vertex 117.423 48.2338 0
      vertex 117.433 95.9984 0
      vertex 117.433 48.0016 0
    endloop
  endfacet
  facet normal 0 0 -1
    outer loop
      vertex 117.423 48.2338 0
      vertex 117.423 95.7662 0
      vertex 117.433 95.9984 0
    endloop
  endfacet
  facet normal 0 0 -1
    outer loop
      vertex 117.392 48.4643 0
      vertex 117.423 95.7662 0
      vertex 117.423 48.2338 0
    endloop
  endfacet
  facet normal 0 0 -1
    outer loop
      vertex 117.392 48.4643 0
      vertex 117.392 95.5357 0
      vertex 117.423 95.7662 0
    endloop
  endfacet
  facet normal 0 0 -0
    outer loop
      vertex 117.392 48.4659 0
      vertex 117.392 95.5357 0
      vertex 117.392 48.4643 0
    endloop
  endfacet
  facet normal 0 0 0
    outer loop
      vertex 117.392 48.4659 0
      vertex 117.392 95.5341 0
      vertex 117.392 95.5357 0
    endloop
  endfacet
  facet normal 0 0 -0
    outer loop
      vertex 117.392 48.4674 0
      vertex 117.392 95.5341 0
      vertex 117.392 48.4659 0
    endloop
  endfacet
  facet normal 0 0 0
    outer loop
      vertex 117.392 48.4674 0
      vertex 117.392 95.5326 0
      vertex 117.392 95.5341 0
    endloop
  endfacet
  facet normal 0 0 -1
    outer loop
      vertex 117.341 48.6944 0
      vertex 117.392 95.5326 0
      vertex 117.392 48.4674 0
    endloop
  endfacet
  facet normal 0 0 -1
    outer loop
      vertex 117.341 48.6944 0
      vertex 117.341 95.3056 0
      vertex 117.392 95.5326 0
    endloop
  endfacet
  facet normal 0 0 -1
    outer loop
      vertex 117.272 48.9161 0
      vertex 117.341 95.3056 0
      vertex 117.341 48.6944 0
    endloop
  endfacet
  facet normal 0 0 -1
    outer loop
      vertex 117.272 48.9161 0
      vertex 117.272 95.0839 0
      vertex 117.341 95.3056 0
    endloop
  endfacet
  facet normal 0 0 -1
    outer loop
      vertex 117.271 48.9176 0
      vertex 117.272 95.0839 0
      vertex 117.272 48.9161 0
    endloop
  endfacet
  facet normal 0 0 -1
    outer loop
      vertex 117.271 48.9176 0
      vertex 117.271 95.0824 0
      vertex 117.272 95.0839 0
    endloop
  endfacet
  facet normal 0 0 -1
    outer loop
      vertex 117.27 48.9191 0
      vertex 117.271 95.0824 0
      vertex 117.271 48.9176 0
    endloop
  endfacet
  facet normal 0 0 -1
    outer loop
      vertex 117.27 48.9191 0
      vertex 117.27 95.0809 0
      vertex 117.271 95.0824 0
    endloop
  endfacet
  facet normal 0 0 -1
    outer loop
      vertex 117.182 49.1338 0
      vertex 117.27 95.0809 0
      vertex 117.27 48.9191 0
    endloop
  endfacet
  facet normal 0 0 -1
    outer loop
      vertex 117.182 49.1338 0
      vertex 117.182 94.8662 0
      vertex 117.27 95.0809 0
    endloop
  endfacet
  facet normal 0 0 -1
    outer loop
      vertex 117.074 49.34 0
      vertex 117.182 94.8662 0
      vertex 117.182 49.1338 0
    endloop
  endfacet
  facet normal 0 0 -1
    outer loop
      vertex 117.074 49.34 0
      vertex 117.074 94.66 0
      vertex 117.182 94.8662 0
    endloop
  endfacet
  facet normal 0 0 -1
    outer loop
      vertex 117.073 49.3414 0
      vertex 117.074 94.66 0
      vertex 117.074 49.34 0
    endloop
  endfacet
  facet normal 0 0 -1
    outer loop
      vertex 117.073 49.3414 0
      vertex 117.073 94.6586 0
      vertex 117.074 94.66 0
    endloop
  endfacet
  facet normal 0 0 -0
    outer loop
      vertex 117.073 49.3428 0
      vertex 117.073 94.6586 0
      vertex 117.073 49.3414 0
    endloop
  endfacet
  facet normal 0 0 0
    outer loop
      vertex 117.073 49.3428 0
      vertex 117.073 94.6572 0
      vertex 117.073 94.6586 0
    endloop
  endfacet
  facet normal 0 0 -1
    outer loop
      vertex 116.948 49.5388 0
      vertex 117.073 94.6572 0
      vertex 117.073 49.3428 0
    endloop
  endfacet
  facet normal 0 0 -1
    outer loop
      vertex 116.948 49.5388 0
      vertex 116.948 94.4612 0
      vertex 117.073 94.6572 0
    endloop
  endfacet
  facet normal 0 0 -1
    outer loop
      vertex 116.947 49.5401 0
      vertex 116.948 94.4612 0
      vertex 116.948 49.5388 0
    endloop
  endfacet
  facet normal 0 0 -1
    outer loop
      vertex 116.947 49.5401 0
      vertex 116.947 94.4599 0
      vertex 116.948 94.4612 0
    endloop
  endfacet
  facet normal 0 0 -1
    outer loop
      vertex 116.805 49.7245 0
      vertex 116.947 94.4599 0
      vertex 116.947 49.5401 0
    endloop
  endfacet
  facet normal 0 0 -1
    outer loop
      vertex 116.805 49.7245 0
      vertex 116.805 94.2755 0
      vertex 116.947 94.4599 0
    endloop
  endfacet
  facet normal 0 0 -1
    outer loop
      vertex 116.648 49.8959 0
      vertex 116.805 94.2755 0
      vertex 116.805 49.7245 0
    endloop
  endfacet
  facet normal 0 0 -1
    outer loop
      vertex 116.648 49.8959 0
      vertex 116.648 94.1041 0
      vertex 116.805 94.2755 0
    endloop
  endfacet
  facet normal 0 0 -1
    outer loop
      vertex 116.647 49.8971 0
      vertex 116.648 94.1041 0
      vertex 116.648 49.8959 0
    endloop
  endfacet
  facet normal 0 0 -1
    outer loop
      vertex 116.647 49.8971 0
      vertex 116.647 94.1029 0
      vertex 116.648 94.1041 0
    endloop
  endfacet
  facet normal 0 0 -1
    outer loop
      vertex 116.646 49.8982 0
      vertex 116.647 94.1029 0
      vertex 116.647 49.8971 0
    endloop
  endfacet
  facet normal 0 0 -1
    outer loop
      vertex 116.646 49.8982 0
      vertex 116.646 94.1018 0
      vertex 116.647 94.1029 0
    endloop
  endfacet
  facet normal 0 0 -1
    outer loop
      vertex 116.475 50.0552 0
      vertex 116.646 94.1018 0
      vertex 116.646 49.8982 0
    endloop
  endfacet
  facet normal 0 0 -1
    outer loop
      vertex 116.475 50.0552 0
      vertex 116.475 93.9448 0
      vertex 116.646 94.1018 0
    endloop
  endfacet
  facet normal 0 0 -1
    outer loop
      vertex 116.29 50.1967 0
      vertex 116.475 93.9448 0
      vertex 116.475 50.0552 0
    endloop
  endfacet
  facet normal 0 0 -1
    outer loop
      vertex 116.29 50.1967 0
      vertex 116.29 93.8033 0
      vertex 116.475 93.9448 0
    endloop
  endfacet
  facet normal 0 0 -1
    outer loop
      vertex 116.289 50.1977 0
      vertex 116.29 93.8033 0
      vertex 116.29 50.1967 0
    endloop
  endfacet
  facet normal 0 0 -1
    outer loop
      vertex 116.289 50.1977 0
      vertex 116.289 93.8023 0
      vertex 116.29 93.8033 0
    endloop
  endfacet
  facet normal 0 0 -1
    outer loop
      vertex 116.093 50.3226 0
      vertex 116.289 93.8023 0
      vertex 116.289 50.1977 0
    endloop
  endfacet
  facet normal 0 0 -1
    outer loop
      vertex 116.093 50.3226 0
      vertex 116.093 93.6774 0
      vertex 116.289 93.8023 0
    endloop
  endfacet
  facet normal 0 0 -1
    outer loop
      vertex 116.091 50.3235 0
      vertex 116.093 93.6774 0
      vertex 116.093 50.3226 0
    endloop
  endfacet
  facet normal 0 0 -1
    outer loop
      vertex 116.091 50.3235 0
      vertex 116.091 93.6765 0
      vertex 116.093 93.6774 0
    endloop
  endfacet
  facet normal 0 0 -1
    outer loop
      vertex 116.09 50.3242 0
      vertex 116.091 93.6765 0
      vertex 116.091 50.3235 0
    endloop
  endfacet
  facet normal 0 0 -1
    outer loop
      vertex 116.09 50.3242 0
      vertex 116.09 93.6758 0
      vertex 116.091 93.6765 0
    endloop
  endfacet
  facet normal 0 0 -1
    outer loop
      vertex 115.884 50.4315 0
      vertex 116.09 93.6758 0
      vertex 116.09 50.3242 0
    endloop
  endfacet
  facet normal 0 0 -1
    outer loop
      vertex 115.884 50.4315 0
      vertex 115.884 93.5685 0
      vertex 116.09 93.6758 0
    endloop
  endfacet
  facet normal 0 0 -1
    outer loop
      vertex 115.669 50.5205 0
      vertex 115.884 93.5685 0
      vertex 115.884 50.4315 0
    endloop
  endfacet
  facet normal 0 0 -1
    outer loop
      vertex 115.669 50.5205 0
      vertex 115.669 93.4795 0
      vertex 115.884 93.5685 0
    endloop
  endfacet
  facet normal 0 0 -1
    outer loop
      vertex 115.668 50.5211 0
      vertex 115.669 93.4795 0
      vertex 115.669 50.5205 0
    endloop
  endfacet
  facet normal 0 0 -1
    outer loop
      vertex 115.668 50.5211 0
      vertex 115.668 93.4789 0
      vertex 115.669 93.4795 0
    endloop
  endfacet
  facet normal 0 0 -1
    outer loop
      vertex 115.666 50.5216 0
      vertex 115.668 93.4789 0
      vertex 115.668 50.5211 0
    endloop
  endfacet
  facet normal 0 0 -1
    outer loop
      vertex 115.666 50.5216 0
      vertex 115.666 93.4784 0
      vertex 115.668 93.4789 0
    endloop
  endfacet
  facet normal 0 0 -1
    outer loop
      vertex 115.444 50.5915 0
      vertex 115.666 93.4784 0
      vertex 115.666 50.5216 0
    endloop
  endfacet
  facet normal 0 0 -1
    outer loop
      vertex 115.444 50.5915 0
      vertex 115.444 93.4085 0
      vertex 115.666 93.4784 0
    endloop
  endfacet
  facet normal 0 0 -1
    outer loop
      vertex 115.217 50.6418 0
      vertex 115.444 93.4085 0
      vertex 115.444 50.5915 0
    endloop
  endfacet
  facet normal 0 0 -1
    outer loop
      vertex 115.217 50.6418 0
      vertex 115.217 93.3582 0
      vertex 115.444 93.4085 0
    endloop
  endfacet
  facet normal 0 0 -1
    outer loop
      vertex 115.216 50.6421 0
      vertex 115.217 93.3582 0
      vertex 115.217 50.6418 0
    endloop
  endfacet
  facet normal 0 0 -1
    outer loop
      vertex 115.216 50.6421 0
      vertex 115.216 93.3579 0
      vertex 115.217 93.3582 0
    endloop
  endfacet
  facet normal 0 0 -1
    outer loop
      vertex 115.214 50.6423 0
      vertex 115.216 93.3579 0
      vertex 115.216 50.6421 0
    endloop
  endfacet
  facet normal 0 0 -1
    outer loop
      vertex 115.214 50.6423 0
      vertex 115.214 93.3577 0
      vertex 115.216 93.3579 0
    endloop
  endfacet
  facet normal 0 0 -1
    outer loop
      vertex 114.984 50.6727 0
      vertex 115.214 93.3577 0
      vertex 115.214 50.6423 0
    endloop
  endfacet
  facet normal 0 0 -1
    outer loop
      vertex 114.984 50.6727 0
      vertex 114.984 93.3273 0
      vertex 115.214 93.3577 0
    endloop
  endfacet
  facet normal 0 0 -1
    outer loop
      vertex 114.752 50.6828 0
      vertex 114.984 93.3273 0
      vertex 114.984 50.6727 0
    endloop
  endfacet
  facet normal 0 0 -1
    outer loop
      vertex 114.752 50.6828 0
      vertex 114.752 93.3172 0
      vertex 114.984 93.3273 0
    endloop
  endfacet
  facet normal 0 0 -1
    outer loop
      vertex 114.75 50.6829 0
      vertex 114.752 93.3172 0
      vertex 114.752 50.6828 0
    endloop
  endfacet
  facet normal 0 0 -1
    outer loop
      vertex 114.75 50.6829 0
      vertex 114.75 93.3171 0
      vertex 114.752 93.3172 0
    endloop
  endfacet
  facet normal 0 0 -1
    outer loop
      vertex 114.748 50.6828 0
      vertex 114.75 93.3171 0
      vertex 114.75 50.6829 0
    endloop
  endfacet
  facet normal 0 0 -1
    outer loop
      vertex 114.748 50.6828 0
      vertex 114.748 93.3172 0
      vertex 114.75 93.3171 0
    endloop
  endfacet
  facet normal 0 0 -1
    outer loop
      vertex 114.516 50.6727 0
      vertex 114.748 93.3172 0
      vertex 114.748 50.6828 0
    endloop
  endfacet
  facet normal 0 0 -1
    outer loop
      vertex 114.516 50.6727 0
      vertex 114.516 93.3273 0
      vertex 114.748 93.3172 0
    endloop
  endfacet
  facet normal 0 0 -1
    outer loop
      vertex 114.286 50.6423 0
      vertex 114.516 93.3273 0
      vertex 114.516 50.6727 0
    endloop
  endfacet
  facet normal 0 0 -1
    outer loop
      vertex 114.286 50.6423 0
      vertex 114.286 93.3577 0
      vertex 114.516 93.3273 0
    endloop
  endfacet
  facet normal 0 0 -1
    outer loop
      vertex 114.284 50.6421 0
      vertex 114.286 93.3577 0
      vertex 114.286 50.6423 0
    endloop
  endfacet
  facet normal 0 0 -1
    outer loop
      vertex 114.284 50.6421 0
      vertex 114.284 93.3579 0
      vertex 114.286 93.3577 0
    endloop
  endfacet
  facet normal 0 0 -1
    outer loop
      vertex 114.283 50.6418 0
      vertex 114.284 93.3579 0
      vertex 114.284 50.6421 0
    endloop
  endfacet
  facet normal 0 0 -1
    outer loop
      vertex 114.283 50.6418 0
      vertex 114.283 93.3582 0
      vertex 114.284 93.3579 0
    endloop
  endfacet
  facet normal 0 0 -1
    outer loop
      vertex 114.056 50.5915 0
      vertex 114.283 93.3582 0
      vertex 114.283 50.6418 0
    endloop
  endfacet
  facet normal 0 0 -1
    outer loop
      vertex 114.056 50.5915 0
      vertex 114.056 93.4085 0
      vertex 114.283 93.3582 0
    endloop
  endfacet
  facet normal 0 0 -1
    outer loop
      vertex 113.834 50.5216 0
      vertex 114.056 93.4085 0
      vertex 114.056 50.5915 0
    endloop
  endfacet
  facet normal 0 0 -1
    outer loop
      vertex 113.834 50.5216 0
      vertex 113.834 93.4784 0
      vertex 114.056 93.4085 0
    endloop
  endfacet
  facet normal 0 0 -1
    outer loop
      vertex 113.832 50.5211 0
      vertex 113.834 93.4784 0
      vertex 113.834 50.5216 0
    endloop
  endfacet
  facet normal 0 0 -1
    outer loop
      vertex 113.832 50.5211 0
      vertex 113.832 93.4789 0
      vertex 113.834 93.4784 0
    endloop
  endfacet
  facet normal 0 0 -1
    outer loop
      vertex 113.831 50.5205 0
      vertex 113.832 93.4789 0
      vertex 113.832 50.5211 0
    endloop
  endfacet
  facet normal 0 0 -1
    outer loop
      vertex 113.831 50.5205 0
      vertex 113.831 93.4795 0
      vertex 113.832 93.4789 0
    endloop
  endfacet
  facet normal 0 0 -1
    outer loop
      vertex 113.616 50.4315 0
      vertex 113.831 93.4795 0
      vertex 113.831 50.5205 0
    endloop
  endfacet
  facet normal 0 0 -1
    outer loop
      vertex 113.616 50.4315 0
      vertex 113.616 93.5685 0
      vertex 113.831 93.4795 0
    endloop
  endfacet
  facet normal 0 0 -1
    outer loop
      vertex 113.41 50.3242 0
      vertex 113.616 93.5685 0
      vertex 113.616 50.4315 0
    endloop
  endfacet
  facet normal 0 0 -1
    outer loop
      vertex 113.41 50.3242 0
      vertex 113.41 93.6758 0
      vertex 113.616 93.5685 0
    endloop
  endfacet
  facet normal 0 0 -1
    outer loop
      vertex 113.409 50.3235 0
      vertex 113.41 93.6758 0
      vertex 113.41 50.3242 0
    endloop
  endfacet
  facet normal 0 0 -1
    outer loop
      vertex 113.409 50.3235 0
      vertex 113.409 93.6765 0
      vertex 113.41 93.6758 0
    endloop
  endfacet
  facet normal 0 0 -1
    outer loop
      vertex 113.407 50.3226 0
      vertex 113.409 93.6765 0
      vertex 113.409 50.3235 0
    endloop
  endfacet
  facet normal 0 0 -1
    outer loop
      vertex 113.407 50.3226 0
      vertex 113.407 93.6774 0
      vertex 113.409 93.6765 0
    endloop
  endfacet
  facet normal 0 0 -1
    outer loop
      vertex 113.211 50.1977 0
      vertex 113.407 93.6774 0
      vertex 113.407 50.3226 0
    endloop
  endfacet
  facet normal 0 0 -1
    outer loop
      vertex 113.211 50.1977 0
      vertex 113.211 93.8023 0
      vertex 113.407 93.6774 0
    endloop
  endfacet
  facet normal 0 0 -1
    outer loop
      vertex 113.21 50.1967 0
      vertex 113.211 93.8023 0
      vertex 113.211 50.1977 0
    endloop
  endfacet
  facet normal 0 0 -1
    outer loop
      vertex 113.21 50.1967 0
      vertex 113.21 93.8033 0
      vertex 113.211 93.8023 0
    endloop
  endfacet
  facet normal 0 0 -1
    outer loop
      vertex 113.025 50.0552 0
      vertex 113.21 93.8033 0
      vertex 113.21 50.1967 0
    endloop
  endfacet
  facet normal 0 0 -1
    outer loop
      vertex 113.025 50.0552 0
      vertex 113.025 93.9448 0
      vertex 113.21 93.8033 0
    endloop
  endfacet
  facet normal 0 0 -1
    outer loop
      vertex 112.854 49.8982 0
      vertex 113.025 93.9448 0
      vertex 113.025 50.0552 0
    endloop
  endfacet
  facet normal 0 0 -1
    outer loop
      vertex 112.854 49.8982 0
      vertex 112.854 94.1018 0
      vertex 113.025 93.9448 0
    endloop
  endfacet
  facet normal 0 0 -1
    outer loop
      vertex 112.853 49.8971 0
      vertex 112.854 94.1018 0
      vertex 112.854 49.8982 0
    endloop
  endfacet
  facet normal 0 0 -1
    outer loop
      vertex 112.853 49.8971 0
      vertex 112.853 94.1029 0
      vertex 112.854 94.1018 0
    endloop
  endfacet
  facet normal 0 0 -1
    outer loop
      vertex 112.852 49.8959 0
      vertex 112.853 94.1029 0
      vertex 112.853 49.8971 0
    endloop
  endfacet
  facet normal 0 0 -1
    outer loop
      vertex 112.852 49.8959 0
      vertex 112.852 94.1041 0
      vertex 112.853 94.1029 0
    endloop
  endfacet
  facet normal 0 0 -1
    outer loop
      vertex 112.695 49.7245 0
      vertex 112.852 94.1041 0
      vertex 112.852 49.8959 0
    endloop
  endfacet
  facet normal 0 0 -1
    outer loop
      vertex 112.695 49.7245 0
      vertex 112.695 94.2755 0
      vertex 112.852 94.1041 0
    endloop
  endfacet
  facet normal 0 0 -1
    outer loop
      vertex 112.553 49.5401 0
      vertex 112.695 94.2755 0
      vertex 112.695 49.7245 0
    endloop
  endfacet
  facet normal 0 0 -1
    outer loop
      vertex 112.553 49.5401 0
      vertex 112.553 94.4599 0
      vertex 112.695 94.2755 0
    endloop
  endfacet
  facet normal 0 0 -1
    outer loop
      vertex 112.552 49.5388 0
      vertex 112.553 94.4599 0
      vertex 112.553 49.5401 0
    endloop
  endfacet
  facet normal 0 0 -1
    outer loop
      vertex 112.552 49.5388 0
      vertex 112.552 94.4612 0
      vertex 112.553 94.4599 0
    endloop
  endfacet
  facet normal 0 0 -1
    outer loop
      vertex 112.427 49.3428 0
      vertex 112.552 94.4612 0
      vertex 112.552 49.5388 0
    endloop
  endfacet
  facet normal 0 0 -1
    outer loop
      vertex 112.427 49.3428 0
      vertex 112.427 94.6572 0
      vertex 112.552 94.4612 0
    endloop
  endfacet
  facet normal 0 0 0
    outer loop
      vertex 112.427 49.3414 0
      vertex 112.427 94.6572 0
      vertex 112.427 49.3428 0
    endloop
  endfacet
  facet normal 0 0 0
    outer loop
      vertex 112.427 49.3414 0
      vertex 112.427 94.6586 0
      vertex 112.427 94.6572 0
    endloop
  endfacet
  facet normal 0 0 -1
    outer loop
      vertex 112.426 49.34 0
      vertex 112.427 94.6586 0
      vertex 112.427 49.3414 0
    endloop
  endfacet
  facet normal 0 0 -1
    outer loop
      vertex 112.426 49.34 0
      vertex 112.426 94.66 0
      vertex 112.427 94.6586 0
    endloop
  endfacet
  facet normal 0 0 -1
    outer loop
      vertex 112.318 49.1338 0
      vertex 112.426 94.66 0
      vertex 112.426 49.34 0
    endloop
  endfacet
  facet normal 0 0 -1
    outer loop
      vertex 112.318 49.1338 0
      vertex 112.318 94.8662 0
      vertex 112.426 94.66 0
    endloop
  endfacet
  facet normal -0 0 -1
    outer loop
      vertex 112.108 48.4674 0
      vertex 7.89214 48.4659 0
      vertex 112.159 48.6944 0
    endloop
  endfacet
  facet normal 0 0 -1
    outer loop
      vertex 7.89179 48.4674 0
      vertex 112.159 48.6944 0
      vertex 7.89214 48.4659 0
    endloop
  endfacet
  facet normal 0 0 -1
    outer loop
      vertex 112.108 48.4659 0
      vertex 7.89214 48.4659 0
      vertex 112.108 48.4674 0
    endloop
  endfacet
  facet normal 0 0 -1
    outer loop
      vertex 7.84148 48.6944 0
      vertex 112.159 48.6944 0
      vertex 7.89179 48.4674 0
    endloop
  endfacet
  facet normal 0 0 -1
    outer loop
      vertex 7.89214 48.4659 0
      vertex 112.108 48.4659 0
      vertex 7.89234 48.4643 0
    endloop
  endfacet
  facet normal 0 0 -1
    outer loop
      vertex 112.318 94.8662 0
      vertex 7.9329 96 0
      vertex 112.23 95.0809 0
    endloop
  endfacet
  facet normal 0 0 -1
    outer loop
      vertex 7.89234 48.4643 0
      vertex 112.108 48.4659 0
      vertex 7.92269 48.2338 0
    endloop
  endfacet
  facet normal 0 0 -1
    outer loop
      vertex 112.23 95.0809 0
      vertex 7.9329 96 0
      vertex 112.229 95.0824 0
    endloop
  endfacet
  facet normal -0 0 -1
    outer loop
      vertex 112.108 48.4643 0
      vertex 7.92269 48.2338 0
      vertex 112.108 48.4659 0
    endloop
  endfacet
  facet normal 0 0 -1
    outer loop
      vertex 112.229 95.0824 0
      vertex 7.9329 96 0
      vertex 112.228 95.0839 0
    endloop
  endfacet
  facet normal 0 0 -1
    outer loop
      vertex 112.077 48.2338 0
      vertex 7.92269 48.2338 0
      vertex 112.108 48.4643 0
    endloop
  endfacet
  facet normal 0 0 -1
    outer loop
      vertex 112.228 95.0839 0
      vertex 7.9329 96 0
      vertex 112.159 95.3056 0
    endloop
  endfacet
  facet normal 0 0 -1
    outer loop
      vertex 7.92269 48.2338 0
      vertex 112.077 48.2338 0
      vertex 7.93283 48.0016 0
    endloop
  endfacet
  facet normal 0 0 -1
    outer loop
      vertex 112.159 95.3056 0
      vertex 7.9329 96 0
      vertex 112.108 95.5326 0
    endloop
  endfacet
  facet normal 0 0 -1
    outer loop
      vertex 7.93283 48.0016 0
      vertex 112.077 48.2338 0
      vertex 7.9329 48 0
    endloop
  endfacet
  facet normal 0 0 -1
    outer loop
      vertex 112.108 95.5326 0
      vertex 7.9329 96 0
      vertex 112.108 95.5341 0
    endloop
  endfacet
  facet normal 0 0 -1
    outer loop
      vertex 7.9329 48 0
      vertex 112.077 48.2338 0
      vertex 112.067 48.0016 0
    endloop
  endfacet
  facet normal 0 0 -1
    outer loop
      vertex 7.9329 96 0
      vertex 112.108 95.5357 0
      vertex 112.108 95.5341 0
    endloop
  endfacet
  facet normal 0 0 -1
    outer loop
      vertex 7.9329 48 0
      vertex 112.067 48.0016 0
      vertex 112.067 48 0
    endloop
  endfacet
  facet normal 0 0 -1
    outer loop
      vertex 7.9329 96 0
      vertex 112.077 95.7662 0
      vertex 112.108 95.5357 0
    endloop
  endfacet
  facet normal 0 0 -1
    outer loop
      vertex 108 1.45 0
      vertex 118.55 12 0
      vertex 118.51 11.0805 0
    endloop
  endfacet
  facet normal 0 0 -1
    outer loop
      vertex 118.55 12 0
      vertex 117.433 48 0
      vertex 118.55 117.5 0
    endloop
  endfacet
  facet normal 0 0 -1
    outer loop
      vertex 108 1.45 0
      vertex 118.51 11.0805 0
      vertex 118.39 10.168 0
    endloop
  endfacet
  facet normal 0 0 -1
    outer loop
      vertex 117.433 96 0
      vertex 118.55 117.5 0
      vertex 117.433 48 0
    endloop
  endfacet
  facet normal 0 0 -1
    outer loop
      vertex 108 1.45 0
      vertex 118.39 10.168 0
      vertex 118.191 9.26946 0
    endloop
  endfacet
  facet normal 0 0 -1
    outer loop
      vertex 117.433 96.0016 0
      vertex 118.55 117.5 0
      vertex 117.433 96 0
    endloop
  endfacet
  facet normal 0 0 -1
    outer loop
      vertex 108 1.45 0
      vertex 118.191 9.26946 0
      vertex 117.914 8.39169 0
    endloop
  endfacet
  facet normal 0 0 -1
    outer loop
      vertex 117.423 96.2338 0
      vertex 118.55 117.5 0
      vertex 117.433 96.0016 0
    endloop
  endfacet
  facet normal 0 0 -1
    outer loop
      vertex 108 1.45 0
      vertex 117.914 8.39169 0
      vertex 117.562 7.54138 0
    endloop
  endfacet
  facet normal 0 0 -1
    outer loop
      vertex 117.392 96.4643 0
      vertex 118.55 117.5 0
      vertex 117.423 96.2338 0
    endloop
  endfacet
  facet normal 0 0 -1
    outer loop
      vertex 117.392 96.4659 0
      vertex 118.55 117.5 0
      vertex 117.392 96.4643 0
    endloop
  endfacet
  facet normal 0 0 -1
    outer loop
      vertex 118.55 12 0
      vertex 117.433 47.9984 0
      vertex 117.433 48 0
    endloop
  endfacet
  facet normal 0 0 -1
    outer loop
      vertex 118.55 12 0
      vertex 117.423 47.7662 0
      vertex 117.433 47.9984 0
    endloop
  endfacet
  facet normal 0 0 -1
    outer loop
      vertex 118.55 12 0
      vertex 117.392 47.5357 0
      vertex 117.423 47.7662 0
    endloop
  endfacet
  facet normal 0 0 -1
    outer loop
      vertex 118.55 12 0
      vertex 117.392 47.5341 0
      vertex 117.392 47.5357 0
    endloop
  endfacet
  facet normal 0 0 -1
    outer loop
      vertex 118.55 12 0
      vertex 117.392 47.5326 0
      vertex 117.392 47.5341 0
    endloop
  endfacet
  facet normal 0 0 -1
    outer loop
      vertex 118.55 12 0
      vertex 117.341 47.3056 0
      vertex 117.392 47.5326 0
    endloop
  endfacet
  facet normal 0 0 -1
    outer loop
      vertex 118.55 12 0
      vertex 117.272 47.0839 0
      vertex 117.341 47.3056 0
    endloop
  endfacet
  facet normal 0 0 -1
    outer loop
      vertex 118.55 12 0
      vertex 117.271 47.0824 0
      vertex 117.272 47.0839 0
    endloop
  endfacet
  facet normal 0 0 -1
    outer loop
      vertex 118.55 12 0
      vertex 117.27 47.0809 0
      vertex 117.271 47.0824 0
    endloop
  endfacet
  facet normal 0 0 -1
    outer loop
      vertex 118.55 12 0
      vertex 117.182 46.8662 0
      vertex 117.27 47.0809 0
    endloop
  endfacet
  facet normal 0 0 -1
    outer loop
      vertex 108 1.45 0
      vertex 117.562 7.54138 0
      vertex 117.137 6.725 0
    endloop
  endfacet
  facet normal 0 0 -1
    outer loop
      vertex 118.55 12 0
      vertex 117.074 46.66 0
      vertex 117.182 46.8662 0
    endloop
  endfacet
  facet normal 0 0 -1
    outer loop
      vertex 118.55 12 0
      vertex 117.073 46.6586 0
      vertex 117.074 46.66 0
    endloop
  endfacet
  facet normal 0 0 -1
    outer loop
      vertex 118.55 12 0
      vertex 117.073 46.6572 0
      vertex 117.073 46.6586 0
    endloop
  endfacet
  facet normal 0 0 -1
    outer loop
      vertex 118.55 12 0
      vertex 116.948 46.4612 0
      vertex 117.073 46.6572 0
    endloop
  endfacet
  facet normal 0 0 -1
    outer loop
      vertex 118.55 12 0
      vertex 116.947 46.4599 0
      vertex 116.948 46.4612 0
    endloop
  endfacet
  facet normal 0 0 -1
    outer loop
      vertex 118.55 12 0
      vertex 116.805 46.2755 0
      vertex 116.947 46.4599 0
    endloop
  endfacet
  facet normal 0 0 -1
    outer loop
      vertex 118.55 12 0
      vertex 116.648 46.1041 0
      vertex 116.805 46.2755 0
    endloop
  endfacet
  facet normal 0 0 -1
    outer loop
      vertex 118.55 12 0
      vertex 116.647 46.1029 0
      vertex 116.648 46.1041 0
    endloop
  endfacet
  facet normal 0 0 -1
    outer loop
      vertex 118.55 12 0
      vertex 116.646 46.1018 0
      vertex 116.647 46.1029 0
    endloop
  endfacet
  facet normal 0 0 -1
    outer loop
      vertex 108 1.45 0
      vertex 117.137 6.725 0
      vertex 116.642 5.94877 0
    endloop
  endfacet
  facet normal 0 0 -1
    outer loop
      vertex 118.55 12 0
      vertex 116.475 45.9448 0
      vertex 116.646 46.1018 0
    endloop
  endfacet
  facet normal 0 0 -1
    outer loop
      vertex 118.55 12 0
      vertex 116.29 45.8033 0
      vertex 116.475 45.9448 0
    endloop
  endfacet
  facet normal 0 0 -1
    outer loop
      vertex 118.55 12 0
      vertex 116.289 45.8023 0
      vertex 116.29 45.8033 0
    endloop
  endfacet
  facet normal 0 0 -1
    outer loop
      vertex 118.55 12 0
      vertex 116.093 45.6774 0
      vertex 116.289 45.8023 0
    endloop
  endfacet
  facet normal 0 0 -1
    outer loop
      vertex 118.55 12 0
      vertex 116.091 45.6765 0
      vertex 116.093 45.6774 0
    endloop
  endfacet
  facet normal 0 0 -1
    outer loop
      vertex 118.55 12 0
      vertex 116.09 45.6758 0
      vertex 116.091 45.6765 0
    endloop
  endfacet
  facet normal 0 0 -1
    outer loop
      vertex 108 1.45 0
      vertex 116.642 5.94877 0
      vertex 116.082 5.21859 0
    endloop
  endfacet
  facet normal 0 0 -1
    outer loop
      vertex 118.55 12 0
      vertex 115.884 45.5685 0
      vertex 116.09 45.6758 0
    endloop
  endfacet
  facet normal 0 0 -1
    outer loop
      vertex 118.55 12 0
      vertex 115.669 45.4795 0
      vertex 115.884 45.5685 0
    endloop
  endfacet
  facet normal 0 0 -1
    outer loop
      vertex 118.55 12 0
      vertex 115.668 45.4789 0
      vertex 115.669 45.4795 0
    endloop
  endfacet
  facet normal 0 0 -1
    outer loop
      vertex 118.55 12 0
      vertex 115.666 45.4784 0
      vertex 115.668 45.4789 0
    endloop
  endfacet
  facet normal 0 0 -1
    outer loop
      vertex 108 1.45 0
      vertex 116.082 5.21859 0
      vertex 115.46 4.54002 0
    endloop
  endfacet
  facet normal 0 0 -1
    outer loop
      vertex 118.55 12 0
      vertex 115.444 45.4085 0
      vertex 115.666 45.4784 0
    endloop
  endfacet
  facet normal 0 0 -1
    outer loop
      vertex 118.55 12 0
      vertex 115.217 45.3582 0
      vertex 115.444 45.4085 0
    endloop
  endfacet
  facet normal 0 0 -1
    outer loop
      vertex 118.55 12 0
      vertex 115.216 45.3579 0
      vertex 115.217 45.3582 0
    endloop
  endfacet
  facet normal 0 0 -1
    outer loop
      vertex 118.55 12 0
      vertex 115.214 45.3577 0
      vertex 115.216 45.3579 0
    endloop
  endfacet
  facet normal 0 0 -1
    outer loop
      vertex 118.55 12 0
      vertex 114.984 45.3273 0
      vertex 115.214 45.3577 0
    endloop
  endfacet
  facet normal 0 0 -1
    outer loop
      vertex 108 1.45 0
      vertex 115.46 4.54002 0
      vertex 114.781 3.91823 0
    endloop
  endfacet
  facet normal 0 0 -1
    outer loop
      vertex 118.55 12 0
      vertex 114.752 45.3172 0
      vertex 114.984 45.3273 0
    endloop
  endfacet
  facet normal 0 0 -1
    outer loop
      vertex 118.55 12 0
      vertex 114.75 45.3171 0
      vertex 114.752 45.3172 0
    endloop
  endfacet
  facet normal 0 0 -1
    outer loop
      vertex 118.55 12 0
      vertex 114.748 45.3172 0
      vertex 114.75 45.3171 0
    endloop
  endfacet
  facet normal 0 0 -1
    outer loop
      vertex 118.55 12 0
      vertex 114.516 45.3273 0
      vertex 114.748 45.3172 0
    endloop
  endfacet
  facet normal 0 0 -1
    outer loop
      vertex 118.55 12 0
      vertex 114.286 45.3577 0
      vertex 114.516 45.3273 0
    endloop
  endfacet
  facet normal 0 0 -1
    outer loop
      vertex 118.55 12 0
      vertex 114.284 45.3579 0
      vertex 114.286 45.3577 0
    endloop
  endfacet
  facet normal 0 0 -1
    outer loop
      vertex 118.55 12 0
      vertex 114.283 45.3582 0
      vertex 114.284 45.3579 0
    endloop
  endfacet
  facet normal 0 0 -1
    outer loop
      vertex 118.55 12 0
      vertex 114.056 45.4085 0
      vertex 114.283 45.3582 0
    endloop
  endfacet
  facet normal 0 0 -1
    outer loop
      vertex 108 1.45 0
      vertex 114.781 3.91823 0
      vertex 114.051 3.35795 0
    endloop
  endfacet
  facet normal 0 0 -1
    outer loop
      vertex 118.55 12 0
      vertex 113.834 45.4784 0
      vertex 114.056 45.4085 0
    endloop
  endfacet
  facet normal 0 0 -1
    outer loop
      vertex 118.55 12 0
      vertex 113.832 45.4789 0
      vertex 113.834 45.4784 0
    endloop
  endfacet
  facet normal 0 0 -1
    outer loop
      vertex 118.55 12 0
      vertex 113.831 45.4795 0
      vertex 113.832 45.4789 0
    endloop
  endfacet
  facet normal 0 0 -1
    outer loop
      vertex 118.55 12 0
      vertex 113.616 45.5685 0
      vertex 113.831 45.4795 0
    endloop
  endfacet
  facet normal -0 0 -1
    outer loop
      vertex 118.55 12 0
      vertex 108 1.45 0
      vertex 113.025 45.9448 0
    endloop
  endfacet
  facet normal 0 0 -1
    outer loop
      vertex 118.55 12 0
      vertex 113.41 45.6758 0
      vertex 113.616 45.5685 0
    endloop
  endfacet
  facet normal 0 0 -1
    outer loop
      vertex 118.55 12 0
      vertex 113.409 45.6765 0
      vertex 113.41 45.6758 0
    endloop
  endfacet
  facet normal 0 0 -1
    outer loop
      vertex 108 1.45 0
      vertex 114.051 3.35795 0
      vertex 113.275 2.86343 0
    endloop
  endfacet
  facet normal 0 0 -1
    outer loop
      vertex 118.55 12 0
      vertex 113.407 45.6774 0
      vertex 113.409 45.6765 0
    endloop
  endfacet
  facet normal 0 0 -1
    outer loop
      vertex 118.55 12 0
      vertex 113.211 45.8023 0
      vertex 113.407 45.6774 0
    endloop
  endfacet
  facet normal 0 0 -1
    outer loop
      vertex 118.55 12 0
      vertex 113.21 45.8033 0
      vertex 113.211 45.8023 0
    endloop
  endfacet
  facet normal 0 0 -1
    outer loop
      vertex 118.55 12 0
      vertex 113.025 45.9448 0
      vertex 113.21 45.8033 0
    endloop
  endfacet
  facet normal -0 0 -1
    outer loop
      vertex 113.025 45.9448 0
      vertex 108 1.45 0
      vertex 112.854 46.1018 0
    endloop
  endfacet
  facet normal -0 0 -1
    outer loop
      vertex 112.854 46.1018 0
      vertex 108 1.45 0
      vertex 112.853 46.1029 0
    endloop
  endfacet
  facet normal -0 0 -1
    outer loop
      vertex 112.853 46.1029 0
      vertex 108 1.45 0
      vertex 112.852 46.1041 0
    endloop
  endfacet
  facet normal -0 0 -1
    outer loop
      vertex 112.852 46.1041 0
      vertex 108 1.45 0
      vertex 112.695 46.2755 0
    endloop
  endfacet
  facet normal -0 0 -1
    outer loop
      vertex 112.695 46.2755 0
      vertex 108 1.45 0
      vertex 112.553 46.4599 0
    endloop
  endfacet
  facet normal 0 0 -1
    outer loop
      vertex 108 1.45 0
      vertex 113.275 2.86343 0
      vertex 112.459 2.43845 0
    endloop
  endfacet
  facet normal -0 0 -1
    outer loop
      vertex 112.553 46.4599 0
      vertex 108 1.45 0
      vertex 112.552 46.4612 0
    endloop
  endfacet
  facet normal -0 0 -1
    outer loop
      vertex 112.552 46.4612 0
      vertex 108 1.45 0
      vertex 112.427 46.6572 0
    endloop
  endfacet
  facet normal -0 0 -1
    outer loop
      vertex 112.427 46.6572 0
      vertex 108 1.45 0
      vertex 112.427 46.6586 0
    endloop
  endfacet
  facet normal -0 0 -1
    outer loop
      vertex 112.427 46.6586 0
      vertex 108 1.45 0
      vertex 112.426 46.66 0
    endloop
  endfacet
  facet normal -0 0 -1
    outer loop
      vertex 112.426 46.66 0
      vertex 108 1.45 0
      vertex 112.318 46.8662 0
    endloop
  endfacet
  facet normal -0 0 -1
    outer loop
      vertex 112.318 46.8662 0
      vertex 108 1.45 0
      vertex 112.23 47.0809 0
    endloop
  endfacet
  facet normal -0 0 -1
    outer loop
      vertex 112.23 47.0809 0
      vertex 108 1.45 0
      vertex 112.229 47.0824 0
    endloop
  endfacet
  facet normal 0 0 -1
    outer loop
      vertex 7.7711 47.0824 0
      vertex 112.229 47.0824 0
      vertex 108 1.45 0
    endloop
  endfacet
  facet normal 0 0 -1
    outer loop
      vertex 112.229 47.0824 0
      vertex 7.7711 47.0824 0
      vertex 112.228 47.0839 0
    endloop
  endfacet
  facet normal -0 0 -1
    outer loop
      vertex 112.228 47.0839 0
      vertex 7.7711 47.0824 0
      vertex 112.159 47.3056 0
    endloop
  endfacet
  facet normal 0 -0 -1
    outer loop
      vertex 7.77158 47.0839 0
      vertex 112.159 47.3056 0
      vertex 7.7711 47.0824 0
    endloop
  endfacet
  facet normal 0 -0 -1
    outer loop
      vertex 7.84148 47.3056 0
      vertex 112.159 47.3056 0
      vertex 7.77158 47.0839 0
    endloop
  endfacet
  facet normal 0 0 -1
    outer loop
      vertex 112.159 47.3056 0
      vertex 7.84148 47.3056 0
      vertex 112.108 47.5326 0
    endloop
  endfacet
  facet normal -0 0 -1
    outer loop
      vertex 112.108 47.5326 0
      vertex 7.84148 47.3056 0
      vertex 112.108 47.5341 0
    endloop
  endfacet
  facet normal 0 -0 -1
    outer loop
      vertex 7.89179 47.5326 0
      vertex 112.108 47.5341 0
      vertex 7.84148 47.3056 0
    endloop
  endfacet
  facet normal 0 0 -1
    outer loop
      vertex 108 1.45 0
      vertex 112.459 2.43845 0
      vertex 111.608 2.08624 0
    endloop
  endfacet
  facet normal 0 0 -1
    outer loop
      vertex 117.392 96.4674 0
      vertex 118.55 117.5 0
      vertex 117.392 96.4659 0
    endloop
  endfacet
  facet normal 0 0 -1
    outer loop
      vertex 117.341 96.6944 0
      vertex 118.55 117.5 0
      vertex 117.392 96.4674 0
    endloop
  endfacet
  facet normal 0 0 -1
    outer loop
      vertex 117.272 96.9161 0
      vertex 118.55 117.5 0
      vertex 117.341 96.6944 0
    endloop
  endfacet
  facet normal 0 0 -1
    outer loop
      vertex 117.271 96.9176 0
      vertex 118.55 117.5 0
      vertex 117.272 96.9161 0
    endloop
  endfacet
  facet normal 0 0 -1
    outer loop
      vertex 117.27 96.9191 0
      vertex 118.55 117.5 0
      vertex 117.271 96.9176 0
    endloop
  endfacet
  facet normal 0 0 -1
    outer loop
      vertex 117.182 97.1338 0
      vertex 118.55 117.5 0
      vertex 117.27 96.9191 0
    endloop
  endfacet
  facet normal 0 0 -1
    outer loop
      vertex 117.074 97.34 0
      vertex 118.55 117.5 0
      vertex 117.182 97.1338 0
    endloop
  endfacet
  facet normal 0 0 -1
    outer loop
      vertex 117.073 97.3414 0
      vertex 118.55 117.5 0
      vertex 117.074 97.34 0
    endloop
  endfacet
  facet normal 0 0 -1
    outer loop
      vertex 117.073 97.3428 0
      vertex 118.55 117.5 0
      vertex 117.073 97.3414 0
    endloop
  endfacet
  facet normal 0 0 -1
    outer loop
      vertex 116.948 97.5388 0
      vertex 118.55 117.5 0
      vertex 117.073 97.3428 0
    endloop
  endfacet
  facet normal 0 0 -1
    outer loop
      vertex 116.947 97.5401 0
      vertex 118.55 117.5 0
      vertex 116.948 97.5388 0
    endloop
  endfacet
  facet normal 0 0 -1
    outer loop
      vertex 116.805 97.7245 0
      vertex 118.55 117.5 0
      vertex 116.947 97.5401 0
    endloop
  endfacet
  facet normal 0 0 -1
    outer loop
      vertex 116.648 97.8959 0
      vertex 118.55 117.5 0
      vertex 116.805 97.7245 0
    endloop
  endfacet
  facet normal 0 0 -1
    outer loop
      vertex 116.647 97.8971 0
      vertex 118.55 117.5 0
      vertex 116.648 97.8959 0
    endloop
  endfacet
  facet normal 0 0 -1
    outer loop
      vertex 116.646 97.8982 0
      vertex 118.55 117.5 0
      vertex 116.647 97.8971 0
    endloop
  endfacet
  facet normal 0 0 -1
    outer loop
      vertex 116.475 98.0552 0
      vertex 118.55 117.5 0
      vertex 116.646 97.8982 0
    endloop
  endfacet
  facet normal 0 0 -1
    outer loop
      vertex 116.29 98.1967 0
      vertex 118.55 117.5 0
      vertex 116.475 98.0552 0
    endloop
  endfacet
  facet normal 0 0 -1
    outer loop
      vertex 116.289 98.1977 0
      vertex 118.55 117.5 0
      vertex 116.29 98.1967 0
    endloop
  endfacet
  facet normal 0 0 -1
    outer loop
      vertex 116.093 98.3226 0
      vertex 118.55 117.5 0
      vertex 116.289 98.1977 0
    endloop
  endfacet
  facet normal 0 0 -1
    outer loop
      vertex 116.091 98.3235 0
      vertex 118.55 117.5 0
      vertex 116.093 98.3226 0
    endloop
  endfacet
  facet normal 0 0 -1
    outer loop
      vertex 116.09 98.3242 0
      vertex 118.55 117.5 0
      vertex 116.091 98.3235 0
    endloop
  endfacet
  facet normal 0 0 -1
    outer loop
      vertex 115.884 98.4315 0
      vertex 118.55 117.5 0
      vertex 116.09 98.3242 0
    endloop
  endfacet
  facet normal 0 0 -1
    outer loop
      vertex 115.669 98.5205 0
      vertex 118.55 117.5 0
      vertex 115.884 98.4315 0
    endloop
  endfacet
  facet normal 0 0 -1
    outer loop
      vertex 115.668 98.5211 0
      vertex 118.55 117.5 0
      vertex 115.669 98.5205 0
    endloop
  endfacet
  facet normal 0 0 -1
    outer loop
      vertex 115.666 98.5216 0
      vertex 118.55 117.5 0
      vertex 115.668 98.5211 0
    endloop
  endfacet
  facet normal 0 0 -1
    outer loop
      vertex 115.444 98.5915 0
      vertex 118.55 117.5 0
      vertex 115.666 98.5216 0
    endloop
  endfacet
  facet normal 0 0 -1
    outer loop
      vertex 115.217 98.6418 0
      vertex 118.55 117.5 0
      vertex 115.444 98.5915 0
    endloop
  endfacet
  facet normal 0 0 -1
    outer loop
      vertex 115.216 98.6421 0
      vertex 118.55 117.5 0
      vertex 115.217 98.6418 0
    endloop
  endfacet
  facet normal 0 0 -1
    outer loop
      vertex 115.214 98.6423 0
      vertex 118.55 117.5 0
      vertex 115.216 98.6421 0
    endloop
  endfacet
  facet normal 0 0 -1
    outer loop
      vertex 114.984 98.6727 0
      vertex 118.55 117.5 0
      vertex 115.214 98.6423 0
    endloop
  endfacet
  facet normal 0 0 -1
    outer loop
      vertex 114.752 98.6828 0
      vertex 118.55 117.5 0
      vertex 114.984 98.6727 0
    endloop
  endfacet
  facet normal 0 0 -1
    outer loop
      vertex 114.75 98.6829 0
      vertex 118.55 117.5 0
      vertex 114.752 98.6828 0
    endloop
  endfacet
  facet normal 0 0 -1
    outer loop
      vertex 114.748 98.6828 0
      vertex 118.55 117.5 0
      vertex 114.75 98.6829 0
    endloop
  endfacet
  facet normal 0 0 -1
    outer loop
      vertex 114.516 98.6727 0
      vertex 118.55 117.5 0
      vertex 114.748 98.6828 0
    endloop
  endfacet
  facet normal 0 0 -1
    outer loop
      vertex 114.286 98.6423 0
      vertex 118.55 117.5 0
      vertex 114.516 98.6727 0
    endloop
  endfacet
  facet normal 0 0 -1
    outer loop
      vertex 114.284 98.6421 0
      vertex 118.55 117.5 0
      vertex 114.286 98.6423 0
    endloop
  endfacet
  facet normal 0 0 -1
    outer loop
      vertex 114.283 98.6418 0
      vertex 118.55 117.5 0
      vertex 114.284 98.6421 0
    endloop
  endfacet
  facet normal 0 0 -1
    outer loop
      vertex 114.056 98.5915 0
      vertex 118.55 117.5 0
      vertex 114.283 98.6418 0
    endloop
  endfacet
  facet normal 0 0 -1
    outer loop
      vertex 113.834 98.5216 0
      vertex 118.55 117.5 0
      vertex 114.056 98.5915 0
    endloop
  endfacet
  facet normal 0 0 -1
    outer loop
      vertex 113.832 98.5211 0
      vertex 118.55 117.5 0
      vertex 113.834 98.5216 0
    endloop
  endfacet
  facet normal 0 0 -1
    outer loop
      vertex 113.831 98.5205 0
      vertex 118.55 117.5 0
      vertex 113.832 98.5211 0
    endloop
  endfacet
  facet normal 0 0 -1
    outer loop
      vertex 113.616 98.4315 0
      vertex 118.55 117.5 0
      vertex 113.831 98.5205 0
    endloop
  endfacet
  facet normal 0 0 -1
    outer loop
      vertex 113.41 98.3242 0
      vertex 118.55 117.5 0
      vertex 113.616 98.4315 0
    endloop
  endfacet
  facet normal 0 0 -1
    outer loop
      vertex 113.409 98.3235 0
      vertex 118.55 117.5 0
      vertex 113.41 98.3242 0
    endloop
  endfacet
  facet normal 0 0 -1
    outer loop
      vertex 113.407 98.3226 0
      vertex 118.55 117.5 0
      vertex 113.409 98.3235 0
    endloop
  endfacet
  facet normal 0 0 -1
    outer loop
      vertex 113.211 98.1977 0
      vertex 118.55 117.5 0
      vertex 113.407 98.3226 0
    endloop
  endfacet
  facet normal 0 0 -1
    outer loop
      vertex 113.21 98.1967 0
      vertex 118.55 117.5 0
      vertex 113.211 98.1977 0
    endloop
  endfacet
  facet normal 0 0 -1
    outer loop
      vertex 118.55 117.5 0
      vertex 108 128.05 0
      vertex 118.51 118.419 0
    endloop
  endfacet
  facet normal 0 0 -1
    outer loop
      vertex 118.51 118.419 0
      vertex 108 128.05 0
      vertex 118.39 119.332 0
    endloop
  endfacet
  facet normal 0 0 -1
    outer loop
      vertex 117.914 121.108 0
      vertex 108 128.05 0
      vertex 117.562 121.959 0
    endloop
  endfacet
  facet normal 0 0 -1
    outer loop
      vertex 117.562 121.959 0
      vertex 108 128.05 0
      vertex 117.137 122.775 0
    endloop
  endfacet
  facet normal 0 0 -1
    outer loop
      vertex 117.137 122.775 0
      vertex 108 128.05 0
      vertex 116.642 123.551 0
    endloop
  endfacet
  facet normal 0 0 -1
    outer loop
      vertex 115.46 124.96 0
      vertex 108 128.05 0
      vertex 114.781 125.582 0
    endloop
  endfacet
  facet normal 0 0 -1
    outer loop
      vertex 116.642 123.551 0
      vertex 108 128.05 0
      vertex 116.082 124.281 0
    endloop
  endfacet
  facet normal 0 0 -1
    outer loop
      vertex 116.082 124.281 0
      vertex 108 128.05 0
      vertex 115.46 124.96 0
    endloop
  endfacet
  facet normal 0 0 -1
    outer loop
      vertex 118.39 119.332 0
      vertex 108 128.05 0
      vertex 118.191 120.231 0
    endloop
  endfacet
  facet normal 0 0 -1
    outer loop
      vertex 114.781 125.582 0
      vertex 108 128.05 0
      vertex 114.051 126.142 0
    endloop
  endfacet
  facet normal 0 0 -1
    outer loop
      vertex 118.191 120.231 0
      vertex 108 128.05 0
      vertex 117.914 121.108 0
    endloop
  endfacet
  facet normal 0 0 -1
    outer loop
      vertex 113.025 98.0552 0
      vertex 118.55 117.5 0
      vertex 113.21 98.1967 0
    endloop
  endfacet
  facet normal -0 0 -1
    outer loop
      vertex 118.55 117.5 0
      vertex 113.025 98.0552 0
      vertex 108 128.05 0
    endloop
  endfacet
  facet normal 0 0 -1
    outer loop
      vertex 108 128.05 0
      vertex 113.025 98.0552 0
      vertex 112.854 97.8982 0
    endloop
  endfacet
  facet normal 0 0 -1
    outer loop
      vertex 108 128.05 0
      vertex 112.854 97.8982 0
      vertex 112.853 97.8971 0
    endloop
  endfacet
  facet normal 0 0 -1
    outer loop
      vertex 108 128.05 0
      vertex 112.853 97.8971 0
      vertex 112.852 97.8959 0
    endloop
  endfacet
  facet normal 0 0 -1
    outer loop
      vertex 108 128.05 0
      vertex 112.852 97.8959 0
      vertex 112.695 97.7245 0
    endloop
  endfacet
  facet normal 0 0 -1
    outer loop
      vertex 108 128.05 0
      vertex 112.695 97.7245 0
      vertex 112.553 97.5401 0
    endloop
  endfacet
  facet normal 0 0 -1
    outer loop
      vertex 108 128.05 0
      vertex 112.553 97.5401 0
      vertex 112.552 97.5388 0
    endloop
  endfacet
  facet normal 0 0 -1
    outer loop
      vertex 114.051 126.142 0
      vertex 108 128.05 0
      vertex 113.275 126.637 0
    endloop
  endfacet
  facet normal 0 0 -1
    outer loop
      vertex 108 128.05 0
      vertex 112.552 97.5388 0
      vertex 112.427 97.3428 0
    endloop
  endfacet
  facet normal 0 0 -1
    outer loop
      vertex 108 128.05 0
      vertex 112.427 97.3428 0
      vertex 112.427 97.3414 0
    endloop
  endfacet
  facet normal 0 0 -1
    outer loop
      vertex 108 128.05 0
      vertex 112.427 97.3414 0
      vertex 112.426 97.34 0
    endloop
  endfacet
  facet normal 0 0 -1
    outer loop
      vertex 108 128.05 0
      vertex 112.426 97.34 0
      vertex 112.318 97.1338 0
    endloop
  endfacet
  facet normal 0 0 -1
    outer loop
      vertex 108 128.05 0
      vertex 112.318 97.1338 0
      vertex 112.23 96.9191 0
    endloop
  endfacet
  facet normal 0 0 -1
    outer loop
      vertex 108 128.05 0
      vertex 112.23 96.9191 0
      vertex 112.229 96.9176 0
    endloop
  endfacet
  facet normal 0 0 -1
    outer loop
      vertex 108 128.05 0
      vertex 112.229 96.9176 0
      vertex 112.228 96.9161 0
    endloop
  endfacet
  facet normal 0 0 -1
    outer loop
      vertex 108 128.05 0
      vertex 112.228 96.9161 0
      vertex 112.159 96.6944 0
    endloop
  endfacet
  facet normal 0 0 -1
    outer loop
      vertex 108 128.05 0
      vertex 112.159 96.6944 0
      vertex 112.108 96.4674 0
    endloop
  endfacet
  facet normal 0 0 -1
    outer loop
      vertex 108 128.05 0
      vertex 112.108 96.4674 0
      vertex 112.108 96.4659 0
    endloop
  endfacet
  facet normal 0 0 -1
    outer loop
      vertex 7.92269 96.2338 0
      vertex 112.077 96.2338 0
      vertex 7.93283 96.0016 0
    endloop
  endfacet
  facet normal 0 0 -1
    outer loop
      vertex 7.93283 96.0016 0
      vertex 112.077 96.2338 0
      vertex 7.9329 96 0
    endloop
  endfacet
  facet normal 0 0 -1
    outer loop
      vertex 7.9329 96 0
      vertex 112.077 96.2338 0
      vertex 112.067 96.0016 0
    endloop
  endfacet
  facet normal 0 0 -1
    outer loop
      vertex 7.9329 96 0
      vertex 112.067 96.0016 0
      vertex 112.067 96 0
    endloop
  endfacet
  facet normal 0 0 -1
    outer loop
      vertex 113.275 126.637 0
      vertex 108 128.05 0
      vertex 112.459 127.062 0
    endloop
  endfacet
  facet normal 0 -0 -1
    outer loop
      vertex 7.89214 47.5341 0
      vertex 112.108 47.5341 0
      vertex 7.89179 47.5326 0
    endloop
  endfacet
  facet normal 0 0 -1
    outer loop
      vertex 108 1.45 0
      vertex 111.608 2.08624 0
      vertex 110.731 1.80948 0
    endloop
  endfacet
  facet normal 0 0 -1
    outer loop
      vertex 7.9329 96 0
      vertex 112.067 95.9984 0
      vertex 112.077 95.7662 0
    endloop
  endfacet
  facet normal 0 0 -1
    outer loop
      vertex 108 1.45 0
      vertex 110.731 1.80948 0
      vertex 109.832 1.61028 0
    endloop
  endfacet
  facet normal 0 0 -1
    outer loop
      vertex 112.459 127.062 0
      vertex 108 128.05 0
      vertex 111.608 127.414 0
    endloop
  endfacet
  facet normal 0 0 -1
    outer loop
      vertex 108 1.45 0
      vertex 109.832 1.61028 0
      vertex 108.919 1.49015 0
    endloop
  endfacet
  facet normal 0 0 -1
    outer loop
      vertex 111.608 127.414 0
      vertex 108 128.05 0
      vertex 110.731 127.691 0
    endloop
  endfacet
  facet normal 0 0 -1
    outer loop
      vertex 110.731 127.691 0
      vertex 108 128.05 0
      vertex 109.832 127.89 0
    endloop
  endfacet
  facet normal 0 0 -1
    outer loop
      vertex 109.832 127.89 0
      vertex 108 128.05 0
      vertex 108.919 128.01 0
    endloop
  endfacet
  facet normal 0 0 -1
    outer loop
      vertex 7.7711 47.0824 0
      vertex 108 1.45 0
      vertex 12 1.45 0
    endloop
  endfacet
  facet normal 0 0 -1
    outer loop
      vertex 112.077 47.7662 0
      vertex 7.92269 47.7662 0
      vertex 112.067 47.9984 0
    endloop
  endfacet
  facet normal 0 0 -1
    outer loop
      vertex 2.43845 7.54138 0
      vertex 12 1.45 0
      vertex 11.0805 1.49015 0
    endloop
  endfacet
  facet normal 0 0 -1
    outer loop
      vertex 112.108 96.4659 0
      vertex 12 128.05 0
      vertex 108 128.05 0
    endloop
  endfacet
  facet normal 0 0 -1
    outer loop
      vertex 2.43845 7.54138 0
      vertex 11.0805 1.49015 0
      vertex 10.168 1.61028 0
    endloop
  endfacet
  facet normal 0 0 -1
    outer loop
      vertex 112.077 96.2338 0
      vertex 7.92269 96.2338 0
      vertex 112.108 96.4643 0
    endloop
  endfacet
  facet normal 0 0 -1
    outer loop
      vertex 2.43845 7.54138 0
      vertex 10.168 1.61028 0
      vertex 9.26946 1.80948 0
    endloop
  endfacet
  facet normal 0 0 -1
    outer loop
      vertex 12 128.05 0
      vertex 8.39169 127.414 0
      vertex 11.0805 128.01 0
    endloop
  endfacet
  facet normal 0 0 -1
    outer loop
      vertex 2.43845 7.54138 0
      vertex 9.26946 1.80948 0
      vertex 8.39169 2.08624 0
    endloop
  endfacet
  facet normal 0 0 -1
    outer loop
      vertex 11.0805 128.01 0
      vertex 8.39169 127.414 0
      vertex 10.168 127.89 0
    endloop
  endfacet
  facet normal 0 0 -1
    outer loop
      vertex 10.168 127.89 0
      vertex 8.39169 127.414 0
      vertex 9.26946 127.691 0
    endloop
  endfacet
  facet normal 0 0 -1
    outer loop
      vertex 7.9329 96 0
      vertex 112.067 96 0
      vertex 112.067 95.9984 0
    endloop
  endfacet
  facet normal -0 0 -1
    outer loop
      vertex 112.067 48 0
      vertex 7.93283 47.9984 0
      vertex 7.9329 48 0
    endloop
  endfacet
  facet normal 0 0 -1
    outer loop
      vertex 112.067 48 0
      vertex 7.92269 47.7662 0
      vertex 7.93283 47.9984 0
    endloop
  endfacet
  facet normal -0 0 -1
    outer loop
      vertex 112.067 47.9984 0
      vertex 7.92269 47.7662 0
      vertex 112.067 48 0
    endloop
  endfacet
  facet normal 0 -0 -1
    outer loop
      vertex 7.92269 47.7662 0
      vertex 112.077 47.7662 0
      vertex 7.89234 47.5357 0
    endloop
  endfacet
  facet normal 0 -0 -1
    outer loop
      vertex 7.89234 47.5357 0
      vertex 112.077 47.7662 0
      vertex 7.89214 47.5341 0
    endloop
  endfacet
  facet normal -0 0 -1
    outer loop
      vertex 112.108 47.5357 0
      vertex 7.89214 47.5341 0
      vertex 112.077 47.7662 0
    endloop
  endfacet
  facet normal 0 0 -1
    outer loop
      vertex 112.108 47.5341 0
      vertex 7.89214 47.5341 0
      vertex 112.108 47.5357 0
    endloop
  endfacet
  facet normal 0 0 -1
    outer loop
      vertex 12 1.45 0
      vertex 7.77048 47.0809 0
      vertex 7.7711 47.0824 0
    endloop
  endfacet
  facet normal 0 0 -1
    outer loop
      vertex 12 1.45 0
      vertex 7.68153 46.8662 0
      vertex 7.77048 47.0809 0
    endloop
  endfacet
  facet normal 0 0 -1
    outer loop
      vertex 12 1.45 0
      vertex 7.5742 46.66 0
      vertex 7.68153 46.8662 0
    endloop
  endfacet
  facet normal 0 0 -1
    outer loop
      vertex 12 1.45 0
      vertex 7.57345 46.6586 0
      vertex 7.5742 46.66 0
    endloop
  endfacet
  facet normal 0 0 -1
    outer loop
      vertex 12 1.45 0
      vertex 7.57259 46.6572 0
      vertex 7.57345 46.6586 0
    endloop
  endfacet
  facet normal 0 0 -1
    outer loop
      vertex 2.43845 7.54138 0
      vertex 8.39169 2.08624 0
      vertex 7.54138 2.43845 0
    endloop
  endfacet
  facet normal 0 0 -1
    outer loop
      vertex 12 1.45 0
      vertex 7.4477 46.4612 0
      vertex 7.57259 46.6572 0
    endloop
  endfacet
  facet normal 0 0 -1
    outer loop
      vertex 12 1.45 0
      vertex 7.44672 46.4599 0
      vertex 7.4477 46.4612 0
    endloop
  endfacet
  facet normal 0 0 -1
    outer loop
      vertex 12 1.45 0
      vertex 7.30522 46.2755 0
      vertex 7.44672 46.4599 0
    endloop
  endfacet
  facet normal 0 0 -1
    outer loop
      vertex 12 1.45 0
      vertex 7.14818 46.1041 0
      vertex 7.30522 46.2755 0
    endloop
  endfacet
  facet normal 0 0 -1
    outer loop
      vertex 12 1.45 0
      vertex 7.14709 46.1029 0
      vertex 7.14818 46.1041 0
    endloop
  endfacet
  facet normal 0 0 -1
    outer loop
      vertex 12 1.45 0
      vertex 7.14591 46.1018 0
      vertex 7.14709 46.1029 0
    endloop
  endfacet
  facet normal 0 0 -1
    outer loop
      vertex 12 1.45 0
      vertex 6.97453 45.9448 0
      vertex 7.14591 46.1018 0
    endloop
  endfacet
  facet normal 0 0 -1
    outer loop
      vertex 1.45 12 0
      vertex 12 1.45 0
      vertex 2.43845 7.54138 0
    endloop
  endfacet
  facet normal 0 0 -1
    outer loop
      vertex 1.45 12 0
      vertex 6.97453 45.9448 0
      vertex 12 1.45 0
    endloop
  endfacet
  facet normal 0 0 -1
    outer loop
      vertex 2.43845 7.54138 0
      vertex 7.54138 2.43845 0
      vertex 6.725 2.86343 0
    endloop
  endfacet
  facet normal 0 0 -1
    outer loop
      vertex 6.97453 45.9448 0
      vertex 1.45 12 0
      vertex 6.79012 45.8033 0
    endloop
  endfacet
  facet normal 0 0 -1
    outer loop
      vertex 6.79012 45.8033 0
      vertex 1.45 12 0
      vertex 6.78884 45.8023 0
    endloop
  endfacet
  facet normal 0 0 -1
    outer loop
      vertex 6.78884 45.8023 0
      vertex 1.45 12 0
      vertex 6.5928 45.6774 0
    endloop
  endfacet
  facet normal 0 0 -1
    outer loop
      vertex 6.5928 45.6774 0
      vertex 1.45 12 0
      vertex 6.59145 45.6765 0
    endloop
  endfacet
  facet normal 0 0 -1
    outer loop
      vertex 6.59145 45.6765 0
      vertex 1.45 12 0
      vertex 6.59002 45.6758 0
    endloop
  endfacet
  facet normal 0 0 -1
    outer loop
      vertex 6.59002 45.6758 0
      vertex 1.45 12 0
      vertex 6.38384 45.5685 0
    endloop
  endfacet
  facet normal 0 0 -1
    outer loop
      vertex 6.38384 45.5685 0
      vertex 1.45 12 0
      vertex 6.16909 45.4795 0
    endloop
  endfacet
  facet normal 0 0 -1
    outer loop
      vertex 2.43845 7.54138 0
      vertex 6.725 2.86343 0
      vertex 5.94877 3.35795 0
    endloop
  endfacet
  facet normal 0 0 -1
    outer loop
      vertex 6.16909 45.4795 0
      vertex 1.45 12 0
      vertex 6.1676 45.4789 0
    endloop
  endfacet
  facet normal 0 0 -1
    outer loop
      vertex 6.1676 45.4789 0
      vertex 1.45 12 0
      vertex 6.16607 45.4784 0
    endloop
  endfacet
  facet normal 0 0 -1
    outer loop
      vertex 6.16607 45.4784 0
      vertex 1.45 12 0
      vertex 5.94438 45.4085 0
    endloop
  endfacet
  facet normal 0 0 -1
    outer loop
      vertex 5.94438 45.4085 0
      vertex 1.45 12 0
      vertex 5.71745 45.3582 0
    endloop
  endfacet
  facet normal 0 0 -1
    outer loop
      vertex 5.71745 45.3582 0
      vertex 1.45 12 0
      vertex 5.71588 45.3579 0
    endloop
  endfacet
  facet normal 0 0 -1
    outer loop
      vertex 5.71588 45.3579 0
      vertex 1.45 12 0
      vertex 5.71429 45.3577 0
    endloop
  endfacet
  facet normal 0 0 -1
    outer loop
      vertex 5.71429 45.3577 0
      vertex 1.45 12 0
      vertex 5.48383 45.3273 0
    endloop
  endfacet
  facet normal 0 0 -1
    outer loop
      vertex 5.48383 45.3273 0
      vertex 1.45 12 0
      vertex 5.25161 45.3172 0
    endloop
  endfacet
  facet normal 0 0 -1
    outer loop
      vertex 2.43845 7.54138 0
      vertex 5.94877 3.35795 0
      vertex 5.21859 3.91823 0
    endloop
  endfacet
  facet normal 0 0 -1
    outer loop
      vertex 5.25161 45.3172 0
      vertex 1.45 12 0
      vertex 5.25 45.3171 0
    endloop
  endfacet
  facet normal -0 0 -1
    outer loop
      vertex 5.25 45.3171 0
      vertex 1.45 12 0
      vertex 5.24839 45.3172 0
    endloop
  endfacet
  facet normal -0 0 -1
    outer loop
      vertex 5.24839 45.3172 0
      vertex 1.45 12 0
      vertex 5.01617 45.3273 0
    endloop
  endfacet
  facet normal -0 0 -1
    outer loop
      vertex 5.01617 45.3273 0
      vertex 1.45 12 0
      vertex 4.78571 45.3577 0
    endloop
  endfacet
  facet normal -0 0 -1
    outer loop
      vertex 4.78571 45.3577 0
      vertex 1.45 12 0
      vertex 4.78412 45.3579 0
    endloop
  endfacet
  facet normal 0 0 -1
    outer loop
      vertex 2.43845 7.54138 0
      vertex 5.21859 3.91823 0
      vertex 4.54002 4.54002 0
    endloop
  endfacet
  facet normal -0 0 -1
    outer loop
      vertex 4.78412 45.3579 0
      vertex 1.45 12 0
      vertex 4.78255 45.3582 0
    endloop
  endfacet
  facet normal -0 0 -1
    outer loop
      vertex 4.78255 45.3582 0
      vertex 1.45 12 0
      vertex 4.55562 45.4085 0
    endloop
  endfacet
  facet normal -0 0 -1
    outer loop
      vertex 4.55562 45.4085 0
      vertex 1.45 12 0
      vertex 4.33393 45.4784 0
    endloop
  endfacet
  facet normal -0 0 -1
    outer loop
      vertex 4.33393 45.4784 0
      vertex 1.45 12 0
      vertex 4.3324 45.4789 0
    endloop
  endfacet
  facet normal 0 0 -1
    outer loop
      vertex 2.43845 7.54138 0
      vertex 4.54002 4.54002 0
      vertex 3.91823 5.21859 0
    endloop
  endfacet
  facet normal -0 0 -1
    outer loop
      vertex 4.3324 45.4789 0
      vertex 1.45 12 0
      vertex 4.33091 45.4795 0
    endloop
  endfacet
  facet normal -0 0 -1
    outer loop
      vertex 4.33091 45.4795 0
      vertex 1.45 12 0
      vertex 4.11616 45.5685 0
    endloop
  endfacet
  facet normal -0 0 -1
    outer loop
      vertex 4.11616 45.5685 0
      vertex 1.45 12 0
      vertex 3.90998 45.6758 0
    endloop
  endfacet
  facet normal -0 0 -1
    outer loop
      vertex 3.90998 45.6758 0
      vertex 1.45 12 0
      vertex 3.90855 45.6765 0
    endloop
  endfacet
  facet normal -0 0 -1
    outer loop
      vertex 3.90855 45.6765 0
      vertex 1.45 12 0
      vertex 3.9072 45.6774 0
    endloop
  endfacet
  facet normal -0 0 -1
    outer loop
      vertex 3.9072 45.6774 0
      vertex 1.45 12 0
      vertex 3.71115 45.8023 0
    endloop
  endfacet
  facet normal 0 0 -1
    outer loop
      vertex 2.43845 7.54138 0
      vertex 3.91823 5.21859 0
      vertex 3.35795 5.94877 0
    endloop
  endfacet
  facet normal -0 0 -1
    outer loop
      vertex 3.71115 45.8023 0
      vertex 1.45 12 0
      vertex 3.70988 45.8033 0
    endloop
  endfacet
  facet normal -0 0 -1
    outer loop
      vertex 3.70988 45.8033 0
      vertex 1.45 12 0
      vertex 3.52547 45.9448 0
    endloop
  endfacet
  facet normal -0 0 -1
    outer loop
      vertex 3.52547 45.9448 0
      vertex 1.45 12 0
      vertex 3.35409 46.1018 0
    endloop
  endfacet
  facet normal -0 0 -1
    outer loop
      vertex 3.35409 46.1018 0
      vertex 1.45 12 0
      vertex 3.35291 46.1029 0
    endloop
  endfacet
  facet normal -0 0 -1
    outer loop
      vertex 3.35291 46.1029 0
      vertex 1.45 12 0
      vertex 3.35182 46.1041 0
    endloop
  endfacet
  facet normal -0 0 -1
    outer loop
      vertex 3.35182 46.1041 0
      vertex 1.45 12 0
      vertex 3.19478 46.2755 0
    endloop
  endfacet
  facet normal -0 0 -1
    outer loop
      vertex 3.19478 46.2755 0
      vertex 1.45 12 0
      vertex 3.05328 46.4599 0
    endloop
  endfacet
  facet normal -0 0 -1
    outer loop
      vertex 3.05328 46.4599 0
      vertex 1.45 12 0
      vertex 3.0523 46.4612 0
    endloop
  endfacet
  facet normal -0 0 -1
    outer loop
      vertex 3.0523 46.4612 0
      vertex 1.45 12 0
      vertex 2.92741 46.6572 0
    endloop
  endfacet
  facet normal 0 0 -1
    outer loop
      vertex 2.43845 7.54138 0
      vertex 3.35795 5.94877 0
      vertex 2.86343 6.725 0
    endloop
  endfacet
  facet normal -0 0 -1
    outer loop
      vertex 2.92741 46.6572 0
      vertex 1.45 12 0
      vertex 2.92654 46.6586 0
    endloop
  endfacet
  facet normal -0 0 -1
    outer loop
      vertex 2.92654 46.6586 0
      vertex 1.45 12 0
      vertex 2.9258 46.66 0
    endloop
  endfacet
  facet normal -0 0 -1
    outer loop
      vertex 2.9258 46.66 0
      vertex 1.45 12 0
      vertex 2.81847 46.8662 0
    endloop
  endfacet
  facet normal -0 0 -1
    outer loop
      vertex 2.81847 46.8662 0
      vertex 1.45 12 0
      vertex 2.72952 47.0809 0
    endloop
  endfacet
  facet normal -0 0 -1
    outer loop
      vertex 2.72952 47.0809 0
      vertex 1.45 12 0
      vertex 2.7289 47.0824 0
    endloop
  endfacet
  facet normal -0 0 -1
    outer loop
      vertex 2.7289 47.0824 0
      vertex 1.45 12 0
      vertex 2.72842 47.0839 0
    endloop
  endfacet
  facet normal -0 0 -1
    outer loop
      vertex 2.72842 47.0839 0
      vertex 1.45 12 0
      vertex 2.65852 47.3056 0
    endloop
  endfacet
  facet normal -0 0 -1
    outer loop
      vertex 2.65852 47.3056 0
      vertex 1.45 12 0
      vertex 2.60821 47.5326 0
    endloop
  endfacet
  facet normal -0 0 -1
    outer loop
      vertex 2.60821 47.5326 0
      vertex 1.45 12 0
      vertex 2.60786 47.5341 0
    endloop
  endfacet
  facet normal -0 0 -1
    outer loop
      vertex 2.60786 47.5341 0
      vertex 1.45 12 0
      vertex 2.60765 47.5357 0
    endloop
  endfacet
  facet normal -0 0 -1
    outer loop
      vertex 2.60765 47.5357 0
      vertex 1.45 12 0
      vertex 2.57731 47.7662 0
    endloop
  endfacet
  facet normal -0 0 -1
    outer loop
      vertex 2.56717 47.9984 0
      vertex 1.45 12 0
      vertex 2.5671 48 0
    endloop
  endfacet
  facet normal -0 0 -1
    outer loop
      vertex 2.57731 47.7662 0
      vertex 1.45 12 0
      vertex 2.56717 47.9984 0
    endloop
  endfacet
  facet normal 0.953566 0.301183 0
    outer loop
      vertex 118.191 120.231 3.85
      vertex 117.914 121.108 0
      vertex 117.914 121.108 3.85
    endloop
  endfacet
  facet normal 0.953566 0.301183 0
    outer loop
      vertex 117.914 121.108 0
      vertex 118.191 120.231 3.85
      vertex 118.191 120.231 0
    endloop
  endfacet
  facet normal -0.461765 0.887002 0
    outer loop
      vertex 7.54138 127.062 0
      vertex 6.725 126.637 3.85
      vertex 7.54138 127.062 3.85
    endloop
  endfacet
  facet normal -0.461765 0.887002 0
    outer loop
      vertex 6.725 126.637 3.85
      vertex 7.54138 127.062 0
      vertex 6.725 126.637 0
    endloop
  endfacet
  facet normal 0.999054 0.0434844 0
    outer loop
      vertex 118.55 117.5 3.85
      vertex 118.51 118.419 0
      vertex 118.51 118.419 3.85
    endloop
  endfacet
  facet normal 0.999054 0.0434844 0
    outer loop
      vertex 118.51 118.419 0
      vertex 118.55 117.5 3.85
      vertex 118.55 117.5 0
    endloop
  endfacet
  facet normal -0.382683 -0.92388 0
    outer loop
      vertex 7.54138 2.43845 0
      vertex 8.39169 2.08624 3.85
      vertex 7.54138 2.43845 3.85
    endloop
  endfacet
  facet normal -0.382683 -0.92388 -0
    outer loop
      vertex 8.39169 2.08624 3.85
      vertex 7.54138 2.43845 0
      vertex 8.39169 2.08624 0
    endloop
  endfacet
  facet normal 0 1 -0
    outer loop
      vertex 108 128.05 0
      vertex 12 128.05 3.85
      vertex 108 128.05 3.85
    endloop
  endfacet
  facet normal 0 1 0
    outer loop
      vertex 12 128.05 3.85
      vertex 108 128.05 0
      vertex 12 128.05 0
    endloop
  endfacet
  facet normal 0.461934 0.886914 -0
    outer loop
      vertex 113.275 126.637 0
      vertex 112.459 127.062 3.85
      vertex 113.275 126.637 3.85
    endloop
  endfacet
  facet normal 0.461934 0.886914 0
    outer loop
      vertex 112.459 127.062 3.85
      vertex 113.275 126.637 0
      vertex 112.459 127.062 0
    endloop
  endfacet
  facet normal 0.0434844 0.999054 -0
    outer loop
      vertex 108.919 128.01 0
      vertex 108 128.05 3.85
      vertex 108.919 128.01 3.85
    endloop
  endfacet
  facet normal 0.0434844 0.999054 0
    outer loop
      vertex 108 128.05 3.85
      vertex 108.919 128.01 0
      vertex 108 128.05 0
    endloop
  endfacet
  facet normal 0.608851 -0.793284 0
    outer loop
      vertex 114.051 3.35795 0
      vertex 114.781 3.91823 3.85
      vertex 114.051 3.35795 3.85
    endloop
  endfacet
  facet normal 0.608851 -0.793284 0
    outer loop
      vertex 114.781 3.91823 3.85
      vertex 114.051 3.35795 0
      vertex 114.781 3.91823 0
    endloop
  endfacet
  facet normal -0.923989 0.382419 0
    outer loop
      vertex 2.08624 121.108 0
      vertex 2.43845 121.959 3.85
      vertex 2.43845 121.959 0
    endloop
  endfacet
  facet normal -0.923989 0.382419 0
    outer loop
      vertex 2.43845 121.959 3.85
      vertex 2.08624 121.108 0
      vertex 2.08624 121.108 3.85
    endloop
  endfacet
  facet normal 0.953642 -0.300943 0
    outer loop
      vertex 117.914 8.39169 3.85
      vertex 118.191 9.26946 0
      vertex 118.191 9.26946 3.85
    endloop
  endfacet
  facet normal 0.953642 -0.300943 0
    outer loop
      vertex 118.191 9.26946 0
      vertex 117.914 8.39169 3.85
      vertex 117.914 8.39169 0
    endloop
  endfacet
  facet normal 0.991473 0.130314 0
    outer loop
      vertex 118.51 118.419 3.85
      vertex 118.39 119.332 0
      vertex 118.39 119.332 3.85
    endloop
  endfacet
  facet normal 0.991473 0.130314 0
    outer loop
      vertex 118.39 119.332 0
      vertex 118.51 118.419 3.85
      vertex 118.51 118.419 0
    endloop
  endfacet
  facet normal 0.537789 0.843079 -0
    outer loop
      vertex 114.051 126.142 0
      vertex 113.275 126.637 3.85
      vertex 114.051 126.142 3.85
    endloop
  endfacet
  facet normal 0.537789 0.843079 0
    outer loop
      vertex 113.275 126.637 3.85
      vertex 114.051 126.142 0
      vertex 113.275 126.637 0
    endloop
  endfacet
  facet normal -0.999047 0.0436472 0
    outer loop
      vertex 1.45 117.5 0
      vertex 1.49015 118.419 3.85
      vertex 1.49015 118.419 0
    endloop
  endfacet
  facet normal -0.999047 0.0436472 0
    outer loop
      vertex 1.49015 118.419 3.85
      vertex 1.45 117.5 0
      vertex 1.45 117.5 3.85
    endloop
  endfacet
  facet normal 0.461917 -0.886923 0
    outer loop
      vertex 112.459 2.43845 0
      vertex 113.275 2.86343 3.85
      vertex 112.459 2.43845 3.85
    endloop
  endfacet
  facet normal 0.461917 -0.886923 0
    outer loop
      vertex 113.275 2.86343 3.85
      vertex 112.459 2.43845 0
      vertex 113.275 2.86343 0
    endloop
  endfacet
  facet normal 0.382419 -0.923989 0
    outer loop
      vertex 111.608 2.08624 0
      vertex 112.459 2.43845 3.85
      vertex 111.608 2.08624 3.85
    endloop
  endfacet
  facet normal 0.382419 -0.923989 0
    outer loop
      vertex 112.459 2.43845 3.85
      vertex 111.608 2.08624 0
      vertex 112.459 2.43845 0
    endloop
  endfacet
  facet normal -0.0436235 -0.999048 0
    outer loop
      vertex 11.0805 1.49015 0
      vertex 12 1.45 3.85
      vertex 11.0805 1.49015 3.85
    endloop
  endfacet
  facet normal -0.0436235 -0.999048 -0
    outer loop
      vertex 12 1.45 3.85
      vertex 11.0805 1.49015 0
      vertex 12 1.45 0
    endloop
  endfacet
  facet normal -0.953717 -0.300706 0
    outer loop
      vertex 2.08624 8.39169 0
      vertex 1.80948 9.26946 3.85
      vertex 1.80948 9.26946 0
    endloop
  endfacet
  facet normal -0.953717 -0.300706 0
    outer loop
      vertex 1.80948 9.26946 3.85
      vertex 2.08624 8.39169 0
      vertex 2.08624 8.39169 3.85
    endloop
  endfacet
  facet normal -0.843316 0.537418 0
    outer loop
      vertex 2.86343 122.775 0
      vertex 3.35795 123.551 3.85
      vertex 3.35795 123.551 0
    endloop
  endfacet
  facet normal -0.843316 0.537418 0
    outer loop
      vertex 3.35795 123.551 3.85
      vertex 2.86343 122.775 0
      vertex 2.86343 122.775 3.85
    endloop
  endfacet
  facet normal -0.537305 -0.843388 0
    outer loop
      vertex 5.94877 3.35795 0
      vertex 6.725 2.86343 3.85
      vertex 5.94877 3.35795 3.85
    endloop
  endfacet
  facet normal -0.537305 -0.843388 -0
    outer loop
      vertex 6.725 2.86343 3.85
      vertex 5.94877 3.35795 0
      vertex 6.725 2.86343 0
    endloop
  endfacet
  facet normal -0.675587 -0.73728 0
    outer loop
      vertex 4.54002 4.54002 0
      vertex 5.21859 3.91823 3.85
      vertex 4.54002 4.54002 3.85
    endloop
  endfacet
  facet normal -0.675587 -0.73728 -0
    outer loop
      vertex 5.21859 3.91823 3.85
      vertex 4.54002 4.54002 0
      vertex 5.21859 3.91823 0
    endloop
  endfacet
  facet normal -0.130523 -0.991445 0
    outer loop
      vertex 10.168 1.61028 0
      vertex 11.0805 1.49015 3.85
      vertex 10.168 1.61028 3.85
    endloop
  endfacet
  facet normal -0.130523 -0.991445 -0
    outer loop
      vertex 11.0805 1.49015 3.85
      vertex 10.168 1.61028 0
      vertex 11.0805 1.49015 0
    endloop
  endfacet
  facet normal -0.886923 0.461917 0
    outer loop
      vertex 2.43845 121.959 0
      vertex 2.86343 122.775 3.85
      vertex 2.86343 122.775 0
    endloop
  endfacet
  facet normal -0.886923 0.461917 0
    outer loop
      vertex 2.86343 122.775 3.85
      vertex 2.43845 121.959 0
      vertex 2.43845 121.959 3.85
    endloop
  endfacet
  facet normal 0.991464 -0.130384 0
    outer loop
      vertex 118.39 10.168 3.85
      vertex 118.51 11.0805 0
      vertex 118.51 11.0805 3.85
    endloop
  endfacet
  facet normal 0.991464 -0.130384 0
    outer loop
      vertex 118.51 11.0805 0
      vertex 118.39 10.168 3.85
      vertex 118.39 10.168 0
    endloop
  endfacet
  facet normal -0.953641 0.300946 0
    outer loop
      vertex 1.80948 120.231 0
      vertex 2.08624 121.108 3.85
      vertex 2.08624 121.108 0
    endloop
  endfacet
  facet normal -0.953641 0.300946 0
    outer loop
      vertex 2.08624 121.108 3.85
      vertex 1.80948 120.231 0
      vertex 1.80948 120.231 3.85
    endloop
  endfacet
  facet normal 0.675479 0.737379 -0
    outer loop
      vertex 115.46 124.96 0
      vertex 114.781 125.582 3.85
      vertex 115.46 124.96 3.85
    endloop
  endfacet
  facet normal 0.675479 0.737379 0
    outer loop
      vertex 114.781 125.582 3.85
      vertex 115.46 124.96 0
      vertex 114.781 125.582 0
    endloop
  endfacet
  facet normal 0.886914 0.461934 0
    outer loop
      vertex 117.562 121.959 3.85
      vertex 117.137 122.775 0
      vertex 117.137 122.775 3.85
    endloop
  endfacet
  facet normal 0.886914 0.461934 0
    outer loop
      vertex 117.137 122.775 0
      vertex 117.562 121.959 3.85
      vertex 117.562 121.959 0
    endloop
  endfacet
  facet normal 0.92407 0.382224 0
    outer loop
      vertex 117.914 121.108 3.85
      vertex 117.562 121.959 0
      vertex 117.562 121.959 3.85
    endloop
  endfacet
  facet normal 0.92407 0.382224 0
    outer loop
      vertex 117.562 121.959 0
      vertex 117.914 121.108 3.85
      vertex 117.914 121.108 0
    endloop
  endfacet
  facet normal 0.301183 0.953566 -0
    outer loop
      vertex 111.608 127.414 0
      vertex 110.731 127.691 3.85
      vertex 111.608 127.414 3.85
    endloop
  endfacet
  facet normal 0.301183 0.953566 0
    outer loop
      vertex 110.731 127.691 3.85
      vertex 111.608 127.414 0
      vertex 110.731 127.691 0
    endloop
  endfacet
  facet normal 0.737379 0.675479 0
    outer loop
      vertex 116.082 124.281 3.85
      vertex 115.46 124.96 0
      vertex 115.46 124.96 3.85
    endloop
  endfacet
  facet normal 0.737379 0.675479 0
    outer loop
      vertex 115.46 124.96 0
      vertex 116.082 124.281 3.85
      vertex 116.082 124.281 0
    endloop
  endfacet
  facet normal 0.675355 -0.737493 0
    outer loop
      vertex 114.781 3.91823 0
      vertex 115.46 4.54002 3.85
      vertex 114.781 3.91823 3.85
    endloop
  endfacet
  facet normal 0.675355 -0.737493 0
    outer loop
      vertex 115.46 4.54002 3.85
      vertex 114.781 3.91823 0
      vertex 115.46 4.54002 0
    endloop
  endfacet
  facet normal -0.608757 -0.793357 0
    outer loop
      vertex 5.21859 3.91823 0
      vertex 5.94877 3.35795 3.85
      vertex 5.21859 3.91823 3.85
    endloop
  endfacet
  facet normal -0.608757 -0.793357 -0
    outer loop
      vertex 5.94877 3.35795 3.85
      vertex 5.21859 3.91823 0
      vertex 5.94877 3.35795 0
    endloop
  endfacet
  facet normal 0.60866 0.793431 -0
    outer loop
      vertex 114.781 125.582 0
      vertex 114.051 126.142 3.85
      vertex 114.781 125.582 3.85
    endloop
  endfacet
  facet normal 0.60866 0.793431 0
    outer loop
      vertex 114.051 126.142 3.85
      vertex 114.781 125.582 0
      vertex 114.051 126.142 0
    endloop
  endfacet
  facet normal -0.0434608 0.999055 0
    outer loop
      vertex 12 128.05 0
      vertex 11.0805 128.01 3.85
      vertex 12 128.05 3.85
    endloop
  endfacet
  facet normal -0.0434608 0.999055 0
    outer loop
      vertex 11.0805 128.01 3.85
      vertex 12 128.05 0
      vertex 11.0805 128.01 0
    endloop
  endfacet
  facet normal -0.537676 0.843152 0
    outer loop
      vertex 6.725 126.637 0
      vertex 5.94877 126.142 3.85
      vertex 6.725 126.637 3.85
    endloop
  endfacet
  facet normal -0.537676 0.843152 0
    outer loop
      vertex 5.94877 126.142 3.85
      vertex 6.725 126.637 0
      vertex 5.94877 126.142 0
    endloop
  endfacet
  facet normal 0.130453 -0.991455 0
    outer loop
      vertex 108.919 1.49015 0
      vertex 109.832 1.61028 3.85
      vertex 108.919 1.49015 3.85
    endloop
  endfacet
  facet normal 0.130453 -0.991455 0
    outer loop
      vertex 109.832 1.61028 3.85
      vertex 108.919 1.49015 0
      vertex 109.832 1.61028 0
    endloop
  endfacet
  facet normal 0.976342 -0.216231 0
    outer loop
      vertex 118.191 9.26946 3.85
      vertex 118.39 10.168 0
      vertex 118.39 10.168 3.85
    endloop
  endfacet
  facet normal 0.976342 -0.216231 0
    outer loop
      vertex 118.39 10.168 0
      vertex 118.191 9.26946 3.85
      vertex 118.191 9.26946 0
    endloop
  endfacet
  facet normal 0.300946 -0.953641 0
    outer loop
      vertex 110.731 1.80948 0
      vertex 111.608 2.08624 3.85
      vertex 110.731 1.80948 3.85
    endloop
  endfacet
  facet normal 0.300946 -0.953641 0
    outer loop
      vertex 111.608 2.08624 3.85
      vertex 110.731 1.80948 0
      vertex 111.608 2.08624 0
    endloop
  endfacet
  facet normal 0.382224 0.92407 -0
    outer loop
      vertex 112.459 127.062 0
      vertex 111.608 127.414 3.85
      vertex 112.459 127.062 3.85
    endloop
  endfacet
  facet normal 0.382224 0.92407 0
    outer loop
      vertex 111.608 127.414 3.85
      vertex 112.459 127.062 0
      vertex 111.608 127.414 0
    endloop
  endfacet
  facet normal 0.737166 -0.675711 0
    outer loop
      vertex 115.46 4.54002 3.85
      vertex 116.082 5.21859 0
      vertex 116.082 5.21859 3.85
    endloop
  endfacet
  facet normal 0.737166 -0.675711 0
    outer loop
      vertex 116.082 5.21859 0
      vertex 115.46 4.54002 3.85
      vertex 115.46 4.54002 0
    endloop
  endfacet
  facet normal 0.793504 -0.608565 0
    outer loop
      vertex 116.082 5.21859 3.85
      vertex 116.642 5.94877 0
      vertex 116.642 5.94877 3.85
    endloop
  endfacet
  facet normal 0.793504 -0.608565 0
    outer loop
      vertex 116.642 5.94877 0
      vertex 116.082 5.21859 3.85
      vertex 116.082 5.21859 0
    endloop
  endfacet
  facet normal -0.793284 0.608851 0
    outer loop
      vertex 3.35795 123.551 0
      vertex 3.91823 124.281 3.85
      vertex 3.91823 124.281 0
    endloop
  endfacet
  facet normal -0.793284 0.608851 0
    outer loop
      vertex 3.91823 124.281 3.85
      vertex 3.35795 123.551 0
      vertex 3.35795 123.551 3.85
    endloop
  endfacet
  facet normal 0.92396 -0.382489 0
    outer loop
      vertex 117.562 7.54138 3.85
      vertex 117.914 8.39169 0
      vertex 117.914 8.39169 3.85
    endloop
  endfacet
  facet normal 0.92396 -0.382489 0
    outer loop
      vertex 117.914 8.39169 0
      vertex 117.562 7.54138 3.85
      vertex 117.562 7.54138 0
    endloop
  endfacet
  facet normal -0.887011 -0.461748 0
    outer loop
      vertex 2.86343 6.725 0
      vertex 2.43845 7.54138 3.85
      vertex 2.43845 7.54138 0
    endloop
  endfacet
  facet normal -0.887011 -0.461748 0
    outer loop
      vertex 2.43845 7.54138 3.85
      vertex 2.86343 6.725 0
      vertex 2.86343 6.725 3.85
    endloop
  endfacet
  facet normal 0.130314 0.991473 -0
    outer loop
      vertex 109.832 127.89 0
      vertex 108.919 128.01 3.85
      vertex 109.832 127.89 3.85
    endloop
  endfacet
  facet normal 0.130314 0.991473 0
    outer loop
      vertex 108.919 128.01 3.85
      vertex 109.832 127.89 0
      vertex 108.919 128.01 0
    endloop
  endfacet
  facet normal 0.793431 0.60866 0
    outer loop
      vertex 116.642 123.551 3.85
      vertex 116.082 124.281 0
      vertex 116.082 124.281 3.85
    endloop
  endfacet
  facet normal 0.793431 0.60866 0
    outer loop
      vertex 116.082 124.281 0
      vertex 116.642 123.551 3.85
      vertex 116.642 123.551 0
    endloop
  endfacet
  facet normal 0.216332 -0.97632 0
    outer loop
      vertex 109.832 1.61028 0
      vertex 110.731 1.80948 3.85
      vertex 109.832 1.61028 3.85
    endloop
  endfacet
  facet normal 0.216332 -0.97632 0
    outer loop
      vertex 110.731 1.80948 3.85
      vertex 109.832 1.61028 0
      vertex 110.731 1.80948 0
    endloop
  endfacet
  facet normal -0.382489 0.92396 0
    outer loop
      vertex 8.39169 127.414 0
      vertex 7.54138 127.062 3.85
      vertex 8.39169 127.414 3.85
    endloop
  endfacet
  facet normal -0.382489 0.92396 0
    outer loop
      vertex 7.54138 127.062 3.85
      vertex 8.39169 127.414 0
      vertex 7.54138 127.062 0
    endloop
  endfacet
  facet normal -0.608565 0.793504 0
    outer loop
      vertex 5.94877 126.142 0
      vertex 5.21859 125.582 3.85
      vertex 5.94877 126.142 3.85
    endloop
  endfacet
  facet normal -0.608565 0.793504 0
    outer loop
      vertex 5.21859 125.582 3.85
      vertex 5.94877 126.142 0
      vertex 5.21859 125.582 0
    endloop
  endfacet
  facet normal 0.843152 -0.537676 0
    outer loop
      vertex 116.642 5.94877 3.85
      vertex 117.137 6.725 0
      vertex 117.137 6.725 3.85
    endloop
  endfacet
  facet normal 0.843152 -0.537676 0
    outer loop
      vertex 117.137 6.725 0
      vertex 116.642 5.94877 3.85
      vertex 116.642 5.94877 0
    endloop
  endfacet
  facet normal -0.991455 0.130453 0
    outer loop
      vertex 1.49015 118.419 0
      vertex 1.61028 119.332 3.85
      vertex 1.61028 119.332 0
    endloop
  endfacet
  facet normal -0.991455 0.130453 0
    outer loop
      vertex 1.61028 119.332 3.85
      vertex 1.49015 118.419 0
      vertex 1.49015 118.419 3.85
    endloop
  endfacet
  facet normal -0.793357 -0.608757 0
    outer loop
      vertex 3.91823 5.21859 0
      vertex 3.35795 5.94877 3.85
      vertex 3.35795 5.94877 0
    endloop
  endfacet
  facet normal -0.793357 -0.608757 0
    outer loop
      vertex 3.35795 5.94877 3.85
      vertex 3.91823 5.21859 0
      vertex 3.91823 5.21859 3.85
    endloop
  endfacet
  facet normal -0.92388 -0.382683 0
    outer loop
      vertex 2.43845 7.54138 0
      vertex 2.08624 8.39169 3.85
      vertex 2.08624 8.39169 0
    endloop
  endfacet
  facet normal -0.92388 -0.382683 0
    outer loop
      vertex 2.08624 8.39169 3.85
      vertex 2.43845 7.54138 0
      vertex 2.43845 7.54138 3.85
    endloop
  endfacet
  facet normal 0.999055 -0.0434608 0
    outer loop
      vertex 118.51 11.0805 3.85
      vertex 118.55 12 0
      vertex 118.55 12 3.85
    endloop
  endfacet
  facet normal 0.999055 -0.0434608 0
    outer loop
      vertex 118.55 12 0
      vertex 118.51 11.0805 3.85
      vertex 118.51 11.0805 0
    endloop
  endfacet
  facet normal -0.130384 0.991464 0
    outer loop
      vertex 11.0805 128.01 0
      vertex 10.168 127.89 3.85
      vertex 11.0805 128.01 3.85
    endloop
  endfacet
  facet normal -0.130384 0.991464 0
    outer loop
      vertex 10.168 127.89 3.85
      vertex 11.0805 128.01 0
      vertex 10.168 127.89 0
    endloop
  endfacet
  facet normal -0.216231 0.976342 0
    outer loop
      vertex 10.168 127.89 0
      vertex 9.26946 127.691 3.85
      vertex 10.168 127.89 3.85
    endloop
  endfacet
  facet normal -0.216231 0.976342 0
    outer loop
      vertex 9.26946 127.691 3.85
      vertex 10.168 127.89 0
      vertex 9.26946 127.691 0
    endloop
  endfacet
  facet normal -0.300943 0.953642 0
    outer loop
      vertex 9.26946 127.691 0
      vertex 8.39169 127.414 3.85
      vertex 9.26946 127.691 3.85
    endloop
  endfacet
  facet normal -0.300943 0.953642 0
    outer loop
      vertex 8.39169 127.414 3.85
      vertex 9.26946 127.691 0
      vertex 8.39169 127.414 0
    endloop
  endfacet
  facet normal -0.73728 -0.675587 0
    outer loop
      vertex 4.54002 4.54002 0
      vertex 3.91823 5.21859 3.85
      vertex 3.91823 5.21859 0
    endloop
  endfacet
  facet normal -0.73728 -0.675587 0
    outer loop
      vertex 3.91823 5.21859 3.85
      vertex 4.54002 4.54002 0
      vertex 4.54002 4.54002 3.85
    endloop
  endfacet
  facet normal -0.976296 -0.216438 0
    outer loop
      vertex 1.80948 9.26946 0
      vertex 1.61028 10.168 3.85
      vertex 1.61028 10.168 0
    endloop
  endfacet
  facet normal -0.976296 -0.216438 0
    outer loop
      vertex 1.61028 10.168 3.85
      vertex 1.80948 9.26946 0
      vertex 1.80948 9.26946 3.85
    endloop
  endfacet
  facet normal 0 0 1
    outer loop
      vertex 6.56557 95.5212 3.85
      vertex 17.14 105.148 3.85
      vertex 6.6023 95.6376 3.85
    endloop
  endfacet
  facet normal 0 0 1
    outer loop
      vertex 18.8107 105.756 3.85
      vertex 6.64467 48.122 3.85
      vertex 6.65 48 3.85
    endloop
  endfacet
  facet normal 0 0 1
    outer loop
      vertex 6.51883 95.4083 3.85
      vertex 17.14 105.148 3.85
      vertex 6.56557 95.5212 3.85
    endloop
  endfacet
  facet normal 0 0 1
    outer loop
      vertex 18.8107 105.756 3.85
      vertex 6.62873 48.2431 3.85
      vertex 6.64467 48.122 3.85
    endloop
  endfacet
  facet normal -0 0 1
    outer loop
      vertex 17.14 105.148 3.85
      vertex 6.51883 95.4083 3.85
      vertex 17.9886 105.415 3.85
    endloop
  endfacet
  facet normal 0 0 1
    outer loop
      vertex 18.8107 105.756 3.85
      vertex 6.6023 48.3623 3.85
      vertex 6.62873 48.2431 3.85
    endloop
  endfacet
  facet normal 0 0 1
    outer loop
      vertex 6.46243 95.3 3.85
      vertex 17.9886 105.415 3.85
      vertex 6.51883 95.4083 3.85
    endloop
  endfacet
  facet normal 0 0 1
    outer loop
      vertex 18.8107 105.756 3.85
      vertex 6.56557 48.4788 3.85
      vertex 6.6023 48.3623 3.85
    endloop
  endfacet
  facet normal -0 0 1
    outer loop
      vertex 17.9886 105.415 3.85
      vertex 6.46243 95.3 3.85
      vertex 18.8107 105.756 3.85
    endloop
  endfacet
  facet normal 0 0 1
    outer loop
      vertex 18.8107 105.756 3.85
      vertex 6.51883 48.5917 3.85
      vertex 6.56557 48.4788 3.85
    endloop
  endfacet
  facet normal 0 0 1
    outer loop
      vertex 6.39681 95.197 3.85
      vertex 18.8107 105.756 3.85
      vertex 6.46243 95.3 3.85
    endloop
  endfacet
  facet normal 0 0 1
    outer loop
      vertex 18.8107 105.756 3.85
      vertex 6.46243 48.7 3.85
      vertex 6.51883 48.5917 3.85
    endloop
  endfacet
  facet normal 0 0 1
    outer loop
      vertex 6.39681 48.803 3.85
      vertex 18.8107 105.756 3.85
      vertex 6.39681 95.197 3.85
    endloop
  endfacet
  facet normal 0 0 1
    outer loop
      vertex 18.8107 105.756 3.85
      vertex 6.39681 48.803 3.85
      vertex 6.46243 48.7 3.85
    endloop
  endfacet
  facet normal -0 0 1
    outer loop
      vertex 6.32246 95.1001 3.85
      vertex 6.39681 48.803 3.85
      vertex 6.39681 95.197 3.85
    endloop
  endfacet
  facet normal 0 0 1
    outer loop
      vertex 6.32246 95.1001 3.85
      vertex 6.32246 48.8999 3.85
      vertex 6.39681 48.803 3.85
    endloop
  endfacet
  facet normal -0 0 1
    outer loop
      vertex 6.23995 95.01 3.85
      vertex 6.32246 48.8999 3.85
      vertex 6.32246 95.1001 3.85
    endloop
  endfacet
  facet normal 0 0 1
    outer loop
      vertex 6.23995 95.01 3.85
      vertex 6.23995 48.9899 3.85
      vertex 6.32246 48.8999 3.85
    endloop
  endfacet
  facet normal -0 0 1
    outer loop
      vertex 6.1499 94.9275 3.85
      vertex 6.23995 48.9899 3.85
      vertex 6.23995 95.01 3.85
    endloop
  endfacet
  facet normal 0 0 1
    outer loop
      vertex 6.1499 94.9275 3.85
      vertex 6.1499 49.0725 3.85
      vertex 6.23995 48.9899 3.85
    endloop
  endfacet
  facet normal -0 0 1
    outer loop
      vertex 6.05301 94.8532 3.85
      vertex 6.1499 49.0725 3.85
      vertex 6.1499 94.9275 3.85
    endloop
  endfacet
  facet normal 0 0 1
    outer loop
      vertex 6.05301 94.8532 3.85
      vertex 6.05301 49.1468 3.85
      vertex 6.1499 49.0725 3.85
    endloop
  endfacet
  facet normal -0 0 1
    outer loop
      vertex 5.95 94.7876 3.85
      vertex 6.05301 49.1468 3.85
      vertex 6.05301 94.8532 3.85
    endloop
  endfacet
  facet normal 0 0 1
    outer loop
      vertex 5.95 94.7876 3.85
      vertex 5.95 49.2124 3.85
      vertex 6.05301 49.1468 3.85
    endloop
  endfacet
  facet normal -0 0 1
    outer loop
      vertex 5.84167 94.7312 3.85
      vertex 5.95 49.2124 3.85
      vertex 5.95 94.7876 3.85
    endloop
  endfacet
  facet normal 0 0 1
    outer loop
      vertex 5.84167 94.7312 3.85
      vertex 5.84167 49.2688 3.85
      vertex 5.95 49.2124 3.85
    endloop
  endfacet
  facet normal -0 0 1
    outer loop
      vertex 5.72883 94.6844 3.85
      vertex 5.84167 49.2688 3.85
      vertex 5.84167 94.7312 3.85
    endloop
  endfacet
  facet normal 0 0 1
    outer loop
      vertex 5.72883 94.6844 3.85
      vertex 5.72883 49.3156 3.85
      vertex 5.84167 49.2688 3.85
    endloop
  endfacet
  facet normal -0 0 1
    outer loop
      vertex 5.61235 94.6477 3.85
      vertex 5.72883 49.3156 3.85
      vertex 5.72883 94.6844 3.85
    endloop
  endfacet
  facet normal 0 0 1
    outer loop
      vertex 5.61235 94.6477 3.85
      vertex 5.61235 49.3523 3.85
      vertex 5.72883 49.3156 3.85
    endloop
  endfacet
  facet normal -0 0 1
    outer loop
      vertex 5.49311 94.6213 3.85
      vertex 5.61235 49.3523 3.85
      vertex 5.61235 94.6477 3.85
    endloop
  endfacet
  facet normal 0 0 1
    outer loop
      vertex 5.49311 94.6213 3.85
      vertex 5.49311 49.3787 3.85
      vertex 5.61235 49.3523 3.85
    endloop
  endfacet
  facet normal -0 0 1
    outer loop
      vertex 5.37202 94.6053 3.85
      vertex 5.49311 49.3787 3.85
      vertex 5.49311 94.6213 3.85
    endloop
  endfacet
  facet normal 0 0 1
    outer loop
      vertex 5.37202 94.6053 3.85
      vertex 5.37202 49.3947 3.85
      vertex 5.49311 49.3787 3.85
    endloop
  endfacet
  facet normal -0 0 1
    outer loop
      vertex 5.25 94.6 3.85
      vertex 5.37202 49.3947 3.85
      vertex 5.37202 94.6053 3.85
    endloop
  endfacet
  facet normal 0 0 1
    outer loop
      vertex 5.25 94.6 3.85
      vertex 5.25 49.4 3.85
      vertex 5.37202 49.3947 3.85
    endloop
  endfacet
  facet normal 0 0 1
    outer loop
      vertex 5.12798 94.6053 3.85
      vertex 5.25 49.4 3.85
      vertex 5.25 94.6 3.85
    endloop
  endfacet
  facet normal 0 0 1
    outer loop
      vertex 5.12798 94.6053 3.85
      vertex 5.12798 49.3947 3.85
      vertex 5.25 49.4 3.85
    endloop
  endfacet
  facet normal 0 0 1
    outer loop
      vertex 5.00689 94.6213 3.85
      vertex 5.12798 49.3947 3.85
      vertex 5.12798 94.6053 3.85
    endloop
  endfacet
  facet normal 0 0 1
    outer loop
      vertex 5.00689 94.6213 3.85
      vertex 5.00689 49.3787 3.85
      vertex 5.12798 49.3947 3.85
    endloop
  endfacet
  facet normal 0 0 1
    outer loop
      vertex 4.88765 94.6477 3.85
      vertex 5.00689 49.3787 3.85
      vertex 5.00689 94.6213 3.85
    endloop
  endfacet
  facet normal 0 0 1
    outer loop
      vertex 4.88765 94.6477 3.85
      vertex 4.88765 49.3523 3.85
      vertex 5.00689 49.3787 3.85
    endloop
  endfacet
  facet normal 0 0 1
    outer loop
      vertex 4.77117 94.6844 3.85
      vertex 4.88765 49.3523 3.85
      vertex 4.88765 94.6477 3.85
    endloop
  endfacet
  facet normal 0 0 1
    outer loop
      vertex 4.77117 94.6844 3.85
      vertex 4.77117 49.3156 3.85
      vertex 4.88765 49.3523 3.85
    endloop
  endfacet
  facet normal 0 0 1
    outer loop
      vertex 4.65833 94.7312 3.85
      vertex 4.77117 49.3156 3.85
      vertex 4.77117 94.6844 3.85
    endloop
  endfacet
  facet normal 0 0 1
    outer loop
      vertex 4.65833 94.7312 3.85
      vertex 4.65833 49.2688 3.85
      vertex 4.77117 49.3156 3.85
    endloop
  endfacet
  facet normal 0 0 1
    outer loop
      vertex 4.55 94.7876 3.85
      vertex 4.65833 49.2688 3.85
      vertex 4.65833 94.7312 3.85
    endloop
  endfacet
  facet normal 0 0 1
    outer loop
      vertex 4.55 94.7876 3.85
      vertex 4.55 49.2124 3.85
      vertex 4.65833 49.2688 3.85
    endloop
  endfacet
  facet normal 0 0 1
    outer loop
      vertex 4.44699 94.8532 3.85
      vertex 4.55 49.2124 3.85
      vertex 4.55 94.7876 3.85
    endloop
  endfacet
  facet normal 0 0 1
    outer loop
      vertex 4.44699 94.8532 3.85
      vertex 4.44699 49.1468 3.85
      vertex 4.55 49.2124 3.85
    endloop
  endfacet
  facet normal 0 0 1
    outer loop
      vertex 4.3501 94.9275 3.85
      vertex 4.44699 49.1468 3.85
      vertex 4.44699 94.8532 3.85
    endloop
  endfacet
  facet normal 0 0 1
    outer loop
      vertex 4.3501 94.9275 3.85
      vertex 4.3501 49.0725 3.85
      vertex 4.44699 49.1468 3.85
    endloop
  endfacet
  facet normal 0 0 1
    outer loop
      vertex 4.26005 95.01 3.85
      vertex 4.3501 49.0725 3.85
      vertex 4.3501 94.9275 3.85
    endloop
  endfacet
  facet normal 0 0 1
    outer loop
      vertex 4.26005 95.01 3.85
      vertex 4.26005 48.9899 3.85
      vertex 4.3501 49.0725 3.85
    endloop
  endfacet
  facet normal 0 0 1
    outer loop
      vertex 4.17754 95.1001 3.85
      vertex 4.26005 48.9899 3.85
      vertex 4.26005 95.01 3.85
    endloop
  endfacet
  facet normal 0 0 1
    outer loop
      vertex 4.17754 95.1001 3.85
      vertex 4.17754 48.8999 3.85
      vertex 4.26005 48.9899 3.85
    endloop
  endfacet
  facet normal 0 0 1
    outer loop
      vertex 4.10319 95.197 3.85
      vertex 4.17754 48.8999 3.85
      vertex 4.17754 95.1001 3.85
    endloop
  endfacet
  facet normal 0 0 1
    outer loop
      vertex 4.10319 95.197 3.85
      vertex 4.10319 48.803 3.85
      vertex 4.17754 48.8999 3.85
    endloop
  endfacet
  facet normal 0 0 1
    outer loop
      vertex 4.03756 95.3 3.85
      vertex 4.10319 48.803 3.85
      vertex 4.10319 95.197 3.85
    endloop
  endfacet
  facet normal 0 0 1
    outer loop
      vertex 4.03756 95.3 3.85
      vertex 4.03756 48.7 3.85
      vertex 4.10319 48.803 3.85
    endloop
  endfacet
  facet normal 0 0 1
    outer loop
      vertex 3.98117 95.4083 3.85
      vertex 4.03756 48.7 3.85
      vertex 4.03756 95.3 3.85
    endloop
  endfacet
  facet normal 0 0 1
    outer loop
      vertex 3.98117 95.4083 3.85
      vertex 3.98117 48.5917 3.85
      vertex 4.03756 48.7 3.85
    endloop
  endfacet
  facet normal 0 0 1
    outer loop
      vertex 3.93443 95.5212 3.85
      vertex 3.98117 48.5917 3.85
      vertex 3.98117 95.4083 3.85
    endloop
  endfacet
  facet normal 0 0 1
    outer loop
      vertex 3.93443 95.5212 3.85
      vertex 3.93443 48.4788 3.85
      vertex 3.98117 48.5917 3.85
    endloop
  endfacet
  facet normal 0 0 1
    outer loop
      vertex 3.8977 95.6376 3.85
      vertex 3.93443 48.4788 3.85
      vertex 3.93443 95.5212 3.85
    endloop
  endfacet
  facet normal 0 0 1
    outer loop
      vertex 3.8977 95.6376 3.85
      vertex 3.8977 48.3623 3.85
      vertex 3.93443 48.4788 3.85
    endloop
  endfacet
  facet normal 0 0 1
    outer loop
      vertex 3.87127 95.7569 3.85
      vertex 3.8977 48.3623 3.85
      vertex 3.8977 95.6376 3.85
    endloop
  endfacet
  facet normal 0 0 1
    outer loop
      vertex 3.87127 95.7569 3.85
      vertex 3.87127 48.2431 3.85
      vertex 3.8977 48.3623 3.85
    endloop
  endfacet
  facet normal 0 0 1
    outer loop
      vertex 3.85533 95.878 3.85
      vertex 3.87127 48.2431 3.85
      vertex 3.87127 95.7569 3.85
    endloop
  endfacet
  facet normal 0 0 1
    outer loop
      vertex 3.85533 95.878 3.85
      vertex 3.85533 48.122 3.85
      vertex 3.87127 48.2431 3.85
    endloop
  endfacet
  facet normal 0 0 1
    outer loop
      vertex 1.45 117.5 3.85
      vertex 3.85533 95.878 3.85
      vertex 3.85 96 3.85
    endloop
  endfacet
  facet normal 0 0 1
    outer loop
      vertex 3.85533 95.878 3.85
      vertex 1.45 117.5 3.85
      vertex 3.85533 48.122 3.85
    endloop
  endfacet
  facet normal 0 0 1
    outer loop
      vertex 23.3335 109.9 3.85
      vertex 96.6665 109.9 3.85
      vertex 23.7443 110.689 3.85
    endloop
  endfacet
  facet normal 0 0 1
    outer loop
      vertex 113.35 48 3.85
      vertex 24.6612 15.389 3.85
      vertex 24.7 14.5 3.85
    endloop
  endfacet
  facet normal 0 0 1
    outer loop
      vertex 96.6665 109.9 3.85
      vertex 23.3335 109.9 3.85
      vertex 97.1446 109.15 3.85
    endloop
  endfacet
  facet normal 0 0 1
    outer loop
      vertex 113.35 48 3.85
      vertex 24.545 16.2712 3.85
      vertex 24.6612 15.389 3.85
    endloop
  endfacet
  facet normal 0 0 1
    outer loop
      vertex 22.8554 109.15 3.85
      vertex 97.1446 109.15 3.85
      vertex 23.3335 109.9 3.85
    endloop
  endfacet
  facet normal 0 0 1
    outer loop
      vertex 113.35 48 3.85
      vertex 24.3524 17.14 3.85
      vertex 24.545 16.2712 3.85
    endloop
  endfacet
  facet normal 0 0 1
    outer loop
      vertex 97.1446 109.15 3.85
      vertex 22.8554 109.15 3.85
      vertex 97.6863 108.444 3.85
    endloop
  endfacet
  facet normal 0 0 1
    outer loop
      vertex 113.35 48 3.85
      vertex 24.0849 17.9886 3.85
      vertex 24.3524 17.14 3.85
    endloop
  endfacet
  facet normal 0 0 1
    outer loop
      vertex 22.3137 108.444 3.85
      vertex 97.6863 108.444 3.85
      vertex 22.8554 109.15 3.85
    endloop
  endfacet
  facet normal 0 0 1
    outer loop
      vertex 113.35 48 3.85
      vertex 23.7443 18.8107 3.85
      vertex 24.0849 17.9886 3.85
    endloop
  endfacet
  facet normal 0 0 1
    outer loop
      vertex 97.6863 108.444 3.85
      vertex 22.3137 108.444 3.85
      vertex 98.2875 107.788 3.85
    endloop
  endfacet
  facet normal 0 0 1
    outer loop
      vertex 113.35 48 3.85
      vertex 23.3335 19.6 3.85
      vertex 23.7443 18.8107 3.85
    endloop
  endfacet
  facet normal 0 0 1
    outer loop
      vertex 21.7125 107.788 3.85
      vertex 98.2875 107.788 3.85
      vertex 22.3137 108.444 3.85
    endloop
  endfacet
  facet normal 0 0 1
    outer loop
      vertex 113.35 48 3.85
      vertex 22.8554 20.3505 3.85
      vertex 23.3335 19.6 3.85
    endloop
  endfacet
  facet normal 0 0 1
    outer loop
      vertex 98.2875 107.788 3.85
      vertex 21.7125 107.788 3.85
      vertex 113.35 48 3.85
    endloop
  endfacet
  facet normal 0 0 1
    outer loop
      vertex 113.35 48 3.85
      vertex 22.3137 21.0564 3.85
      vertex 22.8554 20.3505 3.85
    endloop
  endfacet
  facet normal 0 0 1
    outer loop
      vertex 6.65 48 3.85
      vertex 113.35 48 3.85
      vertex 21.7125 107.788 3.85
    endloop
  endfacet
  facet normal 0 0 1
    outer loop
      vertex 113.35 48 3.85
      vertex 21.7125 21.7125 3.85
      vertex 22.3137 21.0564 3.85
    endloop
  endfacet
  facet normal 0 0 1
    outer loop
      vertex 6.65 48 3.85
      vertex 21.7125 107.788 3.85
      vertex 21.0564 107.186 3.85
    endloop
  endfacet
  facet normal 0 0 1
    outer loop
      vertex 113.35 48 3.85
      vertex 6.65 48 3.85
      vertex 21.7125 21.7125 3.85
    endloop
  endfacet
  facet normal 0 0 1
    outer loop
      vertex 6.65 48 3.85
      vertex 21.0564 107.186 3.85
      vertex 20.3505 106.645 3.85
    endloop
  endfacet
  facet normal 0 0 1
    outer loop
      vertex 21.7125 21.7125 3.85
      vertex 6.65 48 3.85
      vertex 21.0564 22.3137 3.85
    endloop
  endfacet
  facet normal 0 0 1
    outer loop
      vertex 6.65 48 3.85
      vertex 20.3505 106.645 3.85
      vertex 19.6 106.167 3.85
    endloop
  endfacet
  facet normal 0 0 1
    outer loop
      vertex 21.0564 22.3137 3.85
      vertex 6.65 48 3.85
      vertex 20.3505 22.8554 3.85
    endloop
  endfacet
  facet normal 0 0 1
    outer loop
      vertex 6.65 48 3.85
      vertex 19.6 106.167 3.85
      vertex 18.8107 105.756 3.85
    endloop
  endfacet
  facet normal 0 0 1
    outer loop
      vertex 20.3505 22.8554 3.85
      vertex 6.65 48 3.85
      vertex 19.6 23.3335 3.85
    endloop
  endfacet
  facet normal 0 0 1
    outer loop
      vertex 6.6023 95.6376 3.85
      vertex 16.2712 104.955 3.85
      vertex 6.62873 95.7569 3.85
    endloop
  endfacet
  facet normal -0 0 1
    outer loop
      vertex 6.64467 47.878 3.85
      vertex 19.6 23.3335 3.85
      vertex 6.65 48 3.85
    endloop
  endfacet
  facet normal -0 0 1
    outer loop
      vertex 15.389 104.839 3.85
      vertex 6.62873 95.7569 3.85
      vertex 16.2712 104.955 3.85
    endloop
  endfacet
  facet normal 0 0 1
    outer loop
      vertex 19.6 23.3335 3.85
      vertex 6.64467 47.878 3.85
      vertex 18.8107 23.7443 3.85
    endloop
  endfacet
  facet normal 0 0 1
    outer loop
      vertex 6.62873 95.7569 3.85
      vertex 15.389 104.839 3.85
      vertex 6.64467 95.878 3.85
    endloop
  endfacet
  facet normal -0 0 1
    outer loop
      vertex 6.62873 47.7569 3.85
      vertex 18.8107 23.7443 3.85
      vertex 6.64467 47.878 3.85
    endloop
  endfacet
  facet normal 0 0 1
    outer loop
      vertex 6.64467 95.878 3.85
      vertex 15.389 104.839 3.85
      vertex 6.65 96 3.85
    endloop
  endfacet
  facet normal -0 0 1
    outer loop
      vertex 6.6023 47.6377 3.85
      vertex 18.8107 23.7443 3.85
      vertex 6.62873 47.7569 3.85
    endloop
  endfacet
  facet normal 0 0 1
    outer loop
      vertex 6.65 96 3.85
      vertex 15.389 104.839 3.85
      vertex 14.5 104.8 3.85
    endloop
  endfacet
  facet normal 0 0 1
    outer loop
      vertex 18.8107 23.7443 3.85
      vertex 6.6023 47.6377 3.85
      vertex 17.9886 24.0849 3.85
    endloop
  endfacet
  facet normal 0 0 1
    outer loop
      vertex 6.62873 96.2431 3.85
      vertex 14.5 104.8 3.85
      vertex 13.611 104.839 3.85
    endloop
  endfacet
  facet normal -0 0 1
    outer loop
      vertex 6.56557 47.5212 3.85
      vertex 17.9886 24.0849 3.85
      vertex 6.6023 47.6377 3.85
    endloop
  endfacet
  facet normal 0 0 1
    outer loop
      vertex 6.56557 96.4788 3.85
      vertex 13.611 104.839 3.85
      vertex 12.7288 104.955 3.85
    endloop
  endfacet
  facet normal 0 0 1
    outer loop
      vertex 17.9886 24.0849 3.85
      vertex 6.56557 47.5212 3.85
      vertex 17.14 24.3524 3.85
    endloop
  endfacet
  facet normal 0 0 1
    outer loop
      vertex 6.46243 96.7 3.85
      vertex 12.7288 104.955 3.85
      vertex 11.86 105.148 3.85
    endloop
  endfacet
  facet normal -0 0 1
    outer loop
      vertex 6.51883 47.4083 3.85
      vertex 17.14 24.3524 3.85
      vertex 6.56557 47.5212 3.85
    endloop
  endfacet
  facet normal 0 0 1
    outer loop
      vertex 6.23995 96.99 3.85
      vertex 11.86 105.148 3.85
      vertex 11.0114 105.415 3.85
    endloop
  endfacet
  facet normal -0 0 1
    outer loop
      vertex 6.46243 47.3 3.85
      vertex 17.14 24.3524 3.85
      vertex 6.51883 47.4083 3.85
    endloop
  endfacet
  facet normal 0 0 1
    outer loop
      vertex 6.05301 97.1468 3.85
      vertex 11.0114 105.415 3.85
      vertex 10.1893 105.756 3.85
    endloop
  endfacet
  facet normal 0 0 1
    outer loop
      vertex 17.14 24.3524 3.85
      vertex 6.46243 47.3 3.85
      vertex 16.2712 24.545 3.85
    endloop
  endfacet
  facet normal 0 0 1
    outer loop
      vertex 5.84167 97.2688 3.85
      vertex 10.1893 105.756 3.85
      vertex 9.4 106.167 3.85
    endloop
  endfacet
  facet normal -0 0 1
    outer loop
      vertex 6.39681 47.197 3.85
      vertex 16.2712 24.545 3.85
      vertex 6.46243 47.3 3.85
    endloop
  endfacet
  facet normal 0 0 1
    outer loop
      vertex 5.49311 97.3787 3.85
      vertex 9.4 106.167 3.85
      vertex 8.64952 106.645 3.85
    endloop
  endfacet
  facet normal 0 0 1
    outer loop
      vertex 16.2712 24.545 3.85
      vertex 6.39681 47.197 3.85
      vertex 15.389 24.6612 3.85
    endloop
  endfacet
  facet normal 0 0 1
    outer loop
      vertex 5.25 97.4 3.85
      vertex 8.64952 106.645 3.85
      vertex 7.94357 107.186 3.85
    endloop
  endfacet
  facet normal -0 0 1
    outer loop
      vertex 6.32246 47.1001 3.85
      vertex 15.389 24.6612 3.85
      vertex 6.39681 47.197 3.85
    endloop
  endfacet
  facet normal 0 0 1
    outer loop
      vertex 5.00689 97.3787 3.85
      vertex 7.94357 107.186 3.85
      vertex 7.28751 107.788 3.85
    endloop
  endfacet
  facet normal -0 0 1
    outer loop
      vertex 6.23995 47.01 3.85
      vertex 15.389 24.6612 3.85
      vertex 6.32246 47.1001 3.85
    endloop
  endfacet
  facet normal 0 0 1
    outer loop
      vertex 4.65833 97.2688 3.85
      vertex 7.28751 107.788 3.85
      vertex 6.68635 108.444 3.85
    endloop
  endfacet
  facet normal -0 0 1
    outer loop
      vertex 16.2712 104.955 3.85
      vertex 6.6023 95.6376 3.85
      vertex 17.14 105.148 3.85
    endloop
  endfacet
  facet normal 0 0 1
    outer loop
      vertex 15.389 24.6612 3.85
      vertex 6.23995 47.01 3.85
      vertex 14.5 24.7 3.85
    endloop
  endfacet
  facet normal 0 0 1
    outer loop
      vertex 14.5 104.8 3.85
      vertex 6.64467 96.122 3.85
      vertex 6.65 96 3.85
    endloop
  endfacet
  facet normal 0 0 1
    outer loop
      vertex 14.5 104.8 3.85
      vertex 6.62873 96.2431 3.85
      vertex 6.64467 96.122 3.85
    endloop
  endfacet
  facet normal 0 0 1
    outer loop
      vertex 13.611 104.839 3.85
      vertex 6.6023 96.3624 3.85
      vertex 6.62873 96.2431 3.85
    endloop
  endfacet
  facet normal 0 0 1
    outer loop
      vertex 13.611 104.839 3.85
      vertex 6.56557 96.4788 3.85
      vertex 6.6023 96.3624 3.85
    endloop
  endfacet
  facet normal 0 0 1
    outer loop
      vertex 12.7288 104.955 3.85
      vertex 6.51883 96.5917 3.85
      vertex 6.56557 96.4788 3.85
    endloop
  endfacet
  facet normal 0 0 1
    outer loop
      vertex 12.7288 104.955 3.85
      vertex 6.46243 96.7 3.85
      vertex 6.51883 96.5917 3.85
    endloop
  endfacet
  facet normal 0 0 1
    outer loop
      vertex 11.86 105.148 3.85
      vertex 6.39681 96.803 3.85
      vertex 6.46243 96.7 3.85
    endloop
  endfacet
  facet normal 0 0 1
    outer loop
      vertex 11.86 105.148 3.85
      vertex 6.32246 96.8999 3.85
      vertex 6.39681 96.803 3.85
    endloop
  endfacet
  facet normal 0 0 1
    outer loop
      vertex 11.86 105.148 3.85
      vertex 6.23995 96.99 3.85
      vertex 6.32246 96.8999 3.85
    endloop
  endfacet
  facet normal 0 0 1
    outer loop
      vertex 11.0114 105.415 3.85
      vertex 6.1499 97.0725 3.85
      vertex 6.23995 96.99 3.85
    endloop
  endfacet
  facet normal 0 0 1
    outer loop
      vertex 4.44699 97.1468 3.85
      vertex 6.68635 108.444 3.85
      vertex 6.14465 109.15 3.85
    endloop
  endfacet
  facet normal 0 0 1
    outer loop
      vertex 11.0114 105.415 3.85
      vertex 6.05301 97.1468 3.85
      vertex 6.1499 97.0725 3.85
    endloop
  endfacet
  facet normal 0 0 1
    outer loop
      vertex 10.1893 105.756 3.85
      vertex 5.95 97.2124 3.85
      vertex 6.05301 97.1468 3.85
    endloop
  endfacet
  facet normal 0 0 1
    outer loop
      vertex 10.1893 105.756 3.85
      vertex 5.84167 97.2688 3.85
      vertex 5.95 97.2124 3.85
    endloop
  endfacet
  facet normal 0 0 1
    outer loop
      vertex 9.4 106.167 3.85
      vertex 5.72883 97.3156 3.85
      vertex 5.84167 97.2688 3.85
    endloop
  endfacet
  facet normal 0 0 1
    outer loop
      vertex 4.3501 97.0725 3.85
      vertex 6.14465 109.15 3.85
      vertex 5.66654 109.9 3.85
    endloop
  endfacet
  facet normal 0 0 1
    outer loop
      vertex 9.4 106.167 3.85
      vertex 5.61235 97.3523 3.85
      vertex 5.72883 97.3156 3.85
    endloop
  endfacet
  facet normal 0 0 1
    outer loop
      vertex 9.4 106.167 3.85
      vertex 5.49311 97.3787 3.85
      vertex 5.61235 97.3523 3.85
    endloop
  endfacet
  facet normal 0 0 1
    outer loop
      vertex 8.64952 106.645 3.85
      vertex 5.37202 97.3947 3.85
      vertex 5.49311 97.3787 3.85
    endloop
  endfacet
  facet normal 0 0 1
    outer loop
      vertex 4.17754 96.8999 3.85
      vertex 5.66654 109.9 3.85
      vertex 5.25566 110.689 3.85
    endloop
  endfacet
  facet normal 0 0 1
    outer loop
      vertex 8.64952 106.645 3.85
      vertex 5.25 97.4 3.85
      vertex 5.37202 97.3947 3.85
    endloop
  endfacet
  facet normal 0 0 1
    outer loop
      vertex 7.94357 107.186 3.85
      vertex 5.12798 97.3947 3.85
      vertex 5.25 97.4 3.85
    endloop
  endfacet
  facet normal 0 0 1
    outer loop
      vertex 7.94357 107.186 3.85
      vertex 5.00689 97.3787 3.85
      vertex 5.12798 97.3947 3.85
    endloop
  endfacet
  facet normal 0 0 1
    outer loop
      vertex 4.03756 96.7 3.85
      vertex 5.25566 110.689 3.85
      vertex 4.91513 111.511 3.85
    endloop
  endfacet
  facet normal 0 0 1
    outer loop
      vertex 7.28751 107.788 3.85
      vertex 4.88765 97.3523 3.85
      vertex 5.00689 97.3787 3.85
    endloop
  endfacet
  facet normal 0 0 1
    outer loop
      vertex 7.28751 107.788 3.85
      vertex 4.77117 97.3156 3.85
      vertex 4.88765 97.3523 3.85
    endloop
  endfacet
  facet normal 0 0 1
    outer loop
      vertex 7.28751 107.788 3.85
      vertex 4.65833 97.2688 3.85
      vertex 4.77117 97.3156 3.85
    endloop
  endfacet
  facet normal 0 0 1
    outer loop
      vertex 1.45 117.5 3.85
      vertex 4.91513 111.511 3.85
      vertex 4.64756 112.36 3.85
    endloop
  endfacet
  facet normal 0 0 1
    outer loop
      vertex 6.68635 108.444 3.85
      vertex 4.55 97.2124 3.85
      vertex 4.65833 97.2688 3.85
    endloop
  endfacet
  facet normal 0 0 1
    outer loop
      vertex 1.45 117.5 3.85
      vertex 4.64756 112.36 3.85
      vertex 4.45496 113.229 3.85
    endloop
  endfacet
  facet normal 0 0 1
    outer loop
      vertex 6.68635 108.444 3.85
      vertex 4.44699 97.1468 3.85
      vertex 4.55 97.2124 3.85
    endloop
  endfacet
  facet normal 0 0 1
    outer loop
      vertex 6.14465 109.15 3.85
      vertex 4.3501 97.0725 3.85
      vertex 4.44699 97.1468 3.85
    endloop
  endfacet
  facet normal 0 0 1
    outer loop
      vertex 1.45 117.5 3.85
      vertex 4.45496 113.229 3.85
      vertex 4.33881 114.111 3.85
    endloop
  endfacet
  facet normal 0 0 1
    outer loop
      vertex 1.45 117.5 3.85
      vertex 4.33881 114.111 3.85
      vertex 4.3 115 3.85
    endloop
  endfacet
  facet normal 0 0 1
    outer loop
      vertex 5.66654 109.9 3.85
      vertex 4.26005 96.99 3.85
      vertex 4.3501 97.0725 3.85
    endloop
  endfacet
  facet normal -0 0 1
    outer loop
      vertex 6.1499 46.9275 3.85
      vertex 14.5 24.7 3.85
      vertex 6.23995 47.01 3.85
    endloop
  endfacet
  facet normal -0 0 1
    outer loop
      vertex 6.05301 46.8532 3.85
      vertex 14.5 24.7 3.85
      vertex 6.1499 46.9275 3.85
    endloop
  endfacet
  facet normal 0 0 1
    outer loop
      vertex 14.5 24.7 3.85
      vertex 6.05301 46.8532 3.85
      vertex 13.611 24.6612 3.85
    endloop
  endfacet
  facet normal -0 0 1
    outer loop
      vertex 5.95 46.7876 3.85
      vertex 13.611 24.6612 3.85
      vertex 6.05301 46.8532 3.85
    endloop
  endfacet
  facet normal 0 0 1
    outer loop
      vertex 13.611 24.6612 3.85
      vertex 5.95 46.7876 3.85
      vertex 12.7288 24.545 3.85
    endloop
  endfacet
  facet normal -0 0 1
    outer loop
      vertex 5.84167 46.7312 3.85
      vertex 12.7288 24.545 3.85
      vertex 5.95 46.7876 3.85
    endloop
  endfacet
  facet normal -0 0 1
    outer loop
      vertex 5.72883 46.6844 3.85
      vertex 12.7288 24.545 3.85
      vertex 5.84167 46.7312 3.85
    endloop
  endfacet
  facet normal 0 0 1
    outer loop
      vertex 12.7288 24.545 3.85
      vertex 5.72883 46.6844 3.85
      vertex 11.86 24.3524 3.85
    endloop
  endfacet
  facet normal -0 0 1
    outer loop
      vertex 5.61235 46.6477 3.85
      vertex 11.86 24.3524 3.85
      vertex 5.72883 46.6844 3.85
    endloop
  endfacet
  facet normal -0 0 1
    outer loop
      vertex 5.49311 46.6213 3.85
      vertex 11.86 24.3524 3.85
      vertex 5.61235 46.6477 3.85
    endloop
  endfacet
  facet normal 0 0 1
    outer loop
      vertex 11.86 24.3524 3.85
      vertex 5.49311 46.6213 3.85
      vertex 11.0114 24.0849 3.85
    endloop
  endfacet
  facet normal -0 0 1
    outer loop
      vertex 5.37202 46.6053 3.85
      vertex 11.0114 24.0849 3.85
      vertex 5.49311 46.6213 3.85
    endloop
  endfacet
  facet normal 0 0 1
    outer loop
      vertex 11.0114 24.0849 3.85
      vertex 5.37202 46.6053 3.85
      vertex 10.1893 23.7443 3.85
    endloop
  endfacet
  facet normal -0 0 1
    outer loop
      vertex 5.25 46.6 3.85
      vertex 10.1893 23.7443 3.85
      vertex 5.37202 46.6053 3.85
    endloop
  endfacet
  facet normal 0 0 1
    outer loop
      vertex 5.12798 46.6053 3.85
      vertex 10.1893 23.7443 3.85
      vertex 5.25 46.6 3.85
    endloop
  endfacet
  facet normal 0 0 1
    outer loop
      vertex 10.1893 23.7443 3.85
      vertex 5.12798 46.6053 3.85
      vertex 9.4 23.3335 3.85
    endloop
  endfacet
  facet normal 0 0 1
    outer loop
      vertex 5.00689 46.6213 3.85
      vertex 9.4 23.3335 3.85
      vertex 5.12798 46.6053 3.85
    endloop
  endfacet
  facet normal 0 0 1
    outer loop
      vertex 9.4 23.3335 3.85
      vertex 5.00689 46.6213 3.85
      vertex 8.64952 22.8554 3.85
    endloop
  endfacet
  facet normal 0 0 1
    outer loop
      vertex 4.88765 46.6477 3.85
      vertex 8.64952 22.8554 3.85
      vertex 5.00689 46.6213 3.85
    endloop
  endfacet
  facet normal 0 0 1
    outer loop
      vertex 4.77117 46.6844 3.85
      vertex 8.64952 22.8554 3.85
      vertex 4.88765 46.6477 3.85
    endloop
  endfacet
  facet normal 0 0 1
    outer loop
      vertex 8.64952 22.8554 3.85
      vertex 4.77117 46.6844 3.85
      vertex 7.94357 22.3137 3.85
    endloop
  endfacet
  facet normal 0 0 1
    outer loop
      vertex 4.65833 46.7312 3.85
      vertex 7.94357 22.3137 3.85
      vertex 4.77117 46.6844 3.85
    endloop
  endfacet
  facet normal 0 0 1
    outer loop
      vertex 4.55 46.7876 3.85
      vertex 7.94357 22.3137 3.85
      vertex 4.65833 46.7312 3.85
    endloop
  endfacet
  facet normal 0 0 1
    outer loop
      vertex 7.94357 22.3137 3.85
      vertex 4.55 46.7876 3.85
      vertex 7.28751 21.7125 3.85
    endloop
  endfacet
  facet normal 0 0 1
    outer loop
      vertex 4.44699 46.8532 3.85
      vertex 7.28751 21.7125 3.85
      vertex 4.55 46.7876 3.85
    endloop
  endfacet
  facet normal 0 0 1
    outer loop
      vertex 7.28751 21.7125 3.85
      vertex 4.44699 46.8532 3.85
      vertex 6.68635 21.0564 3.85
    endloop
  endfacet
  facet normal 0 0 1
    outer loop
      vertex 4.3501 46.9275 3.85
      vertex 6.68635 21.0564 3.85
      vertex 4.44699 46.8532 3.85
    endloop
  endfacet
  facet normal 0 0 1
    outer loop
      vertex 4.26005 47.01 3.85
      vertex 6.68635 21.0564 3.85
      vertex 4.3501 46.9275 3.85
    endloop
  endfacet
  facet normal 0 0 1
    outer loop
      vertex 6.68635 21.0564 3.85
      vertex 4.26005 47.01 3.85
      vertex 6.14465 20.3505 3.85
    endloop
  endfacet
  facet normal 0 0 1
    outer loop
      vertex 4.17754 47.1001 3.85
      vertex 6.14465 20.3505 3.85
      vertex 4.26005 47.01 3.85
    endloop
  endfacet
  facet normal 0 0 1
    outer loop
      vertex 6.14465 20.3505 3.85
      vertex 4.17754 47.1001 3.85
      vertex 5.66654 19.6 3.85
    endloop
  endfacet
  facet normal 0 0 1
    outer loop
      vertex 4.10319 47.197 3.85
      vertex 5.66654 19.6 3.85
      vertex 4.17754 47.1001 3.85
    endloop
  endfacet
  facet normal 0 0 1
    outer loop
      vertex 5.66654 19.6 3.85
      vertex 4.10319 47.197 3.85
      vertex 5.25566 18.8107 3.85
    endloop
  endfacet
  facet normal 0 0 1
    outer loop
      vertex 4.03756 47.3 3.85
      vertex 5.25566 18.8107 3.85
      vertex 4.10319 47.197 3.85
    endloop
  endfacet
  facet normal 0 0 1
    outer loop
      vertex 1.45 12 3.85
      vertex 5.25566 18.8107 3.85
      vertex 4.03756 47.3 3.85
    endloop
  endfacet
  facet normal 0 0 1
    outer loop
      vertex 5.25566 18.8107 3.85
      vertex 1.45 12 3.85
      vertex 4.91513 17.9886 3.85
    endloop
  endfacet
  facet normal 0 0 1
    outer loop
      vertex 118.55 12 3.85
      vertex 115.661 15.389 3.85
      vertex 115.7 14.5 3.85
    endloop
  endfacet
  facet normal 0 0 1
    outer loop
      vertex 113.314 21.0564 3.85
      vertex 115.74 47.01 3.85
      vertex 115.65 46.9275 3.85
    endloop
  endfacet
  facet normal 0 0 1
    outer loop
      vertex 113.314 21.0564 3.85
      vertex 115.65 46.9275 3.85
      vertex 115.553 46.8532 3.85
    endloop
  endfacet
  facet normal 0 0 1
    outer loop
      vertex 115.822 47.1001 3.85
      vertex 115.545 16.2712 3.85
      vertex 115.661 15.389 3.85
    endloop
  endfacet
  facet normal 0 0 1
    outer loop
      vertex 112.712 21.7125 3.85
      vertex 115.553 46.8532 3.85
      vertex 115.45 46.7876 3.85
    endloop
  endfacet
  facet normal 0 0 1
    outer loop
      vertex 115.822 47.1001 3.85
      vertex 115.352 17.14 3.85
      vertex 115.545 16.2712 3.85
    endloop
  endfacet
  facet normal 0 0 1
    outer loop
      vertex 112.056 22.3137 3.85
      vertex 115.45 46.7876 3.85
      vertex 115.342 46.7312 3.85
    endloop
  endfacet
  facet normal 0 0 1
    outer loop
      vertex 112.056 22.3137 3.85
      vertex 115.342 46.7312 3.85
      vertex 115.229 46.6844 3.85
    endloop
  endfacet
  facet normal 0 0 1
    outer loop
      vertex 111.35 22.8554 3.85
      vertex 115.229 46.6844 3.85
      vertex 115.112 46.6477 3.85
    endloop
  endfacet
  facet normal 0 0 1
    outer loop
      vertex 115.822 47.1001 3.85
      vertex 115.085 17.9886 3.85
      vertex 115.352 17.14 3.85
    endloop
  endfacet
  facet normal 0 0 1
    outer loop
      vertex 111.35 22.8554 3.85
      vertex 115.112 46.6477 3.85
      vertex 114.993 46.6213 3.85
    endloop
  endfacet
  facet normal 0 0 1
    outer loop
      vertex 110.6 23.3335 3.85
      vertex 114.993 46.6213 3.85
      vertex 114.872 46.6053 3.85
    endloop
  endfacet
  facet normal 0 0 1
    outer loop
      vertex 109.811 23.7443 3.85
      vertex 114.872 46.6053 3.85
      vertex 114.75 46.6 3.85
    endloop
  endfacet
  facet normal 0 0 1
    outer loop
      vertex 115.822 47.1001 3.85
      vertex 114.744 18.8107 3.85
      vertex 115.085 17.9886 3.85
    endloop
  endfacet
  facet normal 0 0 1
    outer loop
      vertex 109.811 23.7443 3.85
      vertex 114.75 46.6 3.85
      vertex 114.628 46.6053 3.85
    endloop
  endfacet
  facet normal 0 0 1
    outer loop
      vertex 108.989 24.0849 3.85
      vertex 114.628 46.6053 3.85
      vertex 114.507 46.6213 3.85
    endloop
  endfacet
  facet normal 0 0 1
    outer loop
      vertex 108.14 24.3524 3.85
      vertex 114.507 46.6213 3.85
      vertex 114.388 46.6477 3.85
    endloop
  endfacet
  facet normal 0 0 1
    outer loop
      vertex 115.822 47.1001 3.85
      vertex 114.333 19.6 3.85
      vertex 114.744 18.8107 3.85
    endloop
  endfacet
  facet normal 0 0 1
    outer loop
      vertex 108.14 24.3524 3.85
      vertex 114.388 46.6477 3.85
      vertex 114.271 46.6844 3.85
    endloop
  endfacet
  facet normal 0 0 1
    outer loop
      vertex 107.271 24.545 3.85
      vertex 114.271 46.6844 3.85
      vertex 114.158 46.7312 3.85
    endloop
  endfacet
  facet normal 0 0 1
    outer loop
      vertex 107.271 24.545 3.85
      vertex 114.158 46.7312 3.85
      vertex 114.05 46.7876 3.85
    endloop
  endfacet
  facet normal 0 0 1
    outer loop
      vertex 106.389 24.6612 3.85
      vertex 114.05 46.7876 3.85
      vertex 113.947 46.8532 3.85
    endloop
  endfacet
  facet normal 0 0 1
    outer loop
      vertex 115.822 47.1001 3.85
      vertex 113.855 20.3505 3.85
      vertex 114.333 19.6 3.85
    endloop
  endfacet
  facet normal 0 0 1
    outer loop
      vertex 105.5 24.7 3.85
      vertex 113.947 46.8532 3.85
      vertex 113.85 46.9275 3.85
    endloop
  endfacet
  facet normal 0 0 1
    outer loop
      vertex 105.5 24.7 3.85
      vertex 113.85 46.9275 3.85
      vertex 113.76 47.01 3.85
    endloop
  endfacet
  facet normal 0 0 1
    outer loop
      vertex 104.611 24.6612 3.85
      vertex 113.76 47.01 3.85
      vertex 113.678 47.1001 3.85
    endloop
  endfacet
  facet normal 0 0 1
    outer loop
      vertex 104.611 24.6612 3.85
      vertex 113.678 47.1001 3.85
      vertex 113.603 47.197 3.85
    endloop
  endfacet
  facet normal 0 0 1
    outer loop
      vertex 103.729 24.545 3.85
      vertex 113.603 47.197 3.85
      vertex 113.538 47.3 3.85
    endloop
  endfacet
  facet normal 0 0 1
    outer loop
      vertex 102.86 24.3524 3.85
      vertex 113.538 47.3 3.85
      vertex 113.481 47.4083 3.85
    endloop
  endfacet
  facet normal 0 0 1
    outer loop
      vertex 102.86 24.3524 3.85
      vertex 113.481 47.4083 3.85
      vertex 113.434 47.5212 3.85
    endloop
  endfacet
  facet normal 0 0 1
    outer loop
      vertex 102.011 24.0849 3.85
      vertex 113.434 47.5212 3.85
      vertex 113.398 47.6377 3.85
    endloop
  endfacet
  facet normal 0 0 1
    outer loop
      vertex 101.189 23.7443 3.85
      vertex 113.398 47.6377 3.85
      vertex 113.371 47.7569 3.85
    endloop
  endfacet
  facet normal 0 0 1
    outer loop
      vertex 101.189 23.7443 3.85
      vertex 113.371 47.7569 3.85
      vertex 113.355 47.878 3.85
    endloop
  endfacet
  facet normal 0 0 1
    outer loop
      vertex 100.4 23.3335 3.85
      vertex 113.355 47.878 3.85
      vertex 113.35 48 3.85
    endloop
  endfacet
  facet normal 0 0 1
    outer loop
      vertex 115.74 47.01 3.85
      vertex 113.314 21.0564 3.85
      vertex 113.855 20.3505 3.85
    endloop
  endfacet
  facet normal -0 0 1
    outer loop
      vertex 107.271 104.955 3.85
      vertex 113.538 96.7 3.85
      vertex 108.14 105.148 3.85
    endloop
  endfacet
  facet normal 0 0 1
    outer loop
      vertex 113.538 96.7 3.85
      vertex 107.271 104.955 3.85
      vertex 113.481 96.5917 3.85
    endloop
  endfacet
  facet normal 0 0 1
    outer loop
      vertex 115.553 46.8532 3.85
      vertex 112.712 21.7125 3.85
      vertex 113.314 21.0564 3.85
    endloop
  endfacet
  facet normal 0 0 1
    outer loop
      vertex 113.481 96.5917 3.85
      vertex 107.271 104.955 3.85
      vertex 113.434 96.4788 3.85
    endloop
  endfacet
  facet normal 0 0 1
    outer loop
      vertex 115.45 46.7876 3.85
      vertex 112.056 22.3137 3.85
      vertex 112.712 21.7125 3.85
    endloop
  endfacet
  facet normal -0 0 1
    outer loop
      vertex 106.389 104.839 3.85
      vertex 113.434 96.4788 3.85
      vertex 107.271 104.955 3.85
    endloop
  endfacet
  facet normal 0 0 1
    outer loop
      vertex 115.229 46.6844 3.85
      vertex 111.35 22.8554 3.85
      vertex 112.056 22.3137 3.85
    endloop
  endfacet
  facet normal 0 0 1
    outer loop
      vertex 113.434 96.4788 3.85
      vertex 106.389 104.839 3.85
      vertex 113.398 96.3624 3.85
    endloop
  endfacet
  facet normal 0 0 1
    outer loop
      vertex 114.993 46.6213 3.85
      vertex 110.6 23.3335 3.85
      vertex 111.35 22.8554 3.85
    endloop
  endfacet
  facet normal 0 0 1
    outer loop
      vertex 113.398 96.3624 3.85
      vertex 106.389 104.839 3.85
      vertex 113.371 96.2431 3.85
    endloop
  endfacet
  facet normal 0 0 1
    outer loop
      vertex 114.872 46.6053 3.85
      vertex 109.811 23.7443 3.85
      vertex 110.6 23.3335 3.85
    endloop
  endfacet
  facet normal -0 0 1
    outer loop
      vertex 105.5 104.8 3.85
      vertex 113.371 96.2431 3.85
      vertex 106.389 104.839 3.85
    endloop
  endfacet
  facet normal 0 0 1
    outer loop
      vertex 114.628 46.6053 3.85
      vertex 108.989 24.0849 3.85
      vertex 109.811 23.7443 3.85
    endloop
  endfacet
  facet normal 0 0 1
    outer loop
      vertex 113.371 96.2431 3.85
      vertex 105.5 104.8 3.85
      vertex 113.355 96.122 3.85
    endloop
  endfacet
  facet normal 0 0 1
    outer loop
      vertex 114.507 46.6213 3.85
      vertex 108.14 24.3524 3.85
      vertex 108.989 24.0849 3.85
    endloop
  endfacet
  facet normal 0 0 1
    outer loop
      vertex 113.355 96.122 3.85
      vertex 105.5 104.8 3.85
      vertex 113.35 96 3.85
    endloop
  endfacet
  facet normal 0 0 1
    outer loop
      vertex 114.271 46.6844 3.85
      vertex 107.271 24.545 3.85
      vertex 108.14 24.3524 3.85
    endloop
  endfacet
  facet normal 0 0 1
    outer loop
      vertex 104.611 104.839 3.85
      vertex 113.35 96 3.85
      vertex 105.5 104.8 3.85
    endloop
  endfacet
  facet normal 0 0 1
    outer loop
      vertex 114.05 46.7876 3.85
      vertex 106.389 24.6612 3.85
      vertex 107.271 24.545 3.85
    endloop
  endfacet
  facet normal 0 0 1
    outer loop
      vertex 103.729 104.955 3.85
      vertex 113.35 96 3.85
      vertex 104.611 104.839 3.85
    endloop
  endfacet
  facet normal 0 0 1
    outer loop
      vertex 113.947 46.8532 3.85
      vertex 105.5 24.7 3.85
      vertex 106.389 24.6612 3.85
    endloop
  endfacet
  facet normal 0 0 1
    outer loop
      vertex 102.86 105.148 3.85
      vertex 113.35 96 3.85
      vertex 103.729 104.955 3.85
    endloop
  endfacet
  facet normal 0 0 1
    outer loop
      vertex 113.76 47.01 3.85
      vertex 104.611 24.6612 3.85
      vertex 105.5 24.7 3.85
    endloop
  endfacet
  facet normal 0 0 1
    outer loop
      vertex 102.011 105.415 3.85
      vertex 113.35 96 3.85
      vertex 102.86 105.148 3.85
    endloop
  endfacet
  facet normal 0 0 1
    outer loop
      vertex 113.603 47.197 3.85
      vertex 103.729 24.545 3.85
      vertex 104.611 24.6612 3.85
    endloop
  endfacet
  facet normal 0 0 1
    outer loop
      vertex 101.189 105.756 3.85
      vertex 113.35 96 3.85
      vertex 102.011 105.415 3.85
    endloop
  endfacet
  facet normal 0 0 1
    outer loop
      vertex 113.538 47.3 3.85
      vertex 102.86 24.3524 3.85
      vertex 103.729 24.545 3.85
    endloop
  endfacet
  facet normal 0 0 1
    outer loop
      vertex 113.35 96 3.85
      vertex 101.189 105.756 3.85
      vertex 113.35 48 3.85
    endloop
  endfacet
  facet normal 0 0 1
    outer loop
      vertex 113.434 47.5212 3.85
      vertex 102.011 24.0849 3.85
      vertex 102.86 24.3524 3.85
    endloop
  endfacet
  facet normal 0 0 1
    outer loop
      vertex 100.4 106.167 3.85
      vertex 113.35 48 3.85
      vertex 101.189 105.756 3.85
    endloop
  endfacet
  facet normal 0 0 1
    outer loop
      vertex 113.398 47.6377 3.85
      vertex 101.189 23.7443 3.85
      vertex 102.011 24.0849 3.85
    endloop
  endfacet
  facet normal 0 0 1
    outer loop
      vertex 99.6495 106.645 3.85
      vertex 113.35 48 3.85
      vertex 100.4 106.167 3.85
    endloop
  endfacet
  facet normal 0 0 1
    outer loop
      vertex 113.355 47.878 3.85
      vertex 100.4 23.3335 3.85
      vertex 101.189 23.7443 3.85
    endloop
  endfacet
  facet normal 0 0 1
    outer loop
      vertex 98.9436 107.186 3.85
      vertex 113.35 48 3.85
      vertex 99.6495 106.645 3.85
    endloop
  endfacet
  facet normal 0 0 1
    outer loop
      vertex 113.35 48 3.85
      vertex 99.6495 22.8554 3.85
      vertex 100.4 23.3335 3.85
    endloop
  endfacet
  facet normal 0 0 1
    outer loop
      vertex 98.2875 107.788 3.85
      vertex 113.35 48 3.85
      vertex 98.9436 107.186 3.85
    endloop
  endfacet
  facet normal 0 0 1
    outer loop
      vertex 113.35 48 3.85
      vertex 98.9436 22.3137 3.85
      vertex 99.6495 22.8554 3.85
    endloop
  endfacet
  facet normal 0 0 1
    outer loop
      vertex 23.7443 110.689 3.85
      vertex 96.2557 110.689 3.85
      vertex 24.0849 111.511 3.85
    endloop
  endfacet
  facet normal 0 0 1
    outer loop
      vertex 113.35 48 3.85
      vertex 98.2875 21.7125 3.85
      vertex 98.9436 22.3137 3.85
    endloop
  endfacet
  facet normal 0 0 1
    outer loop
      vertex 95.9151 111.511 3.85
      vertex 24.0849 111.511 3.85
      vertex 96.2557 110.689 3.85
    endloop
  endfacet
  facet normal 0 0 1
    outer loop
      vertex 96.2557 110.689 3.85
      vertex 23.7443 110.689 3.85
      vertex 96.6665 109.9 3.85
    endloop
  endfacet
  facet normal 0 0 1
    outer loop
      vertex 24.0849 111.511 3.85
      vertex 95.9151 111.511 3.85
      vertex 24.3524 112.36 3.85
    endloop
  endfacet
  facet normal 0 0 1
    outer loop
      vertex 113.35 48 3.85
      vertex 24.7 14.5 3.85
      vertex 98.2875 21.7125 3.85
    endloop
  endfacet
  facet normal 0 0 1
    outer loop
      vertex 95.6476 112.36 3.85
      vertex 24.3524 112.36 3.85
      vertex 95.9151 111.511 3.85
    endloop
  endfacet
  facet normal 0 0 1
    outer loop
      vertex 98.2875 21.7125 3.85
      vertex 24.7 14.5 3.85
      vertex 97.6863 21.0564 3.85
    endloop
  endfacet
  facet normal 0 0 1
    outer loop
      vertex 24.3524 112.36 3.85
      vertex 95.6476 112.36 3.85
      vertex 24.545 113.229 3.85
    endloop
  endfacet
  facet normal 0 0 1
    outer loop
      vertex 97.6863 21.0564 3.85
      vertex 24.7 14.5 3.85
      vertex 97.1446 20.3505 3.85
    endloop
  endfacet
  facet normal 0 0 1
    outer loop
      vertex 95.455 113.229 3.85
      vertex 24.545 113.229 3.85
      vertex 95.6476 112.36 3.85
    endloop
  endfacet
  facet normal 0 0 1
    outer loop
      vertex 97.1446 20.3505 3.85
      vertex 24.7 14.5 3.85
      vertex 96.6665 19.6 3.85
    endloop
  endfacet
  facet normal 0 0 1
    outer loop
      vertex 24.545 113.229 3.85
      vertex 95.455 113.229 3.85
      vertex 24.6612 114.111 3.85
    endloop
  endfacet
  facet normal 0 0 1
    outer loop
      vertex 96.6665 19.6 3.85
      vertex 24.7 14.5 3.85
      vertex 96.2557 18.8107 3.85
    endloop
  endfacet
  facet normal 0 0 1
    outer loop
      vertex 95.3388 114.111 3.85
      vertex 24.6612 114.111 3.85
      vertex 95.455 113.229 3.85
    endloop
  endfacet
  facet normal 0 0 1
    outer loop
      vertex 96.2557 18.8107 3.85
      vertex 24.7 14.5 3.85
      vertex 95.9151 17.9886 3.85
    endloop
  endfacet
  facet normal 0 0 1
    outer loop
      vertex 24.6612 114.111 3.85
      vertex 95.3388 114.111 3.85
      vertex 24.7 115 3.85
    endloop
  endfacet
  facet normal 0 0 1
    outer loop
      vertex 95.9151 17.9886 3.85
      vertex 24.7 14.5 3.85
      vertex 95.6476 17.14 3.85
    endloop
  endfacet
  facet normal -0 0 1
    outer loop
      vertex 24.7 115 3.85
      vertex 95.3388 114.111 3.85
      vertex 95.3 115 3.85
    endloop
  endfacet
  facet normal 0 0 1
    outer loop
      vertex 95.6476 17.14 3.85
      vertex 24.7 14.5 3.85
      vertex 95.455 16.2712 3.85
    endloop
  endfacet
  facet normal 0 0 1
    outer loop
      vertex 116.145 48.122 3.85
      vertex 118.55 117.5 3.85
      vertex 116.145 95.878 3.85
    endloop
  endfacet
  facet normal 0 0 1
    outer loop
      vertex 118.55 117.5 3.85
      vertex 116.145 48.122 3.85
      vertex 116.15 48 3.85
    endloop
  endfacet
  facet normal -0 0 1
    outer loop
      vertex 116.129 95.7569 3.85
      vertex 116.145 48.122 3.85
      vertex 116.145 95.878 3.85
    endloop
  endfacet
  facet normal 0 0 1
    outer loop
      vertex 116.129 95.7569 3.85
      vertex 116.129 48.2431 3.85
      vertex 116.145 48.122 3.85
    endloop
  endfacet
  facet normal -0 0 1
    outer loop
      vertex 116.102 95.6376 3.85
      vertex 116.129 48.2431 3.85
      vertex 116.129 95.7569 3.85
    endloop
  endfacet
  facet normal 0 0 1
    outer loop
      vertex 116.102 95.6376 3.85
      vertex 116.102 48.3623 3.85
      vertex 116.129 48.2431 3.85
    endloop
  endfacet
  facet normal -0 0 1
    outer loop
      vertex 116.066 95.5212 3.85
      vertex 116.102 48.3623 3.85
      vertex 116.102 95.6376 3.85
    endloop
  endfacet
  facet normal 0 0 1
    outer loop
      vertex 116.066 95.5212 3.85
      vertex 116.066 48.4788 3.85
      vertex 116.102 48.3623 3.85
    endloop
  endfacet
  facet normal -0 0 1
    outer loop
      vertex 116.019 95.4083 3.85
      vertex 116.066 48.4788 3.85
      vertex 116.066 95.5212 3.85
    endloop
  endfacet
  facet normal 0 0 1
    outer loop
      vertex 116.019 95.4083 3.85
      vertex 116.019 48.5917 3.85
      vertex 116.066 48.4788 3.85
    endloop
  endfacet
  facet normal -0 0 1
    outer loop
      vertex 115.962 95.3 3.85
      vertex 116.019 48.5917 3.85
      vertex 116.019 95.4083 3.85
    endloop
  endfacet
  facet normal 0 0 1
    outer loop
      vertex 115.962 95.3 3.85
      vertex 115.962 48.7 3.85
      vertex 116.019 48.5917 3.85
    endloop
  endfacet
  facet normal -0 0 1
    outer loop
      vertex 115.897 95.197 3.85
      vertex 115.962 48.7 3.85
      vertex 115.962 95.3 3.85
    endloop
  endfacet
  facet normal 0 0 1
    outer loop
      vertex 115.897 95.197 3.85
      vertex 115.897 48.803 3.85
      vertex 115.962 48.7 3.85
    endloop
  endfacet
  facet normal -0 0 1
    outer loop
      vertex 115.822 95.1001 3.85
      vertex 115.897 48.803 3.85
      vertex 115.897 95.197 3.85
    endloop
  endfacet
  facet normal 0 0 1
    outer loop
      vertex 115.822 95.1001 3.85
      vertex 115.822 48.8999 3.85
      vertex 115.897 48.803 3.85
    endloop
  endfacet
  facet normal -0 0 1
    outer loop
      vertex 115.74 95.01 3.85
      vertex 115.822 48.8999 3.85
      vertex 115.822 95.1001 3.85
    endloop
  endfacet
  facet normal 0 0 1
    outer loop
      vertex 115.74 95.01 3.85
      vertex 115.74 48.9899 3.85
      vertex 115.822 48.8999 3.85
    endloop
  endfacet
  facet normal -0 0 1
    outer loop
      vertex 115.65 94.9275 3.85
      vertex 115.74 48.9899 3.85
      vertex 115.74 95.01 3.85
    endloop
  endfacet
  facet normal 0 0 1
    outer loop
      vertex 115.65 94.9275 3.85
      vertex 115.65 49.0725 3.85
      vertex 115.74 48.9899 3.85
    endloop
  endfacet
  facet normal -0 0 1
    outer loop
      vertex 115.553 94.8532 3.85
      vertex 115.65 49.0725 3.85
      vertex 115.65 94.9275 3.85
    endloop
  endfacet
  facet normal 0 0 1
    outer loop
      vertex 115.553 94.8532 3.85
      vertex 115.553 49.1468 3.85
      vertex 115.65 49.0725 3.85
    endloop
  endfacet
  facet normal -0 0 1
    outer loop
      vertex 115.45 94.7876 3.85
      vertex 115.553 49.1468 3.85
      vertex 115.553 94.8532 3.85
    endloop
  endfacet
  facet normal 0 0 1
    outer loop
      vertex 115.45 94.7876 3.85
      vertex 115.45 49.2124 3.85
      vertex 115.553 49.1468 3.85
    endloop
  endfacet
  facet normal -0 0 1
    outer loop
      vertex 115.342 94.7312 3.85
      vertex 115.45 49.2124 3.85
      vertex 115.45 94.7876 3.85
    endloop
  endfacet
  facet normal 0 0 1
    outer loop
      vertex 115.342 94.7312 3.85
      vertex 115.342 49.2688 3.85
      vertex 115.45 49.2124 3.85
    endloop
  endfacet
  facet normal -0 0 1
    outer loop
      vertex 115.229 94.6844 3.85
      vertex 115.342 49.2688 3.85
      vertex 115.342 94.7312 3.85
    endloop
  endfacet
  facet normal 0 0 1
    outer loop
      vertex 115.229 94.6844 3.85
      vertex 115.229 49.3156 3.85
      vertex 115.342 49.2688 3.85
    endloop
  endfacet
  facet normal -0 0 1
    outer loop
      vertex 115.112 94.6477 3.85
      vertex 115.229 49.3156 3.85
      vertex 115.229 94.6844 3.85
    endloop
  endfacet
  facet normal 0 0 1
    outer loop
      vertex 115.112 94.6477 3.85
      vertex 115.112 49.3523 3.85
      vertex 115.229 49.3156 3.85
    endloop
  endfacet
  facet normal -0 0 1
    outer loop
      vertex 114.993 94.6213 3.85
      vertex 115.112 49.3523 3.85
      vertex 115.112 94.6477 3.85
    endloop
  endfacet
  facet normal 0 0 1
    outer loop
      vertex 114.993 94.6213 3.85
      vertex 114.993 49.3787 3.85
      vertex 115.112 49.3523 3.85
    endloop
  endfacet
  facet normal -0 0 1
    outer loop
      vertex 114.872 94.6053 3.85
      vertex 114.993 49.3787 3.85
      vertex 114.993 94.6213 3.85
    endloop
  endfacet
  facet normal 0 0 1
    outer loop
      vertex 114.872 94.6053 3.85
      vertex 114.872 49.3947 3.85
      vertex 114.993 49.3787 3.85
    endloop
  endfacet
  facet normal -0 0 1
    outer loop
      vertex 114.75 94.6 3.85
      vertex 114.872 49.3947 3.85
      vertex 114.872 94.6053 3.85
    endloop
  endfacet
  facet normal 0 0 1
    outer loop
      vertex 114.75 94.6 3.85
      vertex 114.75 49.4 3.85
      vertex 114.872 49.3947 3.85
    endloop
  endfacet
  facet normal 0 0 1
    outer loop
      vertex 114.628 94.6053 3.85
      vertex 114.75 49.4 3.85
      vertex 114.75 94.6 3.85
    endloop
  endfacet
  facet normal 0 0 1
    outer loop
      vertex 114.628 94.6053 3.85
      vertex 114.628 49.3947 3.85
      vertex 114.75 49.4 3.85
    endloop
  endfacet
  facet normal 0 0 1
    outer loop
      vertex 114.507 94.6213 3.85
      vertex 114.628 49.3947 3.85
      vertex 114.628 94.6053 3.85
    endloop
  endfacet
  facet normal 0 0 1
    outer loop
      vertex 114.507 94.6213 3.85
      vertex 114.507 49.3787 3.85
      vertex 114.628 49.3947 3.85
    endloop
  endfacet
  facet normal 0 0 1
    outer loop
      vertex 114.388 94.6477 3.85
      vertex 114.507 49.3787 3.85
      vertex 114.507 94.6213 3.85
    endloop
  endfacet
  facet normal 0 0 1
    outer loop
      vertex 114.388 94.6477 3.85
      vertex 114.388 49.3523 3.85
      vertex 114.507 49.3787 3.85
    endloop
  endfacet
  facet normal 0 0 1
    outer loop
      vertex 114.271 94.6844 3.85
      vertex 114.388 49.3523 3.85
      vertex 114.388 94.6477 3.85
    endloop
  endfacet
  facet normal 0 0 1
    outer loop
      vertex 114.271 94.6844 3.85
      vertex 114.271 49.3156 3.85
      vertex 114.388 49.3523 3.85
    endloop
  endfacet
  facet normal 0 0 1
    outer loop
      vertex 114.158 94.7312 3.85
      vertex 114.271 49.3156 3.85
      vertex 114.271 94.6844 3.85
    endloop
  endfacet
  facet normal 0 0 1
    outer loop
      vertex 114.158 94.7312 3.85
      vertex 114.158 49.2688 3.85
      vertex 114.271 49.3156 3.85
    endloop
  endfacet
  facet normal 0 0 1
    outer loop
      vertex 114.05 94.7876 3.85
      vertex 114.158 49.2688 3.85
      vertex 114.158 94.7312 3.85
    endloop
  endfacet
  facet normal 0 0 1
    outer loop
      vertex 114.05 94.7876 3.85
      vertex 114.05 49.2124 3.85
      vertex 114.158 49.2688 3.85
    endloop
  endfacet
  facet normal 0 0 1
    outer loop
      vertex 113.947 94.8532 3.85
      vertex 114.05 49.2124 3.85
      vertex 114.05 94.7876 3.85
    endloop
  endfacet
  facet normal 0 0 1
    outer loop
      vertex 113.947 94.8532 3.85
      vertex 113.947 49.1468 3.85
      vertex 114.05 49.2124 3.85
    endloop
  endfacet
  facet normal 0 0 1
    outer loop
      vertex 113.85 94.9275 3.85
      vertex 113.947 49.1468 3.85
      vertex 113.947 94.8532 3.85
    endloop
  endfacet
  facet normal 0 0 1
    outer loop
      vertex 113.85 94.9275 3.85
      vertex 113.85 49.0725 3.85
      vertex 113.947 49.1468 3.85
    endloop
  endfacet
  facet normal 0 0 1
    outer loop
      vertex 113.76 95.01 3.85
      vertex 113.85 49.0725 3.85
      vertex 113.85 94.9275 3.85
    endloop
  endfacet
  facet normal 0 0 1
    outer loop
      vertex 113.76 95.01 3.85
      vertex 113.76 48.9899 3.85
      vertex 113.85 49.0725 3.85
    endloop
  endfacet
  facet normal 0 0 1
    outer loop
      vertex 113.678 95.1001 3.85
      vertex 113.76 48.9899 3.85
      vertex 113.76 95.01 3.85
    endloop
  endfacet
  facet normal 0 0 1
    outer loop
      vertex 113.678 95.1001 3.85
      vertex 113.678 48.8999 3.85
      vertex 113.76 48.9899 3.85
    endloop
  endfacet
  facet normal 0 0 1
    outer loop
      vertex 113.603 95.197 3.85
      vertex 113.678 48.8999 3.85
      vertex 113.678 95.1001 3.85
    endloop
  endfacet
  facet normal 0 0 1
    outer loop
      vertex 113.603 95.197 3.85
      vertex 113.603 48.803 3.85
      vertex 113.678 48.8999 3.85
    endloop
  endfacet
  facet normal 0 0 1
    outer loop
      vertex 113.538 95.3 3.85
      vertex 113.603 48.803 3.85
      vertex 113.603 95.197 3.85
    endloop
  endfacet
  facet normal 0 0 1
    outer loop
      vertex 113.538 95.3 3.85
      vertex 113.538 48.7 3.85
      vertex 113.603 48.803 3.85
    endloop
  endfacet
  facet normal 0 0 1
    outer loop
      vertex 113.481 95.4083 3.85
      vertex 113.538 48.7 3.85
      vertex 113.538 95.3 3.85
    endloop
  endfacet
  facet normal 0 0 1
    outer loop
      vertex 113.481 95.4083 3.85
      vertex 113.481 48.5917 3.85
      vertex 113.538 48.7 3.85
    endloop
  endfacet
  facet normal 0 0 1
    outer loop
      vertex 113.434 95.5212 3.85
      vertex 113.481 48.5917 3.85
      vertex 113.481 95.4083 3.85
    endloop
  endfacet
  facet normal 0 0 1
    outer loop
      vertex 113.434 95.5212 3.85
      vertex 113.434 48.4788 3.85
      vertex 113.481 48.5917 3.85
    endloop
  endfacet
  facet normal 0 0 1
    outer loop
      vertex 113.398 95.6376 3.85
      vertex 113.434 48.4788 3.85
      vertex 113.434 95.5212 3.85
    endloop
  endfacet
  facet normal 0 0 1
    outer loop
      vertex 113.398 95.6376 3.85
      vertex 113.398 48.3623 3.85
      vertex 113.434 48.4788 3.85
    endloop
  endfacet
  facet normal 0 0 1
    outer loop
      vertex 113.371 95.7569 3.85
      vertex 113.398 48.3623 3.85
      vertex 113.398 95.6376 3.85
    endloop
  endfacet
  facet normal 0 0 1
    outer loop
      vertex 113.371 95.7569 3.85
      vertex 113.371 48.2431 3.85
      vertex 113.398 48.3623 3.85
    endloop
  endfacet
  facet normal 0 0 1
    outer loop
      vertex 113.355 95.878 3.85
      vertex 113.371 48.2431 3.85
      vertex 113.371 95.7569 3.85
    endloop
  endfacet
  facet normal 0 0 1
    outer loop
      vertex 113.355 95.878 3.85
      vertex 113.355 48.122 3.85
      vertex 113.371 48.2431 3.85
    endloop
  endfacet
  facet normal 0 0 1
    outer loop
      vertex 113.35 96 3.85
      vertex 113.355 48.122 3.85
      vertex 113.355 95.878 3.85
    endloop
  endfacet
  facet normal 0 0 1
    outer loop
      vertex 113.355 48.122 3.85
      vertex 113.35 96 3.85
      vertex 113.35 48 3.85
    endloop
  endfacet
  facet normal -0 0 1
    outer loop
      vertex 115.352 117.64 3.85
      vertex 118.55 117.5 3.85
      vertex 118.51 118.419 3.85
    endloop
  endfacet
  facet normal 0 0 1
    outer loop
      vertex 118.55 117.5 3.85
      vertex 116.15 48 3.85
      vertex 118.55 12 3.85
    endloop
  endfacet
  facet normal -0 0 1
    outer loop
      vertex 115.085 118.489 3.85
      vertex 118.51 118.419 3.85
      vertex 118.39 119.332 3.85
    endloop
  endfacet
  facet normal -0 0 1
    outer loop
      vertex 116.145 47.878 3.85
      vertex 118.55 12 3.85
      vertex 116.15 48 3.85
    endloop
  endfacet
  facet normal 0 0 1
    outer loop
      vertex 115.085 118.489 3.85
      vertex 118.39 119.332 3.85
      vertex 118.191 120.231 3.85
    endloop
  endfacet
  facet normal -0 0 1
    outer loop
      vertex 116.129 47.7569 3.85
      vertex 118.55 12 3.85
      vertex 116.145 47.878 3.85
    endloop
  endfacet
  facet normal 0 0 1
    outer loop
      vertex 114.744 119.311 3.85
      vertex 118.191 120.231 3.85
      vertex 117.914 121.108 3.85
    endloop
  endfacet
  facet normal -0 0 1
    outer loop
      vertex 116.102 47.6377 3.85
      vertex 118.55 12 3.85
      vertex 116.129 47.7569 3.85
    endloop
  endfacet
  facet normal 0 0 1
    outer loop
      vertex 114.333 120.1 3.85
      vertex 117.914 121.108 3.85
      vertex 117.562 121.959 3.85
    endloop
  endfacet
  facet normal -0 0 1
    outer loop
      vertex 116.066 47.5212 3.85
      vertex 118.55 12 3.85
      vertex 116.102 47.6377 3.85
    endloop
  endfacet
  facet normal 0 0 1
    outer loop
      vertex 114.333 120.1 3.85
      vertex 117.562 121.959 3.85
      vertex 117.137 122.775 3.85
    endloop
  endfacet
  facet normal -0 0 1
    outer loop
      vertex 116.019 47.4083 3.85
      vertex 118.55 12 3.85
      vertex 116.066 47.5212 3.85
    endloop
  endfacet
  facet normal 0 0 1
    outer loop
      vertex 113.855 120.85 3.85
      vertex 117.137 122.775 3.85
      vertex 116.642 123.551 3.85
    endloop
  endfacet
  facet normal 0 0 1
    outer loop
      vertex 116.145 95.878 3.85
      vertex 118.55 117.5 3.85
      vertex 116.15 96 3.85
    endloop
  endfacet
  facet normal -0 0 1
    outer loop
      vertex 115.962 47.3 3.85
      vertex 118.55 12 3.85
      vertex 116.019 47.4083 3.85
    endloop
  endfacet
  facet normal 0 0 1
    outer loop
      vertex 118.55 117.5 3.85
      vertex 116.145 96.122 3.85
      vertex 116.15 96 3.85
    endloop
  endfacet
  facet normal 0 0 1
    outer loop
      vertex 118.55 117.5 3.85
      vertex 115.661 114.111 3.85
      vertex 115.545 113.229 3.85
    endloop
  endfacet
  facet normal 0 0 1
    outer loop
      vertex 118.55 117.5 3.85
      vertex 116.129 96.2431 3.85
      vertex 116.145 96.122 3.85
    endloop
  endfacet
  facet normal 0 0 1
    outer loop
      vertex 113.314 121.556 3.85
      vertex 116.642 123.551 3.85
      vertex 116.082 124.281 3.85
    endloop
  endfacet
  facet normal 0 0 1
    outer loop
      vertex 118.55 117.5 3.85
      vertex 115.7 115 3.85
      vertex 115.661 114.111 3.85
    endloop
  endfacet
  facet normal 0 0 1
    outer loop
      vertex 118.55 117.5 3.85
      vertex 115.545 113.229 3.85
      vertex 115.352 112.36 3.85
    endloop
  endfacet
  facet normal 0 0 1
    outer loop
      vertex 118.55 117.5 3.85
      vertex 116.102 96.3624 3.85
      vertex 116.129 96.2431 3.85
    endloop
  endfacet
  facet normal 0 0 1
    outer loop
      vertex 118.55 117.5 3.85
      vertex 116.066 96.4788 3.85
      vertex 116.102 96.3624 3.85
    endloop
  endfacet
  facet normal 0 0 1
    outer loop
      vertex 115.085 111.511 3.85
      vertex 118.55 117.5 3.85
      vertex 115.352 112.36 3.85
    endloop
  endfacet
  facet normal 0 0 1
    outer loop
      vertex 118.55 117.5 3.85
      vertex 116.019 96.5917 3.85
      vertex 116.066 96.4788 3.85
    endloop
  endfacet
  facet normal 0 0 1
    outer loop
      vertex 118.55 117.5 3.85
      vertex 115.085 111.511 3.85
      vertex 116.019 96.5917 3.85
    endloop
  endfacet
  facet normal 0 0 1
    outer loop
      vertex 118.55 117.5 3.85
      vertex 115.661 115.889 3.85
      vertex 115.7 115 3.85
    endloop
  endfacet
  facet normal 0 0 1
    outer loop
      vertex 118.55 117.5 3.85
      vertex 115.545 116.771 3.85
      vertex 115.661 115.889 3.85
    endloop
  endfacet
  facet normal 0 0 1
    outer loop
      vertex 112.712 122.212 3.85
      vertex 116.082 124.281 3.85
      vertex 115.46 124.96 3.85
    endloop
  endfacet
  facet normal 0 0 1
    outer loop
      vertex 118.55 117.5 3.85
      vertex 115.352 117.64 3.85
      vertex 115.545 116.771 3.85
    endloop
  endfacet
  facet normal 0 0 1
    outer loop
      vertex 118.51 118.419 3.85
      vertex 115.085 118.489 3.85
      vertex 115.352 117.64 3.85
    endloop
  endfacet
  facet normal 0 0 1
    outer loop
      vertex 112.712 122.212 3.85
      vertex 115.46 124.96 3.85
      vertex 114.781 125.582 3.85
    endloop
  endfacet
  facet normal 0 0 1
    outer loop
      vertex 118.191 120.231 3.85
      vertex 114.744 119.311 3.85
      vertex 115.085 118.489 3.85
    endloop
  endfacet
  facet normal 0 0 1
    outer loop
      vertex 117.914 121.108 3.85
      vertex 114.333 120.1 3.85
      vertex 114.744 119.311 3.85
    endloop
  endfacet
  facet normal 0 0 1
    outer loop
      vertex 112.056 122.814 3.85
      vertex 114.781 125.582 3.85
      vertex 114.051 126.142 3.85
    endloop
  endfacet
  facet normal 0 0 1
    outer loop
      vertex 117.137 122.775 3.85
      vertex 113.855 120.85 3.85
      vertex 114.333 120.1 3.85
    endloop
  endfacet
  facet normal 0 0 1
    outer loop
      vertex 116.642 123.551 3.85
      vertex 113.314 121.556 3.85
      vertex 113.855 120.85 3.85
    endloop
  endfacet
  facet normal 0 0 1
    outer loop
      vertex 111.35 123.355 3.85
      vertex 114.051 126.142 3.85
      vertex 113.275 126.637 3.85
    endloop
  endfacet
  facet normal 0 0 1
    outer loop
      vertex 116.082 124.281 3.85
      vertex 112.712 122.212 3.85
      vertex 113.314 121.556 3.85
    endloop
  endfacet
  facet normal 0 0 1
    outer loop
      vertex 111.35 123.355 3.85
      vertex 113.275 126.637 3.85
      vertex 112.459 127.062 3.85
    endloop
  endfacet
  facet normal 0 0 1
    outer loop
      vertex 114.781 125.582 3.85
      vertex 112.056 122.814 3.85
      vertex 112.712 122.212 3.85
    endloop
  endfacet
  facet normal 0 0 1
    outer loop
      vertex 110.6 123.833 3.85
      vertex 112.459 127.062 3.85
      vertex 111.608 127.414 3.85
    endloop
  endfacet
  facet normal 0 0 1
    outer loop
      vertex 114.051 126.142 3.85
      vertex 111.35 123.355 3.85
      vertex 112.056 122.814 3.85
    endloop
  endfacet
  facet normal 0 0 1
    outer loop
      vertex 109.811 124.244 3.85
      vertex 111.608 127.414 3.85
      vertex 110.731 127.691 3.85
    endloop
  endfacet
  facet normal 0 0 1
    outer loop
      vertex 112.459 127.062 3.85
      vertex 110.6 123.833 3.85
      vertex 111.35 123.355 3.85
    endloop
  endfacet
  facet normal 0 0 1
    outer loop
      vertex 108.989 124.585 3.85
      vertex 110.731 127.691 3.85
      vertex 109.832 127.89 3.85
    endloop
  endfacet
  facet normal 0 0 1
    outer loop
      vertex 111.608 127.414 3.85
      vertex 109.811 124.244 3.85
      vertex 110.6 123.833 3.85
    endloop
  endfacet
  facet normal 0 0 1
    outer loop
      vertex 110.731 127.691 3.85
      vertex 108.989 124.585 3.85
      vertex 109.811 124.244 3.85
    endloop
  endfacet
  facet normal 0 0 1
    outer loop
      vertex 108.919 128.01 3.85
      vertex 108.989 124.585 3.85
      vertex 109.832 127.89 3.85
    endloop
  endfacet
  facet normal 0 0 1
    outer loop
      vertex 108.919 128.01 3.85
      vertex 108.14 124.852 3.85
      vertex 108.989 124.585 3.85
    endloop
  endfacet
  facet normal 0 0 1
    outer loop
      vertex 108 128.05 3.85
      vertex 108.14 124.852 3.85
      vertex 108.919 128.01 3.85
    endloop
  endfacet
  facet normal 0 0 1
    outer loop
      vertex 108 128.05 3.85
      vertex 107.271 125.045 3.85
      vertex 108.14 124.852 3.85
    endloop
  endfacet
  facet normal 0 0 1
    outer loop
      vertex 108 128.05 3.85
      vertex 106.389 125.161 3.85
      vertex 107.271 125.045 3.85
    endloop
  endfacet
  facet normal 0 0 1
    outer loop
      vertex 108 128.05 3.85
      vertex 105.5 125.2 3.85
      vertex 106.389 125.161 3.85
    endloop
  endfacet
  facet normal 0 0 1
    outer loop
      vertex 108 128.05 3.85
      vertex 104.611 125.161 3.85
      vertex 105.5 125.2 3.85
    endloop
  endfacet
  facet normal 0 0 1
    outer loop
      vertex 108 128.05 3.85
      vertex 103.729 125.045 3.85
      vertex 104.611 125.161 3.85
    endloop
  endfacet
  facet normal 0 0 1
    outer loop
      vertex 108 128.05 3.85
      vertex 102.86 124.852 3.85
      vertex 103.729 125.045 3.85
    endloop
  endfacet
  facet normal 0 0 1
    outer loop
      vertex 108 128.05 3.85
      vertex 102.011 124.585 3.85
      vertex 102.86 124.852 3.85
    endloop
  endfacet
  facet normal 0 0 1
    outer loop
      vertex 108 128.05 3.85
      vertex 101.189 124.244 3.85
      vertex 102.011 124.585 3.85
    endloop
  endfacet
  facet normal 0 0 1
    outer loop
      vertex 18.8107 124.244 3.85
      vertex 101.189 124.244 3.85
      vertex 108 128.05 3.85
    endloop
  endfacet
  facet normal 0 0 1
    outer loop
      vertex 95.455 16.2712 3.85
      vertex 24.7 14.5 3.85
      vertex 95.3388 15.389 3.85
    endloop
  endfacet
  facet normal 0 0 1
    outer loop
      vertex 95.3388 115.889 3.85
      vertex 24.7 115 3.85
      vertex 95.3 115 3.85
    endloop
  endfacet
  facet normal 0 0 1
    outer loop
      vertex 24.6612 115.889 3.85
      vertex 95.3388 115.889 3.85
      vertex 95.455 116.771 3.85
    endloop
  endfacet
  facet normal 0 0 1
    outer loop
      vertex 24.545 116.771 3.85
      vertex 95.455 116.771 3.85
      vertex 95.6476 117.64 3.85
    endloop
  endfacet
  facet normal 0 0 1
    outer loop
      vertex 24.3524 117.64 3.85
      vertex 95.6476 117.64 3.85
      vertex 95.9151 118.489 3.85
    endloop
  endfacet
  facet normal 0 0 1
    outer loop
      vertex 24.0849 118.489 3.85
      vertex 95.9151 118.489 3.85
      vertex 96.2557 119.311 3.85
    endloop
  endfacet
  facet normal 0 0 1
    outer loop
      vertex 23.7443 119.311 3.85
      vertex 96.2557 119.311 3.85
      vertex 96.6665 120.1 3.85
    endloop
  endfacet
  facet normal 0 0 1
    outer loop
      vertex 23.3335 120.1 3.85
      vertex 96.6665 120.1 3.85
      vertex 97.1446 120.85 3.85
    endloop
  endfacet
  facet normal 0 0 1
    outer loop
      vertex 22.8554 120.85 3.85
      vertex 97.1446 120.85 3.85
      vertex 97.6863 121.556 3.85
    endloop
  endfacet
  facet normal 0 0 1
    outer loop
      vertex 22.3137 121.556 3.85
      vertex 97.6863 121.556 3.85
      vertex 98.2875 122.212 3.85
    endloop
  endfacet
  facet normal 0 0 1
    outer loop
      vertex 21.7125 122.212 3.85
      vertex 98.2875 122.212 3.85
      vertex 98.9436 122.814 3.85
    endloop
  endfacet
  facet normal 0 0 1
    outer loop
      vertex 21.0564 122.814 3.85
      vertex 98.9436 122.814 3.85
      vertex 99.6495 123.355 3.85
    endloop
  endfacet
  facet normal 0 0 1
    outer loop
      vertex 20.3505 123.355 3.85
      vertex 99.6495 123.355 3.85
      vertex 100.4 123.833 3.85
    endloop
  endfacet
  facet normal 0 0 1
    outer loop
      vertex 101.189 124.244 3.85
      vertex 18.8107 124.244 3.85
      vertex 100.4 123.833 3.85
    endloop
  endfacet
  facet normal 0 0 1
    outer loop
      vertex 95.3388 115.889 3.85
      vertex 24.6612 115.889 3.85
      vertex 24.7 115 3.85
    endloop
  endfacet
  facet normal 0 0 1
    outer loop
      vertex 95.455 116.771 3.85
      vertex 24.545 116.771 3.85
      vertex 24.6612 115.889 3.85
    endloop
  endfacet
  facet normal 0 0 1
    outer loop
      vertex 95.6476 117.64 3.85
      vertex 24.3524 117.64 3.85
      vertex 24.545 116.771 3.85
    endloop
  endfacet
  facet normal 0 0 1
    outer loop
      vertex 95.9151 118.489 3.85
      vertex 24.0849 118.489 3.85
      vertex 24.3524 117.64 3.85
    endloop
  endfacet
  facet normal 0 0 1
    outer loop
      vertex 96.2557 119.311 3.85
      vertex 23.7443 119.311 3.85
      vertex 24.0849 118.489 3.85
    endloop
  endfacet
  facet normal 0 0 1
    outer loop
      vertex 96.6665 120.1 3.85
      vertex 23.3335 120.1 3.85
      vertex 23.7443 119.311 3.85
    endloop
  endfacet
  facet normal 0 0 1
    outer loop
      vertex 97.1446 120.85 3.85
      vertex 22.8554 120.85 3.85
      vertex 23.3335 120.1 3.85
    endloop
  endfacet
  facet normal 0 0 1
    outer loop
      vertex 97.6863 121.556 3.85
      vertex 22.3137 121.556 3.85
      vertex 22.8554 120.85 3.85
    endloop
  endfacet
  facet normal 0 0 1
    outer loop
      vertex 98.2875 122.212 3.85
      vertex 21.7125 122.212 3.85
      vertex 22.3137 121.556 3.85
    endloop
  endfacet
  facet normal 0 0 1
    outer loop
      vertex 98.9436 122.814 3.85
      vertex 21.0564 122.814 3.85
      vertex 21.7125 122.212 3.85
    endloop
  endfacet
  facet normal 0 0 1
    outer loop
      vertex 99.6495 123.355 3.85
      vertex 20.3505 123.355 3.85
      vertex 21.0564 122.814 3.85
    endloop
  endfacet
  facet normal 0 0 1
    outer loop
      vertex 100.4 123.833 3.85
      vertex 19.6 123.833 3.85
      vertex 20.3505 123.355 3.85
    endloop
  endfacet
  facet normal 0 0 1
    outer loop
      vertex 100.4 123.833 3.85
      vertex 18.8107 124.244 3.85
      vertex 19.6 123.833 3.85
    endloop
  endfacet
  facet normal -0 0 1
    outer loop
      vertex 12 128.05 3.85
      vertex 18.8107 124.244 3.85
      vertex 108 128.05 3.85
    endloop
  endfacet
  facet normal 0 0 1
    outer loop
      vertex 18.8107 124.244 3.85
      vertex 12 128.05 3.85
      vertex 17.9886 124.585 3.85
    endloop
  endfacet
  facet normal 0 0 1
    outer loop
      vertex 17.9886 124.585 3.85
      vertex 12 128.05 3.85
      vertex 17.14 124.852 3.85
    endloop
  endfacet
  facet normal 0 0 1
    outer loop
      vertex 17.14 124.852 3.85
      vertex 12 128.05 3.85
      vertex 16.2712 125.045 3.85
    endloop
  endfacet
  facet normal 0 0 1
    outer loop
      vertex 16.2712 125.045 3.85
      vertex 12 128.05 3.85
      vertex 15.389 125.161 3.85
    endloop
  endfacet
  facet normal 0 0 1
    outer loop
      vertex 15.389 125.161 3.85
      vertex 12 128.05 3.85
      vertex 14.5 125.2 3.85
    endloop
  endfacet
  facet normal 0 0 1
    outer loop
      vertex 12 128.05 3.85
      vertex 13.611 125.161 3.85
      vertex 14.5 125.2 3.85
    endloop
  endfacet
  facet normal 0 0 1
    outer loop
      vertex 12 128.05 3.85
      vertex 12.7288 125.045 3.85
      vertex 13.611 125.161 3.85
    endloop
  endfacet
  facet normal 0 0 1
    outer loop
      vertex 12 128.05 3.85
      vertex 11.86 124.852 3.85
      vertex 12.7288 125.045 3.85
    endloop
  endfacet
  facet normal -0 0 1
    outer loop
      vertex 11.0805 128.01 3.85
      vertex 11.86 124.852 3.85
      vertex 12 128.05 3.85
    endloop
  endfacet
  facet normal 0 0 1
    outer loop
      vertex 11.0805 128.01 3.85
      vertex 11.0114 124.585 3.85
      vertex 11.86 124.852 3.85
    endloop
  endfacet
  facet normal -0 0 1
    outer loop
      vertex 10.168 127.89 3.85
      vertex 11.0114 124.585 3.85
      vertex 11.0805 128.01 3.85
    endloop
  endfacet
  facet normal -0 0 1
    outer loop
      vertex 9.26946 127.691 3.85
      vertex 11.0114 124.585 3.85
      vertex 10.168 127.89 3.85
    endloop
  endfacet
  facet normal 0 0 1
    outer loop
      vertex 11.0114 124.585 3.85
      vertex 9.26946 127.691 3.85
      vertex 10.1893 124.244 3.85
    endloop
  endfacet
  facet normal -0 0 1
    outer loop
      vertex 8.39169 127.414 3.85
      vertex 10.1893 124.244 3.85
      vertex 9.26946 127.691 3.85
    endloop
  endfacet
  facet normal 0 0 1
    outer loop
      vertex 10.1893 124.244 3.85
      vertex 8.39169 127.414 3.85
      vertex 9.4 123.833 3.85
    endloop
  endfacet
  facet normal -0 0 1
    outer loop
      vertex 7.54138 127.062 3.85
      vertex 9.4 123.833 3.85
      vertex 8.39169 127.414 3.85
    endloop
  endfacet
  facet normal 0 0 1
    outer loop
      vertex 9.4 123.833 3.85
      vertex 7.54138 127.062 3.85
      vertex 8.64952 123.355 3.85
    endloop
  endfacet
  facet normal -0 0 1
    outer loop
      vertex 6.725 126.637 3.85
      vertex 8.64952 123.355 3.85
      vertex 7.54138 127.062 3.85
    endloop
  endfacet
  facet normal -0 0 1
    outer loop
      vertex 5.94877 126.142 3.85
      vertex 8.64952 123.355 3.85
      vertex 6.725 126.637 3.85
    endloop
  endfacet
  facet normal 0 0 1
    outer loop
      vertex 8.64952 123.355 3.85
      vertex 5.94877 126.142 3.85
      vertex 7.94357 122.814 3.85
    endloop
  endfacet
  facet normal -0 0 1
    outer loop
      vertex 5.21859 125.582 3.85
      vertex 7.94357 122.814 3.85
      vertex 5.94877 126.142 3.85
    endloop
  endfacet
  facet normal 0 0 1
    outer loop
      vertex 7.94357 122.814 3.85
      vertex 5.21859 125.582 3.85
      vertex 7.28751 122.212 3.85
    endloop
  endfacet
  facet normal -0 0 1
    outer loop
      vertex 4.54002 124.96 3.85
      vertex 7.28751 122.212 3.85
      vertex 5.21859 125.582 3.85
    endloop
  endfacet
  facet normal -0 0 1
    outer loop
      vertex 3.91823 124.281 3.85
      vertex 7.28751 122.212 3.85
      vertex 4.54002 124.96 3.85
    endloop
  endfacet
  facet normal 0 0 1
    outer loop
      vertex 7.28751 122.212 3.85
      vertex 3.91823 124.281 3.85
      vertex 6.68635 121.556 3.85
    endloop
  endfacet
  facet normal -0 0 1
    outer loop
      vertex 3.35795 123.551 3.85
      vertex 6.68635 121.556 3.85
      vertex 3.91823 124.281 3.85
    endloop
  endfacet
  facet normal 0 0 1
    outer loop
      vertex 6.68635 121.556 3.85
      vertex 3.35795 123.551 3.85
      vertex 6.14465 120.85 3.85
    endloop
  endfacet
  facet normal -0 0 1
    outer loop
      vertex 2.86343 122.775 3.85
      vertex 6.14465 120.85 3.85
      vertex 3.35795 123.551 3.85
    endloop
  endfacet
  facet normal 0 0 1
    outer loop
      vertex 6.14465 120.85 3.85
      vertex 2.86343 122.775 3.85
      vertex 5.66654 120.1 3.85
    endloop
  endfacet
  facet normal -0 0 1
    outer loop
      vertex 2.43845 121.959 3.85
      vertex 5.66654 120.1 3.85
      vertex 2.86343 122.775 3.85
    endloop
  endfacet
  facet normal -0 0 1
    outer loop
      vertex 2.08624 121.108 3.85
      vertex 5.66654 120.1 3.85
      vertex 2.43845 121.959 3.85
    endloop
  endfacet
  facet normal 0 0 1
    outer loop
      vertex 5.66654 120.1 3.85
      vertex 2.08624 121.108 3.85
      vertex 5.25566 119.311 3.85
    endloop
  endfacet
  facet normal 0 0 1
    outer loop
      vertex 5.66654 109.9 3.85
      vertex 4.17754 96.8999 3.85
      vertex 4.26005 96.99 3.85
    endloop
  endfacet
  facet normal 0 -0 1
    outer loop
      vertex 3.98117 96.5917 3.85
      vertex 4.91513 111.511 3.85
      vertex 1.45 117.5 3.85
    endloop
  endfacet
  facet normal 0 0 1
    outer loop
      vertex 5.25566 110.689 3.85
      vertex 4.10319 96.803 3.85
      vertex 4.17754 96.8999 3.85
    endloop
  endfacet
  facet normal 0 0 1
    outer loop
      vertex 5.25566 110.689 3.85
      vertex 4.03756 96.7 3.85
      vertex 4.10319 96.803 3.85
    endloop
  endfacet
  facet normal 0 0 1
    outer loop
      vertex 4.91513 111.511 3.85
      vertex 3.98117 96.5917 3.85
      vertex 4.03756 96.7 3.85
    endloop
  endfacet
  facet normal -0 0 1
    outer loop
      vertex 1.80948 120.231 3.85
      vertex 5.25566 119.311 3.85
      vertex 2.08624 121.108 3.85
    endloop
  endfacet
  facet normal 0 0 1
    outer loop
      vertex 5.25566 119.311 3.85
      vertex 1.80948 120.231 3.85
      vertex 4.91513 118.489 3.85
    endloop
  endfacet
  facet normal 0 0 1
    outer loop
      vertex 3.98117 96.5917 3.85
      vertex 1.45 117.5 3.85
      vertex 3.93443 96.4788 3.85
    endloop
  endfacet
  facet normal 0 0 1
    outer loop
      vertex 3.93443 96.4788 3.85
      vertex 1.45 117.5 3.85
      vertex 3.8977 96.3624 3.85
    endloop
  endfacet
  facet normal 0 0 1
    outer loop
      vertex 3.8977 96.3624 3.85
      vertex 1.45 117.5 3.85
      vertex 3.87127 96.2431 3.85
    endloop
  endfacet
  facet normal 0 0 1
    outer loop
      vertex 3.87127 96.2431 3.85
      vertex 1.45 117.5 3.85
      vertex 3.85533 96.122 3.85
    endloop
  endfacet
  facet normal 0 0 1
    outer loop
      vertex 3.85533 96.122 3.85
      vertex 1.45 117.5 3.85
      vertex 3.85 96 3.85
    endloop
  endfacet
  facet normal -0 0 1
    outer loop
      vertex 1.61028 119.332 3.85
      vertex 4.91513 118.489 3.85
      vertex 1.80948 120.231 3.85
    endloop
  endfacet
  facet normal -0 0 1
    outer loop
      vertex 115.897 47.197 3.85
      vertex 118.55 12 3.85
      vertex 115.962 47.3 3.85
    endloop
  endfacet
  facet normal 0 0 1
    outer loop
      vertex 118.55 12 3.85
      vertex 115.352 11.86 3.85
      vertex 118.51 11.0805 3.85
    endloop
  endfacet
  facet normal 0 0 1
    outer loop
      vertex 118.51 11.0805 3.85
      vertex 115.085 11.0114 3.85
      vertex 118.39 10.168 3.85
    endloop
  endfacet
  facet normal 0 0 1
    outer loop
      vertex 115.085 11.0114 3.85
      vertex 118.51 11.0805 3.85
      vertex 115.352 11.86 3.85
    endloop
  endfacet
  facet normal 0 0 1
    outer loop
      vertex 118.39 10.168 3.85
      vertex 115.085 11.0114 3.85
      vertex 118.191 9.26946 3.85
    endloop
  endfacet
  facet normal 0 0 1
    outer loop
      vertex 115.352 11.86 3.85
      vertex 118.55 12 3.85
      vertex 115.545 12.7288 3.85
    endloop
  endfacet
  facet normal 0 0 1
    outer loop
      vertex 115.661 15.389 3.85
      vertex 115.897 47.197 3.85
      vertex 115.822 47.1001 3.85
    endloop
  endfacet
  facet normal -0 0 1
    outer loop
      vertex 115.545 12.7288 3.85
      vertex 118.55 12 3.85
      vertex 115.661 13.611 3.85
    endloop
  endfacet
  facet normal -0 0 1
    outer loop
      vertex 115.661 13.611 3.85
      vertex 118.55 12 3.85
      vertex 115.7 14.5 3.85
    endloop
  endfacet
  facet normal 0 0 1
    outer loop
      vertex 113.855 20.3505 3.85
      vertex 115.822 47.1001 3.85
      vertex 115.74 47.01 3.85
    endloop
  endfacet
  facet normal 0 0 1
    outer loop
      vertex 115.897 47.197 3.85
      vertex 115.661 15.389 3.85
      vertex 118.55 12 3.85
    endloop
  endfacet
  facet normal -0 0 1
    outer loop
      vertex 114.744 10.1893 3.85
      vertex 118.191 9.26946 3.85
      vertex 115.085 11.0114 3.85
    endloop
  endfacet
  facet normal 0 0 1
    outer loop
      vertex 118.191 9.26946 3.85
      vertex 114.744 10.1893 3.85
      vertex 117.914 8.39169 3.85
    endloop
  endfacet
  facet normal -0 0 1
    outer loop
      vertex 114.333 9.4 3.85
      vertex 117.914 8.39169 3.85
      vertex 114.744 10.1893 3.85
    endloop
  endfacet
  facet normal 0 0 1
    outer loop
      vertex 117.914 8.39169 3.85
      vertex 114.333 9.4 3.85
      vertex 117.562 7.54138 3.85
    endloop
  endfacet
  facet normal 0 0 1
    outer loop
      vertex 117.562 7.54138 3.85
      vertex 114.333 9.4 3.85
      vertex 117.137 6.725 3.85
    endloop
  endfacet
  facet normal -0 0 1
    outer loop
      vertex 113.855 8.64952 3.85
      vertex 117.137 6.725 3.85
      vertex 114.333 9.4 3.85
    endloop
  endfacet
  facet normal 0 0 1
    outer loop
      vertex 117.137 6.725 3.85
      vertex 113.855 8.64952 3.85
      vertex 116.642 5.94877 3.85
    endloop
  endfacet
  facet normal -0 0 1
    outer loop
      vertex 113.314 7.94357 3.85
      vertex 116.642 5.94877 3.85
      vertex 113.855 8.64952 3.85
    endloop
  endfacet
  facet normal 0 0 1
    outer loop
      vertex 116.642 5.94877 3.85
      vertex 113.314 7.94357 3.85
      vertex 116.082 5.21859 3.85
    endloop
  endfacet
  facet normal -0 0 1
    outer loop
      vertex 112.712 7.28751 3.85
      vertex 116.082 5.21859 3.85
      vertex 113.314 7.94357 3.85
    endloop
  endfacet
  facet normal 0 0 1
    outer loop
      vertex 116.082 5.21859 3.85
      vertex 112.712 7.28751 3.85
      vertex 115.46 4.54002 3.85
    endloop
  endfacet
  facet normal 0 0 1
    outer loop
      vertex 115.46 4.54002 3.85
      vertex 112.712 7.28751 3.85
      vertex 114.781 3.91823 3.85
    endloop
  endfacet
  facet normal -0 0 1
    outer loop
      vertex 112.056 6.68635 3.85
      vertex 114.781 3.91823 3.85
      vertex 112.712 7.28751 3.85
    endloop
  endfacet
  facet normal 0 0 1
    outer loop
      vertex 114.781 3.91823 3.85
      vertex 112.056 6.68635 3.85
      vertex 114.051 3.35795 3.85
    endloop
  endfacet
  facet normal -0 0 1
    outer loop
      vertex 111.35 6.14465 3.85
      vertex 114.051 3.35795 3.85
      vertex 112.056 6.68635 3.85
    endloop
  endfacet
  facet normal 0 0 1
    outer loop
      vertex 114.051 3.35795 3.85
      vertex 111.35 6.14465 3.85
      vertex 113.275 2.86343 3.85
    endloop
  endfacet
  facet normal 0 0 1
    outer loop
      vertex 113.275 2.86343 3.85
      vertex 111.35 6.14465 3.85
      vertex 112.459 2.43845 3.85
    endloop
  endfacet
  facet normal -0 0 1
    outer loop
      vertex 110.6 5.66654 3.85
      vertex 112.459 2.43845 3.85
      vertex 111.35 6.14465 3.85
    endloop
  endfacet
  facet normal 0 0 1
    outer loop
      vertex 112.459 2.43845 3.85
      vertex 110.6 5.66654 3.85
      vertex 111.608 2.08624 3.85
    endloop
  endfacet
  facet normal -0 0 1
    outer loop
      vertex 109.811 5.25566 3.85
      vertex 111.608 2.08624 3.85
      vertex 110.6 5.66654 3.85
    endloop
  endfacet
  facet normal 0 0 1
    outer loop
      vertex 111.608 2.08624 3.85
      vertex 109.811 5.25566 3.85
      vertex 110.731 1.80948 3.85
    endloop
  endfacet
  facet normal -0 0 1
    outer loop
      vertex 108.989 4.91513 3.85
      vertex 110.731 1.80948 3.85
      vertex 109.811 5.25566 3.85
    endloop
  endfacet
  facet normal 0 0 1
    outer loop
      vertex 110.731 1.80948 3.85
      vertex 108.989 4.91513 3.85
      vertex 109.832 1.61028 3.85
    endloop
  endfacet
  facet normal 0 0 1
    outer loop
      vertex 108.989 4.91513 3.85
      vertex 108.919 1.49015 3.85
      vertex 109.832 1.61028 3.85
    endloop
  endfacet
  facet normal -0 0 1
    outer loop
      vertex 108.14 4.64756 3.85
      vertex 108.919 1.49015 3.85
      vertex 108.989 4.91513 3.85
    endloop
  endfacet
  facet normal 0 0 1
    outer loop
      vertex 108.14 4.64756 3.85
      vertex 108 1.45 3.85
      vertex 108.919 1.49015 3.85
    endloop
  endfacet
  facet normal -0 0 1
    outer loop
      vertex 107.271 4.45496 3.85
      vertex 108 1.45 3.85
      vertex 108.14 4.64756 3.85
    endloop
  endfacet
  facet normal -0 0 1
    outer loop
      vertex 106.389 4.33881 3.85
      vertex 108 1.45 3.85
      vertex 107.271 4.45496 3.85
    endloop
  endfacet
  facet normal -0 0 1
    outer loop
      vertex 105.5 4.3 3.85
      vertex 108 1.45 3.85
      vertex 106.389 4.33881 3.85
    endloop
  endfacet
  facet normal 0 0 1
    outer loop
      vertex 104.611 4.33881 3.85
      vertex 108 1.45 3.85
      vertex 105.5 4.3 3.85
    endloop
  endfacet
  facet normal 0 0 1
    outer loop
      vertex 103.729 4.45496 3.85
      vertex 108 1.45 3.85
      vertex 104.611 4.33881 3.85
    endloop
  endfacet
  facet normal 0 0 1
    outer loop
      vertex 102.86 4.64756 3.85
      vertex 108 1.45 3.85
      vertex 103.729 4.45496 3.85
    endloop
  endfacet
  facet normal 0 0 1
    outer loop
      vertex 102.011 4.91513 3.85
      vertex 108 1.45 3.85
      vertex 102.86 4.64756 3.85
    endloop
  endfacet
  facet normal 0 0 1
    outer loop
      vertex 101.189 5.25566 3.85
      vertex 108 1.45 3.85
      vertex 102.011 4.91513 3.85
    endloop
  endfacet
  facet normal 0 0 1
    outer loop
      vertex 18.8107 5.25566 3.85
      vertex 101.189 5.25566 3.85
      vertex 100.4 5.66654 3.85
    endloop
  endfacet
  facet normal 0 0 1
    outer loop
      vertex 95.3388 15.389 3.85
      vertex 24.7 14.5 3.85
      vertex 95.3 14.5 3.85
    endloop
  endfacet
  facet normal 0 0 1
    outer loop
      vertex 95.3 14.5 3.85
      vertex 24.7 14.5 3.85
      vertex 95.3388 13.611 3.85
    endloop
  endfacet
  facet normal 0 0 1
    outer loop
      vertex 24.6612 13.611 3.85
      vertex 95.3388 13.611 3.85
      vertex 24.7 14.5 3.85
    endloop
  endfacet
  facet normal 0 0 1
    outer loop
      vertex 95.3388 13.611 3.85
      vertex 24.6612 13.611 3.85
      vertex 95.455 12.7288 3.85
    endloop
  endfacet
  facet normal 0 0 1
    outer loop
      vertex 24.545 12.7288 3.85
      vertex 95.455 12.7288 3.85
      vertex 24.6612 13.611 3.85
    endloop
  endfacet
  facet normal 0 0 1
    outer loop
      vertex 95.455 12.7288 3.85
      vertex 24.545 12.7288 3.85
      vertex 95.6476 11.86 3.85
    endloop
  endfacet
  facet normal 0 0 1
    outer loop
      vertex 24.3524 11.86 3.85
      vertex 95.6476 11.86 3.85
      vertex 24.545 12.7288 3.85
    endloop
  endfacet
  facet normal 0 0 1
    outer loop
      vertex 95.6476 11.86 3.85
      vertex 24.3524 11.86 3.85
      vertex 95.9151 11.0114 3.85
    endloop
  endfacet
  facet normal 0 0 1
    outer loop
      vertex 24.0849 11.0114 3.85
      vertex 95.9151 11.0114 3.85
      vertex 24.3524 11.86 3.85
    endloop
  endfacet
  facet normal 0 0 1
    outer loop
      vertex 95.9151 11.0114 3.85
      vertex 24.0849 11.0114 3.85
      vertex 96.2557 10.1893 3.85
    endloop
  endfacet
  facet normal 0 0 1
    outer loop
      vertex 23.7443 10.1893 3.85
      vertex 96.2557 10.1893 3.85
      vertex 24.0849 11.0114 3.85
    endloop
  endfacet
  facet normal 0 0 1
    outer loop
      vertex 96.2557 10.1893 3.85
      vertex 23.7443 10.1893 3.85
      vertex 96.6665 9.4 3.85
    endloop
  endfacet
  facet normal 0 0 1
    outer loop
      vertex 23.3335 9.4 3.85
      vertex 96.6665 9.4 3.85
      vertex 23.7443 10.1893 3.85
    endloop
  endfacet
  facet normal 0 0 1
    outer loop
      vertex 96.6665 9.4 3.85
      vertex 23.3335 9.4 3.85
      vertex 97.1446 8.64952 3.85
    endloop
  endfacet
  facet normal 0 0 1
    outer loop
      vertex 22.8554 8.64952 3.85
      vertex 97.1446 8.64952 3.85
      vertex 23.3335 9.4 3.85
    endloop
  endfacet
  facet normal 0 0 1
    outer loop
      vertex 97.1446 8.64952 3.85
      vertex 22.8554 8.64952 3.85
      vertex 97.6863 7.94357 3.85
    endloop
  endfacet
  facet normal 0 0 1
    outer loop
      vertex 22.3137 7.94357 3.85
      vertex 97.6863 7.94357 3.85
      vertex 22.8554 8.64952 3.85
    endloop
  endfacet
  facet normal 0 0 1
    outer loop
      vertex 97.6863 7.94357 3.85
      vertex 22.3137 7.94357 3.85
      vertex 98.2875 7.28751 3.85
    endloop
  endfacet
  facet normal 0 0 1
    outer loop
      vertex 21.7125 7.28751 3.85
      vertex 98.2875 7.28751 3.85
      vertex 22.3137 7.94357 3.85
    endloop
  endfacet
  facet normal 0 0 1
    outer loop
      vertex 98.2875 7.28751 3.85
      vertex 21.7125 7.28751 3.85
      vertex 98.9436 6.68635 3.85
    endloop
  endfacet
  facet normal 0 0 1
    outer loop
      vertex 21.0564 6.68635 3.85
      vertex 98.9436 6.68635 3.85
      vertex 21.7125 7.28751 3.85
    endloop
  endfacet
  facet normal 0 0 1
    outer loop
      vertex 98.9436 6.68635 3.85
      vertex 21.0564 6.68635 3.85
      vertex 99.6495 6.14465 3.85
    endloop
  endfacet
  facet normal 0 0 1
    outer loop
      vertex 20.3505 6.14465 3.85
      vertex 99.6495 6.14465 3.85
      vertex 21.0564 6.68635 3.85
    endloop
  endfacet
  facet normal 0 0 1
    outer loop
      vertex 99.6495 6.14465 3.85
      vertex 20.3505 6.14465 3.85
      vertex 100.4 5.66654 3.85
    endloop
  endfacet
  facet normal 0 0 1
    outer loop
      vertex 19.6 5.66654 3.85
      vertex 100.4 5.66654 3.85
      vertex 20.3505 6.14465 3.85
    endloop
  endfacet
  facet normal 0 0 1
    outer loop
      vertex 18.8107 5.25566 3.85
      vertex 100.4 5.66654 3.85
      vertex 19.6 5.66654 3.85
    endloop
  endfacet
  facet normal 0 0 1
    outer loop
      vertex 101.189 5.25566 3.85
      vertex 18.8107 5.25566 3.85
      vertex 108 1.45 3.85
    endloop
  endfacet
  facet normal 0 0 1
    outer loop
      vertex 12 1.45 3.85
      vertex 18.8107 5.25566 3.85
      vertex 17.9886 4.91513 3.85
    endloop
  endfacet
  facet normal 0 0 1
    outer loop
      vertex 12 1.45 3.85
      vertex 17.9886 4.91513 3.85
      vertex 17.14 4.64756 3.85
    endloop
  endfacet
  facet normal 0 0 1
    outer loop
      vertex 12 1.45 3.85
      vertex 17.14 4.64756 3.85
      vertex 16.2712 4.45496 3.85
    endloop
  endfacet
  facet normal 0 0 1
    outer loop
      vertex 12 1.45 3.85
      vertex 16.2712 4.45496 3.85
      vertex 15.389 4.33881 3.85
    endloop
  endfacet
  facet normal 0 0 1
    outer loop
      vertex 12 1.45 3.85
      vertex 15.389 4.33881 3.85
      vertex 14.5 4.3 3.85
    endloop
  endfacet
  facet normal 0 0 1
    outer loop
      vertex 18.8107 5.25566 3.85
      vertex 12 1.45 3.85
      vertex 108 1.45 3.85
    endloop
  endfacet
  facet normal 0 0 1
    outer loop
      vertex 13.611 4.33881 3.85
      vertex 12 1.45 3.85
      vertex 14.5 4.3 3.85
    endloop
  endfacet
  facet normal 0 0 1
    outer loop
      vertex 12.7288 4.45496 3.85
      vertex 12 1.45 3.85
      vertex 13.611 4.33881 3.85
    endloop
  endfacet
  facet normal 0 0 1
    outer loop
      vertex 11.86 4.64756 3.85
      vertex 12 1.45 3.85
      vertex 12.7288 4.45496 3.85
    endloop
  endfacet
  facet normal 0 0 1
    outer loop
      vertex 11.86 4.64756 3.85
      vertex 11.0805 1.49015 3.85
      vertex 12 1.45 3.85
    endloop
  endfacet
  facet normal 0 0 1
    outer loop
      vertex 11.0114 4.91513 3.85
      vertex 11.0805 1.49015 3.85
      vertex 11.86 4.64756 3.85
    endloop
  endfacet
  facet normal 0 0 1
    outer loop
      vertex 9.26946 1.80948 3.85
      vertex 11.0114 4.91513 3.85
      vertex 10.1893 5.25566 3.85
    endloop
  endfacet
  facet normal 0 0 1
    outer loop
      vertex 11.0114 4.91513 3.85
      vertex 10.168 1.61028 3.85
      vertex 11.0805 1.49015 3.85
    endloop
  endfacet
  facet normal 0 0 1
    outer loop
      vertex 8.39169 2.08624 3.85
      vertex 10.1893 5.25566 3.85
      vertex 9.4 5.66654 3.85
    endloop
  endfacet
  facet normal 0 0 1
    outer loop
      vertex 11.0114 4.91513 3.85
      vertex 9.26946 1.80948 3.85
      vertex 10.168 1.61028 3.85
    endloop
  endfacet
  facet normal 0 0 1
    outer loop
      vertex 7.54138 2.43845 3.85
      vertex 9.4 5.66654 3.85
      vertex 8.64952 6.14465 3.85
    endloop
  endfacet
  facet normal 0 0 1
    outer loop
      vertex 10.1893 5.25566 3.85
      vertex 8.39169 2.08624 3.85
      vertex 9.26946 1.80948 3.85
    endloop
  endfacet
  facet normal 0 0 1
    outer loop
      vertex 5.94877 3.35795 3.85
      vertex 8.64952 6.14465 3.85
      vertex 7.94357 6.68635 3.85
    endloop
  endfacet
  facet normal 0 0 1
    outer loop
      vertex 9.4 5.66654 3.85
      vertex 7.54138 2.43845 3.85
      vertex 8.39169 2.08624 3.85
    endloop
  endfacet
  facet normal 0 0 1
    outer loop
      vertex 5.21859 3.91823 3.85
      vertex 7.94357 6.68635 3.85
      vertex 7.28751 7.28751 3.85
    endloop
  endfacet
  facet normal 0 0 1
    outer loop
      vertex 8.64952 6.14465 3.85
      vertex 6.725 2.86343 3.85
      vertex 7.54138 2.43845 3.85
    endloop
  endfacet
  facet normal 0 0 1
    outer loop
      vertex 3.91823 5.21859 3.85
      vertex 7.28751 7.28751 3.85
      vertex 6.68635 7.94357 3.85
    endloop
  endfacet
  facet normal 0 0 1
    outer loop
      vertex 3.35795 5.94877 3.85
      vertex 6.68635 7.94357 3.85
      vertex 6.14465 8.64952 3.85
    endloop
  endfacet
  facet normal 0 0 1
    outer loop
      vertex 8.64952 6.14465 3.85
      vertex 5.94877 3.35795 3.85
      vertex 6.725 2.86343 3.85
    endloop
  endfacet
  facet normal 0 0 1
    outer loop
      vertex 2.86343 6.725 3.85
      vertex 6.14465 8.64952 3.85
      vertex 5.66654 9.4 3.85
    endloop
  endfacet
  facet normal 0 0 1
    outer loop
      vertex 2.08624 8.39169 3.85
      vertex 5.66654 9.4 3.85
      vertex 5.25566 10.1893 3.85
    endloop
  endfacet
  facet normal 0 0 1
    outer loop
      vertex 7.94357 6.68635 3.85
      vertex 5.21859 3.91823 3.85
      vertex 5.94877 3.35795 3.85
    endloop
  endfacet
  facet normal 0 0 1
    outer loop
      vertex 1.80948 9.26946 3.85
      vertex 5.25566 10.1893 3.85
      vertex 4.91513 11.0114 3.85
    endloop
  endfacet
  facet normal -0 0 1
    outer loop
      vertex 1.49015 11.0805 3.85
      vertex 4.91513 11.0114 3.85
      vertex 4.64756 11.86 3.85
    endloop
  endfacet
  facet normal 0 0 1
    outer loop
      vertex 7.28751 7.28751 3.85
      vertex 4.54002 4.54002 3.85
      vertex 5.21859 3.91823 3.85
    endloop
  endfacet
  facet normal -0 0 1
    outer loop
      vertex 1.45 12 3.85
      vertex 4.64756 11.86 3.85
      vertex 4.45496 12.7288 3.85
    endloop
  endfacet
  facet normal 0 0 1
    outer loop
      vertex 1.45 12 3.85
      vertex 4.45496 12.7288 3.85
      vertex 4.33881 13.611 3.85
    endloop
  endfacet
  facet normal 0 0 1
    outer loop
      vertex 1.45 12 3.85
      vertex 4.33881 13.611 3.85
      vertex 4.3 14.5 3.85
    endloop
  endfacet
  facet normal 0 0 1
    outer loop
      vertex 4.91513 17.9886 3.85
      vertex 1.45 12 3.85
      vertex 4.64756 17.14 3.85
    endloop
  endfacet
  facet normal 0 0 1
    outer loop
      vertex 4.45496 16.2712 3.85
      vertex 1.45 12 3.85
      vertex 4.33881 15.389 3.85
    endloop
  endfacet
  facet normal 0 0 1
    outer loop
      vertex 4.64756 17.14 3.85
      vertex 1.45 12 3.85
      vertex 4.45496 16.2712 3.85
    endloop
  endfacet
  facet normal 0 0 1
    outer loop
      vertex 1.45 12 3.85
      vertex 4.03756 47.3 3.85
      vertex 3.98117 47.4083 3.85
    endloop
  endfacet
  facet normal 0 0 1
    outer loop
      vertex 1.45 12 3.85
      vertex 3.98117 47.4083 3.85
      vertex 3.93443 47.5212 3.85
    endloop
  endfacet
  facet normal 0 0 1
    outer loop
      vertex 7.28751 7.28751 3.85
      vertex 3.91823 5.21859 3.85
      vertex 4.54002 4.54002 3.85
    endloop
  endfacet
  facet normal 0 0 1
    outer loop
      vertex 4.33881 15.389 3.85
      vertex 1.45 12 3.85
      vertex 4.3 14.5 3.85
    endloop
  endfacet
  facet normal 0 0 1
    outer loop
      vertex 1.45 12 3.85
      vertex 3.93443 47.5212 3.85
      vertex 3.8977 47.6377 3.85
    endloop
  endfacet
  facet normal 0 0 1
    outer loop
      vertex 1.45 12 3.85
      vertex 3.8977 47.6377 3.85
      vertex 3.87127 47.7569 3.85
    endloop
  endfacet
  facet normal 0 0 1
    outer loop
      vertex 1.45 12 3.85
      vertex 3.87127 47.7569 3.85
      vertex 3.85533 47.878 3.85
    endloop
  endfacet
  facet normal 0 0 1
    outer loop
      vertex 1.45 12 3.85
      vertex 3.85533 47.878 3.85
      vertex 3.85 48 3.85
    endloop
  endfacet
  facet normal 0 0 1
    outer loop
      vertex 3.85533 48.122 3.85
      vertex 1.45 117.5 3.85
      vertex 3.85 48 3.85
    endloop
  endfacet
  facet normal 0 0 1
    outer loop
      vertex 1.45 12 3.85
      vertex 3.85 48 3.85
      vertex 1.45 117.5 3.85
    endloop
  endfacet
  facet normal 0 0 1
    outer loop
      vertex 1.49015 118.419 3.85
      vertex 4.91513 118.489 3.85
      vertex 1.61028 119.332 3.85
    endloop
  endfacet
  facet normal 0 0 1
    outer loop
      vertex 4.64756 11.86 3.85
      vertex 1.45 12 3.85
      vertex 1.49015 11.0805 3.85
    endloop
  endfacet
  facet normal 0 0 1
    outer loop
      vertex 4.91513 118.489 3.85
      vertex 1.49015 118.419 3.85
      vertex 4.64756 117.64 3.85
    endloop
  endfacet
  facet normal 0 0 1
    outer loop
      vertex 6.68635 7.94357 3.85
      vertex 3.35795 5.94877 3.85
      vertex 3.91823 5.21859 3.85
    endloop
  endfacet
  facet normal 0 0 1
    outer loop
      vertex 1.45 117.5 3.85
      vertex 4.64756 117.64 3.85
      vertex 1.49015 118.419 3.85
    endloop
  endfacet
  facet normal 0 0 1
    outer loop
      vertex 6.14465 8.64952 3.85
      vertex 2.86343 6.725 3.85
      vertex 3.35795 5.94877 3.85
    endloop
  endfacet
  facet normal 0 0 1
    outer loop
      vertex 4.64756 117.64 3.85
      vertex 1.45 117.5 3.85
      vertex 4.45496 116.771 3.85
    endloop
  endfacet
  facet normal 0 0 1
    outer loop
      vertex 5.66654 9.4 3.85
      vertex 2.43845 7.54138 3.85
      vertex 2.86343 6.725 3.85
    endloop
  endfacet
  facet normal 0 0 1
    outer loop
      vertex 4.45496 116.771 3.85
      vertex 1.45 117.5 3.85
      vertex 4.33881 115.889 3.85
    endloop
  endfacet
  facet normal 0 0 1
    outer loop
      vertex 5.66654 9.4 3.85
      vertex 2.08624 8.39169 3.85
      vertex 2.43845 7.54138 3.85
    endloop
  endfacet
  facet normal 0 0 1
    outer loop
      vertex 4.33881 115.889 3.85
      vertex 1.45 117.5 3.85
      vertex 4.3 115 3.85
    endloop
  endfacet
  facet normal 0 0 1
    outer loop
      vertex 5.25566 10.1893 3.85
      vertex 1.80948 9.26946 3.85
      vertex 2.08624 8.39169 3.85
    endloop
  endfacet
  facet normal 0 0 1
    outer loop
      vertex 4.91513 11.0114 3.85
      vertex 1.61028 10.168 3.85
      vertex 1.80948 9.26946 3.85
    endloop
  endfacet
  facet normal 0 0 1
    outer loop
      vertex 4.91513 11.0114 3.85
      vertex 1.49015 11.0805 3.85
      vertex 1.61028 10.168 3.85
    endloop
  endfacet
  facet normal 0 0 1
    outer loop
      vertex 116.019 96.5917 3.85
      vertex 115.085 111.511 3.85
      vertex 115.962 96.7 3.85
    endloop
  endfacet
  facet normal -0 0 1
    outer loop
      vertex 114.744 110.689 3.85
      vertex 115.962 96.7 3.85
      vertex 115.085 111.511 3.85
    endloop
  endfacet
  facet normal 0 0 1
    outer loop
      vertex 115.962 96.7 3.85
      vertex 114.744 110.689 3.85
      vertex 115.897 96.803 3.85
    endloop
  endfacet
  facet normal 0 0 1
    outer loop
      vertex 115.897 96.803 3.85
      vertex 114.744 110.689 3.85
      vertex 115.822 96.8999 3.85
    endloop
  endfacet
  facet normal -0 0 1
    outer loop
      vertex 114.333 109.9 3.85
      vertex 115.822 96.8999 3.85
      vertex 114.744 110.689 3.85
    endloop
  endfacet
  facet normal 0 0 1
    outer loop
      vertex 115.822 96.8999 3.85
      vertex 114.333 109.9 3.85
      vertex 115.74 96.99 3.85
    endloop
  endfacet
  facet normal 0 0 1
    outer loop
      vertex 115.74 96.99 3.85
      vertex 114.333 109.9 3.85
      vertex 115.65 97.0725 3.85
    endloop
  endfacet
  facet normal -0 0 1
    outer loop
      vertex 113.855 109.15 3.85
      vertex 115.65 97.0725 3.85
      vertex 114.333 109.9 3.85
    endloop
  endfacet
  facet normal 0 0 1
    outer loop
      vertex 115.65 97.0725 3.85
      vertex 113.855 109.15 3.85
      vertex 115.553 97.1468 3.85
    endloop
  endfacet
  facet normal -0 0 1
    outer loop
      vertex 113.314 108.444 3.85
      vertex 115.553 97.1468 3.85
      vertex 113.855 109.15 3.85
    endloop
  endfacet
  facet normal 0 0 1
    outer loop
      vertex 115.553 97.1468 3.85
      vertex 113.314 108.444 3.85
      vertex 115.45 97.2124 3.85
    endloop
  endfacet
  facet normal 0 0 1
    outer loop
      vertex 115.45 97.2124 3.85
      vertex 113.314 108.444 3.85
      vertex 115.342 97.2688 3.85
    endloop
  endfacet
  facet normal -0 0 1
    outer loop
      vertex 112.712 107.788 3.85
      vertex 115.342 97.2688 3.85
      vertex 113.314 108.444 3.85
    endloop
  endfacet
  facet normal 0 0 1
    outer loop
      vertex 115.342 97.2688 3.85
      vertex 112.712 107.788 3.85
      vertex 115.229 97.3156 3.85
    endloop
  endfacet
  facet normal 0 0 1
    outer loop
      vertex 115.229 97.3156 3.85
      vertex 112.712 107.788 3.85
      vertex 115.112 97.3523 3.85
    endloop
  endfacet
  facet normal 0 0 1
    outer loop
      vertex 115.112 97.3523 3.85
      vertex 112.712 107.788 3.85
      vertex 114.993 97.3787 3.85
    endloop
  endfacet
  facet normal -0 0 1
    outer loop
      vertex 112.056 107.186 3.85
      vertex 114.993 97.3787 3.85
      vertex 112.712 107.788 3.85
    endloop
  endfacet
  facet normal 0 0 1
    outer loop
      vertex 114.993 97.3787 3.85
      vertex 112.056 107.186 3.85
      vertex 114.872 97.3947 3.85
    endloop
  endfacet
  facet normal 0 0 1
    outer loop
      vertex 114.872 97.3947 3.85
      vertex 112.056 107.186 3.85
      vertex 114.75 97.4 3.85
    endloop
  endfacet
  facet normal -0 0 1
    outer loop
      vertex 111.35 106.645 3.85
      vertex 114.75 97.4 3.85
      vertex 112.056 107.186 3.85
    endloop
  endfacet
  facet normal 0 0 1
    outer loop
      vertex 114.75 97.4 3.85
      vertex 111.35 106.645 3.85
      vertex 114.628 97.3947 3.85
    endloop
  endfacet
  facet normal 0 0 1
    outer loop
      vertex 114.628 97.3947 3.85
      vertex 111.35 106.645 3.85
      vertex 114.507 97.3787 3.85
    endloop
  endfacet
  facet normal -0 0 1
    outer loop
      vertex 110.6 106.167 3.85
      vertex 114.507 97.3787 3.85
      vertex 111.35 106.645 3.85
    endloop
  endfacet
  facet normal 0 0 1
    outer loop
      vertex 114.507 97.3787 3.85
      vertex 110.6 106.167 3.85
      vertex 114.388 97.3523 3.85
    endloop
  endfacet
  facet normal 0 0 1
    outer loop
      vertex 114.388 97.3523 3.85
      vertex 110.6 106.167 3.85
      vertex 114.271 97.3156 3.85
    endloop
  endfacet
  facet normal 0 0 1
    outer loop
      vertex 114.271 97.3156 3.85
      vertex 110.6 106.167 3.85
      vertex 114.158 97.2688 3.85
    endloop
  endfacet
  facet normal -0 0 1
    outer loop
      vertex 109.811 105.756 3.85
      vertex 114.158 97.2688 3.85
      vertex 110.6 106.167 3.85
    endloop
  endfacet
  facet normal 0 0 1
    outer loop
      vertex 114.158 97.2688 3.85
      vertex 109.811 105.756 3.85
      vertex 114.05 97.2124 3.85
    endloop
  endfacet
  facet normal 0 0 1
    outer loop
      vertex 114.05 97.2124 3.85
      vertex 109.811 105.756 3.85
      vertex 113.947 97.1468 3.85
    endloop
  endfacet
  facet normal -0 0 1
    outer loop
      vertex 108.989 105.415 3.85
      vertex 113.947 97.1468 3.85
      vertex 109.811 105.756 3.85
    endloop
  endfacet
  facet normal 0 0 1
    outer loop
      vertex 113.947 97.1468 3.85
      vertex 108.989 105.415 3.85
      vertex 113.85 97.0725 3.85
    endloop
  endfacet
  facet normal 0 0 1
    outer loop
      vertex 113.85 97.0725 3.85
      vertex 108.989 105.415 3.85
      vertex 113.76 96.99 3.85
    endloop
  endfacet
  facet normal -0 0 1
    outer loop
      vertex 108.14 105.148 3.85
      vertex 113.76 96.99 3.85
      vertex 108.989 105.415 3.85
    endloop
  endfacet
  facet normal 0 0 1
    outer loop
      vertex 113.76 96.99 3.85
      vertex 108.14 105.148 3.85
      vertex 113.678 96.8999 3.85
    endloop
  endfacet
  facet normal 0 0 1
    outer loop
      vertex 113.603 96.803 3.85
      vertex 108.14 105.148 3.85
      vertex 113.538 96.7 3.85
    endloop
  endfacet
  facet normal 0 0 1
    outer loop
      vertex 113.678 96.8999 3.85
      vertex 108.14 105.148 3.85
      vertex 113.603 96.803 3.85
    endloop
  endfacet
endsolid OpenSCAD_Model
