solid OpenSCAD_Model
  facet normal -0.991444 -0.13053 0
    outer loop
      vertex 0.182306 9.91622 0
      vertex 0.0456629 10.9541 16.8
      vertex 0.0456629 10.9541 0
    endloop
  endfacet
  facet normal -0.991444 -0.13053 0
    outer loop
      vertex 0.0456629 10.9541 16.8
      vertex 0.182306 9.91622 0
      vertex 0.182306 9.91622 16.8
    endloop
  endfacet
  facet normal 0.736921 -0.675978 0
    outer loop
      vertex 116.485 3.51472 16.8
      vertex 117.193 4.28655 0
      vertex 117.193 4.28655 16.8
    endloop
  endfacet
  facet normal 0.736921 -0.675978 0
    outer loop
      vertex 117.193 4.28655 0
      vertex 116.485 3.51472 16.8
      vertex 116.485 3.51472 0
    endloop
  endfacet
  facet normal -0.999048 -0.0436174 0
    outer loop
      vertex 0.0456629 10.9541 0
      vertex 0 12 16.8
      vertex 0 12 0
    endloop
  endfacet
  facet normal -0.999048 -0.0436174 0
    outer loop
      vertex 0 12 16.8
      vertex 0.0456629 10.9541 0
      vertex 0.0456629 10.9541 16.8
    endloop
  endfacet
  facet normal 0.991524 -0.129926 0
    outer loop
      vertex 119.818 9.91622 16.8
      vertex 119.954 10.9541 0
      vertex 119.954 10.9541 16.8
    endloop
  endfacet
  facet normal 0.991524 -0.129926 0
    outer loop
      vertex 119.954 10.9541 0
      vertex 119.818 9.91622 16.8
      vertex 119.818 9.91622 0
    endloop
  endfacet
  facet normal 0.97621 0.216829 0
    outer loop
      vertex 119.818 119.584 16.8
      vertex 119.591 120.606 0
      vertex 119.591 120.606 16.8
    endloop
  endfacet
  facet normal 0.97621 0.216829 0
    outer loop
      vertex 119.591 120.606 0
      vertex 119.818 119.584 16.8
      vertex 119.818 119.584 0
    endloop
  endfacet
  facet normal 0 -1 0
    outer loop
      vertex 12 0 0
      vertex 108 0 16.8
      vertex 12 0 16.8
    endloop
  endfacet
  facet normal 0 -1 -0
    outer loop
      vertex 108 0 16.8
      vertex 12 0 0
      vertex 108 0 0
    endloop
  endfacet
  facet normal -0.675978 0.736921 0
    outer loop
      vertex 4.28655 126.693 0
      vertex 3.51472 125.985 16.8
      vertex 4.28655 126.693 16.8
    endloop
  endfacet
  facet normal -0.675978 0.736921 0
    outer loop
      vertex 3.51472 125.985 16.8
      vertex 4.28655 126.693 0
      vertex 3.51472 125.985 0
    endloop
  endfacet
  facet normal 0.216451 -0.976294 0
    outer loop
      vertex 110.084 0.182306 0
      vertex 111.106 0.40889 16.8
      vertex 110.084 0.182306 16.8
    endloop
  endfacet
  facet normal 0.216451 -0.976294 0
    outer loop
      vertex 111.106 0.40889 16.8
      vertex 110.084 0.182306 0
      vertex 111.106 0.40889 0
    endloop
  endfacet
  facet normal 1 0 0
    outer loop
      vertex 120 75.5 7
      vertex 120 117.5 16.8
      vertex 120 75.5 14
    endloop
  endfacet
  facet normal 1 0 0
    outer loop
      vertex 120 117.5 16.8
      vertex 120 60.5 14
      vertex 120 75.5 14
    endloop
  endfacet
  facet normal 1 0 0
    outer loop
      vertex 120 60.5 14
      vertex 120 12 16.8
      vertex 120 60.5 7
    endloop
  endfacet
  facet normal 1 -0 0
    outer loop
      vertex 120 12 16.8
      vertex 120 60.5 14
      vertex 120 117.5 16.8
    endloop
  endfacet
  facet normal 1 0 0
    outer loop
      vertex 120 117.5 16.8
      vertex 120 75.5 7
      vertex 120 117.5 0
    endloop
  endfacet
  facet normal 1 -0 0
    outer loop
      vertex 120 60.5 7
      vertex 120 117.5 0
      vertex 120 75.5 7
    endloop
  endfacet
  facet normal 1 0 0
    outer loop
      vertex 120 60.5 7
      vertex 120 12 0
      vertex 120 117.5 0
    endloop
  endfacet
  facet normal 1 0 0
    outer loop
      vertex 120 12 0
      vertex 120 60.5 7
      vertex 120 12 16.8
    endloop
  endfacet
  facet normal 0.129911 0.991526 -0
    outer loop
      vertex 110.084 129.318 0
      vertex 109.046 129.454 16.8
      vertex 110.084 129.318 16.8
    endloop
  endfacet
  facet normal 0.129911 0.991526 0
    outer loop
      vertex 109.046 129.454 16.8
      vertex 110.084 129.318 0
      vertex 109.046 129.454 0
    endloop
  endfacet
  facet normal -0.537298 -0.843392 0
    outer loop
      vertex 5.11708 2.17017 0
      vertex 6 1.60769 16.8
      vertex 5.11708 2.17017 16.8
    endloop
  endfacet
  facet normal -0.537298 -0.843392 -0
    outer loop
      vertex 6 1.60769 16.8
      vertex 5.11708 2.17017 0
      vertex 6 1.60769 0
    endloop
  endfacet
  facet normal -1 0 0
    outer loop
      vertex 0 12 0
      vertex 0 117.5 16.8
      vertex 0 117.5 0
    endloop
  endfacet
  facet normal -1 -0 0
    outer loop
      vertex 0 117.5 16.8
      vertex 0 12 0
      vertex 0 12 16.8
    endloop
  endfacet
  facet normal 0.924089 -0.382179 0
    outer loop
      vertex 118.876 6.92858 16.8
      vertex 119.276 7.89576 0
      vertex 119.276 7.89576 16.8
    endloop
  endfacet
  facet normal 0.924089 -0.382179 0
    outer loop
      vertex 119.276 7.89576 0
      vertex 118.876 6.92858 16.8
      vertex 118.876 6.92858 0
    endloop
  endfacet
  facet normal -0.737352 0.675508 0
    outer loop
      vertex 2.80747 125.213 0
      vertex 3.51472 125.985 16.8
      vertex 3.51472 125.985 0
    endloop
  endfacet
  facet normal -0.737352 0.675508 0
    outer loop
      vertex 3.51472 125.985 16.8
      vertex 2.80747 125.213 0
      vertex 2.80747 125.213 16.8
    endloop
  endfacet
  facet normal 0.843622 0.536937 0
    outer loop
      vertex 118.392 123.5 16.8
      vertex 117.83 124.383 0
      vertex 117.83 124.383 16.8
    endloop
  endfacet
  facet normal 0.843622 0.536937 0
    outer loop
      vertex 117.83 124.383 0
      vertex 118.392 123.5 16.8
      vertex 118.392 123.5 0
    endloop
  endfacet
  facet normal -0.923853 0.382747 0
    outer loop
      vertex 0.723688 121.604 0
      vertex 1.12431 122.571 16.8
      vertex 1.12431 122.571 0
    endloop
  endfacet
  facet normal -0.923853 0.382747 0
    outer loop
      vertex 1.12431 122.571 16.8
      vertex 0.723688 121.604 0
      vertex 0.723688 121.604 16.8
    endloop
  endfacet
  facet normal 0.130515 -0.991446 0
    outer loop
      vertex 109.046 0.0456629 0
      vertex 110.084 0.182306 16.8
      vertex 109.046 0.0456629 16.8
    endloop
  endfacet
  facet normal 0.130515 -0.991446 0
    outer loop
      vertex 110.084 0.182306 16.8
      vertex 109.046 0.0456629 0
      vertex 110.084 0.182306 0
    endloop
  endfacet
  facet normal 0.953661 -0.300882 0
    outer loop
      vertex 119.276 7.89576 16.8
      vertex 119.591 8.89417 0
      vertex 119.591 8.89417 16.8
    endloop
  endfacet
  facet normal 0.953661 -0.300882 0
    outer loop
      vertex 119.591 8.89417 0
      vertex 119.276 7.89576 16.8
      vertex 119.276 7.89576 0
    endloop
  endfacet
  facet normal 0.953626 0.300994 0
    outer loop
      vertex 119.591 120.606 16.8
      vertex 119.276 121.604 0
      vertex 119.276 121.604 16.8
    endloop
  endfacet
  facet normal 0.953626 0.300994 0
    outer loop
      vertex 119.276 121.604 0
      vertex 119.591 120.606 16.8
      vertex 119.591 120.606 0
    endloop
  endfacet
  facet normal -0.13053 -0.991444 0
    outer loop
      vertex 9.91622 0.182306 0
      vertex 10.9541 0.0456629 16.8
      vertex 9.91622 0.182306 16.8
    endloop
  endfacet
  facet normal -0.13053 -0.991444 -0
    outer loop
      vertex 10.9541 0.0456629 16.8
      vertex 9.91622 0.182306 0
      vertex 10.9541 0.0456629 0
    endloop
  endfacet
  facet normal 0.999034 0.0439346 0
    outer loop
      vertex 120 117.5 16.8
      vertex 119.954 118.546 0
      vertex 119.954 118.546 16.8
    endloop
  endfacet
  facet normal 0.999034 0.0439346 0
    outer loop
      vertex 119.954 118.546 0
      vertex 120 117.5 16.8
      vertex 120 117.5 0
    endloop
  endfacet
  facet normal 0.216829 0.97621 -0
    outer loop
      vertex 111.106 129.091 0
      vertex 110.084 129.318 16.8
      vertex 111.106 129.091 16.8
    endloop
  endfacet
  facet normal 0.216829 0.97621 0
    outer loop
      vertex 110.084 129.318 16.8
      vertex 111.106 129.091 0
      vertex 110.084 129.318 0
    endloop
  endfacet
  facet normal -0.536972 0.8436 0
    outer loop
      vertex 6 127.892 0
      vertex 5.11708 127.33 16.8
      vertex 6 127.892 16.8
    endloop
  endfacet
  facet normal -0.536972 0.8436 0
    outer loop
      vertex 5.11708 127.33 16.8
      vertex 6 127.892 0
      vertex 5.11708 127.33 0
    endloop
  endfacet
  facet normal 0 1 -0
    outer loop
      vertex 108 129.5 0
      vertex 12 129.5 16.8
      vertex 108 129.5 16.8
    endloop
  endfacet
  facet normal 0 1 0
    outer loop
      vertex 12 129.5 16.8
      vertex 108 129.5 0
      vertex 12 129.5 0
    endloop
  endfacet
  facet normal 0.462044 0.886857 -0
    outer loop
      vertex 114 127.892 0
      vertex 113.071 128.376 16.8
      vertex 114 127.892 16.8
    endloop
  endfacet
  facet normal 0.462044 0.886857 0
    outer loop
      vertex 113.071 128.376 16.8
      vertex 114 127.892 0
      vertex 113.071 128.376 0
    endloop
  endfacet
  facet normal 0.0439346 0.999034 -0
    outer loop
      vertex 109.046 129.454 0
      vertex 108 129.5 16.8
      vertex 109.046 129.454 16.8
    endloop
  endfacet
  facet normal 0.0439346 0.999034 0
    outer loop
      vertex 108 129.5 16.8
      vertex 109.046 129.454 0
      vertex 108 129.5 0
    endloop
  endfacet
  facet normal 0 0 -1
    outer loop
      vertex 45.1023 20.0391 0
      vertex 45.156 23.4028 0
      vertex 46.5663 24.0521 0
    endloop
  endfacet
  facet normal 0 0 -1
    outer loop
      vertex 43.8572 23.4028 0
      vertex 45.1023 20.0391 0
      vertex 43.8572 20.0391 0
    endloop
  endfacet
  facet normal 0 0 -1
    outer loop
      vertex 45.1023 20.0391 0
      vertex 43.8572 23.4028 0
      vertex 45.156 23.4028 0
    endloop
  endfacet
  facet normal 0 0 -1
    outer loop
      vertex 108 0 0
      vertex 120 12 0
      vertex 119.954 10.9541 0
    endloop
  endfacet
  facet normal 0 0 -1
    outer loop
      vertex 120 12 0
      vertex 103.1 51.9 0
      vertex 120 117.5 0
    endloop
  endfacet
  facet normal 0 0 -1
    outer loop
      vertex 108 0 0
      vertex 119.954 10.9541 0
      vertex 119.818 9.91622 0
    endloop
  endfacet
  facet normal 0 0 -1
    outer loop
      vertex 103.1 113.9 0
      vertex 120 117.5 0
      vertex 103.1 51.9 0
    endloop
  endfacet
  facet normal 0 0 -1
    outer loop
      vertex 108 0 0
      vertex 119.818 9.91622 0
      vertex 119.591 8.89417 0
    endloop
  endfacet
  facet normal 0 0 -1
    outer loop
      vertex 103.095 114.022 0
      vertex 120 117.5 0
      vertex 103.1 113.9 0
    endloop
  endfacet
  facet normal 0 0 -1
    outer loop
      vertex 108 0 0
      vertex 119.591 8.89417 0
      vertex 119.276 7.89576 0
    endloop
  endfacet
  facet normal 0 0 -1
    outer loop
      vertex 103.079 114.143 0
      vertex 120 117.5 0
      vertex 103.095 114.022 0
    endloop
  endfacet
  facet normal 0 0 -1
    outer loop
      vertex 108 0 0
      vertex 119.276 7.89576 0
      vertex 118.876 6.92858 0
    endloop
  endfacet
  facet normal 0 0 -1
    outer loop
      vertex 103.052 114.262 0
      vertex 120 117.5 0
      vertex 103.079 114.143 0
    endloop
  endfacet
  facet normal 0 0 -1
    outer loop
      vertex 108 0 0
      vertex 118.876 6.92858 0
      vertex 118.392 6 0
    endloop
  endfacet
  facet normal 0 0 -1
    outer loop
      vertex 103.016 114.379 0
      vertex 120 117.5 0
      vertex 103.052 114.262 0
    endloop
  endfacet
  facet normal 0 0 -1
    outer loop
      vertex 108 0 0
      vertex 118.392 6 0
      vertex 117.83 5.11708 0
    endloop
  endfacet
  facet normal -0 0 -1
    outer loop
      vertex 120 117.5 0
      vertex 103.016 114.379 0
      vertex 119.954 118.546 0
    endloop
  endfacet
  facet normal 0 0 -1
    outer loop
      vertex 108 0 0
      vertex 117.83 5.11708 0
      vertex 117.193 4.28655 0
    endloop
  endfacet
  facet normal 0 0 -1
    outer loop
      vertex 102.969 114.492 0
      vertex 119.954 118.546 0
      vertex 103.016 114.379 0
    endloop
  endfacet
  facet normal 0 0 -1
    outer loop
      vertex 108 0 0
      vertex 117.193 4.28655 0
      vertex 116.485 3.51472 0
    endloop
  endfacet
  facet normal -0 0 -1
    outer loop
      vertex 119.954 118.546 0
      vertex 102.969 114.492 0
      vertex 119.818 119.584 0
    endloop
  endfacet
  facet normal 0 0 -1
    outer loop
      vertex 108 0 0
      vertex 116.485 3.51472 0
      vertex 115.713 2.80747 0
    endloop
  endfacet
  facet normal -0 0 -1
    outer loop
      vertex 119.818 119.584 0
      vertex 102.969 114.492 0
      vertex 119.591 120.606 0
    endloop
  endfacet
  facet normal 0 0 -1
    outer loop
      vertex 108 0 0
      vertex 115.713 2.80747 0
      vertex 114.883 2.17017 0
    endloop
  endfacet
  facet normal -0 0 -1
    outer loop
      vertex 119.591 120.606 0
      vertex 102.969 114.492 0
      vertex 119.276 121.604 0
    endloop
  endfacet
  facet normal 0 0 -1
    outer loop
      vertex 108 0 0
      vertex 114.883 2.17017 0
      vertex 114 1.60769 0
    endloop
  endfacet
  facet normal -0 0 -1
    outer loop
      vertex 119.276 121.604 0
      vertex 102.969 114.492 0
      vertex 118.876 122.571 0
    endloop
  endfacet
  facet normal 0 0 -1
    outer loop
      vertex 108 0 0
      vertex 114 1.60769 0
      vertex 113.071 1.12431 0
    endloop
  endfacet
  facet normal 0 0 -1
    outer loop
      vertex 102.912 114.6 0
      vertex 118.876 122.571 0
      vertex 102.969 114.492 0
    endloop
  endfacet
  facet normal 0 0 -1
    outer loop
      vertex 108 0 0
      vertex 113.071 1.12431 0
      vertex 112.104 0.723688 0
    endloop
  endfacet
  facet normal -0 0 -1
    outer loop
      vertex 118.876 122.571 0
      vertex 102.912 114.6 0
      vertex 118.392 123.5 0
    endloop
  endfacet
  facet normal 0 0 -1
    outer loop
      vertex 108 0 0
      vertex 112.104 0.723688 0
      vertex 111.106 0.40889 0
    endloop
  endfacet
  facet normal -0 0 -1
    outer loop
      vertex 118.392 123.5 0
      vertex 102.912 114.6 0
      vertex 117.83 124.383 0
    endloop
  endfacet
  facet normal 0 0 -1
    outer loop
      vertex 108 0 0
      vertex 111.106 0.40889 0
      vertex 110.084 0.182306 0
    endloop
  endfacet
  facet normal -0 0 -1
    outer loop
      vertex 117.83 124.383 0
      vertex 102.912 114.6 0
      vertex 117.193 125.213 0
    endloop
  endfacet
  facet normal 0 0 -1
    outer loop
      vertex 108 0 0
      vertex 110.084 0.182306 0
      vertex 109.046 0.0456629 0
    endloop
  endfacet
  facet normal 0 0 -1
    outer loop
      vertex 102.847 114.703 0
      vertex 117.193 125.213 0
      vertex 102.912 114.6 0
    endloop
  endfacet
  facet normal 0 0 -1
    outer loop
      vertex 77.8591 21.8335 0
      vertex 120 12 0
      vertex 108 0 0
    endloop
  endfacet
  facet normal -0 0 -1
    outer loop
      vertex 117.193 125.213 0
      vertex 102.847 114.703 0
      vertex 116.485 125.985 0
    endloop
  endfacet
  facet normal -0 0 -1
    outer loop
      vertex 116.485 125.985 0
      vertex 102.847 114.703 0
      vertex 115.713 126.693 0
    endloop
  endfacet
  facet normal 0 0 -1
    outer loop
      vertex 120 12 0
      vertex 103.095 51.778 0
      vertex 103.1 51.9 0
    endloop
  endfacet
  facet normal 0 0 -1
    outer loop
      vertex 120 12 0
      vertex 103.079 51.6569 0
      vertex 103.095 51.778 0
    endloop
  endfacet
  facet normal 0 0 -1
    outer loop
      vertex 120 12 0
      vertex 103.052 51.5377 0
      vertex 103.079 51.6569 0
    endloop
  endfacet
  facet normal 0 0 -1
    outer loop
      vertex 120 12 0
      vertex 103.016 51.4212 0
      vertex 103.052 51.5377 0
    endloop
  endfacet
  facet normal 0 0 -1
    outer loop
      vertex 120 12 0
      vertex 102.969 51.3083 0
      vertex 103.016 51.4212 0
    endloop
  endfacet
  facet normal 0 0 -1
    outer loop
      vertex 120 12 0
      vertex 102.912 51.2 0
      vertex 102.969 51.3083 0
    endloop
  endfacet
  facet normal 0 0 -1
    outer loop
      vertex 120 12 0
      vertex 102.847 51.097 0
      vertex 102.912 51.2 0
    endloop
  endfacet
  facet normal 0 0 -1
    outer loop
      vertex 120 12 0
      vertex 102.772 51.0001 0
      vertex 102.847 51.097 0
    endloop
  endfacet
  facet normal 0 0 -1
    outer loop
      vertex 120 12 0
      vertex 102.69 50.91 0
      vertex 102.772 51.0001 0
    endloop
  endfacet
  facet normal 0 0 -1
    outer loop
      vertex 120 12 0
      vertex 102.6 50.8275 0
      vertex 102.69 50.91 0
    endloop
  endfacet
  facet normal 0 0 -1
    outer loop
      vertex 120 12 0
      vertex 102.503 50.7532 0
      vertex 102.6 50.8275 0
    endloop
  endfacet
  facet normal 0 0 -1
    outer loop
      vertex 120 12 0
      vertex 102.4 50.6876 0
      vertex 102.503 50.7532 0
    endloop
  endfacet
  facet normal 0 0 -1
    outer loop
      vertex 120 12 0
      vertex 102.292 50.6312 0
      vertex 102.4 50.6876 0
    endloop
  endfacet
  facet normal 0 0 -1
    outer loop
      vertex 120 12 0
      vertex 102.179 50.5844 0
      vertex 102.292 50.6312 0
    endloop
  endfacet
  facet normal 0 0 -1
    outer loop
      vertex 120 12 0
      vertex 102.062 50.5477 0
      vertex 102.179 50.5844 0
    endloop
  endfacet
  facet normal 0 0 -1
    outer loop
      vertex 120 12 0
      vertex 101.943 50.5213 0
      vertex 102.062 50.5477 0
    endloop
  endfacet
  facet normal 0 0 -1
    outer loop
      vertex 120 12 0
      vertex 101.822 50.5053 0
      vertex 101.943 50.5213 0
    endloop
  endfacet
  facet normal 0 0 -1
    outer loop
      vertex 77.8188 22.6081 0
      vertex 120 12 0
      vertex 77.8466 22.4395 0
    endloop
  endfacet
  facet normal 0 0 -1
    outer loop
      vertex 120 12 0
      vertex 77.8688 22.0755 0
      vertex 77.8633 22.2619 0
    endloop
  endfacet
  facet normal 0 0 -1
    outer loop
      vertex 120 12 0
      vertex 77.8664 21.9529 0
      vertex 77.8688 22.0755 0
    endloop
  endfacet
  facet normal 0 0 -1
    outer loop
      vertex 120 12 0
      vertex 77.8591 21.8335 0
      vertex 77.8664 21.9529 0
    endloop
  endfacet
  facet normal 0 0 -1
    outer loop
      vertex 108 0 0
      vertex 77.8469 21.7172 0
      vertex 77.8591 21.8335 0
    endloop
  endfacet
  facet normal 0 0 -1
    outer loop
      vertex 108 0 0
      vertex 77.8298 21.6041 0
      vertex 77.8469 21.7172 0
    endloop
  endfacet
  facet normal 0 0 -1
    outer loop
      vertex 108 0 0
      vertex 77.8079 21.4942 0
      vertex 77.8298 21.6041 0
    endloop
  endfacet
  facet normal 0 0 -1
    outer loop
      vertex 108 0 0
      vertex 77.7811 21.3874 0
      vertex 77.8079 21.4942 0
    endloop
  endfacet
  facet normal 0 0 -1
    outer loop
      vertex 108 0 0
      vertex 77.7495 21.2838 0
      vertex 77.7811 21.3874 0
    endloop
  endfacet
  facet normal 0 0 -1
    outer loop
      vertex 108 0 0
      vertex 77.713 21.1833 0
      vertex 77.7495 21.2838 0
    endloop
  endfacet
  facet normal 0 0 -1
    outer loop
      vertex 108 0 0
      vertex 77.6716 21.086 0
      vertex 77.713 21.1833 0
    endloop
  endfacet
  facet normal 0 0 -1
    outer loop
      vertex 108 0 0
      vertex 77.6253 20.9918 0
      vertex 77.6716 21.086 0
    endloop
  endfacet
  facet normal 0 0 -1
    outer loop
      vertex 108 0 0
      vertex 77.5746 20.9014 0
      vertex 77.6253 20.9918 0
    endloop
  endfacet
  facet normal 0 0 -1
    outer loop
      vertex 108 0 0
      vertex 77.5198 20.8154 0
      vertex 77.5746 20.9014 0
    endloop
  endfacet
  facet normal 0 0 -1
    outer loop
      vertex 108 0 0
      vertex 77.461 20.7337 0
      vertex 77.5198 20.8154 0
    endloop
  endfacet
  facet normal 0 0 -1
    outer loop
      vertex 108 0 0
      vertex 77.3981 20.6564 0
      vertex 77.461 20.7337 0
    endloop
  endfacet
  facet normal 0 0 -1
    outer loop
      vertex 108 0 0
      vertex 77.3312 20.5835 0
      vertex 77.3981 20.6564 0
    endloop
  endfacet
  facet normal 0 0 -1
    outer loop
      vertex 108 0 0
      vertex 77.2603 20.5149 0
      vertex 77.3312 20.5835 0
    endloop
  endfacet
  facet normal 0 0 -1
    outer loop
      vertex 108 0 0
      vertex 77.1853 20.4507 0
      vertex 77.2603 20.5149 0
    endloop
  endfacet
  facet normal 0 0 -1
    outer loop
      vertex 108 0 0
      vertex 77.1062 20.3908 0
      vertex 77.1853 20.4507 0
    endloop
  endfacet
  facet normal 0 0 -1
    outer loop
      vertex 108 0 0
      vertex 77.0232 20.3353 0
      vertex 77.1062 20.3908 0
    endloop
  endfacet
  facet normal 0 0 -1
    outer loop
      vertex 108 0 0
      vertex 76.936 20.2841 0
      vertex 77.0232 20.3353 0
    endloop
  endfacet
  facet normal 0 0 -1
    outer loop
      vertex 108 0 0
      vertex 76.8456 20.2375 0
      vertex 76.936 20.2841 0
    endloop
  endfacet
  facet normal 0 0 -1
    outer loop
      vertex 108 0 0
      vertex 76.7526 20.1959 0
      vertex 76.8456 20.2375 0
    endloop
  endfacet
  facet normal 0 0 -1
    outer loop
      vertex 108 0 0
      vertex 76.657 20.1591 0
      vertex 76.7526 20.1959 0
    endloop
  endfacet
  facet normal 0 0 -1
    outer loop
      vertex 108 0 0
      vertex 76.5587 20.1273 0
      vertex 76.657 20.1591 0
    endloop
  endfacet
  facet normal 0 0 -1
    outer loop
      vertex 108 0 0
      vertex 76.4579 20.1004 0
      vertex 76.5587 20.1273 0
    endloop
  endfacet
  facet normal 0 0 -1
    outer loop
      vertex 108 0 0
      vertex 76.3545 20.0783 0
      vertex 76.4579 20.1004 0
    endloop
  endfacet
  facet normal 0 0 -1
    outer loop
      vertex 108 0 0
      vertex 76.2485 20.0612 0
      vertex 76.3545 20.0783 0
    endloop
  endfacet
  facet normal 0 0 -1
    outer loop
      vertex 108 0 0
      vertex 76.1399 20.0489 0
      vertex 76.2485 20.0612 0
    endloop
  endfacet
  facet normal 0 0 -1
    outer loop
      vertex 108 0 0
      vertex 76.0287 20.0416 0
      vertex 76.1399 20.0489 0
    endloop
  endfacet
  facet normal 0 0 -1
    outer loop
      vertex 108 0 0
      vertex 75.915 20.0391 0
      vertex 76.0287 20.0416 0
    endloop
  endfacet
  facet normal 0 0 -1
    outer loop
      vertex 108 0 0
      vertex 74.2915 20.0391 0
      vertex 75.915 20.0391 0
    endloop
  endfacet
  facet normal 0 0 -1
    outer loop
      vertex 74.2915 20.0391 0
      vertex 73.4258 22.0755 0
      vertex 74.2915 24.0521 0
    endloop
  endfacet
  facet normal 0 0 -1
    outer loop
      vertex 74.2915 20.0391 0
      vertex 73.4234 21.9529 0
      vertex 73.4258 22.0755 0
    endloop
  endfacet
  facet normal 0 0 -1
    outer loop
      vertex 74.2915 20.0391 0
      vertex 73.4161 21.8335 0
      vertex 73.4234 21.9529 0
    endloop
  endfacet
  facet normal 0 0 -1
    outer loop
      vertex 74.2915 20.0391 0
      vertex 73.4039 21.7172 0
      vertex 73.4161 21.8335 0
    endloop
  endfacet
  facet normal 0 0 -1
    outer loop
      vertex 74.2915 20.0391 0
      vertex 73.3868 21.6041 0
      vertex 73.4039 21.7172 0
    endloop
  endfacet
  facet normal 0 0 -1
    outer loop
      vertex 74.2915 20.0391 0
      vertex 73.3649 21.4942 0
      vertex 73.3868 21.6041 0
    endloop
  endfacet
  facet normal 0 0 -1
    outer loop
      vertex 74.2915 20.0391 0
      vertex 73.3381 21.3874 0
      vertex 73.3649 21.4942 0
    endloop
  endfacet
  facet normal 0 0 -1
    outer loop
      vertex 74.2915 20.0391 0
      vertex 73.3065 21.2838 0
      vertex 73.3381 21.3874 0
    endloop
  endfacet
  facet normal 0 0 -1
    outer loop
      vertex 74.2915 20.0391 0
      vertex 73.2699 21.1833 0
      vertex 73.3065 21.2838 0
    endloop
  endfacet
  facet normal 0 0 -1
    outer loop
      vertex 74.2915 20.0391 0
      vertex 73.2285 21.086 0
      vertex 73.2699 21.1833 0
    endloop
  endfacet
  facet normal 0 0 -1
    outer loop
      vertex 74.2915 20.0391 0
      vertex 73.1823 20.9918 0
      vertex 73.2285 21.086 0
    endloop
  endfacet
  facet normal 0 0 -1
    outer loop
      vertex 74.2915 20.0391 0
      vertex 73.1316 20.9014 0
      vertex 73.1823 20.9918 0
    endloop
  endfacet
  facet normal 0 0 -1
    outer loop
      vertex 74.2915 20.0391 0
      vertex 73.0768 20.8154 0
      vertex 73.1316 20.9014 0
    endloop
  endfacet
  facet normal 0 0 -1
    outer loop
      vertex 74.2915 20.0391 0
      vertex 73.018 20.7337 0
      vertex 73.0768 20.8154 0
    endloop
  endfacet
  facet normal 0 0 -1
    outer loop
      vertex 71.5857 20.0416 0
      vertex 74.2915 20.0391 0
      vertex 108 0 0
    endloop
  endfacet
  facet normal 0 0 -1
    outer loop
      vertex 74.2915 20.0391 0
      vertex 72.9551 20.6564 0
      vertex 73.018 20.7337 0
    endloop
  endfacet
  facet normal 0 0 -1
    outer loop
      vertex 74.2915 20.0391 0
      vertex 72.8882 20.5835 0
      vertex 72.9551 20.6564 0
    endloop
  endfacet
  facet normal 0 0 -1
    outer loop
      vertex 74.2915 20.0391 0
      vertex 72.8173 20.5149 0
      vertex 72.8882 20.5835 0
    endloop
  endfacet
  facet normal 0 0 -1
    outer loop
      vertex 74.2915 20.0391 0
      vertex 72.7423 20.4507 0
      vertex 72.8173 20.5149 0
    endloop
  endfacet
  facet normal 0 0 -1
    outer loop
      vertex 74.2915 20.0391 0
      vertex 72.6632 20.3908 0
      vertex 72.7423 20.4507 0
    endloop
  endfacet
  facet normal 0 0 -1
    outer loop
      vertex 74.2915 20.0391 0
      vertex 72.5801 20.3353 0
      vertex 72.6632 20.3908 0
    endloop
  endfacet
  facet normal 0 0 -1
    outer loop
      vertex 74.2915 20.0391 0
      vertex 72.493 20.2841 0
      vertex 72.5801 20.3353 0
    endloop
  endfacet
  facet normal 0 0 -1
    outer loop
      vertex 74.2915 20.0391 0
      vertex 72.4026 20.2375 0
      vertex 72.493 20.2841 0
    endloop
  endfacet
  facet normal 0 0 -1
    outer loop
      vertex 74.2915 20.0391 0
      vertex 72.3096 20.1959 0
      vertex 72.4026 20.2375 0
    endloop
  endfacet
  facet normal 0 0 -1
    outer loop
      vertex 74.2915 20.0391 0
      vertex 72.2139 20.1591 0
      vertex 72.3096 20.1959 0
    endloop
  endfacet
  facet normal 0 0 -1
    outer loop
      vertex 74.2915 20.0391 0
      vertex 72.1157 20.1273 0
      vertex 72.2139 20.1591 0
    endloop
  endfacet
  facet normal 0 0 -1
    outer loop
      vertex 74.2915 20.0391 0
      vertex 72.0149 20.1004 0
      vertex 72.1157 20.1273 0
    endloop
  endfacet
  facet normal 0 0 -1
    outer loop
      vertex 74.2915 20.0391 0
      vertex 71.9115 20.0783 0
      vertex 72.0149 20.1004 0
    endloop
  endfacet
  facet normal 0 0 -1
    outer loop
      vertex 74.2915 20.0391 0
      vertex 71.8055 20.0612 0
      vertex 71.9115 20.0783 0
    endloop
  endfacet
  facet normal 0 0 -1
    outer loop
      vertex 74.2915 20.0391 0
      vertex 71.6969 20.0489 0
      vertex 71.8055 20.0612 0
    endloop
  endfacet
  facet normal 0 0 -1
    outer loop
      vertex 74.2915 20.0391 0
      vertex 71.5857 20.0416 0
      vertex 71.6969 20.0489 0
    endloop
  endfacet
  facet normal 0 0 -1
    outer loop
      vertex 108 0 0
      vertex 71.472 20.0391 0
      vertex 71.5857 20.0416 0
    endloop
  endfacet
  facet normal 0 0 -1
    outer loop
      vertex 108 0 0
      vertex 69.8485 20.0391 0
      vertex 71.472 20.0391 0
    endloop
  endfacet
  facet normal 0 0 -1
    outer loop
      vertex 69.8485 20.0391 0
      vertex 69.0739 20.0391 0
      vertex 69.8485 24.0521 0
    endloop
  endfacet
  facet normal 0 0 -1
    outer loop
      vertex 108 0 0
      vertex 69.0739 20.0391 0
      vertex 69.8485 20.0391 0
    endloop
  endfacet
  facet normal 0 0 -1
    outer loop
      vertex 108 0 0
      vertex 68.2423 20.0391 0
      vertex 69.0739 20.0391 0
    endloop
  endfacet
  facet normal 0 0 -1
    outer loop
      vertex 68.2423 20.0391 0
      vertex 66.3568 21.0645 0
      vertex 67.8862 21.0645 0
    endloop
  endfacet
  facet normal 0 0 -1
    outer loop
      vertex 68.2423 20.0391 0
      vertex 66.0008 20.0391 0
      vertex 66.3568 21.0645 0
    endloop
  endfacet
  facet normal 0 0 -1
    outer loop
      vertex 108 0 0
      vertex 66.0008 20.0391 0
      vertex 68.2423 20.0391 0
    endloop
  endfacet
  facet normal 0 0 -1
    outer loop
      vertex 108 0 0
      vertex 65.1606 20.0391 0
      vertex 66.0008 20.0391 0
    endloop
  endfacet
  facet normal 0 0 -1
    outer loop
      vertex 65.1606 20.0391 0
      vertex 63.0385 21.9404 0
      vertex 63.0409 22.0641 0
    endloop
  endfacet
  facet normal 0 0 -1
    outer loop
      vertex 65.1606 20.0391 0
      vertex 63.031 21.8196 0
      vertex 63.0385 21.9404 0
    endloop
  endfacet
  facet normal 0 0 -1
    outer loop
      vertex 65.1606 20.0391 0
      vertex 63.0186 21.7018 0
      vertex 63.031 21.8196 0
    endloop
  endfacet
  facet normal 0 0 -1
    outer loop
      vertex 65.1606 20.0391 0
      vertex 63.0013 21.587 0
      vertex 63.0186 21.7018 0
    endloop
  endfacet
  facet normal 0 0 -1
    outer loop
      vertex 65.1606 20.0391 0
      vertex 62.979 21.4753 0
      vertex 63.0013 21.587 0
    endloop
  endfacet
  facet normal 0 0 -1
    outer loop
      vertex 65.1606 20.0391 0
      vertex 62.9517 21.3666 0
      vertex 62.979 21.4753 0
    endloop
  endfacet
  facet normal 0 0 -1
    outer loop
      vertex 65.1606 20.0391 0
      vertex 62.9195 21.2609 0
      vertex 62.9517 21.3666 0
    endloop
  endfacet
  facet normal 0 0 -1
    outer loop
      vertex 65.1606 20.0391 0
      vertex 62.8823 21.1582 0
      vertex 62.9195 21.2609 0
    endloop
  endfacet
  facet normal 0 0 -1
    outer loop
      vertex 65.1606 20.0391 0
      vertex 62.8402 21.0585 0
      vertex 62.8823 21.1582 0
    endloop
  endfacet
  facet normal 0 0 -1
    outer loop
      vertex 61.1289 19.9847 0
      vertex 65.1606 20.0391 0
      vertex 108 0 0
    endloop
  endfacet
  facet normal 0 0 -1
    outer loop
      vertex 65.1606 20.0391 0
      vertex 62.7931 20.9619 0
      vertex 62.8402 21.0585 0
    endloop
  endfacet
  facet normal 0 0 -1
    outer loop
      vertex 65.1606 20.0391 0
      vertex 62.7414 20.869 0
      vertex 62.7931 20.9619 0
    endloop
  endfacet
  facet normal 0 0 -1
    outer loop
      vertex 65.1606 20.0391 0
      vertex 62.6855 20.7806 0
      vertex 62.7414 20.869 0
    endloop
  endfacet
  facet normal 0 0 -1
    outer loop
      vertex 65.1606 20.0391 0
      vertex 62.6252 20.6967 0
      vertex 62.6855 20.7806 0
    endloop
  endfacet
  facet normal 0 0 -1
    outer loop
      vertex 65.1606 20.0391 0
      vertex 62.5607 20.6172 0
      vertex 62.6252 20.6967 0
    endloop
  endfacet
  facet normal 0 0 -1
    outer loop
      vertex 65.1606 20.0391 0
      vertex 62.492 20.5422 0
      vertex 62.5607 20.6172 0
    endloop
  endfacet
  facet normal 0 0 -1
    outer loop
      vertex 65.1606 20.0391 0
      vertex 62.4189 20.4716 0
      vertex 62.492 20.5422 0
    endloop
  endfacet
  facet normal 0 0 -1
    outer loop
      vertex 65.1606 20.0391 0
      vertex 62.3416 20.4056 0
      vertex 62.4189 20.4716 0
    endloop
  endfacet
  facet normal 0 0 -1
    outer loop
      vertex 65.1606 20.0391 0
      vertex 62.26 20.344 0
      vertex 62.3416 20.4056 0
    endloop
  endfacet
  facet normal 0 0 -1
    outer loop
      vertex 65.1606 20.0391 0
      vertex 62.1741 20.2869 0
      vertex 62.26 20.344 0
    endloop
  endfacet
  facet normal 0 0 -1
    outer loop
      vertex 65.1606 20.0391 0
      vertex 62.084 20.2342 0
      vertex 62.1741 20.2869 0
    endloop
  endfacet
  facet normal 0 0 -1
    outer loop
      vertex 65.1606 20.0391 0
      vertex 61.9902 20.1863 0
      vertex 62.084 20.2342 0
    endloop
  endfacet
  facet normal 0 0 -1
    outer loop
      vertex 65.1606 20.0391 0
      vertex 61.8933 20.1435 0
      vertex 61.9902 20.1863 0
    endloop
  endfacet
  facet normal 0 0 -1
    outer loop
      vertex 65.1606 20.0391 0
      vertex 61.7933 20.1057 0
      vertex 61.8933 20.1435 0
    endloop
  endfacet
  facet normal 0 0 -1
    outer loop
      vertex 65.1606 20.0391 0
      vertex 61.6902 20.0729 0
      vertex 61.7933 20.1057 0
    endloop
  endfacet
  facet normal 0 0 -1
    outer loop
      vertex 65.1606 20.0391 0
      vertex 61.5841 20.0452 0
      vertex 61.6902 20.0729 0
    endloop
  endfacet
  facet normal -0 0 -1
    outer loop
      vertex 65.1606 20.0391 0
      vertex 61.4749 20.0225 0
      vertex 61.5841 20.0452 0
    endloop
  endfacet
  facet normal 0 0 -1
    outer loop
      vertex 65.1606 20.0391 0
      vertex 61.3627 20.0049 0
      vertex 61.4749 20.0225 0
    endloop
  endfacet
  facet normal 0 0 -1
    outer loop
      vertex 65.1606 20.0391 0
      vertex 61.2473 19.9923 0
      vertex 61.3627 20.0049 0
    endloop
  endfacet
  facet normal 0 0 -1
    outer loop
      vertex 65.1606 20.0391 0
      vertex 61.1289 19.9847 0
      vertex 61.2473 19.9923 0
    endloop
  endfacet
  facet normal 0 0 -1
    outer loop
      vertex 108 0 0
      vertex 61.0074 19.9822 0
      vertex 61.1289 19.9847 0
    endloop
  endfacet
  facet normal 0 0 -1
    outer loop
      vertex 12 0 0
      vertex 61.0074 19.9822 0
      vertex 108 0 0
    endloop
  endfacet
  facet normal -0 0 -1
    outer loop
      vertex 61.0074 19.9822 0
      vertex 12 0 0
      vertex 60.8224 19.9877 0
    endloop
  endfacet
  facet normal 0 -0 -1
    outer loop
      vertex 57.3035 20.0391 0
      vertex 60.8224 19.9877 0
      vertex 12 0 0
    endloop
  endfacet
  facet normal 0 0 -1
    outer loop
      vertex 60.8224 19.9877 0
      vertex 57.3035 20.0391 0
      vertex 60.6455 20.0045 0
    endloop
  endfacet
  facet normal 0 0 -1
    outer loop
      vertex 60.4768 20.0323 0
      vertex 57.3035 20.0391 0
      vertex 60.3163 20.0713 0
    endloop
  endfacet
  facet normal 0 0 -1
    outer loop
      vertex 57.3035 23.4028 0
      vertex 58.9881 22.0641 0
      vertex 58.9934 21.8746 0
    endloop
  endfacet
  facet normal 0 0 -1
    outer loop
      vertex 57.3035 20.0391 0
      vertex 58.9934 21.8746 0
      vertex 59.0096 21.6933 0
    endloop
  endfacet
  facet normal 0 0 -1
    outer loop
      vertex 57.3035 20.0391 0
      vertex 59.0096 21.6933 0
      vertex 59.0364 21.5202 0
    endloop
  endfacet
  facet normal 0 0 -1
    outer loop
      vertex 57.3035 20.0391 0
      vertex 59.0364 21.5202 0
      vertex 59.074 21.3553 0
    endloop
  endfacet
  facet normal -0 0 -1
    outer loop
      vertex 58.9934 21.8746 0
      vertex 57.3035 20.0391 0
      vertex 57.3035 23.4028 0
    endloop
  endfacet
  facet normal -0 0 -1
    outer loop
      vertex 59.1223 21.1987 0
      vertex 57.3035 20.0391 0
      vertex 59.074 21.3553 0
    endloop
  endfacet
  facet normal -0 0 -1
    outer loop
      vertex 59.1814 21.0503 0
      vertex 57.3035 20.0391 0
      vertex 59.1223 21.1987 0
    endloop
  endfacet
  facet normal -0 0 -1
    outer loop
      vertex 59.2511 20.9101 0
      vertex 57.3035 20.0391 0
      vertex 59.1814 21.0503 0
    endloop
  endfacet
  facet normal -0 0 -1
    outer loop
      vertex 59.3317 20.7782 0
      vertex 57.3035 20.0391 0
      vertex 59.2511 20.9101 0
    endloop
  endfacet
  facet normal -0 0 -1
    outer loop
      vertex 59.423 20.6544 0
      vertex 57.3035 20.0391 0
      vertex 59.3317 20.7782 0
    endloop
  endfacet
  facet normal -0 0 -1
    outer loop
      vertex 59.525 20.539 0
      vertex 57.3035 20.0391 0
      vertex 59.423 20.6544 0
    endloop
  endfacet
  facet normal -0 0 -1
    outer loop
      vertex 59.6364 20.4332 0
      vertex 57.3035 20.0391 0
      vertex 59.525 20.539 0
    endloop
  endfacet
  facet normal -0 0 -1
    outer loop
      vertex 59.7561 20.3385 0
      vertex 57.3035 20.0391 0
      vertex 59.6364 20.4332 0
    endloop
  endfacet
  facet normal -0 0 -1
    outer loop
      vertex 59.8839 20.255 0
      vertex 57.3035 20.0391 0
      vertex 59.7561 20.3385 0
    endloop
  endfacet
  facet normal -0 0 -1
    outer loop
      vertex 60.0198 20.1826 0
      vertex 57.3035 20.0391 0
      vertex 59.8839 20.255 0
    endloop
  endfacet
  facet normal -0 0 -1
    outer loop
      vertex 60.164 20.1214 0
      vertex 57.3035 20.0391 0
      vertex 60.0198 20.1826 0
    endloop
  endfacet
  facet normal -0 0 -1
    outer loop
      vertex 60.3163 20.0713 0
      vertex 57.3035 20.0391 0
      vertex 60.164 20.1214 0
    endloop
  endfacet
  facet normal 0 0 -1
    outer loop
      vertex 60.6455 20.0045 0
      vertex 57.3035 20.0391 0
      vertex 60.4768 20.0323 0
    endloop
  endfacet
  facet normal 0 0 -1
    outer loop
      vertex 56.4633 20.0391 0
      vertex 55.1674 23.4028 0
      vertex 56.4633 23.4028 0
    endloop
  endfacet
  facet normal 0 0 -1
    outer loop
      vertex 53.0874 22.9004 0
      vertex 55.1674 23.4028 0
      vertex 53.0913 22.7818 0
    endloop
  endfacet
  facet normal 0 0 -1
    outer loop
      vertex 52.9783 22.215 0
      vertex 55.1674 23.4028 0
      vertex 56.4633 20.0391 0
    endloop
  endfacet
  facet normal 0 0 -1
    outer loop
      vertex 55.1674 23.4028 0
      vertex 53.0895 22.7052 0
      vertex 53.0913 22.7818 0
    endloop
  endfacet
  facet normal 0 0 -1
    outer loop
      vertex 55.1674 23.4028 0
      vertex 53.0842 22.6302 0
      vertex 53.0895 22.7052 0
    endloop
  endfacet
  facet normal 0 0 -1
    outer loop
      vertex 55.1674 23.4028 0
      vertex 53.0754 22.5569 0
      vertex 53.0842 22.6302 0
    endloop
  endfacet
  facet normal 0 0 -1
    outer loop
      vertex 55.1674 23.4028 0
      vertex 53.063 22.4852 0
      vertex 53.0754 22.5569 0
    endloop
  endfacet
  facet normal 0 0 -1
    outer loop
      vertex 55.1674 23.4028 0
      vertex 53.0471 22.4152 0
      vertex 53.063 22.4852 0
    endloop
  endfacet
  facet normal 0 0 -1
    outer loop
      vertex 55.1674 23.4028 0
      vertex 53.0277 22.3468 0
      vertex 53.0471 22.4152 0
    endloop
  endfacet
  facet normal 0 0 -1
    outer loop
      vertex 55.1674 23.4028 0
      vertex 53.0047 22.28 0
      vertex 53.0277 22.3468 0
    endloop
  endfacet
  facet normal 0 0 -1
    outer loop
      vertex 55.1674 23.4028 0
      vertex 52.9783 22.215 0
      vertex 53.0047 22.28 0
    endloop
  endfacet
  facet normal 0 0 -1
    outer loop
      vertex 56.4633 20.0391 0
      vertex 52.9482 22.1516 0
      vertex 52.9783 22.215 0
    endloop
  endfacet
  facet normal 0 0 -1
    outer loop
      vertex 56.4633 20.0391 0
      vertex 52.9147 22.0898 0
      vertex 52.9482 22.1516 0
    endloop
  endfacet
  facet normal 0 0 -1
    outer loop
      vertex 56.4633 20.0391 0
      vertex 52.8778 22.0302 0
      vertex 52.9147 22.0898 0
    endloop
  endfacet
  facet normal 0 0 -1
    outer loop
      vertex 56.4633 20.0391 0
      vertex 52.838 21.9734 0
      vertex 52.8778 22.0302 0
    endloop
  endfacet
  facet normal 0 0 -1
    outer loop
      vertex 56.4633 20.0391 0
      vertex 52.795 21.9194 0
      vertex 52.838 21.9734 0
    endloop
  endfacet
  facet normal 0 0 -1
    outer loop
      vertex 56.4633 20.0391 0
      vertex 52.749 21.8681 0
      vertex 52.795 21.9194 0
    endloop
  endfacet
  facet normal 0 0 -1
    outer loop
      vertex 56.4633 20.0391 0
      vertex 52.7 21.8196 0
      vertex 52.749 21.8681 0
    endloop
  endfacet
  facet normal 0 0 -1
    outer loop
      vertex 56.4633 20.0391 0
      vertex 52.6479 21.7738 0
      vertex 52.7 21.8196 0
    endloop
  endfacet
  facet normal 0 0 -1
    outer loop
      vertex 56.4633 20.0391 0
      vertex 52.5928 21.7308 0
      vertex 52.6479 21.7738 0
    endloop
  endfacet
  facet normal 0 0 -1
    outer loop
      vertex 56.4633 20.0391 0
      vertex 52.5347 21.6906 0
      vertex 52.5928 21.7308 0
    endloop
  endfacet
  facet normal 0 0 -1
    outer loop
      vertex 56.4633 20.0391 0
      vertex 52.4734 21.6531 0
      vertex 52.5347 21.6906 0
    endloop
  endfacet
  facet normal 0 0 -1
    outer loop
      vertex 56.4633 20.0391 0
      vertex 52.4092 21.6184 0
      vertex 52.4734 21.6531 0
    endloop
  endfacet
  facet normal 0 0 -1
    outer loop
      vertex 56.4633 20.0391 0
      vertex 52.3421 21.5868 0
      vertex 52.4092 21.6184 0
    endloop
  endfacet
  facet normal -0 0 -1
    outer loop
      vertex 57.3035 20.0391 0
      vertex 12 0 0
      vertex 56.4633 20.0391 0
    endloop
  endfacet
  facet normal 0 0 -1
    outer loop
      vertex 56.4633 20.0391 0
      vertex 50.6305 20.0391 0
      vertex 52.3421 21.5868 0
    endloop
  endfacet
  facet normal 0 0 -1
    outer loop
      vertex 52.3421 21.5868 0
      vertex 50.6305 20.0391 0
      vertex 52.2726 21.5584 0
    endloop
  endfacet
  facet normal 0 0 -1
    outer loop
      vertex 52.2726 21.5584 0
      vertex 50.6305 20.0391 0
      vertex 52.2007 21.5334 0
    endloop
  endfacet
  facet normal 0 0 -1
    outer loop
      vertex 52.2007 21.5334 0
      vertex 50.6305 20.0391 0
      vertex 52.1262 21.5118 0
    endloop
  endfacet
  facet normal 0 0 -1
    outer loop
      vertex 52.1262 21.5118 0
      vertex 50.6305 20.0391 0
      vertex 52.0492 21.4935 0
    endloop
  endfacet
  facet normal 0 0 -1
    outer loop
      vertex 52.0492 21.4935 0
      vertex 50.6305 20.0391 0
      vertex 51.9698 21.4785 0
    endloop
  endfacet
  facet normal 0 0 -1
    outer loop
      vertex 51.9698 21.4785 0
      vertex 50.6305 20.0391 0
      vertex 51.8879 21.4668 0
    endloop
  endfacet
  facet normal 0 0 -1
    outer loop
      vertex 51.8879 21.4668 0
      vertex 50.6305 20.0391 0
      vertex 51.8035 21.4585 0
    endloop
  endfacet
  facet normal 0 0 -1
    outer loop
      vertex 51.8035 21.4585 0
      vertex 50.6305 20.0391 0
      vertex 51.7167 21.4535 0
    endloop
  endfacet
  facet normal 0 0 -1
    outer loop
      vertex 51.7167 21.4535 0
      vertex 50.6305 20.0391 0
      vertex 51.6273 21.4518 0
    endloop
  endfacet
  facet normal -0 0 -1
    outer loop
      vertex 56.4633 20.0391 0
      vertex 12 0 0
      vertex 50.6305 20.0391 0
    endloop
  endfacet
  facet normal 0 0 -1
    outer loop
      vertex 49.7903 20.0391 0
      vertex 49.0157 20.0391 0
      vertex 49.7903 24.0521 0
    endloop
  endfacet
  facet normal -0 0 -1
    outer loop
      vertex 50.6305 20.0391 0
      vertex 12 0 0
      vertex 49.7903 20.0391 0
    endloop
  endfacet
  facet normal -0 0 -1
    outer loop
      vertex 49.7903 20.0391 0
      vertex 12 0 0
      vertex 49.0157 20.0391 0
    endloop
  endfacet
  facet normal 0 0 -1
    outer loop
      vertex 48.184 20.0391 0
      vertex 46.2986 21.0645 0
      vertex 47.828 21.0645 0
    endloop
  endfacet
  facet normal 0 0 -1
    outer loop
      vertex 48.184 20.0391 0
      vertex 45.9426 20.0391 0
      vertex 46.2986 21.0645 0
    endloop
  endfacet
  facet normal -0 0 -1
    outer loop
      vertex 49.0157 20.0391 0
      vertex 12 0 0
      vertex 48.184 20.0391 0
    endloop
  endfacet
  facet normal -0 0 -1
    outer loop
      vertex 48.184 20.0391 0
      vertex 12 0 0
      vertex 45.9426 20.0391 0
    endloop
  endfacet
  facet normal -0 0 -1
    outer loop
      vertex 45.9426 20.0391 0
      vertex 12 0 0
      vertex 45.1023 20.0391 0
    endloop
  endfacet
  facet normal -0 0 -1
    outer loop
      vertex 45.1023 20.0391 0
      vertex 12 0 0
      vertex 43.8572 20.0391 0
    endloop
  endfacet
  facet normal 0 0 -1
    outer loop
      vertex 43.017 20.0391 0
      vertex 41.7211 23.4028 0
      vertex 43.017 23.4028 0
    endloop
  endfacet
  facet normal 0 0 -1
    outer loop
      vertex 0 12 0
      vertex 41.7211 24.0521 0
      vertex 41.7211 23.4028 0
    endloop
  endfacet
  facet normal 0 0 -1
    outer loop
      vertex 12 0 0
      vertex 41.7211 23.4028 0
      vertex 43.017 20.0391 0
    endloop
  endfacet
  facet normal -0 0 -1
    outer loop
      vertex 41.7211 24.0521 0
      vertex 0 12 0
      vertex 18.3 50.5 0
    endloop
  endfacet
  facet normal -0 0 -1
    outer loop
      vertex 18.3 50.5 0
      vertex 0 12 0
      vertex 18.178 50.5053 0
    endloop
  endfacet
  facet normal -0 0 -1
    outer loop
      vertex 18.178 50.5053 0
      vertex 0 12 0
      vertex 18.0569 50.5213 0
    endloop
  endfacet
  facet normal -0 0 -1
    outer loop
      vertex 18.0569 50.5213 0
      vertex 0 12 0
      vertex 17.9377 50.5477 0
    endloop
  endfacet
  facet normal -0 0 -1
    outer loop
      vertex 17.9377 50.5477 0
      vertex 0 12 0
      vertex 17.8212 50.5844 0
    endloop
  endfacet
  facet normal -0 0 -1
    outer loop
      vertex 17.8212 50.5844 0
      vertex 0 12 0
      vertex 17.7083 50.6312 0
    endloop
  endfacet
  facet normal -0 0 -1
    outer loop
      vertex 17.7083 50.6312 0
      vertex 0 12 0
      vertex 17.6 50.6876 0
    endloop
  endfacet
  facet normal -0 0 -1
    outer loop
      vertex 17.6 50.6876 0
      vertex 0 12 0
      vertex 17.497 50.7532 0
    endloop
  endfacet
  facet normal -0 0 -1
    outer loop
      vertex 17.497 50.7532 0
      vertex 0 12 0
      vertex 17.4001 50.8275 0
    endloop
  endfacet
  facet normal -0 0 -1
    outer loop
      vertex 17.4001 50.8275 0
      vertex 0 12 0
      vertex 17.3101 50.91 0
    endloop
  endfacet
  facet normal -0 0 -1
    outer loop
      vertex 16.9053 51.778 0
      vertex 0 12 0
      vertex 16.9 51.9 0
    endloop
  endfacet
  facet normal -0 0 -1
    outer loop
      vertex 16.9213 51.6569 0
      vertex 0 12 0
      vertex 16.9053 51.778 0
    endloop
  endfacet
  facet normal -0 0 -1
    outer loop
      vertex 16.9477 51.5377 0
      vertex 0 12 0
      vertex 16.9213 51.6569 0
    endloop
  endfacet
  facet normal -0 0 -1
    outer loop
      vertex 16.9844 51.4212 0
      vertex 0 12 0
      vertex 16.9477 51.5377 0
    endloop
  endfacet
  facet normal -0 0 -1
    outer loop
      vertex 17.0312 51.3083 0
      vertex 0 12 0
      vertex 16.9844 51.4212 0
    endloop
  endfacet
  facet normal -0 0 -1
    outer loop
      vertex 17.0876 51.2 0
      vertex 0 12 0
      vertex 17.0312 51.3083 0
    endloop
  endfacet
  facet normal -0 0 -1
    outer loop
      vertex 17.1532 51.097 0
      vertex 0 12 0
      vertex 17.0876 51.2 0
    endloop
  endfacet
  facet normal -0 0 -1
    outer loop
      vertex 17.2275 51.0001 0
      vertex 0 12 0
      vertex 17.1532 51.097 0
    endloop
  endfacet
  facet normal -0 0 -1
    outer loop
      vertex 17.3101 50.91 0
      vertex 0 12 0
      vertex 17.2275 51.0001 0
    endloop
  endfacet
  facet normal 0 0 -1
    outer loop
      vertex 41.7211 23.4028 0
      vertex 12 0 0
      vertex 0 12 0
    endloop
  endfacet
  facet normal -0 0 -1
    outer loop
      vertex 43.8572 20.0391 0
      vertex 12 0 0
      vertex 43.017 20.0391 0
    endloop
  endfacet
  facet normal -0 0 -1
    outer loop
      vertex 115.713 126.693 0
      vertex 102.847 114.703 0
      vertex 114.883 127.33 0
    endloop
  endfacet
  facet normal 0 0 -1
    outer loop
      vertex 102.772 114.8 0
      vertex 114.883 127.33 0
      vertex 102.847 114.703 0
    endloop
  endfacet
  facet normal -0 0 -1
    outer loop
      vertex 114.883 127.33 0
      vertex 102.772 114.8 0
      vertex 114 127.892 0
    endloop
  endfacet
  facet normal -0 0 -1
    outer loop
      vertex 114 127.892 0
      vertex 102.772 114.8 0
      vertex 113.071 128.376 0
    endloop
  endfacet
  facet normal -0 0 -1
    outer loop
      vertex 113.071 128.376 0
      vertex 102.772 114.8 0
      vertex 112.104 128.776 0
    endloop
  endfacet
  facet normal 0 0 -1
    outer loop
      vertex 102.69 114.89 0
      vertex 112.104 128.776 0
      vertex 102.772 114.8 0
    endloop
  endfacet
  facet normal -0 0 -1
    outer loop
      vertex 112.104 128.776 0
      vertex 102.69 114.89 0
      vertex 111.106 129.091 0
    endloop
  endfacet
  facet normal -0 0 -1
    outer loop
      vertex 111.106 129.091 0
      vertex 102.69 114.89 0
      vertex 110.084 129.318 0
    endloop
  endfacet
  facet normal -0 0 -1
    outer loop
      vertex 110.084 129.318 0
      vertex 102.69 114.89 0
      vertex 109.046 129.454 0
    endloop
  endfacet
  facet normal 0 0 -1
    outer loop
      vertex 102.6 114.972 0
      vertex 109.046 129.454 0
      vertex 102.69 114.89 0
    endloop
  endfacet
  facet normal -0 0 -1
    outer loop
      vertex 109.046 129.454 0
      vertex 102.6 114.972 0
      vertex 108 129.5 0
    endloop
  endfacet
  facet normal 0 0 -1
    outer loop
      vertex 102.503 115.047 0
      vertex 108 129.5 0
      vertex 102.6 114.972 0
    endloop
  endfacet
  facet normal 0 0 -1
    outer loop
      vertex 102.4 115.112 0
      vertex 108 129.5 0
      vertex 102.503 115.047 0
    endloop
  endfacet
  facet normal 0 0 -1
    outer loop
      vertex 102.292 115.169 0
      vertex 108 129.5 0
      vertex 102.4 115.112 0
    endloop
  endfacet
  facet normal 0 0 -1
    outer loop
      vertex 102.179 115.216 0
      vertex 108 129.5 0
      vertex 102.292 115.169 0
    endloop
  endfacet
  facet normal 0 0 -1
    outer loop
      vertex 102.062 115.252 0
      vertex 108 129.5 0
      vertex 102.179 115.216 0
    endloop
  endfacet
  facet normal 0 0 -1
    outer loop
      vertex 101.943 115.279 0
      vertex 108 129.5 0
      vertex 102.062 115.252 0
    endloop
  endfacet
  facet normal 0 0 -1
    outer loop
      vertex 101.822 115.295 0
      vertex 108 129.5 0
      vertex 101.943 115.279 0
    endloop
  endfacet
  facet normal 0 0 -1
    outer loop
      vertex 101.7 115.3 0
      vertex 108 129.5 0
      vertex 101.822 115.295 0
    endloop
  endfacet
  facet normal 0 0 -1
    outer loop
      vertex 18.3 115.3 0
      vertex 108 129.5 0
      vertex 101.7 115.3 0
    endloop
  endfacet
  facet normal 0 0 -1
    outer loop
      vertex 12 129.5 0
      vertex 18.3 115.3 0
      vertex 18.178 115.295 0
    endloop
  endfacet
  facet normal 0 0 -1
    outer loop
      vertex 12 129.5 0
      vertex 18.178 115.295 0
      vertex 18.0569 115.279 0
    endloop
  endfacet
  facet normal 0 0 -1
    outer loop
      vertex 18.3 115.3 0
      vertex 12 129.5 0
      vertex 108 129.5 0
    endloop
  endfacet
  facet normal 0 0 -1
    outer loop
      vertex 17.9377 115.252 0
      vertex 12 129.5 0
      vertex 18.0569 115.279 0
    endloop
  endfacet
  facet normal 0 0 -1
    outer loop
      vertex 17.8212 115.216 0
      vertex 12 129.5 0
      vertex 17.9377 115.252 0
    endloop
  endfacet
  facet normal 0 0 -1
    outer loop
      vertex 17.7083 115.169 0
      vertex 12 129.5 0
      vertex 17.8212 115.216 0
    endloop
  endfacet
  facet normal 0 0 -1
    outer loop
      vertex 17.6 115.112 0
      vertex 12 129.5 0
      vertex 17.7083 115.169 0
    endloop
  endfacet
  facet normal 0 0 -1
    outer loop
      vertex 17.497 115.047 0
      vertex 12 129.5 0
      vertex 17.6 115.112 0
    endloop
  endfacet
  facet normal 0 0 -1
    outer loop
      vertex 17.4001 114.972 0
      vertex 12 129.5 0
      vertex 17.497 115.047 0
    endloop
  endfacet
  facet normal 0 0 -1
    outer loop
      vertex 10.9541 129.454 0
      vertex 17.4001 114.972 0
      vertex 17.3101 114.89 0
    endloop
  endfacet
  facet normal 0 0 -1
    outer loop
      vertex 7.89576 128.776 0
      vertex 17.3101 114.89 0
      vertex 17.2275 114.8 0
    endloop
  endfacet
  facet normal 0 0 -1
    outer loop
      vertex 5.11708 127.33 0
      vertex 17.2275 114.8 0
      vertex 17.1532 114.703 0
    endloop
  endfacet
  facet normal 0 0 -1
    outer loop
      vertex 2.80747 125.213 0
      vertex 17.1532 114.703 0
      vertex 17.0876 114.6 0
    endloop
  endfacet
  facet normal 0 0 -1
    outer loop
      vertex 1.12431 122.571 0
      vertex 17.0876 114.6 0
      vertex 17.0312 114.492 0
    endloop
  endfacet
  facet normal 0 0 -1
    outer loop
      vertex 0.0456629 118.546 0
      vertex 17.0312 114.492 0
      vertex 16.9844 114.379 0
    endloop
  endfacet
  facet normal 0 0 -1
    outer loop
      vertex 0 117.5 0
      vertex 16.9844 114.379 0
      vertex 16.9477 114.262 0
    endloop
  endfacet
  facet normal 0 0 -1
    outer loop
      vertex 0 117.5 0
      vertex 16.9477 114.262 0
      vertex 16.9213 114.143 0
    endloop
  endfacet
  facet normal 0 0 -1
    outer loop
      vertex 0 117.5 0
      vertex 16.9213 114.143 0
      vertex 16.9053 114.022 0
    endloop
  endfacet
  facet normal 0 0 -1
    outer loop
      vertex 0 117.5 0
      vertex 16.9053 114.022 0
      vertex 16.9 113.9 0
    endloop
  endfacet
  facet normal 0 0 -1
    outer loop
      vertex 0 117.5 0
      vertex 16.9 51.9 0
      vertex 0 12 0
    endloop
  endfacet
  facet normal 0 0 -1
    outer loop
      vertex 0 12 0
      vertex 12 0 0
      vertex 10.9541 0.0456629 0
    endloop
  endfacet
  facet normal 0 0 -1
    outer loop
      vertex 16.9 51.9 0
      vertex 0 117.5 0
      vertex 16.9 113.9 0
    endloop
  endfacet
  facet normal 0 0 -1
    outer loop
      vertex 0 12 0
      vertex 10.9541 0.0456629 0
      vertex 9.91622 0.182306 0
    endloop
  endfacet
  facet normal 0 0 -1
    outer loop
      vertex 16.9844 114.379 0
      vertex 0 117.5 0
      vertex 0.0456629 118.546 0
    endloop
  endfacet
  facet normal 0 0 -1
    outer loop
      vertex 0 12 0
      vertex 9.91622 0.182306 0
      vertex 8.89417 0.40889 0
    endloop
  endfacet
  facet normal 0 0 -1
    outer loop
      vertex 17.4001 114.972 0
      vertex 10.9541 129.454 0
      vertex 12 129.5 0
    endloop
  endfacet
  facet normal 0 0 -1
    outer loop
      vertex 0 12 0
      vertex 8.89417 0.40889 0
      vertex 7.89576 0.723688 0
    endloop
  endfacet
  facet normal 0 0 -1
    outer loop
      vertex 17.3101 114.89 0
      vertex 9.91622 129.318 0
      vertex 10.9541 129.454 0
    endloop
  endfacet
  facet normal 0 0 -1
    outer loop
      vertex 0 12 0
      vertex 7.89576 0.723688 0
      vertex 6.92858 1.12431 0
    endloop
  endfacet
  facet normal 0 0 -1
    outer loop
      vertex 17.3101 114.89 0
      vertex 8.89417 129.091 0
      vertex 9.91622 129.318 0
    endloop
  endfacet
  facet normal 0 0 -1
    outer loop
      vertex 0 12 0
      vertex 6.92858 1.12431 0
      vertex 6 1.60769 0
    endloop
  endfacet
  facet normal 0 0 -1
    outer loop
      vertex 17.3101 114.89 0
      vertex 7.89576 128.776 0
      vertex 8.89417 129.091 0
    endloop
  endfacet
  facet normal 0 0 -1
    outer loop
      vertex 0 12 0
      vertex 6 1.60769 0
      vertex 5.11708 2.17017 0
    endloop
  endfacet
  facet normal 0 0 -1
    outer loop
      vertex 17.2275 114.8 0
      vertex 6.92858 128.376 0
      vertex 7.89576 128.776 0
    endloop
  endfacet
  facet normal 0 0 -1
    outer loop
      vertex 0 12 0
      vertex 5.11708 2.17017 0
      vertex 4.28655 2.80747 0
    endloop
  endfacet
  facet normal 0 0 -1
    outer loop
      vertex 17.2275 114.8 0
      vertex 6 127.892 0
      vertex 6.92858 128.376 0
    endloop
  endfacet
  facet normal 0 0 -1
    outer loop
      vertex 0 12 0
      vertex 4.28655 2.80747 0
      vertex 3.51472 3.51472 0
    endloop
  endfacet
  facet normal 0 0 -1
    outer loop
      vertex 17.2275 114.8 0
      vertex 5.11708 127.33 0
      vertex 6 127.892 0
    endloop
  endfacet
  facet normal 0 0 -1
    outer loop
      vertex 0 12 0
      vertex 3.51472 3.51472 0
      vertex 2.80747 4.28655 0
    endloop
  endfacet
  facet normal 0 0 -1
    outer loop
      vertex 17.1532 114.703 0
      vertex 4.28655 126.693 0
      vertex 5.11708 127.33 0
    endloop
  endfacet
  facet normal 0 0 -1
    outer loop
      vertex 0 12 0
      vertex 2.80747 4.28655 0
      vertex 2.17017 5.11708 0
    endloop
  endfacet
  facet normal 0 0 -1
    outer loop
      vertex 17.1532 114.703 0
      vertex 3.51472 125.985 0
      vertex 4.28655 126.693 0
    endloop
  endfacet
  facet normal 0 0 -1
    outer loop
      vertex 0 12 0
      vertex 2.17017 5.11708 0
      vertex 1.60769 6 0
    endloop
  endfacet
  facet normal 0 0 -1
    outer loop
      vertex 17.1532 114.703 0
      vertex 2.80747 125.213 0
      vertex 3.51472 125.985 0
    endloop
  endfacet
  facet normal 0 0 -1
    outer loop
      vertex 0 12 0
      vertex 1.60769 6 0
      vertex 1.12431 6.92858 0
    endloop
  endfacet
  facet normal 0 0 -1
    outer loop
      vertex 17.0876 114.6 0
      vertex 2.17017 124.383 0
      vertex 2.80747 125.213 0
    endloop
  endfacet
  facet normal 0 0 -1
    outer loop
      vertex 0 12 0
      vertex 1.12431 6.92858 0
      vertex 0.723688 7.89576 0
    endloop
  endfacet
  facet normal 0 0 -1
    outer loop
      vertex 17.0876 114.6 0
      vertex 1.60769 123.5 0
      vertex 2.17017 124.383 0
    endloop
  endfacet
  facet normal 0 0 -1
    outer loop
      vertex 0 12 0
      vertex 0.723688 7.89576 0
      vertex 0.40889 8.89417 0
    endloop
  endfacet
  facet normal 0 0 -1
    outer loop
      vertex 17.0876 114.6 0
      vertex 1.12431 122.571 0
      vertex 1.60769 123.5 0
    endloop
  endfacet
  facet normal 0 0 -1
    outer loop
      vertex 0 12 0
      vertex 0.40889 8.89417 0
      vertex 0.182306 9.91622 0
    endloop
  endfacet
  facet normal 0 0 -1
    outer loop
      vertex 17.0312 114.492 0
      vertex 0.723688 121.604 0
      vertex 1.12431 122.571 0
    endloop
  endfacet
  facet normal 0 0 -1
    outer loop
      vertex 0 12 0
      vertex 0.182306 9.91622 0
      vertex 0.0456629 10.9541 0
    endloop
  endfacet
  facet normal 0 0 -1
    outer loop
      vertex 17.0312 114.492 0
      vertex 0.40889 120.606 0
      vertex 0.723688 121.604 0
    endloop
  endfacet
  facet normal 0 0 -1
    outer loop
      vertex 17.0312 114.492 0
      vertex 0.182306 119.584 0
      vertex 0.40889 120.606 0
    endloop
  endfacet
  facet normal 0 0 -1
    outer loop
      vertex 17.0312 114.492 0
      vertex 0.0456629 118.546 0
      vertex 0.182306 119.584 0
    endloop
  endfacet
  facet normal 0 0 -1
    outer loop
      vertex 120 12 0
      vertex 77.8633 22.2619 0
      vertex 77.8466 22.4395 0
    endloop
  endfacet
  facet normal 0 0 -1
    outer loop
      vertex 120 12 0
      vertex 101.7 50.5 0
      vertex 101.822 50.5053 0
    endloop
  endfacet
  facet normal 0 0 -1
    outer loop
      vertex 120 12 0
      vertex 77.8188 22.6081 0
      vertex 101.7 50.5 0
    endloop
  endfacet
  facet normal 0 0 -1
    outer loop
      vertex 77.78 22.768 0
      vertex 101.7 50.5 0
      vertex 77.8188 22.6081 0
    endloop
  endfacet
  facet normal 0 0 -1
    outer loop
      vertex 77.73 22.9189 0
      vertex 101.7 50.5 0
      vertex 77.78 22.768 0
    endloop
  endfacet
  facet normal 0 0 -1
    outer loop
      vertex 77.6689 23.061 0
      vertex 101.7 50.5 0
      vertex 77.73 22.9189 0
    endloop
  endfacet
  facet normal 0 0 -1
    outer loop
      vertex 77.5967 23.1943 0
      vertex 101.7 50.5 0
      vertex 77.6689 23.061 0
    endloop
  endfacet
  facet normal 0 0 -1
    outer loop
      vertex 77.5134 23.3187 0
      vertex 101.7 50.5 0
      vertex 77.5967 23.1943 0
    endloop
  endfacet
  facet normal 0 0 -1
    outer loop
      vertex 77.4189 23.4342 0
      vertex 101.7 50.5 0
      vertex 77.5134 23.3187 0
    endloop
  endfacet
  facet normal 0 0 -1
    outer loop
      vertex 77.3134 23.5409 0
      vertex 101.7 50.5 0
      vertex 77.4189 23.4342 0
    endloop
  endfacet
  facet normal 0 0 -1
    outer loop
      vertex 77.1978 23.638 0
      vertex 101.7 50.5 0
      vertex 77.3134 23.5409 0
    endloop
  endfacet
  facet normal 0 0 -1
    outer loop
      vertex 77.0729 23.7249 0
      vertex 101.7 50.5 0
      vertex 77.1978 23.638 0
    endloop
  endfacet
  facet normal 0 0 -1
    outer loop
      vertex 76.9389 23.8016 0
      vertex 101.7 50.5 0
      vertex 77.0729 23.7249 0
    endloop
  endfacet
  facet normal 0 0 -1
    outer loop
      vertex 76.7957 23.8681 0
      vertex 101.7 50.5 0
      vertex 76.9389 23.8016 0
    endloop
  endfacet
  facet normal 0 0 -1
    outer loop
      vertex 76.6434 23.9243 0
      vertex 101.7 50.5 0
      vertex 76.7957 23.8681 0
    endloop
  endfacet
  facet normal 0 0 -1
    outer loop
      vertex 76.4819 23.9703 0
      vertex 101.7 50.5 0
      vertex 76.6434 23.9243 0
    endloop
  endfacet
  facet normal 0 0 -1
    outer loop
      vertex 76.3112 24.0061 0
      vertex 101.7 50.5 0
      vertex 76.4819 23.9703 0
    endloop
  endfacet
  facet normal 0 0 -1
    outer loop
      vertex 76.1313 24.0317 0
      vertex 101.7 50.5 0
      vertex 76.3112 24.0061 0
    endloop
  endfacet
  facet normal 0 0 -1
    outer loop
      vertex 75.9423 24.047 0
      vertex 101.7 50.5 0
      vertex 76.1313 24.0317 0
    endloop
  endfacet
  facet normal 0 0 -1
    outer loop
      vertex 75.7441 24.0521 0
      vertex 101.7 50.5 0
      vertex 75.9423 24.047 0
    endloop
  endfacet
  facet normal 0 0 -1
    outer loop
      vertex 74.2915 24.0521 0
      vertex 101.7 50.5 0
      vertex 75.7441 24.0521 0
    endloop
  endfacet
  facet normal 0 0 -1
    outer loop
      vertex 73.4202 22.2619 0
      vertex 74.2915 24.0521 0
      vertex 73.4258 22.0755 0
    endloop
  endfacet
  facet normal 0 0 -1
    outer loop
      vertex 73.4036 22.4395 0
      vertex 74.2915 24.0521 0
      vertex 73.4202 22.2619 0
    endloop
  endfacet
  facet normal 0 0 -1
    outer loop
      vertex 73.3758 22.6081 0
      vertex 74.2915 24.0521 0
      vertex 73.4036 22.4395 0
    endloop
  endfacet
  facet normal 0 0 -1
    outer loop
      vertex 73.3369 22.768 0
      vertex 74.2915 24.0521 0
      vertex 73.3758 22.6081 0
    endloop
  endfacet
  facet normal 0 0 -1
    outer loop
      vertex 73.2869 22.9189 0
      vertex 74.2915 24.0521 0
      vertex 73.3369 22.768 0
    endloop
  endfacet
  facet normal 0 0 -1
    outer loop
      vertex 73.2258 23.061 0
      vertex 74.2915 24.0521 0
      vertex 73.2869 22.9189 0
    endloop
  endfacet
  facet normal 0 0 -1
    outer loop
      vertex 73.1536 23.1943 0
      vertex 74.2915 24.0521 0
      vertex 73.2258 23.061 0
    endloop
  endfacet
  facet normal 0 0 -1
    outer loop
      vertex 73.0703 23.3187 0
      vertex 74.2915 24.0521 0
      vertex 73.1536 23.1943 0
    endloop
  endfacet
  facet normal 0 0 -1
    outer loop
      vertex 72.9759 23.4342 0
      vertex 74.2915 24.0521 0
      vertex 73.0703 23.3187 0
    endloop
  endfacet
  facet normal 0 0 -1
    outer loop
      vertex 72.8704 23.5409 0
      vertex 74.2915 24.0521 0
      vertex 72.9759 23.4342 0
    endloop
  endfacet
  facet normal 0 0 -1
    outer loop
      vertex 72.7547 23.638 0
      vertex 74.2915 24.0521 0
      vertex 72.8704 23.5409 0
    endloop
  endfacet
  facet normal 0 0 -1
    outer loop
      vertex 72.6299 23.7249 0
      vertex 74.2915 24.0521 0
      vertex 72.7547 23.638 0
    endloop
  endfacet
  facet normal 0 0 -1
    outer loop
      vertex 72.4959 23.8016 0
      vertex 74.2915 24.0521 0
      vertex 72.6299 23.7249 0
    endloop
  endfacet
  facet normal 0 0 -1
    outer loop
      vertex 72.3527 23.8681 0
      vertex 74.2915 24.0521 0
      vertex 72.4959 23.8016 0
    endloop
  endfacet
  facet normal 0 0 -1
    outer loop
      vertex 72.2004 23.9243 0
      vertex 74.2915 24.0521 0
      vertex 72.3527 23.8681 0
    endloop
  endfacet
  facet normal 0 0 -1
    outer loop
      vertex 72.0389 23.9703 0
      vertex 74.2915 24.0521 0
      vertex 72.2004 23.9243 0
    endloop
  endfacet
  facet normal 0 0 -1
    outer loop
      vertex 71.8682 24.0061 0
      vertex 74.2915 24.0521 0
      vertex 72.0389 23.9703 0
    endloop
  endfacet
  facet normal 0 0 -1
    outer loop
      vertex 71.6883 24.0317 0
      vertex 74.2915 24.0521 0
      vertex 71.8682 24.0061 0
    endloop
  endfacet
  facet normal 0 0 -1
    outer loop
      vertex 71.4993 24.047 0
      vertex 74.2915 24.0521 0
      vertex 71.6883 24.0317 0
    endloop
  endfacet
  facet normal -0 0 -1
    outer loop
      vertex 74.2915 24.0521 0
      vertex 71.4993 24.047 0
      vertex 101.7 50.5 0
    endloop
  endfacet
  facet normal 0 0 -1
    outer loop
      vertex 71.3011 24.0521 0
      vertex 101.7 50.5 0
      vertex 71.4993 24.047 0
    endloop
  endfacet
  facet normal 0 0 -1
    outer loop
      vertex 69.8485 24.0521 0
      vertex 101.7 50.5 0
      vertex 71.3011 24.0521 0
    endloop
  endfacet
  facet normal 0 0 -1
    outer loop
      vertex 67.6157 24.0521 0
      vertex 69.8485 24.0521 0
      vertex 69.0739 20.0391 0
    endloop
  endfacet
  facet normal 0 0 -1
    outer loop
      vertex 67.6157 24.0521 0
      vertex 101.7 50.5 0
      vertex 69.8485 24.0521 0
    endloop
  endfacet
  facet normal 0 0 -1
    outer loop
      vertex 66.6245 24.0521 0
      vertex 101.7 50.5 0
      vertex 67.6157 24.0521 0
    endloop
  endfacet
  facet normal 0 0 -1
    outer loop
      vertex 63.0356 22.2509 0
      vertex 65.1606 20.0391 0
      vertex 63.0409 22.0641 0
    endloop
  endfacet
  facet normal 0 0 -1
    outer loop
      vertex 65.1606 20.0391 0
      vertex 63.0356 22.2509 0
      vertex 66.6245 24.0521 0
    endloop
  endfacet
  facet normal 0 0 -1
    outer loop
      vertex 63.0195 22.4295 0
      vertex 66.6245 24.0521 0
      vertex 63.0356 22.2509 0
    endloop
  endfacet
  facet normal 0 0 -1
    outer loop
      vertex 62.9926 22.6 0
      vertex 66.6245 24.0521 0
      vertex 63.0195 22.4295 0
    endloop
  endfacet
  facet normal 0 0 -1
    outer loop
      vertex 62.955 22.7623 0
      vertex 66.6245 24.0521 0
      vertex 62.9926 22.6 0
    endloop
  endfacet
  facet normal 0 0 -1
    outer loop
      vertex 62.9067 22.9164 0
      vertex 66.6245 24.0521 0
      vertex 62.955 22.7623 0
    endloop
  endfacet
  facet normal 0 0 -1
    outer loop
      vertex 62.8477 23.0625 0
      vertex 66.6245 24.0521 0
      vertex 62.9067 22.9164 0
    endloop
  endfacet
  facet normal 0 0 -1
    outer loop
      vertex 62.7779 23.2003 0
      vertex 66.6245 24.0521 0
      vertex 62.8477 23.0625 0
    endloop
  endfacet
  facet normal 0 0 -1
    outer loop
      vertex 62.6973 23.3301 0
      vertex 66.6245 24.0521 0
      vertex 62.7779 23.2003 0
    endloop
  endfacet
  facet normal 0 0 -1
    outer loop
      vertex 62.606 23.4517 0
      vertex 66.6245 24.0521 0
      vertex 62.6973 23.3301 0
    endloop
  endfacet
  facet normal 0 0 -1
    outer loop
      vertex 62.504 23.5651 0
      vertex 66.6245 24.0521 0
      vertex 62.606 23.4517 0
    endloop
  endfacet
  facet normal 0 0 -1
    outer loop
      vertex 62.3925 23.669 0
      vertex 66.6245 24.0521 0
      vertex 62.504 23.5651 0
    endloop
  endfacet
  facet normal 0 0 -1
    outer loop
      vertex 62.2726 23.762 0
      vertex 66.6245 24.0521 0
      vertex 62.3925 23.669 0
    endloop
  endfacet
  facet normal 0 0 -1
    outer loop
      vertex 62.1444 23.844 0
      vertex 66.6245 24.0521 0
      vertex 62.2726 23.762 0
    endloop
  endfacet
  facet normal 0 0 -1
    outer loop
      vertex 62.0078 23.9151 0
      vertex 66.6245 24.0521 0
      vertex 62.1444 23.844 0
    endloop
  endfacet
  facet normal 0 0 -1
    outer loop
      vertex 61.8629 23.9752 0
      vertex 66.6245 24.0521 0
      vertex 62.0078 23.9151 0
    endloop
  endfacet
  facet normal 0 0 -1
    outer loop
      vertex 61.7096 24.0244 0
      vertex 66.6245 24.0521 0
      vertex 61.8629 23.9752 0
    endloop
  endfacet
  facet normal 0 0 -1
    outer loop
      vertex 61.548 24.0627 0
      vertex 66.6245 24.0521 0
      vertex 61.7096 24.0244 0
    endloop
  endfacet
  facet normal 0 0 -1
    outer loop
      vertex 61.378 24.0901 0
      vertex 66.6245 24.0521 0
      vertex 61.548 24.0627 0
    endloop
  endfacet
  facet normal 0 0 -1
    outer loop
      vertex 61.1997 24.1065 0
      vertex 66.6245 24.0521 0
      vertex 61.378 24.0901 0
    endloop
  endfacet
  facet normal 0 0 -1
    outer loop
      vertex 66.6245 24.0521 0
      vertex 61.1997 24.1065 0
      vertex 101.7 50.5 0
    endloop
  endfacet
  facet normal 0 0 -1
    outer loop
      vertex 61.0131 24.1119 0
      vertex 101.7 50.5 0
      vertex 61.1997 24.1065 0
    endloop
  endfacet
  facet normal 0 0 -1
    outer loop
      vertex 60.8264 24.1065 0
      vertex 101.7 50.5 0
      vertex 61.0131 24.1119 0
    endloop
  endfacet
  facet normal 0 0 -1
    outer loop
      vertex 58.6022 24.0521 0
      vertex 60.8264 24.1065 0
      vertex 60.6482 24.0903 0
    endloop
  endfacet
  facet normal 0 0 -1
    outer loop
      vertex 58.6022 24.0521 0
      vertex 60.6482 24.0903 0
      vertex 60.4783 24.0632 0
    endloop
  endfacet
  facet normal 0 0 -1
    outer loop
      vertex 58.6022 24.0521 0
      vertex 60.4783 24.0632 0
      vertex 60.3168 24.0254 0
    endloop
  endfacet
  facet normal 0 0 -1
    outer loop
      vertex 58.6022 24.0521 0
      vertex 60.3168 24.0254 0
      vertex 60.1636 23.9767 0
    endloop
  endfacet
  facet normal 0 0 -1
    outer loop
      vertex 58.6022 24.0521 0
      vertex 60.1636 23.9767 0
      vertex 60.0189 23.9171 0
    endloop
  endfacet
  facet normal 0 0 -1
    outer loop
      vertex 58.6022 24.0521 0
      vertex 60.0189 23.9171 0
      vertex 59.8825 23.8468 0
    endloop
  endfacet
  facet normal 0 0 -1
    outer loop
      vertex 58.6022 24.0521 0
      vertex 59.8825 23.8468 0
      vertex 59.7545 23.7656 0
    endloop
  endfacet
  facet normal 0 0 -1
    outer loop
      vertex 58.6022 23.4028 0
      vertex 58.9934 22.253 0
      vertex 58.9881 22.0641 0
    endloop
  endfacet
  facet normal 0 0 -1
    outer loop
      vertex 58.6022 23.4028 0
      vertex 59.0095 22.4334 0
      vertex 58.9934 22.253 0
    endloop
  endfacet
  facet normal 0 0 -1
    outer loop
      vertex 58.6022 23.4028 0
      vertex 59.0363 22.6053 0
      vertex 59.0095 22.4334 0
    endloop
  endfacet
  facet normal 0 0 -1
    outer loop
      vertex 58.6022 23.4028 0
      vertex 59.0737 22.7686 0
      vertex 59.0363 22.6053 0
    endloop
  endfacet
  facet normal 0 0 -1
    outer loop
      vertex 58.6022 23.4028 0
      vertex 59.1219 22.9236 0
      vertex 59.0737 22.7686 0
    endloop
  endfacet
  facet normal 0 0 -1
    outer loop
      vertex 58.6022 23.4028 0
      vertex 59.1808 23.07 0
      vertex 59.1219 22.9236 0
    endloop
  endfacet
  facet normal 0 0 -1
    outer loop
      vertex 58.6022 23.4028 0
      vertex 59.2504 23.2079 0
      vertex 59.1808 23.07 0
    endloop
  endfacet
  facet normal 0 0 -1
    outer loop
      vertex 58.6022 23.4028 0
      vertex 59.3308 23.3373 0
      vertex 59.2504 23.2079 0
    endloop
  endfacet
  facet normal 0 0 -1
    outer loop
      vertex 58.6022 23.4028 0
      vertex 59.4218 23.4583 0
      vertex 59.3308 23.3373 0
    endloop
  endfacet
  facet normal 0 0 -1
    outer loop
      vertex 58.6022 24.0521 0
      vertex 59.4218 23.4583 0
      vertex 58.6022 23.4028 0
    endloop
  endfacet
  facet normal 0 0 -1
    outer loop
      vertex 59.4218 23.4583 0
      vertex 58.6022 24.0521 0
      vertex 59.5235 23.5708 0
    endloop
  endfacet
  facet normal 0 0 -1
    outer loop
      vertex 59.5235 23.5708 0
      vertex 58.6022 24.0521 0
      vertex 59.6348 23.6736 0
    endloop
  endfacet
  facet normal 0 0 -1
    outer loop
      vertex 59.6348 23.6736 0
      vertex 58.6022 24.0521 0
      vertex 59.7545 23.7656 0
    endloop
  endfacet
  facet normal -0 0 -1
    outer loop
      vertex 60.8264 24.1065 0
      vertex 58.6022 24.0521 0
      vertex 18.3 50.5 0
    endloop
  endfacet
  facet normal 0 0 -1
    outer loop
      vertex 18.3 50.5 0
      vertex 58.6022 24.0521 0
      vertex 55.1674 24.0521 0
    endloop
  endfacet
  facet normal 0 0 -1
    outer loop
      vertex 53.0757 23.0135 0
      vertex 55.1674 23.4028 0
      vertex 53.0874 22.9004 0
    endloop
  endfacet
  facet normal 0 0 -1
    outer loop
      vertex 53.0563 23.1211 0
      vertex 55.1674 23.4028 0
      vertex 53.0757 23.0135 0
    endloop
  endfacet
  facet normal 0 0 -1
    outer loop
      vertex 53.0291 23.2232 0
      vertex 55.1674 23.4028 0
      vertex 53.0563 23.1211 0
    endloop
  endfacet
  facet normal 0 0 -1
    outer loop
      vertex 52.9941 23.3198 0
      vertex 55.1674 23.4028 0
      vertex 53.0291 23.2232 0
    endloop
  endfacet
  facet normal -0 0 -1
    outer loop
      vertex 55.1674 23.4028 0
      vertex 52.9941 23.3198 0
      vertex 55.1674 24.0521 0
    endloop
  endfacet
  facet normal 0 0 -1
    outer loop
      vertex 52.9513 23.4109 0
      vertex 55.1674 24.0521 0
      vertex 52.9941 23.3198 0
    endloop
  endfacet
  facet normal 0 0 -1
    outer loop
      vertex 52.9008 23.4965 0
      vertex 55.1674 24.0521 0
      vertex 52.9513 23.4109 0
    endloop
  endfacet
  facet normal 0 0 -1
    outer loop
      vertex 52.8425 23.5766 0
      vertex 55.1674 24.0521 0
      vertex 52.9008 23.4965 0
    endloop
  endfacet
  facet normal 0 0 -1
    outer loop
      vertex 52.7764 23.6512 0
      vertex 55.1674 24.0521 0
      vertex 52.8425 23.5766 0
    endloop
  endfacet
  facet normal 0 0 -1
    outer loop
      vertex 52.7025 23.7203 0
      vertex 55.1674 24.0521 0
      vertex 52.7764 23.6512 0
    endloop
  endfacet
  facet normal 0 0 -1
    outer loop
      vertex 52.6214 23.7834 0
      vertex 55.1674 24.0521 0
      vertex 52.7025 23.7203 0
    endloop
  endfacet
  facet normal 0 0 -1
    outer loop
      vertex 52.5337 23.8398 0
      vertex 55.1674 24.0521 0
      vertex 52.6214 23.7834 0
    endloop
  endfacet
  facet normal 0 0 -1
    outer loop
      vertex 52.4394 23.8896 0
      vertex 55.1674 24.0521 0
      vertex 52.5337 23.8398 0
    endloop
  endfacet
  facet normal 0 0 -1
    outer loop
      vertex 52.3384 23.9327 0
      vertex 55.1674 24.0521 0
      vertex 52.4394 23.8896 0
    endloop
  endfacet
  facet normal 0 0 -1
    outer loop
      vertex 52.2308 23.9692 0
      vertex 55.1674 24.0521 0
      vertex 52.3384 23.9327 0
    endloop
  endfacet
  facet normal 0 0 -1
    outer loop
      vertex 52.1165 23.999 0
      vertex 55.1674 24.0521 0
      vertex 52.2308 23.9692 0
    endloop
  endfacet
  facet normal 0 0 -1
    outer loop
      vertex 51.9957 24.0223 0
      vertex 55.1674 24.0521 0
      vertex 52.1165 23.999 0
    endloop
  endfacet
  facet normal 0 0 -1
    outer loop
      vertex 51.8681 24.0389 0
      vertex 55.1674 24.0521 0
      vertex 51.9957 24.0223 0
    endloop
  endfacet
  facet normal 0 0 -1
    outer loop
      vertex 51.734 24.0488 0
      vertex 55.1674 24.0521 0
      vertex 51.8681 24.0389 0
    endloop
  endfacet
  facet normal -0 0 -1
    outer loop
      vertex 55.1674 24.0521 0
      vertex 51.734 24.0488 0
      vertex 18.3 50.5 0
    endloop
  endfacet
  facet normal 0 0 -1
    outer loop
      vertex 18.3 50.5 0
      vertex 51.734 24.0488 0
      vertex 51.5932 24.0521 0
    endloop
  endfacet
  facet normal 0 0 -1
    outer loop
      vertex 18.3 50.5 0
      vertex 51.5932 24.0521 0
      vertex 49.7903 24.0521 0
    endloop
  endfacet
  facet normal 0 0 -1
    outer loop
      vertex 47.5574 24.0521 0
      vertex 49.7903 24.0521 0
      vertex 49.0157 20.0391 0
    endloop
  endfacet
  facet normal 0 0 -1
    outer loop
      vertex 18.3 50.5 0
      vertex 49.7903 24.0521 0
      vertex 47.5574 24.0521 0
    endloop
  endfacet
  facet normal 0 0 -1
    outer loop
      vertex 18.3 50.5 0
      vertex 47.5574 24.0521 0
      vertex 46.5663 24.0521 0
    endloop
  endfacet
  facet normal 0 0 -1
    outer loop
      vertex 45.156 24.0521 0
      vertex 46.5663 24.0521 0
      vertex 45.156 23.4028 0
    endloop
  endfacet
  facet normal 0 0 -1
    outer loop
      vertex 18.3 50.5 0
      vertex 46.5663 24.0521 0
      vertex 45.156 24.0521 0
    endloop
  endfacet
  facet normal 0 0 -1
    outer loop
      vertex 18.3 50.5 0
      vertex 45.156 24.0521 0
      vertex 41.7211 24.0521 0
    endloop
  endfacet
  facet normal 0 0 -1
    outer loop
      vertex 60.8264 24.1065 0
      vertex 18.3 50.5 0
      vertex 101.7 50.5 0
    endloop
  endfacet
  facet normal 0 0 -1
    outer loop
      vertex 58.9881 22.0641 0
      vertex 57.3035 23.4028 0
      vertex 58.6022 23.4028 0
    endloop
  endfacet
  facet normal -0 0 -1
    outer loop
      vertex 51.6273 21.4518 0
      vertex 50.6305 20.0391 0
      vertex 50.6305 21.4518 0
    endloop
  endfacet
  facet normal 0 0 -1
    outer loop
      vertex 47.1217 23.2375 0
      vertex 47.0448 23.3714 0
      vertex 47.0618 23.4341 0
    endloop
  endfacet
  facet normal 0 0 -1
    outer loop
      vertex 46.9643 23.0999 0
      vertex 47.1217 23.2375 0
      vertex 47.2441 22.8502 0
    endloop
  endfacet
  facet normal 0 0 -1
    outer loop
      vertex 46.7196 22.3767 0
      vertex 47.2441 22.8502 0
      vertex 47.64 21.6967 0
    endloop
  endfacet
  facet normal 0 0 -1
    outer loop
      vertex 47.1217 23.2375 0
      vertex 47.039 23.3506 0
      vertex 47.0448 23.3714 0
    endloop
  endfacet
  facet normal 0 0 -1
    outer loop
      vertex 47.1217 23.2375 0
      vertex 47.0329 23.3293 0
      vertex 47.039 23.3506 0
    endloop
  endfacet
  facet normal 0 0 -1
    outer loop
      vertex 47.1217 23.2375 0
      vertex 47.0267 23.3073 0
      vertex 47.0329 23.3293 0
    endloop
  endfacet
  facet normal 0 0 -1
    outer loop
      vertex 47.1217 23.2375 0
      vertex 47.0202 23.2848 0
      vertex 47.0267 23.3073 0
    endloop
  endfacet
  facet normal 0 0 -1
    outer loop
      vertex 47.1217 23.2375 0
      vertex 47.0134 23.2618 0
      vertex 47.0202 23.2848 0
    endloop
  endfacet
  facet normal -0 0 -1
    outer loop
      vertex 47.1217 23.2375 0
      vertex 46.9993 23.2139 0
      vertex 47.0134 23.2618 0
    endloop
  endfacet
  facet normal 0 0 -1
    outer loop
      vertex 47.1217 23.2375 0
      vertex 46.9919 23.1891 0
      vertex 46.9993 23.2139 0
    endloop
  endfacet
  facet normal 0 0 -1
    outer loop
      vertex 47.1217 23.2375 0
      vertex 46.9764 23.1379 0
      vertex 46.9919 23.1891 0
    endloop
  endfacet
  facet normal 0 0 -1
    outer loop
      vertex 47.1217 23.2375 0
      vertex 46.9643 23.0999 0
      vertex 46.9764 23.1379 0
    endloop
  endfacet
  facet normal 0 0 -1
    outer loop
      vertex 47.2441 22.8502 0
      vertex 46.9441 23.0383 0
      vertex 46.9643 23.0999 0
    endloop
  endfacet
  facet normal 0 0 -1
    outer loop
      vertex 47.2441 22.8502 0
      vertex 46.9156 22.9532 0
      vertex 46.9441 23.0383 0
    endloop
  endfacet
  facet normal -0 0 -1
    outer loop
      vertex 47.2441 22.8502 0
      vertex 46.8789 22.8444 0
      vertex 46.9156 22.9532 0
    endloop
  endfacet
  facet normal 0 0 -1
    outer loop
      vertex 47.2441 22.8502 0
      vertex 46.834 22.7121 0
      vertex 46.8789 22.8444 0
    endloop
  endfacet
  facet normal 0 0 -1
    outer loop
      vertex 47.2441 22.8502 0
      vertex 46.7809 22.5562 0
      vertex 46.834 22.7121 0
    endloop
  endfacet
  facet normal 0 0 -1
    outer loop
      vertex 47.2441 22.8502 0
      vertex 46.7196 22.3767 0
      vertex 46.7809 22.5562 0
    endloop
  endfacet
  facet normal 0 0 -1
    outer loop
      vertex 47.64 21.6967 0
      vertex 46.6501 22.1736 0
      vertex 46.7196 22.3767 0
    endloop
  endfacet
  facet normal 0 0 -1
    outer loop
      vertex 47.64 21.6967 0
      vertex 46.5724 21.947 0
      vertex 46.6501 22.1736 0
    endloop
  endfacet
  facet normal 0 -0 -1
    outer loop
      vertex 46.5724 21.947 0
      vertex 47.64 21.6967 0
      vertex 46.4865 21.6967 0
    endloop
  endfacet
  facet normal 0 0 -1
    outer loop
      vertex 51.7678 23.3746 0
      vertex 52.2454 22.7676 0
      vertex 52.2435 22.7042 0
    endloop
  endfacet
  facet normal 0 0 -1
    outer loop
      vertex 51.7161 22.1138 0
      vertex 52.2435 22.7042 0
      vertex 52.2379 22.6438 0
    endloop
  endfacet
  facet normal 0 0 -1
    outer loop
      vertex 51.7744 22.1259 0
      vertex 52.2379 22.6438 0
      vertex 52.2285 22.5865 0
    endloop
  endfacet
  facet normal 0 0 -1
    outer loop
      vertex 52.2454 22.7676 0
      vertex 51.7678 23.3746 0
      vertex 52.2379 22.8877 0
    endloop
  endfacet
  facet normal 0 0 -1
    outer loop
      vertex 51.8296 22.1414 0
      vertex 52.2285 22.5865 0
      vertex 52.2153 22.5323 0
    endloop
  endfacet
  facet normal 0 0 -1
    outer loop
      vertex 51.8815 22.1603 0
      vertex 52.2153 22.5323 0
      vertex 52.1984 22.481 0
    endloop
  endfacet
  facet normal -0 -0 -1
    outer loop
      vertex 51.8798 23.343 0
      vertex 52.2379 22.8877 0
      vertex 51.7678 23.3746 0
    endloop
  endfacet
  facet normal 0 0 -1
    outer loop
      vertex 51.9303 22.1827 0
      vertex 52.1984 22.481 0
      vertex 52.1777 22.4328 0
    endloop
  endfacet
  facet normal 0 0 -1
    outer loop
      vertex 51.9303 22.1827 0
      vertex 52.1777 22.4328 0
      vertex 52.1533 22.3877 0
    endloop
  endfacet
  facet normal 0 0 -1
    outer loop
      vertex 52.2379 22.8877 0
      vertex 51.8798 23.343 0
      vertex 52.2156 22.9952 0
    endloop
  endfacet
  facet normal 0 0 -1
    outer loop
      vertex 51.9303 22.1827 0
      vertex 52.1533 22.3877 0
      vertex 52.1251 22.3456 0
    endloop
  endfacet
  facet normal 0 0 -1
    outer loop
      vertex 51.9303 22.1827 0
      vertex 52.1251 22.3456 0
      vertex 52.0931 22.3066 0
    endloop
  endfacet
  facet normal 0 0 -1
    outer loop
      vertex 52.2156 22.9952 0
      vertex 51.9768 23.2988 0
      vertex 52.1783 23.0901 0
    endloop
  endfacet
  facet normal 0 0 -1
    outer loop
      vertex 51.9303 22.1827 0
      vertex 52.0931 22.3066 0
      vertex 52.0574 22.2706 0
    endloop
  endfacet
  facet normal 0 0 -1
    outer loop
      vertex 51.9758 22.2086 0
      vertex 52.0574 22.2706 0
      vertex 52.0182 22.2379 0
    endloop
  endfacet
  facet normal 0 0 -1
    outer loop
      vertex 52.1783 23.0901 0
      vertex 51.9768 23.2988 0
      vertex 52.126 23.1723 0
    endloop
  endfacet
  facet normal 0 0 -1
    outer loop
      vertex 51.9303 22.1827 0
      vertex 52.0574 22.2706 0
      vertex 51.9758 22.2086 0
    endloop
  endfacet
  facet normal 0 0 -1
    outer loop
      vertex 52.1984 22.481 0
      vertex 51.9303 22.1827 0
      vertex 51.8815 22.1603 0
    endloop
  endfacet
  facet normal 0 0 -1
    outer loop
      vertex 52.2153 22.5323 0
      vertex 51.8815 22.1603 0
      vertex 51.8296 22.1414 0
    endloop
  endfacet
  facet normal 0 0 -1
    outer loop
      vertex 52.126 23.1723 0
      vertex 51.9768 23.2988 0
      vertex 52.0589 23.2418 0
    endloop
  endfacet
  facet normal 0 0 -1
    outer loop
      vertex 52.2285 22.5865 0
      vertex 51.8296 22.1414 0
      vertex 51.7744 22.1259 0
    endloop
  endfacet
  facet normal 0 0 -1
    outer loop
      vertex 52.2379 22.6438 0
      vertex 51.7744 22.1259 0
      vertex 51.7161 22.1138 0
    endloop
  endfacet
  facet normal -0 -0 -1
    outer loop
      vertex 51.9768 23.2988 0
      vertex 52.2156 22.9952 0
      vertex 51.8798 23.343 0
    endloop
  endfacet
  facet normal -0 0 -1
    outer loop
      vertex 52.2435 22.7042 0
      vertex 51.7161 22.1138 0
      vertex 51.641 23.3936 0
    endloop
  endfacet
  facet normal 0 0 -1
    outer loop
      vertex 51.641 23.3936 0
      vertex 51.7161 22.1138 0
      vertex 51.6546 22.1052 0
    endloop
  endfacet
  facet normal 0 0 -1
    outer loop
      vertex 52.2435 22.7042 0
      vertex 51.641 23.3936 0
      vertex 51.7678 23.3746 0
    endloop
  endfacet
  facet normal 0 0 -1
    outer loop
      vertex 51.5899 22.1 0
      vertex 51.641 23.3936 0
      vertex 51.6546 22.1052 0
    endloop
  endfacet
  facet normal 0 0 -1
    outer loop
      vertex 51.522 22.0983 0
      vertex 51.641 23.3936 0
      vertex 51.5899 22.1 0
    endloop
  endfacet
  facet normal 0 0 -1
    outer loop
      vertex 51.522 22.0983 0
      vertex 51.4992 23.3999 0
      vertex 51.641 23.3936 0
    endloop
  endfacet
  facet normal 0 0 -1
    outer loop
      vertex 50.6305 22.0983 0
      vertex 51.4992 23.3999 0
      vertex 51.522 22.0983 0
    endloop
  endfacet
  facet normal -0 0 -1
    outer loop
      vertex 51.4992 23.3999 0
      vertex 50.6305 22.0983 0
      vertex 50.6305 23.3999 0
    endloop
  endfacet
  facet normal 0 0 -1
    outer loop
      vertex 59.834 22.0641 0
      vertex 62.1837 22.0641 0
      vertex 62.1806 21.9311 0
    endloop
  endfacet
  facet normal 0 0 -1
    outer loop
      vertex 59.8371 21.9348 0
      vertex 62.1806 21.9311 0
      vertex 62.1714 21.8043 0
    endloop
  endfacet
  facet normal 0 0 -1
    outer loop
      vertex 62.1837 22.0641 0
      vertex 59.834 22.0641 0
      vertex 62.1806 22.1912 0
    endloop
  endfacet
  facet normal 0 0 -1
    outer loop
      vertex 59.8623 21.6929 0
      vertex 62.1714 21.8043 0
      vertex 62.1561 21.6837 0
    endloop
  endfacet
  facet normal 0 -0 -1
    outer loop
      vertex 59.8371 22.1923 0
      vertex 62.1806 22.1912 0
      vertex 59.834 22.0641 0
    endloop
  endfacet
  facet normal 0 0 -1
    outer loop
      vertex 59.8844 21.5804 0
      vertex 62.1561 21.6837 0
      vertex 62.1347 21.5693 0
    endloop
  endfacet
  facet normal 0 0 -1
    outer loop
      vertex 62.1806 22.1912 0
      vertex 59.8371 22.1923 0
      vertex 62.1714 22.3127 0
    endloop
  endfacet
  facet normal 0 0 -1
    outer loop
      vertex 59.9127 21.4735 0
      vertex 62.1347 21.5693 0
      vertex 62.1071 21.4611 0
    endloop
  endfacet
  facet normal 0 -0 -1
    outer loop
      vertex 59.8463 22.3146 0
      vertex 62.1714 22.3127 0
      vertex 59.8371 22.1923 0
    endloop
  endfacet
  facet normal 0 0 -1
    outer loop
      vertex 61.0074 20.6429 0
      vertex 62.1071 21.4611 0
      vertex 62.0734 21.3591 0
    endloop
  endfacet
  facet normal 0 0 -1
    outer loop
      vertex 62.1714 22.3127 0
      vertex 59.8463 22.3146 0
      vertex 62.156 22.4285 0
    endloop
  endfacet
  facet normal 0 0 -1
    outer loop
      vertex 61.1176 20.6466 0
      vertex 62.0734 21.3591 0
      vertex 62.0336 21.2633 0
    endloop
  endfacet
  facet normal 0 -0 -1
    outer loop
      vertex 59.8617 22.4312 0
      vertex 62.156 22.4285 0
      vertex 59.8463 22.3146 0
    endloop
  endfacet
  facet normal 0 0 -1
    outer loop
      vertex 61.2226 20.6577 0
      vertex 62.0336 21.2633 0
      vertex 61.9877 21.1737 0
    endloop
  endfacet
  facet normal 0 0 -1
    outer loop
      vertex 62.156 22.4285 0
      vertex 59.8617 22.4312 0
      vertex 62.1345 22.5387 0
    endloop
  endfacet
  facet normal 0 0 -1
    outer loop
      vertex 61.2226 20.6577 0
      vertex 61.9877 21.1737 0
      vertex 61.9357 21.0904 0
    endloop
  endfacet
  facet normal 0 -0 -1
    outer loop
      vertex 59.8832 22.5419 0
      vertex 62.1345 22.5387 0
      vertex 59.8617 22.4312 0
    endloop
  endfacet
  facet normal 0 0 -1
    outer loop
      vertex 61.3225 20.6763 0
      vertex 61.9357 21.0904 0
      vertex 61.8775 21.0132 0
    endloop
  endfacet
  facet normal 0 0 -1
    outer loop
      vertex 62.1345 22.5387 0
      vertex 59.8832 22.5419 0
      vertex 62.1068 22.6434 0
    endloop
  endfacet
  facet normal 0 0 -1
    outer loop
      vertex 61.3225 20.6763 0
      vertex 61.8775 21.0132 0
      vertex 61.8137 20.9428 0
    endloop
  endfacet
  facet normal 0 -0 -1
    outer loop
      vertex 61.0131 23.4512 0
      vertex 62.1068 22.6434 0
      vertex 59.8832 22.5419 0
    endloop
  endfacet
  facet normal 0 0 -1
    outer loop
      vertex 61.3225 20.6763 0
      vertex 61.8137 20.9428 0
      vertex 61.7447 20.8799 0
    endloop
  endfacet
  facet normal 0 0 -1
    outer loop
      vertex 62.1068 22.6434 0
      vertex 61.0131 23.4512 0
      vertex 62.0729 22.7424 0
    endloop
  endfacet
  facet normal 0 0 -1
    outer loop
      vertex 61.3225 20.6763 0
      vertex 61.7447 20.8799 0
      vertex 61.6706 20.8244 0
    endloop
  endfacet
  facet normal -0 -0 -1
    outer loop
      vertex 61.1217 23.4475 0
      vertex 62.0729 22.7424 0
      vertex 61.0131 23.4512 0
    endloop
  endfacet
  facet normal 0 0 -1
    outer loop
      vertex 61.3225 20.6763 0
      vertex 61.6706 20.8244 0
      vertex 61.5913 20.7762 0
    endloop
  endfacet
  facet normal 0 0 -1
    outer loop
      vertex 62.0729 22.7424 0
      vertex 61.1217 23.4475 0
      vertex 62.0329 22.8358 0
    endloop
  endfacet
  facet normal 0 0 -1
    outer loop
      vertex 61.4173 20.7022 0
      vertex 61.5913 20.7762 0
      vertex 61.5069 20.7355 0
    endloop
  endfacet
  facet normal -0 -0 -1
    outer loop
      vertex 61.2253 23.4364 0
      vertex 61.9868 22.9236 0
      vertex 61.1217 23.4475 0
    endloop
  endfacet
  facet normal 0 0 -1
    outer loop
      vertex 61.9868 22.9236 0
      vertex 61.2253 23.4364 0
      vertex 61.9345 23.0058 0
    endloop
  endfacet
  facet normal 0 0 -1
    outer loop
      vertex 61.3225 20.6763 0
      vertex 61.5913 20.7762 0
      vertex 61.4173 20.7022 0
    endloop
  endfacet
  facet normal 0 0 -1
    outer loop
      vertex 61.9345 23.0058 0
      vertex 61.324 23.418 0
      vertex 61.8761 23.0823 0
    endloop
  endfacet
  facet normal 0 0 -1
    outer loop
      vertex 61.9357 21.0904 0
      vertex 61.3225 20.6763 0
      vertex 61.2226 20.6577 0
    endloop
  endfacet
  facet normal 0 0 -1
    outer loop
      vertex 61.8121 23.1524 0
      vertex 61.324 23.418 0
      vertex 61.7431 23.2151 0
    endloop
  endfacet
  facet normal 0 0 -1
    outer loop
      vertex 62.0336 21.2633 0
      vertex 61.2226 20.6577 0
      vertex 61.1176 20.6466 0
    endloop
  endfacet
  facet normal 0 0 -1
    outer loop
      vertex 61.7431 23.2151 0
      vertex 61.324 23.418 0
      vertex 61.6692 23.2704 0
    endloop
  endfacet
  facet normal 0 0 -1
    outer loop
      vertex 61.0074 20.6429 0
      vertex 62.0734 21.3591 0
      vertex 61.1176 20.6466 0
    endloop
  endfacet
  facet normal 0 0 -1
    outer loop
      vertex 61.5903 23.3184 0
      vertex 61.4177 23.3921 0
      vertex 61.5065 23.3589 0
    endloop
  endfacet
  facet normal -0 0 -1
    outer loop
      vertex 62.1071 21.4611 0
      vertex 61.0074 20.6429 0
      vertex 59.9127 21.4735 0
    endloop
  endfacet
  facet normal 0 0 -1
    outer loop
      vertex 61.5903 23.3184 0
      vertex 61.324 23.418 0
      vertex 61.4177 23.3921 0
    endloop
  endfacet
  facet normal 0 0 -1
    outer loop
      vertex 59.9473 21.3722 0
      vertex 61.0074 20.6429 0
      vertex 60.9009 20.6467 0
    endloop
  endfacet
  facet normal 0 0 -1
    outer loop
      vertex 59.9882 21.2765 0
      vertex 60.9009 20.6467 0
      vertex 60.799 20.6581 0
    endloop
  endfacet
  facet normal 0 0 -1
    outer loop
      vertex 62.1806 21.9311 0
      vertex 59.8371 21.9348 0
      vertex 59.834 22.0641 0
    endloop
  endfacet
  facet normal 0 0 -1
    outer loop
      vertex 60.0889 21.102 0
      vertex 60.799 20.6581 0
      vertex 60.7016 20.6771 0
    endloop
  endfacet
  facet normal 0 0 -1
    outer loop
      vertex 61.6692 23.2704 0
      vertex 61.324 23.418 0
      vertex 61.5903 23.3184 0
    endloop
  endfacet
  facet normal 0 0 -1
    outer loop
      vertex 60.0889 21.102 0
      vertex 60.7016 20.6771 0
      vertex 60.6089 20.7038 0
    endloop
  endfacet
  facet normal 0 0 -1
    outer loop
      vertex 61.8761 23.0823 0
      vertex 61.324 23.418 0
      vertex 61.8121 23.1524 0
    endloop
  endfacet
  facet normal 0 0 -1
    outer loop
      vertex 60.0889 21.102 0
      vertex 60.6089 20.7038 0
      vertex 60.5207 20.738 0
    endloop
  endfacet
  facet normal -0 -0 -1
    outer loop
      vertex 61.324 23.418 0
      vertex 61.9345 23.0058 0
      vertex 61.2253 23.4364 0
    endloop
  endfacet
  facet normal 0 0 -1
    outer loop
      vertex 60.0889 21.102 0
      vertex 60.5207 20.738 0
      vertex 60.4371 20.7798 0
    endloop
  endfacet
  facet normal 0 0 -1
    outer loop
      vertex 62.0329 22.8358 0
      vertex 61.1217 23.4475 0
      vertex 61.9868 22.9236 0
    endloop
  endfacet
  facet normal 0 0 -1
    outer loop
      vertex 60.0889 21.102 0
      vertex 60.4371 20.7798 0
      vertex 60.3581 20.8292 0
    endloop
  endfacet
  facet normal 0 -0 -1
    outer loop
      vertex 59.9109 22.6469 0
      vertex 61.0131 23.4512 0
      vertex 59.8832 22.5419 0
    endloop
  endfacet
  facet normal 0 0 -1
    outer loop
      vertex 60.0889 21.102 0
      vertex 60.3581 20.8292 0
      vertex 60.2837 20.8863 0
    endloop
  endfacet
  facet normal 0 0 -1
    outer loop
      vertex 61.0131 23.4512 0
      vertex 59.9109 22.6469 0
      vertex 60.9029 23.4475 0
    endloop
  endfacet
  facet normal 0 0 -1
    outer loop
      vertex 60.1487 21.0231 0
      vertex 60.2837 20.8863 0
      vertex 60.2139 20.9509 0
    endloop
  endfacet
  facet normal 0 -0 -1
    outer loop
      vertex 59.9447 22.7462 0
      vertex 60.9029 23.4475 0
      vertex 59.9109 22.6469 0
    endloop
  endfacet
  facet normal 0 0 -1
    outer loop
      vertex 60.0889 21.102 0
      vertex 60.2837 20.8863 0
      vertex 60.1487 21.0231 0
    endloop
  endfacet
  facet normal 0 0 -1
    outer loop
      vertex 60.9029 23.4475 0
      vertex 59.9447 22.7462 0
      vertex 60.7978 23.4365 0
    endloop
  endfacet
  facet normal 0 0 -1
    outer loop
      vertex 60.799 20.6581 0
      vertex 60.0889 21.102 0
      vertex 60.0354 21.1865 0
    endloop
  endfacet
  facet normal 0 -0 -1
    outer loop
      vertex 59.9847 22.8396 0
      vertex 60.7978 23.4365 0
      vertex 59.9447 22.7462 0
    endloop
  endfacet
  facet normal 0 0 -1
    outer loop
      vertex 60.799 20.6581 0
      vertex 60.0354 21.1865 0
      vertex 59.9882 21.2765 0
    endloop
  endfacet
  facet normal 0 0 -1
    outer loop
      vertex 60.7978 23.4365 0
      vertex 59.9847 22.8396 0
      vertex 60.6978 23.4182 0
    endloop
  endfacet
  facet normal 0 0 -1
    outer loop
      vertex 60.9009 20.6467 0
      vertex 59.9882 21.2765 0
      vertex 59.9473 21.3722 0
    endloop
  endfacet
  facet normal 0 -0 -1
    outer loop
      vertex 60.0308 22.9272 0
      vertex 60.6978 23.4182 0
      vertex 59.9847 22.8396 0
    endloop
  endfacet
  facet normal 0 0 -1
    outer loop
      vertex 61.0074 20.6429 0
      vertex 59.9473 21.3722 0
      vertex 59.9127 21.4735 0
    endloop
  endfacet
  facet normal 0 0 -1
    outer loop
      vertex 60.6978 23.4182 0
      vertex 60.0308 22.9272 0
      vertex 60.603 23.3926 0
    endloop
  endfacet
  facet normal -0 0 -1
    outer loop
      vertex 62.1347 21.5693 0
      vertex 59.9127 21.4735 0
      vertex 59.8844 21.5804 0
    endloop
  endfacet
  facet normal 0 -0 -1
    outer loop
      vertex 60.0831 23.0091 0
      vertex 60.603 23.3926 0
      vertex 60.0308 22.9272 0
    endloop
  endfacet
  facet normal -0 0 -1
    outer loop
      vertex 62.1561 21.6837 0
      vertex 59.8844 21.5804 0
      vertex 59.8623 21.6929 0
    endloop
  endfacet
  facet normal -0 0 -1
    outer loop
      vertex 62.1714 21.8043 0
      vertex 59.8623 21.6929 0
      vertex 59.8466 21.8111 0
    endloop
  endfacet
  facet normal 0 0 -1
    outer loop
      vertex 62.1714 21.8043 0
      vertex 59.8466 21.8111 0
      vertex 59.8371 21.9348 0
    endloop
  endfacet
  facet normal 0 0 -1
    outer loop
      vertex 60.603 23.3926 0
      vertex 60.0831 23.0091 0
      vertex 60.5132 23.3597 0
    endloop
  endfacet
  facet normal 0 0 -1
    outer loop
      vertex 60.2748 23.2169 0
      vertex 60.0831 23.0091 0
      vertex 60.1415 23.0852 0
    endloop
  endfacet
  facet normal 0 0 -1
    outer loop
      vertex 60.3492 23.2718 0
      vertex 60.0831 23.0091 0
      vertex 60.2748 23.2169 0
    endloop
  endfacet
  facet normal 0 0 -1
    outer loop
      vertex 60.4286 23.3194 0
      vertex 60.0831 23.0091 0
      vertex 60.3492 23.2718 0
    endloop
  endfacet
  facet normal 0 0 -1
    outer loop
      vertex 60.5132 23.3597 0
      vertex 60.0831 23.0091 0
      vertex 60.4286 23.3194 0
    endloop
  endfacet
  facet normal 0 0 -1
    outer loop
      vertex 60.2748 23.2169 0
      vertex 60.1415 23.0852 0
      vertex 60.2056 23.1547 0
    endloop
  endfacet
  facet normal 0 0 -1
    outer loop
      vertex 67.1799 23.2375 0
      vertex 67.103 23.3714 0
      vertex 67.1201 23.4341 0
    endloop
  endfacet
  facet normal 0 0 -1
    outer loop
      vertex 67.0226 23.0999 0
      vertex 67.1799 23.2375 0
      vertex 67.3024 22.8502 0
    endloop
  endfacet
  facet normal 0 0 -1
    outer loop
      vertex 66.7779 22.3767 0
      vertex 67.3024 22.8502 0
      vertex 67.6982 21.6967 0
    endloop
  endfacet
  facet normal 0 0 -1
    outer loop
      vertex 67.1799 23.2375 0
      vertex 67.0972 23.3506 0
      vertex 67.103 23.3714 0
    endloop
  endfacet
  facet normal 0 0 -1
    outer loop
      vertex 67.1799 23.2375 0
      vertex 67.0912 23.3293 0
      vertex 67.0972 23.3506 0
    endloop
  endfacet
  facet normal 0 0 -1
    outer loop
      vertex 67.1799 23.2375 0
      vertex 67.0849 23.3073 0
      vertex 67.0912 23.3293 0
    endloop
  endfacet
  facet normal 0 0 -1
    outer loop
      vertex 67.1799 23.2375 0
      vertex 67.0784 23.2848 0
      vertex 67.0849 23.3073 0
    endloop
  endfacet
  facet normal 0 0 -1
    outer loop
      vertex 67.1799 23.2375 0
      vertex 67.0717 23.2618 0
      vertex 67.0784 23.2848 0
    endloop
  endfacet
  facet normal -0 0 -1
    outer loop
      vertex 67.1799 23.2375 0
      vertex 67.0575 23.2139 0
      vertex 67.0717 23.2618 0
    endloop
  endfacet
  facet normal 0 0 -1
    outer loop
      vertex 67.1799 23.2375 0
      vertex 67.0501 23.1891 0
      vertex 67.0575 23.2139 0
    endloop
  endfacet
  facet normal 0 0 -1
    outer loop
      vertex 67.1799 23.2375 0
      vertex 67.0425 23.1638 0
      vertex 67.0501 23.1891 0
    endloop
  endfacet
  facet normal 0 0 -1
    outer loop
      vertex 67.1799 23.2375 0
      vertex 67.0347 23.1379 0
      vertex 67.0425 23.1638 0
    endloop
  endfacet
  facet normal 0 0 -1
    outer loop
      vertex 67.1799 23.2375 0
      vertex 67.0226 23.0999 0
      vertex 67.0347 23.1379 0
    endloop
  endfacet
  facet normal 0 0 -1
    outer loop
      vertex 67.3024 22.8502 0
      vertex 67.0023 23.0383 0
      vertex 67.0226 23.0999 0
    endloop
  endfacet
  facet normal 0 0 -1
    outer loop
      vertex 67.3024 22.8502 0
      vertex 66.9738 22.9532 0
      vertex 67.0023 23.0383 0
    endloop
  endfacet
  facet normal -0 0 -1
    outer loop
      vertex 67.3024 22.8502 0
      vertex 66.9371 22.8444 0
      vertex 66.9738 22.9532 0
    endloop
  endfacet
  facet normal 0 0 -1
    outer loop
      vertex 67.3024 22.8502 0
      vertex 66.8922 22.7121 0
      vertex 66.9371 22.8444 0
    endloop
  endfacet
  facet normal 0 0 -1
    outer loop
      vertex 67.3024 22.8502 0
      vertex 66.8392 22.5562 0
      vertex 66.8922 22.7121 0
    endloop
  endfacet
  facet normal 0 0 -1
    outer loop
      vertex 67.3024 22.8502 0
      vertex 66.7779 22.3767 0
      vertex 66.8392 22.5562 0
    endloop
  endfacet
  facet normal 0 0 -1
    outer loop
      vertex 67.6982 21.6967 0
      vertex 66.7084 22.1736 0
      vertex 66.7779 22.3767 0
    endloop
  endfacet
  facet normal 0 0 -1
    outer loop
      vertex 67.6982 21.6967 0
      vertex 66.6307 21.947 0
      vertex 66.7084 22.1736 0
    endloop
  endfacet
  facet normal 0 -0 -1
    outer loop
      vertex 66.6307 21.947 0
      vertex 67.6982 21.6967 0
      vertex 66.5448 21.6967 0
    endloop
  endfacet
  facet normal 0 0 -1
    outer loop
      vertex 71.284 23.4028 0
      vertex 72.5799 22.0755 0
      vertex 72.5767 21.9501 0
    endloop
  endfacet
  facet normal 0 0 -1
    outer loop
      vertex 71.4008 20.6885 0
      vertex 72.5767 21.9501 0
      vertex 72.5672 21.8299 0
    endloop
  endfacet
  facet normal 0 0 -1
    outer loop
      vertex 72.5799 22.0755 0
      vertex 71.284 23.4028 0
      vertex 72.5766 22.2018 0
    endloop
  endfacet
  facet normal 0 0 -1
    outer loop
      vertex 71.4008 20.6885 0
      vertex 72.5672 21.8299 0
      vertex 72.5512 21.7151 0
    endloop
  endfacet
  facet normal -0 -0 -1
    outer loop
      vertex 71.4059 23.3994 0
      vertex 72.5766 22.2018 0
      vertex 71.284 23.4028 0
    endloop
  endfacet
  facet normal 0 0 -1
    outer loop
      vertex 71.4008 20.6885 0
      vertex 72.5512 21.7151 0
      vertex 72.5289 21.6057 0
    endloop
  endfacet
  facet normal 0 0 -1
    outer loop
      vertex 72.5766 22.2018 0
      vertex 71.4059 23.3994 0
      vertex 72.5665 22.3219 0
    endloop
  endfacet
  facet normal 0 0 -1
    outer loop
      vertex 71.4008 20.6885 0
      vertex 72.5289 21.6057 0
      vertex 72.5002 21.5016 0
    endloop
  endfacet
  facet normal -0 -0 -1
    outer loop
      vertex 71.522 23.3892 0
      vertex 72.5665 22.3219 0
      vertex 71.4059 23.3994 0
    endloop
  endfacet
  facet normal 0 0 -1
    outer loop
      vertex 71.4008 20.6885 0
      vertex 72.5002 21.5016 0
      vertex 72.4651 21.4029 0
    endloop
  endfacet
  facet normal 0 0 -1
    outer loop
      vertex 72.5665 22.3219 0
      vertex 71.522 23.3892 0
      vertex 72.5497 22.4359 0
    endloop
  endfacet
  facet normal 0 0 -1
    outer loop
      vertex 71.4008 20.6885 0
      vertex 72.4651 21.4029 0
      vertex 72.4236 21.3096 0
    endloop
  endfacet
  facet normal 0 0 -1
    outer loop
      vertex 72.5497 22.4359 0
      vertex 71.6324 23.3721 0
      vertex 72.5261 22.5437 0
    endloop
  endfacet
  facet normal 0 0 -1
    outer loop
      vertex 71.5068 20.6922 0
      vertex 72.4236 21.3096 0
      vertex 72.3758 21.2215 0
    endloop
  endfacet
  facet normal -0 -0 -1
    outer loop
      vertex 71.737 23.3483 0
      vertex 72.5261 22.5437 0
      vertex 71.6324 23.3721 0
    endloop
  endfacet
  facet normal 0 0 -1
    outer loop
      vertex 71.5068 20.6922 0
      vertex 72.3758 21.2215 0
      vertex 72.3215 21.1389 0
    endloop
  endfacet
  facet normal 0 0 -1
    outer loop
      vertex 72.5261 22.5437 0
      vertex 71.737 23.3483 0
      vertex 72.4959 22.6455 0
    endloop
  endfacet
  facet normal 0 0 -1
    outer loop
      vertex 71.6084 20.7034 0
      vertex 72.3215 21.1389 0
      vertex 72.2609 21.0616 0
    endloop
  endfacet
  facet normal 0 0 -1
    outer loop
      vertex 72.4589 22.7411 0
      vertex 71.737 23.3483 0
      vertex 72.4152 22.8306 0
    endloop
  endfacet
  facet normal 0 0 -1
    outer loop
      vertex 71.6084 20.7034 0
      vertex 72.2609 21.0616 0
      vertex 72.1949 20.9907 0
    endloop
  endfacet
  facet normal 0 0 -1
    outer loop
      vertex 72.4152 22.8306 0
      vertex 71.737 23.3483 0
      vertex 72.3648 22.914 0
    endloop
  endfacet
  facet normal 0 0 -1
    outer loop
      vertex 71.6084 20.7034 0
      vertex 72.1949 20.9907 0
      vertex 72.1244 20.9273 0
    endloop
  endfacet
  facet normal 0 0 -1
    outer loop
      vertex 72.3077 22.9913 0
      vertex 71.737 23.3483 0
      vertex 72.2438 23.0624 0
    endloop
  endfacet
  facet normal 0 0 -1
    outer loop
      vertex 71.6084 20.7034 0
      vertex 72.1244 20.9273 0
      vertex 72.0495 20.8713 0
    endloop
  endfacet
  facet normal 0 0 -1
    outer loop
      vertex 72.2438 23.0624 0
      vertex 71.737 23.3483 0
      vertex 72.1737 23.1271 0
    endloop
  endfacet
  facet normal 0 0 -1
    outer loop
      vertex 71.6084 20.7034 0
      vertex 72.0495 20.8713 0
      vertex 71.9702 20.8228 0
    endloop
  endfacet
  facet normal 0 0 -1
    outer loop
      vertex 72.0979 23.1849 0
      vertex 71.737 23.3483 0
      vertex 72.0163 23.236 0
    endloop
  endfacet
  facet normal 0 0 -1
    outer loop
      vertex 71.6084 20.7034 0
      vertex 71.9702 20.8228 0
      vertex 71.8864 20.7818 0
    endloop
  endfacet
  facet normal 0 0 -1
    outer loop
      vertex 72.0163 23.236 0
      vertex 71.8358 23.3177 0
      vertex 71.9289 23.2802 0
    endloop
  endfacet
  facet normal 0 0 -1
    outer loop
      vertex 71.6084 20.7034 0
      vertex 71.8864 20.7818 0
      vertex 71.7982 20.7482 0
    endloop
  endfacet
  facet normal 0 0 -1
    outer loop
      vertex 72.0163 23.236 0
      vertex 71.737 23.3483 0
      vertex 71.8358 23.3177 0
    endloop
  endfacet
  facet normal 0 0 -1
    outer loop
      vertex 71.6084 20.7034 0
      vertex 71.7982 20.7482 0
      vertex 71.7055 20.7221 0
    endloop
  endfacet
  facet normal 0 0 -1
    outer loop
      vertex 72.3215 21.1389 0
      vertex 71.6084 20.7034 0
      vertex 71.5068 20.6922 0
    endloop
  endfacet
  facet normal 0 0 -1
    outer loop
      vertex 72.4236 21.3096 0
      vertex 71.5068 20.6922 0
      vertex 71.4008 20.6885 0
    endloop
  endfacet
  facet normal -0 0 -1
    outer loop
      vertex 72.5767 21.9501 0
      vertex 71.4008 20.6885 0
      vertex 71.284 23.4028 0
    endloop
  endfacet
  facet normal 0 0 -1
    outer loop
      vertex 72.1737 23.1271 0
      vertex 71.737 23.3483 0
      vertex 72.0979 23.1849 0
    endloop
  endfacet
  facet normal 0 0 -1
    outer loop
      vertex 72.3648 22.914 0
      vertex 71.737 23.3483 0
      vertex 72.3077 22.9913 0
    endloop
  endfacet
  facet normal 0 0 -1
    outer loop
      vertex 72.4959 22.6455 0
      vertex 71.737 23.3483 0
      vertex 72.4589 22.7411 0
    endloop
  endfacet
  facet normal -0 -0 -1
    outer loop
      vertex 71.6324 23.3721 0
      vertex 72.5497 22.4359 0
      vertex 71.522 23.3892 0
    endloop
  endfacet
  facet normal 0 0 -1
    outer loop
      vertex 70.6887 20.6885 0
      vertex 71.284 23.4028 0
      vertex 71.4008 20.6885 0
    endloop
  endfacet
  facet normal -0 0 -1
    outer loop
      vertex 71.284 23.4028 0
      vertex 70.6887 20.6885 0
      vertex 70.6887 23.4028 0
    endloop
  endfacet
  facet normal 0 0 -1
    outer loop
      vertex 75.727 23.4028 0
      vertex 77.0229 22.0755 0
      vertex 77.0197 21.9501 0
    endloop
  endfacet
  facet normal 0 0 -1
    outer loop
      vertex 75.8438 20.6885 0
      vertex 77.0197 21.9501 0
      vertex 77.0102 21.8299 0
    endloop
  endfacet
  facet normal 0 0 -1
    outer loop
      vertex 77.0229 22.0755 0
      vertex 75.727 23.4028 0
      vertex 77.0196 22.2018 0
    endloop
  endfacet
  facet normal 0 0 -1
    outer loop
      vertex 75.8438 20.6885 0
      vertex 77.0102 21.8299 0
      vertex 76.9942 21.7151 0
    endloop
  endfacet
  facet normal -0 -0 -1
    outer loop
      vertex 75.8489 23.3994 0
      vertex 77.0196 22.2018 0
      vertex 75.727 23.4028 0
    endloop
  endfacet
  facet normal 0 0 -1
    outer loop
      vertex 75.8438 20.6885 0
      vertex 76.9942 21.7151 0
      vertex 76.9719 21.6057 0
    endloop
  endfacet
  facet normal 0 0 -1
    outer loop
      vertex 77.0196 22.2018 0
      vertex 75.8489 23.3994 0
      vertex 77.0095 22.3219 0
    endloop
  endfacet
  facet normal 0 0 -1
    outer loop
      vertex 75.8438 20.6885 0
      vertex 76.9719 21.6057 0
      vertex 76.9432 21.5016 0
    endloop
  endfacet
  facet normal -0 -0 -1
    outer loop
      vertex 75.965 23.3892 0
      vertex 77.0095 22.3219 0
      vertex 75.8489 23.3994 0
    endloop
  endfacet
  facet normal 0 0 -1
    outer loop
      vertex 75.8438 20.6885 0
      vertex 76.9432 21.5016 0
      vertex 76.9081 21.4029 0
    endloop
  endfacet
  facet normal 0 0 -1
    outer loop
      vertex 77.0095 22.3219 0
      vertex 75.965 23.3892 0
      vertex 76.9927 22.4359 0
    endloop
  endfacet
  facet normal 0 0 -1
    outer loop
      vertex 75.8438 20.6885 0
      vertex 76.9081 21.4029 0
      vertex 76.8666 21.3096 0
    endloop
  endfacet
  facet normal 0 0 -1
    outer loop
      vertex 76.9927 22.4359 0
      vertex 76.0754 23.3721 0
      vertex 76.9692 22.5437 0
    endloop
  endfacet
  facet normal 0 0 -1
    outer loop
      vertex 75.9498 20.6922 0
      vertex 76.8666 21.3096 0
      vertex 76.8188 21.2215 0
    endloop
  endfacet
  facet normal -0 -0 -1
    outer loop
      vertex 76.18 23.3483 0
      vertex 76.9692 22.5437 0
      vertex 76.0754 23.3721 0
    endloop
  endfacet
  facet normal 0 0 -1
    outer loop
      vertex 75.9498 20.6922 0
      vertex 76.8188 21.2215 0
      vertex 76.7646 21.1389 0
    endloop
  endfacet
  facet normal 0 0 -1
    outer loop
      vertex 76.9692 22.5437 0
      vertex 76.18 23.3483 0
      vertex 76.9389 22.6455 0
    endloop
  endfacet
  facet normal 0 0 -1
    outer loop
      vertex 76.0514 20.7034 0
      vertex 76.7646 21.1389 0
      vertex 76.7039 21.0616 0
    endloop
  endfacet
  facet normal 0 0 -1
    outer loop
      vertex 76.9019 22.7411 0
      vertex 76.18 23.3483 0
      vertex 76.8583 22.8306 0
    endloop
  endfacet
  facet normal 0 0 -1
    outer loop
      vertex 76.0514 20.7034 0
      vertex 76.7039 21.0616 0
      vertex 76.6379 20.9907 0
    endloop
  endfacet
  facet normal 0 0 -1
    outer loop
      vertex 76.8583 22.8306 0
      vertex 76.18 23.3483 0
      vertex 76.8078 22.914 0
    endloop
  endfacet
  facet normal 0 0 -1
    outer loop
      vertex 76.0514 20.7034 0
      vertex 76.6379 20.9907 0
      vertex 76.5675 20.9273 0
    endloop
  endfacet
  facet normal 0 0 -1
    outer loop
      vertex 76.7507 22.9913 0
      vertex 76.18 23.3483 0
      vertex 76.6869 23.0624 0
    endloop
  endfacet
  facet normal 0 0 -1
    outer loop
      vertex 76.0514 20.7034 0
      vertex 76.5675 20.9273 0
      vertex 76.4926 20.8713 0
    endloop
  endfacet
  facet normal 0 0 -1
    outer loop
      vertex 76.6869 23.0624 0
      vertex 76.18 23.3483 0
      vertex 76.6168 23.1271 0
    endloop
  endfacet
  facet normal 0 0 -1
    outer loop
      vertex 76.0514 20.7034 0
      vertex 76.4926 20.8713 0
      vertex 76.4132 20.8228 0
    endloop
  endfacet
  facet normal 0 0 -1
    outer loop
      vertex 76.5409 23.1849 0
      vertex 76.18 23.3483 0
      vertex 76.4593 23.236 0
    endloop
  endfacet
  facet normal 0 0 -1
    outer loop
      vertex 76.0514 20.7034 0
      vertex 76.4132 20.8228 0
      vertex 76.3294 20.7818 0
    endloop
  endfacet
  facet normal 0 0 -1
    outer loop
      vertex 76.4593 23.236 0
      vertex 76.2789 23.3177 0
      vertex 76.372 23.2802 0
    endloop
  endfacet
  facet normal 0 0 -1
    outer loop
      vertex 76.0514 20.7034 0
      vertex 76.3294 20.7818 0
      vertex 76.2412 20.7482 0
    endloop
  endfacet
  facet normal 0 0 -1
    outer loop
      vertex 76.4593 23.236 0
      vertex 76.18 23.3483 0
      vertex 76.2789 23.3177 0
    endloop
  endfacet
  facet normal 0 0 -1
    outer loop
      vertex 76.0514 20.7034 0
      vertex 76.2412 20.7482 0
      vertex 76.1485 20.7221 0
    endloop
  endfacet
  facet normal 0 0 -1
    outer loop
      vertex 76.7646 21.1389 0
      vertex 76.0514 20.7034 0
      vertex 75.9498 20.6922 0
    endloop
  endfacet
  facet normal 0 0 -1
    outer loop
      vertex 76.8666 21.3096 0
      vertex 75.9498 20.6922 0
      vertex 75.8438 20.6885 0
    endloop
  endfacet
  facet normal -0 0 -1
    outer loop
      vertex 77.0197 21.9501 0
      vertex 75.8438 20.6885 0
      vertex 75.727 23.4028 0
    endloop
  endfacet
  facet normal 0 0 -1
    outer loop
      vertex 76.6168 23.1271 0
      vertex 76.18 23.3483 0
      vertex 76.5409 23.1849 0
    endloop
  endfacet
  facet normal 0 0 -1
    outer loop
      vertex 76.8078 22.914 0
      vertex 76.18 23.3483 0
      vertex 76.7507 22.9913 0
    endloop
  endfacet
  facet normal 0 0 -1
    outer loop
      vertex 76.9389 22.6455 0
      vertex 76.18 23.3483 0
      vertex 76.9019 22.7411 0
    endloop
  endfacet
  facet normal -0 -0 -1
    outer loop
      vertex 76.0754 23.3721 0
      vertex 76.9927 22.4359 0
      vertex 75.965 23.3892 0
    endloop
  endfacet
  facet normal 0 0 -1
    outer loop
      vertex 75.1318 20.6885 0
      vertex 75.727 23.4028 0
      vertex 75.8438 20.6885 0
    endloop
  endfacet
  facet normal -0 0 -1
    outer loop
      vertex 75.727 23.4028 0
      vertex 75.1318 20.6885 0
      vertex 75.1318 23.4028 0
    endloop
  endfacet
  facet normal 0.991526 0.129911 0
    outer loop
      vertex 119.954 118.546 16.8
      vertex 119.818 119.584 0
      vertex 119.818 119.584 16.8
    endloop
  endfacet
  facet normal 0.991526 0.129911 0
    outer loop
      vertex 119.818 119.584 0
      vertex 119.954 118.546 16.8
      vertex 119.954 118.546 0
    endloop
  endfacet
  facet normal -0.300882 0.953661 0
    outer loop
      vertex 8.89417 129.091 0
      vertex 7.89576 128.776 16.8
      vertex 8.89417 129.091 16.8
    endloop
  endfacet
  facet normal -0.300882 0.953661 0
    outer loop
      vertex 7.89576 128.776 16.8
      vertex 8.89417 129.091 0
      vertex 7.89576 128.776 0
    endloop
  endfacet
  facet normal 0.536937 0.843622 -0
    outer loop
      vertex 114.883 127.33 0
      vertex 114 127.892 16.8
      vertex 114.883 127.33 16.8
    endloop
  endfacet
  facet normal 0.536937 0.843622 0
    outer loop
      vertex 114 127.892 16.8
      vertex 114.883 127.33 0
      vertex 114 127.892 0
    endloop
  endfacet
  facet normal -0.0436174 -0.999048 0
    outer loop
      vertex 10.9541 0.0456629 0
      vertex 12 0 16.8
      vertex 10.9541 0.0456629 16.8
    endloop
  endfacet
  facet normal -0.0436174 -0.999048 -0
    outer loop
      vertex 12 0 16.8
      vertex 10.9541 0.0456629 0
      vertex 12 0 0
    endloop
  endfacet
  facet normal -0.953681 0.300819 0
    outer loop
      vertex 0.40889 120.606 0
      vertex 0.723688 121.604 16.8
      vertex 0.723688 121.604 0
    endloop
  endfacet
  facet normal -0.953681 0.300819 0
    outer loop
      vertex 0.723688 121.604 16.8
      vertex 0.40889 120.606 0
      vertex 0.40889 120.606 16.8
    endloop
  endfacet
  facet normal -0.843414 0.537264 0
    outer loop
      vertex 1.60769 123.5 0
      vertex 2.17017 124.383 16.8
      vertex 2.17017 124.383 0
    endloop
  endfacet
  facet normal -0.843414 0.537264 0
    outer loop
      vertex 2.17017 124.383 16.8
      vertex 1.60769 123.5 0
      vertex 1.60769 123.5 16.8
    endloop
  endfacet
  facet normal 0.609013 -0.79316 0
    outer loop
      vertex 114.883 2.17017 0
      vertex 115.713 2.80747 16.8
      vertex 114.883 2.17017 16.8
    endloop
  endfacet
  facet normal 0.609013 -0.79316 0
    outer loop
      vertex 115.713 2.80747 16.8
      vertex 114.883 2.17017 0
      vertex 115.713 2.80747 0
    endloop
  endfacet
  facet normal -0.8871 0.461578 0
    outer loop
      vertex 1.12431 122.571 0
      vertex 1.60769 123.5 16.8
      vertex 1.60769 123.5 0
    endloop
  endfacet
  facet normal -0.8871 0.461578 0
    outer loop
      vertex 1.60769 123.5 16.8
      vertex 1.12431 122.571 0
      vertex 1.12431 122.571 16.8
    endloop
  endfacet
  facet normal -0.999048 0.0436132 0
    outer loop
      vertex 0 117.5 0
      vertex 0.0456629 118.546 16.8
      vertex 0.0456629 118.546 0
    endloop
  endfacet
  facet normal -0.999048 0.0436132 0
    outer loop
      vertex 0.0456629 118.546 16.8
      vertex 0 117.5 0
      vertex 0 117.5 16.8
    endloop
  endfacet
  facet normal 0.300819 -0.953681 0
    outer loop
      vertex 111.106 0.40889 0
      vertex 112.104 0.723688 16.8
      vertex 111.106 0.40889 16.8
    endloop
  endfacet
  facet normal 0.300819 -0.953681 0
    outer loop
      vertex 112.104 0.723688 16.8
      vertex 111.106 0.40889 0
      vertex 112.104 0.723688 0
    endloop
  endfacet
  facet normal -0.21644 -0.976296 0
    outer loop
      vertex 8.89417 0.40889 0
      vertex 9.91622 0.182306 16.8
      vertex 8.89417 0.40889 16.8
    endloop
  endfacet
  facet normal -0.21644 -0.976296 -0
    outer loop
      vertex 9.91622 0.182306 16.8
      vertex 8.89417 0.40889 0
      vertex 9.91622 0.182306 0
    endloop
  endfacet
  facet normal 0.537264 -0.843414 0
    outer loop
      vertex 114 1.60769 0
      vertex 114.883 2.17017 16.8
      vertex 114 1.60769 16.8
    endloop
  endfacet
  facet normal 0.537264 -0.843414 0
    outer loop
      vertex 114.883 2.17017 16.8
      vertex 114 1.60769 0
      vertex 114.883 2.17017 0
    endloop
  endfacet
  facet normal -0.382179 0.924089 0
    outer loop
      vertex 7.89576 128.776 0
      vertex 6.92858 128.376 16.8
      vertex 7.89576 128.776 16.8
    endloop
  endfacet
  facet normal -0.382179 0.924089 0
    outer loop
      vertex 6.92858 128.376 16.8
      vertex 7.89576 128.776 0
      vertex 6.92858 128.376 0
    endloop
  endfacet
  facet normal -0.976294 0.216451 0
    outer loop
      vertex 0.182306 119.584 0
      vertex 0.40889 120.606 16.8
      vertex 0.40889 120.606 0
    endloop
  endfacet
  facet normal -0.976294 0.216451 0
    outer loop
      vertex 0.40889 120.606 16.8
      vertex 0.182306 119.584 0
      vertex 0.182306 119.584 16.8
    endloop
  endfacet
  facet normal -0.461742 -0.887014 0
    outer loop
      vertex 6 1.60769 0
      vertex 6.92858 1.12431 16.8
      vertex 6 1.60769 16.8
    endloop
  endfacet
  facet normal -0.461742 -0.887014 -0
    outer loop
      vertex 6.92858 1.12431 16.8
      vertex 6 1.60769 0
      vertex 6.92858 1.12431 0
    endloop
  endfacet
  facet normal -0.608588 0.793486 0
    outer loop
      vertex 5.11708 127.33 0
      vertex 4.28655 126.693 16.8
      vertex 5.11708 127.33 16.8
    endloop
  endfacet
  facet normal -0.608588 0.793486 0
    outer loop
      vertex 4.28655 126.693 16.8
      vertex 5.11708 127.33 0
      vertex 4.28655 126.693 0
    endloop
  endfacet
  facet normal 0.675898 0.736996 -0
    outer loop
      vertex 116.485 125.985 0
      vertex 115.713 126.693 16.8
      vertex 116.485 125.985 16.8
    endloop
  endfacet
  facet normal 0.675898 0.736996 0
    outer loop
      vertex 115.713 126.693 16.8
      vertex 116.485 125.985 0
      vertex 115.713 126.693 0
    endloop
  endfacet
  facet normal 0.886857 0.462044 0
    outer loop
      vertex 118.876 122.571 16.8
      vertex 118.392 123.5 0
      vertex 118.392 123.5 16.8
    endloop
  endfacet
  facet normal 0.886857 0.462044 0
    outer loop
      vertex 118.392 123.5 0
      vertex 118.876 122.571 16.8
      vertex 118.876 122.571 0
    endloop
  endfacet
  facet normal 0.924063 0.382239 0
    outer loop
      vertex 119.276 121.604 16.8
      vertex 118.876 122.571 0
      vertex 118.876 122.571 16.8
    endloop
  endfacet
  facet normal 0.924063 0.382239 0
    outer loop
      vertex 118.876 122.571 0
      vertex 119.276 121.604 16.8
      vertex 119.276 121.604 0
    endloop
  endfacet
  facet normal -0.991446 0.130515 0
    outer loop
      vertex 0.0456629 118.546 0
      vertex 0.182306 119.584 16.8
      vertex 0.182306 119.584 0
    endloop
  endfacet
  facet normal -0.991446 0.130515 0
    outer loop
      vertex 0.182306 119.584 16.8
      vertex 0.0456629 118.546 0
      vertex 0.0456629 118.546 16.8
    endloop
  endfacet
  facet normal 0.886771 -0.462208 0
    outer loop
      vertex 118.392 6 16.8
      vertex 118.876 6.92858 0
      vertex 118.876 6.92858 16.8
    endloop
  endfacet
  facet normal 0.886771 -0.462208 0
    outer loop
      vertex 118.876 6.92858 0
      vertex 118.392 6 16.8
      vertex 118.392 6 0
    endloop
  endfacet
  facet normal 0.793299 0.608833 0
    outer loop
      vertex 117.83 124.383 16.8
      vertex 117.193 125.213 0
      vertex 117.193 125.213 16.8
    endloop
  endfacet
  facet normal 0.793299 0.608833 0
    outer loop
      vertex 117.193 125.213 0
      vertex 117.83 124.383 16.8
      vertex 117.83 124.383 0
    endloop
  endfacet
  facet normal 0.382239 0.924063 -0
    outer loop
      vertex 113.071 128.376 0
      vertex 112.104 128.776 16.8
      vertex 113.071 128.376 16.8
    endloop
  endfacet
  facet normal 0.382239 0.924063 0
    outer loop
      vertex 112.104 128.776 16.8
      vertex 113.071 128.376 0
      vertex 112.104 128.776 0
    endloop
  endfacet
  facet normal 0.608833 0.793299 -0
    outer loop
      vertex 115.713 126.693 0
      vertex 114.883 127.33 16.8
      vertex 115.713 126.693 16.8
    endloop
  endfacet
  facet normal 0.608833 0.793299 0
    outer loop
      vertex 114.883 127.33 16.8
      vertex 115.713 126.693 0
      vertex 114.883 127.33 0
    endloop
  endfacet
  facet normal 0.736996 0.675898 0
    outer loop
      vertex 117.193 125.213 16.8
      vertex 116.485 125.985 0
      vertex 116.485 125.985 16.8
    endloop
  endfacet
  facet normal 0.736996 0.675898 0
    outer loop
      vertex 116.485 125.985 0
      vertex 117.193 125.213 16.8
      vertex 117.193 125.213 0
    endloop
  endfacet
  facet normal 0.675508 -0.737352 0
    outer loop
      vertex 115.713 2.80747 0
      vertex 116.485 3.51472 16.8
      vertex 115.713 2.80747 16.8
    endloop
  endfacet
  facet normal 0.675508 -0.737352 0
    outer loop
      vertex 116.485 3.51472 16.8
      vertex 115.713 2.80747 0
      vertex 116.485 3.51472 0
    endloop
  endfacet
  facet normal -0.923879 -0.382686 0
    outer loop
      vertex 1.12431 6.92858 0
      vertex 0.723688 7.89576 16.8
      vertex 0.723688 7.89576 0
    endloop
  endfacet
  facet normal -0.923879 -0.382686 0
    outer loop
      vertex 0.723688 7.89576 16.8
      vertex 1.12431 6.92858 0
      vertex 1.12431 6.92858 16.8
    endloop
  endfacet
  facet normal -0.79316 0.609013 0
    outer loop
      vertex 2.17017 124.383 0
      vertex 2.80747 125.213 16.8
      vertex 2.80747 125.213 0
    endloop
  endfacet
  facet normal -0.79316 0.609013 0
    outer loop
      vertex 2.80747 125.213 16.8
      vertex 2.17017 124.383 0
      vertex 2.17017 124.383 16.8
    endloop
  endfacet
  facet normal 0.300994 0.953626 -0
    outer loop
      vertex 112.104 128.776 0
      vertex 111.106 129.091 16.8
      vertex 112.104 128.776 16.8
    endloop
  endfacet
  facet normal 0.300994 0.953626 0
    outer loop
      vertex 111.106 129.091 16.8
      vertex 112.104 128.776 0
      vertex 111.106 129.091 0
    endloop
  endfacet
  facet normal 0.8436 -0.536972 0
    outer loop
      vertex 117.83 5.11708 16.8
      vertex 118.392 6 0
      vertex 118.392 6 16.8
    endloop
  endfacet
  facet normal 0.8436 -0.536972 0
    outer loop
      vertex 118.392 6 0
      vertex 117.83 5.11708 16.8
      vertex 117.83 5.11708 0
    endloop
  endfacet
  facet normal 0.382747 -0.923853 0
    outer loop
      vertex 112.104 0.723688 0
      vertex 113.071 1.12431 16.8
      vertex 112.104 0.723688 16.8
    endloop
  endfacet
  facet normal 0.382747 -0.923853 0
    outer loop
      vertex 113.071 1.12431 16.8
      vertex 112.104 0.723688 0
      vertex 113.071 1.12431 0
    endloop
  endfacet
  facet normal 0.461578 -0.8871 0
    outer loop
      vertex 113.071 1.12431 0
      vertex 114 1.60769 16.8
      vertex 113.071 1.12431 16.8
    endloop
  endfacet
  facet normal 0.461578 -0.8871 0
    outer loop
      vertex 114 1.60769 16.8
      vertex 113.071 1.12431 0
      vertex 114 1.60769 0
    endloop
  endfacet
  facet normal -0.608769 -0.793348 0
    outer loop
      vertex 4.28655 2.80747 0
      vertex 5.11708 2.17017 16.8
      vertex 4.28655 2.80747 16.8
    endloop
  endfacet
  facet normal -0.608769 -0.793348 -0
    outer loop
      vertex 5.11708 2.17017 16.8
      vertex 4.28655 2.80747 0
      vertex 5.11708 2.17017 0
    endloop
  endfacet
  facet normal 0.0436132 -0.999048 0
    outer loop
      vertex 108 0 0
      vertex 109.046 0.0456629 16.8
      vertex 108 0 16.8
    endloop
  endfacet
  facet normal 0.0436132 -0.999048 0
    outer loop
      vertex 109.046 0.0456629 16.8
      vertex 108 0 0
      vertex 109.046 0.0456629 0
    endloop
  endfacet
  facet normal -0.462208 0.886771 0
    outer loop
      vertex 6.92858 128.376 0
      vertex 6 127.892 16.8
      vertex 6.92858 128.376 16.8
    endloop
  endfacet
  facet normal -0.462208 0.886771 0
    outer loop
      vertex 6 127.892 16.8
      vertex 6.92858 128.376 0
      vertex 6 127.892 0
    endloop
  endfacet
  facet normal -0.793348 -0.608769 0
    outer loop
      vertex 2.80747 4.28655 0
      vertex 2.17017 5.11708 16.8
      vertex 2.17017 5.11708 0
    endloop
  endfacet
  facet normal -0.793348 -0.608769 0
    outer loop
      vertex 2.17017 5.11708 16.8
      vertex 2.80747 4.28655 0
      vertex 2.80747 4.28655 16.8
    endloop
  endfacet
  facet normal 0.793486 -0.608588 0
    outer loop
      vertex 117.193 4.28655 16.8
      vertex 117.83 5.11708 0
      vertex 117.83 5.11708 16.8
    endloop
  endfacet
  facet normal 0.793486 -0.608588 0
    outer loop
      vertex 117.83 5.11708 0
      vertex 117.193 4.28655 16.8
      vertex 117.193 4.28655 0
    endloop
  endfacet
  facet normal -0.843392 -0.537298 0
    outer loop
      vertex 2.17017 5.11708 0
      vertex 1.60769 6 16.8
      vertex 1.60769 6 0
    endloop
  endfacet
  facet normal -0.843392 -0.537298 0
    outer loop
      vertex 1.60769 6 16.8
      vertex 2.17017 5.11708 0
      vertex 2.17017 5.11708 16.8
    endloop
  endfacet
  facet normal 0.999034 -0.0439388 0
    outer loop
      vertex 119.954 10.9541 16.8
      vertex 120 12 0
      vertex 120 12 16.8
    endloop
  endfacet
  facet normal 0.999034 -0.0439388 0
    outer loop
      vertex 120 12 0
      vertex 119.954 10.9541 16.8
      vertex 119.954 10.9541 0
    endloop
  endfacet
  facet normal -0.300706 -0.953717 0
    outer loop
      vertex 7.89576 0.723688 0
      vertex 8.89417 0.40889 16.8
      vertex 7.89576 0.723688 16.8
    endloop
  endfacet
  facet normal -0.300706 -0.953717 -0
    outer loop
      vertex 8.89417 0.40889 16.8
      vertex 7.89576 0.723688 0
      vertex 8.89417 0.40889 0
    endloop
  endfacet
  facet normal -0.887014 -0.461742 0
    outer loop
      vertex 1.60769 6 0
      vertex 1.12431 6.92858 16.8
      vertex 1.12431 6.92858 0
    endloop
  endfacet
  facet normal -0.887014 -0.461742 0
    outer loop
      vertex 1.12431 6.92858 16.8
      vertex 1.60769 6 0
      vertex 1.60769 6 16.8
    endloop
  endfacet
  facet normal 0.976212 -0.216819 0
    outer loop
      vertex 119.591 8.89417 16.8
      vertex 119.818 9.91622 0
      vertex 119.818 9.91622 16.8
    endloop
  endfacet
  facet normal 0.976212 -0.216819 0
    outer loop
      vertex 119.818 9.91622 0
      vertex 119.591 8.89417 16.8
      vertex 119.591 8.89417 0
    endloop
  endfacet
  facet normal -0.129926 0.991524 0
    outer loop
      vertex 10.9541 129.454 0
      vertex 9.91622 129.318 16.8
      vertex 10.9541 129.454 16.8
    endloop
  endfacet
  facet normal -0.129926 0.991524 0
    outer loop
      vertex 9.91622 129.318 16.8
      vertex 10.9541 129.454 0
      vertex 9.91622 129.318 0
    endloop
  endfacet
  facet normal -0.0439388 0.999034 0
    outer loop
      vertex 12 129.5 0
      vertex 10.9541 129.454 16.8
      vertex 12 129.5 16.8
    endloop
  endfacet
  facet normal -0.0439388 0.999034 0
    outer loop
      vertex 10.9541 129.454 16.8
      vertex 12 129.5 0
      vertex 10.9541 129.454 0
    endloop
  endfacet
  facet normal -0.953717 -0.300706 0
    outer loop
      vertex 0.723688 7.89576 0
      vertex 0.40889 8.89417 16.8
      vertex 0.40889 8.89417 0
    endloop
  endfacet
  facet normal -0.953717 -0.300706 0
    outer loop
      vertex 0.40889 8.89417 16.8
      vertex 0.723688 7.89576 0
      vertex 0.723688 7.89576 16.8
    endloop
  endfacet
  facet normal -0.675589 -0.737278 0
    outer loop
      vertex 3.51472 3.51472 0
      vertex 4.28655 2.80747 16.8
      vertex 3.51472 3.51472 16.8
    endloop
  endfacet
  facet normal -0.675589 -0.737278 -0
    outer loop
      vertex 4.28655 2.80747 16.8
      vertex 3.51472 3.51472 0
      vertex 4.28655 2.80747 0
    endloop
  endfacet
  facet normal -0.382686 -0.923879 0
    outer loop
      vertex 6.92858 1.12431 0
      vertex 7.89576 0.723688 16.8
      vertex 6.92858 1.12431 16.8
    endloop
  endfacet
  facet normal -0.382686 -0.923879 -0
    outer loop
      vertex 7.89576 0.723688 16.8
      vertex 6.92858 1.12431 0
      vertex 7.89576 0.723688 0
    endloop
  endfacet
  facet normal -0.216819 0.976212 0
    outer loop
      vertex 9.91622 129.318 0
      vertex 8.89417 129.091 16.8
      vertex 9.91622 129.318 16.8
    endloop
  endfacet
  facet normal -0.216819 0.976212 0
    outer loop
      vertex 8.89417 129.091 16.8
      vertex 9.91622 129.318 0
      vertex 8.89417 129.091 0
    endloop
  endfacet
  facet normal -0.737278 -0.675589 0
    outer loop
      vertex 3.51472 3.51472 0
      vertex 2.80747 4.28655 16.8
      vertex 2.80747 4.28655 0
    endloop
  endfacet
  facet normal -0.737278 -0.675589 0
    outer loop
      vertex 2.80747 4.28655 16.8
      vertex 3.51472 3.51472 0
      vertex 3.51472 3.51472 16.8
    endloop
  endfacet
  facet normal -0.976296 -0.21644 0
    outer loop
      vertex 0.40889 8.89417 0
      vertex 0.182306 9.91622 16.8
      vertex 0.182306 9.91622 0
    endloop
  endfacet
  facet normal -0.976296 -0.21644 0
    outer loop
      vertex 0.182306 9.91622 16.8
      vertex 0.40889 8.89417 0
      vertex 0.40889 8.89417 16.8
    endloop
  endfacet
  facet normal 0 0 1
    outer loop
      vertex 118.8 117.5 16.8
      vertex 120 117.5 16.8
      vertex 119.954 118.546 16.8
    endloop
  endfacet
  facet normal 0 0 1
    outer loop
      vertex 120 117.5 16.8
      vertex 118.8 117.5 16.8
      vertex 120 12 16.8
    endloop
  endfacet
  facet normal 0 0 1
    outer loop
      vertex 118.759 118.441 16.8
      vertex 119.954 118.546 16.8
      vertex 119.818 119.584 16.8
    endloop
  endfacet
  facet normal 0 0 1
    outer loop
      vertex 118.8 12 16.8
      vertex 120 12 16.8
      vertex 118.8 117.5 16.8
    endloop
  endfacet
  facet normal 0 0 1
    outer loop
      vertex 118.636 119.375 16.8
      vertex 119.818 119.584 16.8
      vertex 119.591 120.606 16.8
    endloop
  endfacet
  facet normal 0 0 1
    outer loop
      vertex 120 12 16.8
      vertex 118.8 12 16.8
      vertex 119.954 10.9541 16.8
    endloop
  endfacet
  facet normal 0 0 1
    outer loop
      vertex 118.432 120.295 16.8
      vertex 119.591 120.606 16.8
      vertex 119.276 121.604 16.8
    endloop
  endfacet
  facet normal -0 0 1
    outer loop
      vertex 118.759 11.0587 16.8
      vertex 119.954 10.9541 16.8
      vertex 118.8 12 16.8
    endloop
  endfacet
  facet normal 0 0 1
    outer loop
      vertex 118.149 121.194 16.8
      vertex 119.276 121.604 16.8
      vertex 118.876 122.571 16.8
    endloop
  endfacet
  facet normal 0 0 1
    outer loop
      vertex 119.954 10.9541 16.8
      vertex 118.759 11.0587 16.8
      vertex 119.818 9.91622 16.8
    endloop
  endfacet
  facet normal -0 0 1
    outer loop
      vertex 118.636 10.1246 16.8
      vertex 119.818 9.91622 16.8
      vertex 118.759 11.0587 16.8
    endloop
  endfacet
  facet normal 0 0 1
    outer loop
      vertex 119.954 118.546 16.8
      vertex 118.759 118.441 16.8
      vertex 118.8 117.5 16.8
    endloop
  endfacet
  facet normal 0 0 1
    outer loop
      vertex 119.818 119.584 16.8
      vertex 118.636 119.375 16.8
      vertex 118.759 118.441 16.8
    endloop
  endfacet
  facet normal 0 0 1
    outer loop
      vertex 119.591 120.606 16.8
      vertex 118.432 120.295 16.8
      vertex 118.636 119.375 16.8
    endloop
  endfacet
  facet normal 0 0 1
    outer loop
      vertex 117.788 122.064 16.8
      vertex 118.876 122.571 16.8
      vertex 118.392 123.5 16.8
    endloop
  endfacet
  facet normal 0 0 1
    outer loop
      vertex 119.276 121.604 16.8
      vertex 118.149 121.194 16.8
      vertex 118.432 120.295 16.8
    endloop
  endfacet
  facet normal 0 0 1
    outer loop
      vertex 117.353 122.9 16.8
      vertex 118.392 123.5 16.8
      vertex 117.83 124.383 16.8
    endloop
  endfacet
  facet normal 0 0 1
    outer loop
      vertex 118.876 122.571 16.8
      vertex 117.788 122.064 16.8
      vertex 118.149 121.194 16.8
    endloop
  endfacet
  facet normal 0 0 1
    outer loop
      vertex 118.392 123.5 16.8
      vertex 117.353 122.9 16.8
      vertex 117.788 122.064 16.8
    endloop
  endfacet
  facet normal 0 0 1
    outer loop
      vertex 116.847 123.695 16.8
      vertex 117.83 124.383 16.8
      vertex 117.193 125.213 16.8
    endloop
  endfacet
  facet normal 0 0 1
    outer loop
      vertex 117.83 124.383 16.8
      vertex 116.847 123.695 16.8
      vertex 117.353 122.9 16.8
    endloop
  endfacet
  facet normal 0 0 1
    outer loop
      vertex 116.273 124.442 16.8
      vertex 117.193 125.213 16.8
      vertex 116.485 125.985 16.8
    endloop
  endfacet
  facet normal 0 0 1
    outer loop
      vertex 117.193 125.213 16.8
      vertex 116.273 124.442 16.8
      vertex 116.847 123.695 16.8
    endloop
  endfacet
  facet normal 0 0 1
    outer loop
      vertex 115.637 125.137 16.8
      vertex 116.485 125.985 16.8
      vertex 115.713 126.693 16.8
    endloop
  endfacet
  facet normal 0 0 1
    outer loop
      vertex 116.485 125.985 16.8
      vertex 115.637 125.137 16.8
      vertex 116.273 124.442 16.8
    endloop
  endfacet
  facet normal 0 0 1
    outer loop
      vertex 115.713 126.693 16.8
      vertex 114.942 125.773 16.8
      vertex 115.637 125.137 16.8
    endloop
  endfacet
  facet normal 0 0 1
    outer loop
      vertex 114.883 127.33 16.8
      vertex 114.942 125.773 16.8
      vertex 115.713 126.693 16.8
    endloop
  endfacet
  facet normal 0 0 1
    outer loop
      vertex 114.883 127.33 16.8
      vertex 114.195 126.347 16.8
      vertex 114.942 125.773 16.8
    endloop
  endfacet
  facet normal 0 0 1
    outer loop
      vertex 114 127.892 16.8
      vertex 114.195 126.347 16.8
      vertex 114.883 127.33 16.8
    endloop
  endfacet
  facet normal 0 0 1
    outer loop
      vertex 114 127.892 16.8
      vertex 113.4 126.853 16.8
      vertex 114.195 126.347 16.8
    endloop
  endfacet
  facet normal 0 0 1
    outer loop
      vertex 113.071 128.376 16.8
      vertex 113.4 126.853 16.8
      vertex 114 127.892 16.8
    endloop
  endfacet
  facet normal 0 0 1
    outer loop
      vertex 113.071 128.376 16.8
      vertex 112.564 127.288 16.8
      vertex 113.4 126.853 16.8
    endloop
  endfacet
  facet normal 0 0 1
    outer loop
      vertex 112.104 128.776 16.8
      vertex 112.564 127.288 16.8
      vertex 113.071 128.376 16.8
    endloop
  endfacet
  facet normal 0 0 1
    outer loop
      vertex 112.104 128.776 16.8
      vertex 111.694 127.649 16.8
      vertex 112.564 127.288 16.8
    endloop
  endfacet
  facet normal 0 0 1
    outer loop
      vertex 111.106 129.091 16.8
      vertex 111.694 127.649 16.8
      vertex 112.104 128.776 16.8
    endloop
  endfacet
  facet normal 0 0 1
    outer loop
      vertex 111.106 129.091 16.8
      vertex 110.795 127.932 16.8
      vertex 111.694 127.649 16.8
    endloop
  endfacet
  facet normal 0 0 1
    outer loop
      vertex 110.084 129.318 16.8
      vertex 110.795 127.932 16.8
      vertex 111.106 129.091 16.8
    endloop
  endfacet
  facet normal 0 0 1
    outer loop
      vertex 110.084 129.318 16.8
      vertex 109.875 128.136 16.8
      vertex 110.795 127.932 16.8
    endloop
  endfacet
  facet normal 0 0 1
    outer loop
      vertex 109.046 129.454 16.8
      vertex 109.875 128.136 16.8
      vertex 110.084 129.318 16.8
    endloop
  endfacet
  facet normal 0 0 1
    outer loop
      vertex 109.046 129.454 16.8
      vertex 108.941 128.259 16.8
      vertex 109.875 128.136 16.8
    endloop
  endfacet
  facet normal 0 0 1
    outer loop
      vertex 108 129.5 16.8
      vertex 108.941 128.259 16.8
      vertex 109.046 129.454 16.8
    endloop
  endfacet
  facet normal 0 0 1
    outer loop
      vertex 108 129.5 16.8
      vertex 108 128.3 16.8
      vertex 108.941 128.259 16.8
    endloop
  endfacet
  facet normal -0 0 1
    outer loop
      vertex 12 129.5 16.8
      vertex 108 128.3 16.8
      vertex 108 129.5 16.8
    endloop
  endfacet
  facet normal 0 0 1
    outer loop
      vertex 12 129.5 16.8
      vertex 12 128.3 16.8
      vertex 108 128.3 16.8
    endloop
  endfacet
  facet normal 0 0 1
    outer loop
      vertex 12 129.5 16.8
      vertex 11.0587 128.259 16.8
      vertex 12 128.3 16.8
    endloop
  endfacet
  facet normal -0 0 1
    outer loop
      vertex 10.9541 129.454 16.8
      vertex 11.0587 128.259 16.8
      vertex 12 129.5 16.8
    endloop
  endfacet
  facet normal 0 0 1
    outer loop
      vertex 10.9541 129.454 16.8
      vertex 10.1246 128.136 16.8
      vertex 11.0587 128.259 16.8
    endloop
  endfacet
  facet normal -0 0 1
    outer loop
      vertex 9.91622 129.318 16.8
      vertex 10.1246 128.136 16.8
      vertex 10.9541 129.454 16.8
    endloop
  endfacet
  facet normal 0 0 1
    outer loop
      vertex 9.91622 129.318 16.8
      vertex 9.20475 127.932 16.8
      vertex 10.1246 128.136 16.8
    endloop
  endfacet
  facet normal -0 0 1
    outer loop
      vertex 8.89417 129.091 16.8
      vertex 9.20475 127.932 16.8
      vertex 9.91622 129.318 16.8
    endloop
  endfacet
  facet normal 0 0 1
    outer loop
      vertex 8.89417 129.091 16.8
      vertex 8.30618 127.649 16.8
      vertex 9.20475 127.932 16.8
    endloop
  endfacet
  facet normal -0 0 1
    outer loop
      vertex 7.89576 128.776 16.8
      vertex 8.30618 127.649 16.8
      vertex 8.89417 129.091 16.8
    endloop
  endfacet
  facet normal 0 0 1
    outer loop
      vertex 7.89576 128.776 16.8
      vertex 7.43572 127.288 16.8
      vertex 8.30618 127.649 16.8
    endloop
  endfacet
  facet normal -0 0 1
    outer loop
      vertex 6.92858 128.376 16.8
      vertex 7.43572 127.288 16.8
      vertex 7.89576 128.776 16.8
    endloop
  endfacet
  facet normal 0 0 1
    outer loop
      vertex 6.92858 128.376 16.8
      vertex 6.6 126.853 16.8
      vertex 7.43572 127.288 16.8
    endloop
  endfacet
  facet normal -0 0 1
    outer loop
      vertex 6 127.892 16.8
      vertex 6.6 126.853 16.8
      vertex 6.92858 128.376 16.8
    endloop
  endfacet
  facet normal 0 0 1
    outer loop
      vertex 6 127.892 16.8
      vertex 5.80537 126.347 16.8
      vertex 6.6 126.853 16.8
    endloop
  endfacet
  facet normal -0 0 1
    outer loop
      vertex 5.11708 127.33 16.8
      vertex 5.80537 126.347 16.8
      vertex 6 127.892 16.8
    endloop
  endfacet
  facet normal 0 0 1
    outer loop
      vertex 5.11708 127.33 16.8
      vertex 5.05789 125.773 16.8
      vertex 5.80537 126.347 16.8
    endloop
  endfacet
  facet normal -0 0 1
    outer loop
      vertex 4.28655 126.693 16.8
      vertex 5.05789 125.773 16.8
      vertex 5.11708 127.33 16.8
    endloop
  endfacet
  facet normal 0 0 1
    outer loop
      vertex 5.05789 125.773 16.8
      vertex 4.28655 126.693 16.8
      vertex 4.36325 125.137 16.8
    endloop
  endfacet
  facet normal -0 0 1
    outer loop
      vertex 3.51472 125.985 16.8
      vertex 4.36325 125.137 16.8
      vertex 4.28655 126.693 16.8
    endloop
  endfacet
  facet normal 0 0 1
    outer loop
      vertex 4.36325 125.137 16.8
      vertex 3.51472 125.985 16.8
      vertex 3.72672 124.442 16.8
    endloop
  endfacet
  facet normal -0 0 1
    outer loop
      vertex 2.80747 125.213 16.8
      vertex 3.72672 124.442 16.8
      vertex 3.51472 125.985 16.8
    endloop
  endfacet
  facet normal 0 0 1
    outer loop
      vertex 3.72672 124.442 16.8
      vertex 2.80747 125.213 16.8
      vertex 3.15316 123.695 16.8
    endloop
  endfacet
  facet normal -0 0 1
    outer loop
      vertex 2.17017 124.383 16.8
      vertex 3.15316 123.695 16.8
      vertex 2.80747 125.213 16.8
    endloop
  endfacet
  facet normal 0 0 1
    outer loop
      vertex 3.15316 123.695 16.8
      vertex 2.17017 124.383 16.8
      vertex 2.64692 122.9 16.8
    endloop
  endfacet
  facet normal -0 0 1
    outer loop
      vertex 1.60769 123.5 16.8
      vertex 2.64692 122.9 16.8
      vertex 2.17017 124.383 16.8
    endloop
  endfacet
  facet normal 0 0 1
    outer loop
      vertex 2.64692 122.9 16.8
      vertex 1.60769 123.5 16.8
      vertex 2.21187 122.064 16.8
    endloop
  endfacet
  facet normal -0 0 1
    outer loop
      vertex 1.12431 122.571 16.8
      vertex 2.21187 122.064 16.8
      vertex 1.60769 123.5 16.8
    endloop
  endfacet
  facet normal 0 0 1
    outer loop
      vertex 2.21187 122.064 16.8
      vertex 1.12431 122.571 16.8
      vertex 1.85132 121.194 16.8
    endloop
  endfacet
  facet normal -0 0 1
    outer loop
      vertex 0.723688 121.604 16.8
      vertex 1.85132 121.194 16.8
      vertex 1.12431 122.571 16.8
    endloop
  endfacet
  facet normal 0 0 1
    outer loop
      vertex 1.85132 121.194 16.8
      vertex 0.723688 121.604 16.8
      vertex 1.568 120.295 16.8
    endloop
  endfacet
  facet normal -0 0 1
    outer loop
      vertex 0.182306 119.584 16.8
      vertex 1.36408 119.375 16.8
      vertex 0.40889 120.606 16.8
    endloop
  endfacet
  facet normal 0 0 1
    outer loop
      vertex 1.568 120.295 16.8
      vertex 0.40889 120.606 16.8
      vertex 1.36408 119.375 16.8
    endloop
  endfacet
  facet normal -0 0 1
    outer loop
      vertex 0.40889 120.606 16.8
      vertex 1.568 120.295 16.8
      vertex 0.723688 121.604 16.8
    endloop
  endfacet
  facet normal 0 0 1
    outer loop
      vertex 119.818 9.91622 16.8
      vertex 118.636 10.1246 16.8
      vertex 119.591 8.89417 16.8
    endloop
  endfacet
  facet normal -0 0 1
    outer loop
      vertex 118.432 9.20475 16.8
      vertex 119.591 8.89417 16.8
      vertex 118.636 10.1246 16.8
    endloop
  endfacet
  facet normal 0 0 1
    outer loop
      vertex 119.591 8.89417 16.8
      vertex 118.432 9.20475 16.8
      vertex 119.276 7.89576 16.8
    endloop
  endfacet
  facet normal -0 0 1
    outer loop
      vertex 118.149 8.30618 16.8
      vertex 119.276 7.89576 16.8
      vertex 118.432 9.20475 16.8
    endloop
  endfacet
  facet normal 0 0 1
    outer loop
      vertex 119.276 7.89576 16.8
      vertex 118.149 8.30618 16.8
      vertex 118.876 6.92858 16.8
    endloop
  endfacet
  facet normal -0 0 1
    outer loop
      vertex 117.788 7.43572 16.8
      vertex 118.876 6.92858 16.8
      vertex 118.149 8.30618 16.8
    endloop
  endfacet
  facet normal 0 0 1
    outer loop
      vertex 118.876 6.92858 16.8
      vertex 117.788 7.43572 16.8
      vertex 118.392 6 16.8
    endloop
  endfacet
  facet normal -0 0 1
    outer loop
      vertex 117.353 6.6 16.8
      vertex 118.392 6 16.8
      vertex 117.788 7.43572 16.8
    endloop
  endfacet
  facet normal 0 0 1
    outer loop
      vertex 118.392 6 16.8
      vertex 117.353 6.6 16.8
      vertex 117.83 5.11708 16.8
    endloop
  endfacet
  facet normal -0 0 1
    outer loop
      vertex 116.847 5.80537 16.8
      vertex 117.83 5.11708 16.8
      vertex 117.353 6.6 16.8
    endloop
  endfacet
  facet normal 0 0 1
    outer loop
      vertex 117.83 5.11708 16.8
      vertex 116.847 5.80537 16.8
      vertex 117.193 4.28655 16.8
    endloop
  endfacet
  facet normal -0 0 1
    outer loop
      vertex 116.273 5.05789 16.8
      vertex 117.193 4.28655 16.8
      vertex 116.847 5.80537 16.8
    endloop
  endfacet
  facet normal 0 0 1
    outer loop
      vertex 117.193 4.28655 16.8
      vertex 116.273 5.05789 16.8
      vertex 116.485 3.51472 16.8
    endloop
  endfacet
  facet normal -0 0 1
    outer loop
      vertex 115.637 4.36325 16.8
      vertex 116.485 3.51472 16.8
      vertex 116.273 5.05789 16.8
    endloop
  endfacet
  facet normal 0 0 1
    outer loop
      vertex 116.485 3.51472 16.8
      vertex 115.637 4.36325 16.8
      vertex 115.713 2.80747 16.8
    endloop
  endfacet
  facet normal -0 0 1
    outer loop
      vertex 114.942 3.72672 16.8
      vertex 115.713 2.80747 16.8
      vertex 115.637 4.36325 16.8
    endloop
  endfacet
  facet normal 0 0 1
    outer loop
      vertex 114.942 3.72672 16.8
      vertex 114.883 2.17017 16.8
      vertex 115.713 2.80747 16.8
    endloop
  endfacet
  facet normal -0 0 1
    outer loop
      vertex 114.195 3.15316 16.8
      vertex 114.883 2.17017 16.8
      vertex 114.942 3.72672 16.8
    endloop
  endfacet
  facet normal 0 0 1
    outer loop
      vertex 114.195 3.15316 16.8
      vertex 114 1.60769 16.8
      vertex 114.883 2.17017 16.8
    endloop
  endfacet
  facet normal -0 0 1
    outer loop
      vertex 113.4 2.64692 16.8
      vertex 114 1.60769 16.8
      vertex 114.195 3.15316 16.8
    endloop
  endfacet
  facet normal 0 0 1
    outer loop
      vertex 113.4 2.64692 16.8
      vertex 113.071 1.12431 16.8
      vertex 114 1.60769 16.8
    endloop
  endfacet
  facet normal -0 0 1
    outer loop
      vertex 112.564 2.21187 16.8
      vertex 113.071 1.12431 16.8
      vertex 113.4 2.64692 16.8
    endloop
  endfacet
  facet normal 0 0 1
    outer loop
      vertex 112.564 2.21187 16.8
      vertex 112.104 0.723688 16.8
      vertex 113.071 1.12431 16.8
    endloop
  endfacet
  facet normal -0 0 1
    outer loop
      vertex 111.694 1.85132 16.8
      vertex 112.104 0.723688 16.8
      vertex 112.564 2.21187 16.8
    endloop
  endfacet
  facet normal 0 0 1
    outer loop
      vertex 111.694 1.85132 16.8
      vertex 111.106 0.40889 16.8
      vertex 112.104 0.723688 16.8
    endloop
  endfacet
  facet normal -0 0 1
    outer loop
      vertex 110.795 1.568 16.8
      vertex 111.106 0.40889 16.8
      vertex 111.694 1.85132 16.8
    endloop
  endfacet
  facet normal 0 0 1
    outer loop
      vertex 110.795 1.568 16.8
      vertex 110.084 0.182306 16.8
      vertex 111.106 0.40889 16.8
    endloop
  endfacet
  facet normal -0 0 1
    outer loop
      vertex 109.875 1.36408 16.8
      vertex 110.084 0.182306 16.8
      vertex 110.795 1.568 16.8
    endloop
  endfacet
  facet normal 0 0 1
    outer loop
      vertex 109.875 1.36408 16.8
      vertex 109.046 0.0456629 16.8
      vertex 110.084 0.182306 16.8
    endloop
  endfacet
  facet normal -0 0 1
    outer loop
      vertex 108.941 1.2411 16.8
      vertex 109.046 0.0456629 16.8
      vertex 109.875 1.36408 16.8
    endloop
  endfacet
  facet normal -0 0 1
    outer loop
      vertex 108 1.2 16.8
      vertex 109.046 0.0456629 16.8
      vertex 108.941 1.2411 16.8
    endloop
  endfacet
  facet normal 0 0 1
    outer loop
      vertex 108 1.2 16.8
      vertex 108 0 16.8
      vertex 109.046 0.0456629 16.8
    endloop
  endfacet
  facet normal -0 0 1
    outer loop
      vertex 12 1.2 16.8
      vertex 108 0 16.8
      vertex 108 1.2 16.8
    endloop
  endfacet
  facet normal 0 0 1
    outer loop
      vertex 12 1.2 16.8
      vertex 12 0 16.8
      vertex 108 0 16.8
    endloop
  endfacet
  facet normal 0 0 1
    outer loop
      vertex 11.0587 1.2411 16.8
      vertex 12 0 16.8
      vertex 12 1.2 16.8
    endloop
  endfacet
  facet normal 0 0 1
    outer loop
      vertex 11.0587 1.2411 16.8
      vertex 10.9541 0.0456629 16.8
      vertex 12 0 16.8
    endloop
  endfacet
  facet normal 0 0 1
    outer loop
      vertex 10.1246 1.36408 16.8
      vertex 10.9541 0.0456629 16.8
      vertex 11.0587 1.2411 16.8
    endloop
  endfacet
  facet normal 0 0 1
    outer loop
      vertex 10.1246 1.36408 16.8
      vertex 9.91622 0.182306 16.8
      vertex 10.9541 0.0456629 16.8
    endloop
  endfacet
  facet normal 0 0 1
    outer loop
      vertex 9.20475 1.568 16.8
      vertex 9.91622 0.182306 16.8
      vertex 10.1246 1.36408 16.8
    endloop
  endfacet
  facet normal 0 0 1
    outer loop
      vertex 9.20475 1.568 16.8
      vertex 8.89417 0.40889 16.8
      vertex 9.91622 0.182306 16.8
    endloop
  endfacet
  facet normal 0 0 1
    outer loop
      vertex 8.30618 1.85132 16.8
      vertex 8.89417 0.40889 16.8
      vertex 9.20475 1.568 16.8
    endloop
  endfacet
  facet normal 0 0 1
    outer loop
      vertex 8.30618 1.85132 16.8
      vertex 7.89576 0.723688 16.8
      vertex 8.89417 0.40889 16.8
    endloop
  endfacet
  facet normal 0 0 1
    outer loop
      vertex 7.43572 2.21187 16.8
      vertex 7.89576 0.723688 16.8
      vertex 8.30618 1.85132 16.8
    endloop
  endfacet
  facet normal 0 0 1
    outer loop
      vertex 7.43572 2.21187 16.8
      vertex 6.92858 1.12431 16.8
      vertex 7.89576 0.723688 16.8
    endloop
  endfacet
  facet normal 0 0 1
    outer loop
      vertex 6.6 2.64692 16.8
      vertex 6.92858 1.12431 16.8
      vertex 7.43572 2.21187 16.8
    endloop
  endfacet
  facet normal 0 0 1
    outer loop
      vertex 6.6 2.64692 16.8
      vertex 6 1.60769 16.8
      vertex 6.92858 1.12431 16.8
    endloop
  endfacet
  facet normal 0 0 1
    outer loop
      vertex 5.80537 3.15316 16.8
      vertex 6 1.60769 16.8
      vertex 6.6 2.64692 16.8
    endloop
  endfacet
  facet normal 0 0 1
    outer loop
      vertex 5.80537 3.15316 16.8
      vertex 5.11708 2.17017 16.8
      vertex 6 1.60769 16.8
    endloop
  endfacet
  facet normal 0 0 1
    outer loop
      vertex 5.05789 3.72672 16.8
      vertex 5.11708 2.17017 16.8
      vertex 5.80537 3.15316 16.8
    endloop
  endfacet
  facet normal 0 0 1
    outer loop
      vertex 4.28655 2.80747 16.8
      vertex 5.05789 3.72672 16.8
      vertex 4.36325 4.36325 16.8
    endloop
  endfacet
  facet normal 0 0 1
    outer loop
      vertex 5.05789 3.72672 16.8
      vertex 4.28655 2.80747 16.8
      vertex 5.11708 2.17017 16.8
    endloop
  endfacet
  facet normal 0 0 1
    outer loop
      vertex 3.51472 3.51472 16.8
      vertex 4.36325 4.36325 16.8
      vertex 3.72672 5.05789 16.8
    endloop
  endfacet
  facet normal 0 0 1
    outer loop
      vertex 4.36325 4.36325 16.8
      vertex 3.51472 3.51472 16.8
      vertex 4.28655 2.80747 16.8
    endloop
  endfacet
  facet normal 0 0 1
    outer loop
      vertex 2.80747 4.28655 16.8
      vertex 3.72672 5.05789 16.8
      vertex 3.15316 5.80537 16.8
    endloop
  endfacet
  facet normal 0 0 1
    outer loop
      vertex 3.72672 5.05789 16.8
      vertex 2.80747 4.28655 16.8
      vertex 3.51472 3.51472 16.8
    endloop
  endfacet
  facet normal 0 0 1
    outer loop
      vertex 2.17017 5.11708 16.8
      vertex 3.15316 5.80537 16.8
      vertex 2.64692 6.6 16.8
    endloop
  endfacet
  facet normal 0 0 1
    outer loop
      vertex 1.60769 6 16.8
      vertex 2.64692 6.6 16.8
      vertex 2.21187 7.43572 16.8
    endloop
  endfacet
  facet normal 0 0 1
    outer loop
      vertex 3.15316 5.80537 16.8
      vertex 2.17017 5.11708 16.8
      vertex 2.80747 4.28655 16.8
    endloop
  endfacet
  facet normal 0 0 1
    outer loop
      vertex 1.12431 6.92858 16.8
      vertex 2.21187 7.43572 16.8
      vertex 1.85132 8.30618 16.8
    endloop
  endfacet
  facet normal 0 0 1
    outer loop
      vertex 2.64692 6.6 16.8
      vertex 1.60769 6 16.8
      vertex 2.17017 5.11708 16.8
    endloop
  endfacet
  facet normal 0 0 1
    outer loop
      vertex 0.723688 7.89576 16.8
      vertex 1.85132 8.30618 16.8
      vertex 1.568 9.20475 16.8
    endloop
  endfacet
  facet normal 0 0 1
    outer loop
      vertex 0.40889 8.89417 16.8
      vertex 1.568 9.20475 16.8
      vertex 1.36408 10.1246 16.8
    endloop
  endfacet
  facet normal 0 0 1
    outer loop
      vertex 0.182306 9.91622 16.8
      vertex 1.36408 10.1246 16.8
      vertex 1.2411 11.0587 16.8
    endloop
  endfacet
  facet normal 0 0 1
    outer loop
      vertex 2.21187 7.43572 16.8
      vertex 1.12431 6.92858 16.8
      vertex 1.60769 6 16.8
    endloop
  endfacet
  facet normal 0 0 1
    outer loop
      vertex 0.0456629 10.9541 16.8
      vertex 1.2411 11.0587 16.8
      vertex 1.2 12 16.8
    endloop
  endfacet
  facet normal 0 0 1
    outer loop
      vertex 1.2 117.5 16.8
      vertex 0 117.5 16.8
      vertex 1.2 12 16.8
    endloop
  endfacet
  facet normal 0 0 1
    outer loop
      vertex 1.36408 119.375 16.8
      vertex 0.182306 119.584 16.8
      vertex 1.2411 118.441 16.8
    endloop
  endfacet
  facet normal 0 0 1
    outer loop
      vertex 0 12 16.8
      vertex 1.2 12 16.8
      vertex 0 117.5 16.8
    endloop
  endfacet
  facet normal -0 0 1
    outer loop
      vertex 0.0456629 118.546 16.8
      vertex 1.2411 118.441 16.8
      vertex 0.182306 119.584 16.8
    endloop
  endfacet
  facet normal 0 -0 1
    outer loop
      vertex 0.0456629 10.9541 16.8
      vertex 1.2 12 16.8
      vertex 0 12 16.8
    endloop
  endfacet
  facet normal 0 0 1
    outer loop
      vertex 1.2411 118.441 16.8
      vertex 0.0456629 118.546 16.8
      vertex 1.2 117.5 16.8
    endloop
  endfacet
  facet normal 0 0 1
    outer loop
      vertex 1.85132 8.30618 16.8
      vertex 0.723688 7.89576 16.8
      vertex 1.12431 6.92858 16.8
    endloop
  endfacet
  facet normal 0 0 1
    outer loop
      vertex 1.2 117.5 16.8
      vertex 0.0456629 118.546 16.8
      vertex 0 117.5 16.8
    endloop
  endfacet
  facet normal 0 0 1
    outer loop
      vertex 1.568 9.20475 16.8
      vertex 0.40889 8.89417 16.8
      vertex 0.723688 7.89576 16.8
    endloop
  endfacet
  facet normal 0 0 1
    outer loop
      vertex 1.36408 10.1246 16.8
      vertex 0.182306 9.91622 16.8
      vertex 0.40889 8.89417 16.8
    endloop
  endfacet
  facet normal 0 0 1
    outer loop
      vertex 1.2411 11.0587 16.8
      vertex 0.0456629 10.9541 16.8
      vertex 0.182306 9.91622 16.8
    endloop
  endfacet
  facet normal 0.991443 0.130537 0
    outer loop
      vertex 2.54585 10.333 12.95
      vertex 2.43653 11.1633 2.2
      vertex 2.43653 11.1633 12.95
    endloop
  endfacet
  facet normal 0.991443 0.130537 0
    outer loop
      vertex 2.43653 11.1633 2.2
      vertex 2.54585 10.333 12.95
      vertex 2.54585 10.333 2.2
    endloop
  endfacet
  facet normal 0.608885 -0.793258 0
    outer loop
      vertex 5.82924 124.854 2.2
      vertex 6.49367 125.364 12.95
      vertex 5.82924 124.854 12.95
    endloop
  endfacet
  facet normal 0.608885 -0.793258 0
    outer loop
      vertex 6.49367 125.364 12.95
      vertex 5.82924 124.854 2.2
      vertex 6.49367 125.364 2.2
    endloop
  endfacet
  facet normal 0.999048 0.0436181 0
    outer loop
      vertex 2.43653 11.1633 12.95
      vertex 2.4 12 2.2
      vertex 2.4 12 12.95
    endloop
  endfacet
  facet normal 0.999048 0.0436181 0
    outer loop
      vertex 2.4 12 2.2
      vertex 2.43653 11.1633 12.95
      vertex 2.43653 11.1633 2.2
    endloop
  endfacet
  facet normal -0.537477 0.843279 0
    outer loop
      vertex 113.506 4.13614 2.2
      vertex 112.8 3.68616 12.95
      vertex 113.506 4.13614 12.95
    endloop
  endfacet
  facet normal -0.537477 0.843279 0
    outer loop
      vertex 112.8 3.68616 12.95
      vertex 113.506 4.13614 2.2
      vertex 112.8 3.68616 2.2
    endloop
  endfacet
  facet normal -0.976383 -0.216046 0
    outer loop
      vertex 117.454 119.167 2.2
      vertex 117.273 119.985 12.95
      vertex 117.273 119.985 2.2
    endloop
  endfacet
  facet normal -0.976383 -0.216046 0
    outer loop
      vertex 117.273 119.985 12.95
      vertex 117.454 119.167 2.2
      vertex 117.454 119.167 12.95
    endloop
  endfacet
  facet normal 0 1 -0
    outer loop
      vertex 108 2.4 2.2
      vertex 12 2.4 12.95
      vertex 108 2.4 12.95
    endloop
  endfacet
  facet normal 0 1 0
    outer loop
      vertex 12 2.4 12.95
      vertex 108 2.4 2.2
      vertex 12 2.4 2.2
    endloop
  endfacet
  facet normal 0.737025 -0.675865 0
    outer loop
      vertex 4.64597 123.671 12.95
      vertex 5.21177 124.288 2.2
      vertex 5.21177 124.288 12.95
    endloop
  endfacet
  facet normal 0.737025 -0.675865 0
    outer loop
      vertex 5.21177 124.288 2.2
      vertex 4.64597 123.671 12.95
      vertex 4.64597 123.671 2.2
    endloop
  endfacet
  facet normal -1 0 0
    outer loop
      vertex 117.6 96.928 2.2
      vertex 117.6 117.5 12.95
      vertex 117.6 117.5 2.2
    endloop
  endfacet
  facet normal -1 -0 0
    outer loop
      vertex 117.6 117.5 12.95
      vertex 117.6 96.928 2.2
      vertex 117.6 96.928 12.95
    endloop
  endfacet
  facet normal -1 0 0
    outer loop
      vertex 117.6 12 2.2
      vertex 117.6 47.072 12.95
      vertex 117.6 47.072 2.2
    endloop
  endfacet
  facet normal -1 -0 0
    outer loop
      vertex 117.6 47.072 12.95
      vertex 117.6 12 2.2
      vertex 117.6 12 12.95
    endloop
  endfacet
  facet normal -1 0 0
    outer loop
      vertex 117.6 95.072 2.2
      vertex 117.6 75.5 7
      vertex 117.6 95.072 12.95
    endloop
  endfacet
  facet normal -1 0 0
    outer loop
      vertex 117.6 48.928 2.2
      vertex 117.6 75.5 7
      vertex 117.6 95.072 2.2
    endloop
  endfacet
  facet normal -1 -0 0
    outer loop
      vertex 117.6 75.5 7
      vertex 117.6 48.928 2.2
      vertex 117.6 60.5 7
    endloop
  endfacet
  facet normal -1 0 0
    outer loop
      vertex 117.6 48.928 12.95
      vertex 117.6 60.5 7
      vertex 117.6 48.928 2.2
    endloop
  endfacet
  facet normal -1 0 0
    outer loop
      vertex 117.6 60.5 7
      vertex 117.6 48.928 12.95
      vertex 117.6 60.5 12.95
    endloop
  endfacet
  facet normal -1 -0 0
    outer loop
      vertex 117.6 95.072 12.95
      vertex 117.6 75.5 7
      vertex 117.6 75.5 12.95
    endloop
  endfacet
  facet normal 1 -0 0
    outer loop
      vertex 2.4 96.928 12.95
      vertex 2.4 117.5 2.2
      vertex 2.4 117.5 12.95
    endloop
  endfacet
  facet normal 1 0 0
    outer loop
      vertex 2.4 117.5 2.2
      vertex 2.4 96.928 12.95
      vertex 2.4 96.928 2.2
    endloop
  endfacet
  facet normal 1 -0 0
    outer loop
      vertex 2.4 12 12.95
      vertex 2.4 47.072 2.2
      vertex 2.4 47.072 12.95
    endloop
  endfacet
  facet normal 1 0 0
    outer loop
      vertex 2.4 47.072 2.2
      vertex 2.4 12 12.95
      vertex 2.4 12 2.2
    endloop
  endfacet
  facet normal 1 -0 0
    outer loop
      vertex 2.4 48.928 12.95
      vertex 2.4 95.072 2.2
      vertex 2.4 95.072 12.95
    endloop
  endfacet
  facet normal 1 0 0
    outer loop
      vertex 2.4 95.072 2.2
      vertex 2.4 48.928 12.95
      vertex 2.4 48.928 2.2
    endloop
  endfacet
  facet normal 0.793608 -0.608429 0
    outer loop
      vertex 4.13614 123.006 12.95
      vertex 4.64597 123.671 2.2
      vertex 4.64597 123.671 12.95
    endloop
  endfacet
  facet normal 0.793608 -0.608429 0
    outer loop
      vertex 4.64597 123.671 2.2
      vertex 4.13614 123.006 12.95
      vertex 4.13614 123.006 2.2
    endloop
  endfacet
  facet normal 0.0441782 -0.999024 0
    outer loop
      vertex 11.1633 127.063 2.2
      vertex 12 127.1 12.95
      vertex 11.1633 127.063 12.95
    endloop
  endfacet
  facet normal 0.0441782 -0.999024 0
    outer loop
      vertex 12 127.1 12.95
      vertex 11.1633 127.063 2.2
      vertex 12 127.1 2.2
    endloop
  endfacet
  facet normal 0.216131 -0.976364 0
    outer loop
      vertex 9.51534 126.773 2.2
      vertex 10.333 126.954 12.95
      vertex 9.51534 126.773 12.95
    endloop
  endfacet
  facet normal 0.216131 -0.976364 0
    outer loop
      vertex 10.333 126.954 12.95
      vertex 9.51534 126.773 2.2
      vertex 10.333 126.954 2.2
    endloop
  endfacet
  facet normal 0 0 1
    outer loop
      vertex 7.325 93.8362 2.2
      vertex 7.17836 93.7019 2.2
      vertex 7.325 54.5 2.2
    endloop
  endfacet
  facet normal 0 0 1
    outer loop
      vertex 103.1 113.9 2.2
      vertex 112.8 125.814 2.2
      vertex 112.057 126.201 2.2
    endloop
  endfacet
  facet normal 0 0 1
    outer loop
      vertex 112.8 125.814 2.2
      vertex 111.775 109 2.2
      vertex 112.675 109 2.2
    endloop
  endfacet
  facet normal 0 0 1
    outer loop
      vertex 103.1 113.9 2.2
      vertex 111.775 96.3646 2.2
      vertex 111.775 109 2.2
    endloop
  endfacet
  facet normal 0 0 1
    outer loop
      vertex 111.775 96.3646 2.2
      vertex 103.1 113.9 2.2
      vertex 111.761 96.2615 2.2
    endloop
  endfacet
  facet normal 0 0 1
    outer loop
      vertex 111.761 96.2615 2.2
      vertex 103.1 113.9 2.2
      vertex 111.75 96 2.2
    endloop
  endfacet
  facet normal 0 0 1
    outer loop
      vertex 112.8 125.814 2.2
      vertex 103.1 113.9 2.2
      vertex 111.775 109 2.2
    endloop
  endfacet
  facet normal 0 0 1
    outer loop
      vertex 103.1 113.9 2.2
      vertex 112.057 126.201 2.2
      vertex 111.283 126.521 2.2
    endloop
  endfacet
  facet normal 0 0 1
    outer loop
      vertex 117.6 117.5 2.2
      vertex 117.569 97.0261 2.2
      vertex 117.6 96.928 2.2
    endloop
  endfacet
  facet normal 0 0 1
    outer loop
      vertex 112.675 109 2.2
      vertex 117.6 117.5 2.2
      vertex 117.563 118.337 2.2
    endloop
  endfacet
  facet normal 0 0 1
    outer loop
      vertex 117.6 117.5 2.2
      vertex 117.469 97.2679 2.2
      vertex 117.569 97.0261 2.2
    endloop
  endfacet
  facet normal 0 0 1
    outer loop
      vertex 112.675 109 2.2
      vertex 117.563 118.337 2.2
      vertex 117.454 119.167 2.2
    endloop
  endfacet
  facet normal 0 0 1
    outer loop
      vertex 117.6 117.5 2.2
      vertex 117.348 97.5 2.2
      vertex 117.469 97.2679 2.2
    endloop
  endfacet
  facet normal 0 0 1
    outer loop
      vertex 112.675 109 2.2
      vertex 117.454 119.167 2.2
      vertex 117.273 119.985 2.2
    endloop
  endfacet
  facet normal 0 0 1
    outer loop
      vertex 117.6 117.5 2.2
      vertex 117.207 97.7207 2.2
      vertex 117.348 97.5 2.2
    endloop
  endfacet
  facet normal 0 0 1
    outer loop
      vertex 117.6 117.5 2.2
      vertex 117.048 97.9284 2.2
      vertex 117.207 97.7207 2.2
    endloop
  endfacet
  facet normal 0 0 1
    outer loop
      vertex 112.675 109 2.2
      vertex 117.273 119.985 2.2
      vertex 117.021 120.783 2.2
    endloop
  endfacet
  facet normal 0 -0 1
    outer loop
      vertex 116.678 98.2981 2.2
      vertex 117.6 117.5 2.2
      vertex 112.675 109 2.2
    endloop
  endfacet
  facet normal 0 0 1
    outer loop
      vertex 112.675 109 2.2
      vertex 117.021 120.783 2.2
      vertex 116.701 121.557 2.2
    endloop
  endfacet
  facet normal 0 0 1
    outer loop
      vertex 117.6 117.5 2.2
      vertex 116.871 98.1213 2.2
      vertex 117.048 97.9284 2.2
    endloop
  endfacet
  facet normal 0 0 1
    outer loop
      vertex 117.6 117.5 2.2
      vertex 116.678 98.2981 2.2
      vertex 116.871 98.1213 2.2
    endloop
  endfacet
  facet normal 0 0 1
    outer loop
      vertex 112.675 109 2.2
      vertex 116.701 121.557 2.2
      vertex 116.314 122.3 2.2
    endloop
  endfacet
  facet normal 0 0 1
    outer loop
      vertex 116.678 98.2981 2.2
      vertex 112.675 109 2.2
      vertex 116.471 98.4575 2.2
    endloop
  endfacet
  facet normal 0 0 1
    outer loop
      vertex 116.471 98.4575 2.2
      vertex 112.675 109 2.2
      vertex 116.25 98.5981 2.2
    endloop
  endfacet
  facet normal 0 0 1
    outer loop
      vertex 112.675 109 2.2
      vertex 116.314 122.3 2.2
      vertex 115.864 123.006 2.2
    endloop
  endfacet
  facet normal 0 0 1
    outer loop
      vertex 116.25 98.5981 2.2
      vertex 112.675 109 2.2
      vertex 116.018 98.7189 2.2
    endloop
  endfacet
  facet normal 0 0 1
    outer loop
      vertex 116.018 98.7189 2.2
      vertex 112.675 109 2.2
      vertex 115.776 98.8191 2.2
    endloop
  endfacet
  facet normal 0 0 1
    outer loop
      vertex 112.675 109 2.2
      vertex 115.864 123.006 2.2
      vertex 115.354 123.671 2.2
    endloop
  endfacet
  facet normal 0 0 1
    outer loop
      vertex 115.776 98.8191 2.2
      vertex 112.675 109 2.2
      vertex 115.526 98.8978 2.2
    endloop
  endfacet
  facet normal 0 0 1
    outer loop
      vertex 115.526 98.8978 2.2
      vertex 112.675 109 2.2
      vertex 115.271 98.9544 2.2
    endloop
  endfacet
  facet normal 0 0 1
    outer loop
      vertex 112.675 109 2.2
      vertex 115.354 123.671 2.2
      vertex 114.788 124.288 2.2
    endloop
  endfacet
  facet normal 0 0 1
    outer loop
      vertex 115.271 98.9544 2.2
      vertex 112.675 109 2.2
      vertex 115.011 98.9886 2.2
    endloop
  endfacet
  facet normal 0 0 1
    outer loop
      vertex 115.011 98.9886 2.2
      vertex 112.675 109 2.2
      vertex 114.75 99 2.2
    endloop
  endfacet
  facet normal 0 0 1
    outer loop
      vertex 114.75 99 2.2
      vertex 112.675 109 2.2
      vertex 114.489 98.9886 2.2
    endloop
  endfacet
  facet normal 0 0 1
    outer loop
      vertex 112.675 109 2.2
      vertex 114.788 124.288 2.2
      vertex 114.171 124.854 2.2
    endloop
  endfacet
  facet normal 0 0 1
    outer loop
      vertex 114.489 98.9886 2.2
      vertex 112.675 109 2.2
      vertex 114.229 98.9544 2.2
    endloop
  endfacet
  facet normal 0 0 1
    outer loop
      vertex 114.229 98.9544 2.2
      vertex 112.675 109 2.2
      vertex 113.974 98.8978 2.2
    endloop
  endfacet
  facet normal 0 0 1
    outer loop
      vertex 112.675 109 2.2
      vertex 114.171 124.854 2.2
      vertex 113.506 125.364 2.2
    endloop
  endfacet
  facet normal 0 0 1
    outer loop
      vertex 113.974 98.8978 2.2
      vertex 112.675 109 2.2
      vertex 113.724 98.8191 2.2
    endloop
  endfacet
  facet normal 0 0 1
    outer loop
      vertex 113.724 98.8191 2.2
      vertex 112.675 109 2.2
      vertex 113.482 98.7189 2.2
    endloop
  endfacet
  facet normal 0 0 1
    outer loop
      vertex 113.482 98.7189 2.2
      vertex 112.675 109 2.2
      vertex 113.25 98.5981 2.2
    endloop
  endfacet
  facet normal 0 0 1
    outer loop
      vertex 113.25 98.5981 2.2
      vertex 112.675 109 2.2
      vertex 113.029 98.4575 2.2
    endloop
  endfacet
  facet normal 0 0 1
    outer loop
      vertex 112.675 109 2.2
      vertex 113.506 125.364 2.2
      vertex 112.8 125.814 2.2
    endloop
  endfacet
  facet normal 0 0 1
    outer loop
      vertex 113.029 98.4575 2.2
      vertex 112.675 109 2.2
      vertex 112.822 98.2981 2.2
    endloop
  endfacet
  facet normal 0 0 1
    outer loop
      vertex 112.822 98.2981 2.2
      vertex 112.675 109 2.2
      vertex 112.675 98.1638 2.2
    endloop
  endfacet
  facet normal 0 0 1
    outer loop
      vertex 111.775 95.6354 2.2
      vertex 111.761 95.7385 2.2
      vertex 111.775 54.5 2.2
    endloop
  endfacet
  facet normal -0 0 1
    outer loop
      vertex 117.569 94.9739 2.2
      vertex 117.6 48.928 2.2
      vertex 117.6 95.072 2.2
    endloop
  endfacet
  facet normal 0 0 1
    outer loop
      vertex 117.569 94.9739 2.2
      vertex 117.569 49.0261 2.2
      vertex 117.6 48.928 2.2
    endloop
  endfacet
  facet normal -0 0 1
    outer loop
      vertex 117.469 94.7321 2.2
      vertex 117.569 49.0261 2.2
      vertex 117.569 94.9739 2.2
    endloop
  endfacet
  facet normal 0 0 1
    outer loop
      vertex 117.469 94.7321 2.2
      vertex 117.469 49.2679 2.2
      vertex 117.569 49.0261 2.2
    endloop
  endfacet
  facet normal -0 0 1
    outer loop
      vertex 117.348 94.5 2.2
      vertex 117.469 49.2679 2.2
      vertex 117.469 94.7321 2.2
    endloop
  endfacet
  facet normal 0 0 1
    outer loop
      vertex 117.348 94.5 2.2
      vertex 117.348 49.5 2.2
      vertex 117.469 49.2679 2.2
    endloop
  endfacet
  facet normal -0 0 1
    outer loop
      vertex 117.207 94.2793 2.2
      vertex 117.348 49.5 2.2
      vertex 117.348 94.5 2.2
    endloop
  endfacet
  facet normal 0 0 1
    outer loop
      vertex 117.207 94.2793 2.2
      vertex 117.207 49.7207 2.2
      vertex 117.348 49.5 2.2
    endloop
  endfacet
  facet normal -0 0 1
    outer loop
      vertex 117.048 94.0716 2.2
      vertex 117.207 49.7207 2.2
      vertex 117.207 94.2793 2.2
    endloop
  endfacet
  facet normal 0 0 1
    outer loop
      vertex 117.048 94.0716 2.2
      vertex 117.048 49.9284 2.2
      vertex 117.207 49.7207 2.2
    endloop
  endfacet
  facet normal -0 0 1
    outer loop
      vertex 116.871 93.8787 2.2
      vertex 117.048 49.9284 2.2
      vertex 117.048 94.0716 2.2
    endloop
  endfacet
  facet normal 0 0 1
    outer loop
      vertex 116.871 93.8787 2.2
      vertex 116.871 50.1213 2.2
      vertex 117.048 49.9284 2.2
    endloop
  endfacet
  facet normal -0 0 1
    outer loop
      vertex 116.678 93.7019 2.2
      vertex 116.871 50.1213 2.2
      vertex 116.871 93.8787 2.2
    endloop
  endfacet
  facet normal 0 0 1
    outer loop
      vertex 116.678 93.7019 2.2
      vertex 116.678 50.2981 2.2
      vertex 116.871 50.1213 2.2
    endloop
  endfacet
  facet normal 0 0 1
    outer loop
      vertex 112.675 54.5 2.2
      vertex 116.678 93.7019 2.2
      vertex 116.471 93.5425 2.2
    endloop
  endfacet
  facet normal 0 0 1
    outer loop
      vertex 116.678 93.7019 2.2
      vertex 112.675 54.5 2.2
      vertex 116.678 50.2981 2.2
    endloop
  endfacet
  facet normal 0 0 1
    outer loop
      vertex 112.675 54.5 2.2
      vertex 116.471 93.5425 2.2
      vertex 116.25 93.4019 2.2
    endloop
  endfacet
  facet normal 0 0 1
    outer loop
      vertex 116.678 50.2981 2.2
      vertex 112.675 54.5 2.2
      vertex 116.471 50.4575 2.2
    endloop
  endfacet
  facet normal 0 0 1
    outer loop
      vertex 112.675 54.5 2.2
      vertex 116.25 93.4019 2.2
      vertex 116.018 93.2811 2.2
    endloop
  endfacet
  facet normal 0 0 1
    outer loop
      vertex 116.471 50.4575 2.2
      vertex 112.675 54.5 2.2
      vertex 116.25 50.5981 2.2
    endloop
  endfacet
  facet normal 0 0 1
    outer loop
      vertex 112.675 54.5 2.2
      vertex 116.018 93.2811 2.2
      vertex 115.776 93.1809 2.2
    endloop
  endfacet
  facet normal 0 0 1
    outer loop
      vertex 116.25 50.5981 2.2
      vertex 112.675 54.5 2.2
      vertex 116.018 50.7189 2.2
    endloop
  endfacet
  facet normal 0 0 1
    outer loop
      vertex 112.675 54.5 2.2
      vertex 115.776 93.1809 2.2
      vertex 115.526 93.1022 2.2
    endloop
  endfacet
  facet normal 0 0 1
    outer loop
      vertex 116.018 50.7189 2.2
      vertex 112.675 54.5 2.2
      vertex 115.776 50.8191 2.2
    endloop
  endfacet
  facet normal 0 0 1
    outer loop
      vertex 112.675 54.5 2.2
      vertex 115.526 93.1022 2.2
      vertex 115.271 93.0456 2.2
    endloop
  endfacet
  facet normal 0 0 1
    outer loop
      vertex 115.776 50.8191 2.2
      vertex 112.675 54.5 2.2
      vertex 115.526 50.8978 2.2
    endloop
  endfacet
  facet normal 0 0 1
    outer loop
      vertex 112.675 54.5 2.2
      vertex 115.271 93.0456 2.2
      vertex 115.011 93.0114 2.2
    endloop
  endfacet
  facet normal 0 0 1
    outer loop
      vertex 115.526 50.8978 2.2
      vertex 112.675 54.5 2.2
      vertex 115.271 50.9544 2.2
    endloop
  endfacet
  facet normal 0 0 1
    outer loop
      vertex 112.675 54.5 2.2
      vertex 115.011 93.0114 2.2
      vertex 114.75 93 2.2
    endloop
  endfacet
  facet normal 0 0 1
    outer loop
      vertex 115.271 50.9544 2.2
      vertex 112.675 54.5 2.2
      vertex 115.011 50.9886 2.2
    endloop
  endfacet
  facet normal 0 0 1
    outer loop
      vertex 112.675 54.5 2.2
      vertex 114.75 93 2.2
      vertex 114.489 93.0114 2.2
    endloop
  endfacet
  facet normal 0 0 1
    outer loop
      vertex 115.011 50.9886 2.2
      vertex 112.675 54.5 2.2
      vertex 114.75 51 2.2
    endloop
  endfacet
  facet normal 0 0 1
    outer loop
      vertex 112.675 54.5 2.2
      vertex 114.489 93.0114 2.2
      vertex 114.229 93.0456 2.2
    endloop
  endfacet
  facet normal 0 0 1
    outer loop
      vertex 114.75 51 2.2
      vertex 112.675 54.5 2.2
      vertex 114.489 50.9886 2.2
    endloop
  endfacet
  facet normal 0 0 1
    outer loop
      vertex 112.675 54.5 2.2
      vertex 114.229 93.0456 2.2
      vertex 113.974 93.1022 2.2
    endloop
  endfacet
  facet normal 0 0 1
    outer loop
      vertex 114.489 50.9886 2.2
      vertex 112.675 54.5 2.2
      vertex 114.229 50.9544 2.2
    endloop
  endfacet
  facet normal 0 0 1
    outer loop
      vertex 112.675 54.5 2.2
      vertex 113.974 93.1022 2.2
      vertex 113.724 93.1809 2.2
    endloop
  endfacet
  facet normal 0 0 1
    outer loop
      vertex 114.229 50.9544 2.2
      vertex 112.675 54.5 2.2
      vertex 113.974 50.8978 2.2
    endloop
  endfacet
  facet normal 0 0 1
    outer loop
      vertex 112.675 54.5 2.2
      vertex 113.724 93.1809 2.2
      vertex 113.482 93.2811 2.2
    endloop
  endfacet
  facet normal 0 0 1
    outer loop
      vertex 113.974 50.8978 2.2
      vertex 112.675 54.5 2.2
      vertex 113.724 50.8191 2.2
    endloop
  endfacet
  facet normal 0 0 1
    outer loop
      vertex 112.675 54.5 2.2
      vertex 113.482 93.2811 2.2
      vertex 113.25 93.4019 2.2
    endloop
  endfacet
  facet normal 0 0 1
    outer loop
      vertex 113.724 50.8191 2.2
      vertex 112.675 54.5 2.2
      vertex 113.482 50.7189 2.2
    endloop
  endfacet
  facet normal 0 0 1
    outer loop
      vertex 112.675 54.5 2.2
      vertex 113.25 93.4019 2.2
      vertex 113.029 93.5425 2.2
    endloop
  endfacet
  facet normal 0 0 1
    outer loop
      vertex 113.482 50.7189 2.2
      vertex 112.675 54.5 2.2
      vertex 113.25 50.5981 2.2
    endloop
  endfacet
  facet normal 0 0 1
    outer loop
      vertex 112.675 54.5 2.2
      vertex 113.029 93.5425 2.2
      vertex 112.822 93.7019 2.2
    endloop
  endfacet
  facet normal -0 0 1
    outer loop
      vertex 111.775 54.5 2.2
      vertex 113.25 50.5981 2.2
      vertex 112.675 54.5 2.2
    endloop
  endfacet
  facet normal 0 0 1
    outer loop
      vertex 112.675 54.5 2.2
      vertex 112.822 93.7019 2.2
      vertex 112.675 93.8362 2.2
    endloop
  endfacet
  facet normal 0 0 1
    outer loop
      vertex 113.25 50.5981 2.2
      vertex 111.775 54.5 2.2
      vertex 113.029 50.4575 2.2
    endloop
  endfacet
  facet normal 0 0 1
    outer loop
      vertex 113.029 50.4575 2.2
      vertex 111.775 54.5 2.2
      vertex 112.822 50.2981 2.2
    endloop
  endfacet
  facet normal 0 0 1
    outer loop
      vertex 112.822 50.2981 2.2
      vertex 111.775 54.5 2.2
      vertex 112.629 50.1213 2.2
    endloop
  endfacet
  facet normal 0 0 1
    outer loop
      vertex 112.629 50.1213 2.2
      vertex 111.775 54.5 2.2
      vertex 112.452 49.9284 2.2
    endloop
  endfacet
  facet normal 0 0 1
    outer loop
      vertex 112.452 49.9284 2.2
      vertex 111.775 54.5 2.2
      vertex 112.293 49.7207 2.2
    endloop
  endfacet
  facet normal 0 0 1
    outer loop
      vertex 112.293 49.7207 2.2
      vertex 111.775 54.5 2.2
      vertex 112.152 49.5 2.2
    endloop
  endfacet
  facet normal 0 0 1
    outer loop
      vertex 112.152 49.5 2.2
      vertex 111.775 54.5 2.2
      vertex 112.031 49.2679 2.2
    endloop
  endfacet
  facet normal 0 0 1
    outer loop
      vertex 112.031 49.2679 2.2
      vertex 111.775 54.5 2.2
      vertex 111.931 49.0261 2.2
    endloop
  endfacet
  facet normal 0 0 1
    outer loop
      vertex 111.931 49.0261 2.2
      vertex 111.775 54.5 2.2
      vertex 111.852 48.7765 2.2
    endloop
  endfacet
  facet normal 0 0 1
    outer loop
      vertex 111.852 48.7765 2.2
      vertex 111.775 54.5 2.2
      vertex 111.796 48.5209 2.2
    endloop
  endfacet
  facet normal 0 0 1
    outer loop
      vertex 111.775 54.5 2.2
      vertex 111.761 48.2615 2.2
      vertex 111.796 48.5209 2.2
    endloop
  endfacet
  facet normal 0 0 1
    outer loop
      vertex 111.75 96 2.2
      vertex 111.775 54.5 2.2
      vertex 111.761 95.7385 2.2
    endloop
  endfacet
  facet normal 0 0 1
    outer loop
      vertex 111.75 48 2.2
      vertex 111.775 54.5 2.2
      vertex 111.75 96 2.2
    endloop
  endfacet
  facet normal 0 0 1
    outer loop
      vertex 111.775 54.5 2.2
      vertex 111.75 48 2.2
      vertex 111.761 48.2615 2.2
    endloop
  endfacet
  facet normal -0 0 1
    outer loop
      vertex 117.569 46.9739 2.2
      vertex 117.6 12 2.2
      vertex 117.6 47.072 2.2
    endloop
  endfacet
  facet normal -0 0 1
    outer loop
      vertex 117.469 46.7321 2.2
      vertex 117.6 12 2.2
      vertex 117.569 46.9739 2.2
    endloop
  endfacet
  facet normal -0 0 1
    outer loop
      vertex 117.348 46.5 2.2
      vertex 117.6 12 2.2
      vertex 117.469 46.7321 2.2
    endloop
  endfacet
  facet normal -0 0 1
    outer loop
      vertex 117.207 46.2793 2.2
      vertex 117.6 12 2.2
      vertex 117.348 46.5 2.2
    endloop
  endfacet
  facet normal -0 0 1
    outer loop
      vertex 117.048 46.0716 2.2
      vertex 117.6 12 2.2
      vertex 117.207 46.2793 2.2
    endloop
  endfacet
  facet normal -0 0 1
    outer loop
      vertex 116.871 45.8787 2.2
      vertex 117.6 12 2.2
      vertex 117.048 46.0716 2.2
    endloop
  endfacet
  facet normal -0 0 1
    outer loop
      vertex 116.678 45.7019 2.2
      vertex 117.6 12 2.2
      vertex 116.871 45.8787 2.2
    endloop
  endfacet
  facet normal -0 0 1
    outer loop
      vertex 116.471 45.5425 2.2
      vertex 117.6 12 2.2
      vertex 116.678 45.7019 2.2
    endloop
  endfacet
  facet normal -0 0 1
    outer loop
      vertex 116.25 45.4019 2.2
      vertex 117.6 12 2.2
      vertex 116.471 45.5425 2.2
    endloop
  endfacet
  facet normal -0 0 1
    outer loop
      vertex 116.018 45.2811 2.2
      vertex 117.6 12 2.2
      vertex 116.25 45.4019 2.2
    endloop
  endfacet
  facet normal -0 0 1
    outer loop
      vertex 115.776 45.1809 2.2
      vertex 117.6 12 2.2
      vertex 116.018 45.2811 2.2
    endloop
  endfacet
  facet normal -0 0 1
    outer loop
      vertex 115.526 45.1022 2.2
      vertex 117.6 12 2.2
      vertex 115.776 45.1809 2.2
    endloop
  endfacet
  facet normal -0 0 1
    outer loop
      vertex 115.271 45.0456 2.2
      vertex 117.6 12 2.2
      vertex 115.526 45.1022 2.2
    endloop
  endfacet
  facet normal -0 0 1
    outer loop
      vertex 115.011 45.0114 2.2
      vertex 117.6 12 2.2
      vertex 115.271 45.0456 2.2
    endloop
  endfacet
  facet normal -0 0 1
    outer loop
      vertex 114.75 45 2.2
      vertex 117.6 12 2.2
      vertex 115.011 45.0114 2.2
    endloop
  endfacet
  facet normal 0 0 1
    outer loop
      vertex 114.489 45.0114 2.2
      vertex 117.6 12 2.2
      vertex 114.75 45 2.2
    endloop
  endfacet
  facet normal 0 0 1
    outer loop
      vertex 114.229 45.0456 2.2
      vertex 117.6 12 2.2
      vertex 114.489 45.0114 2.2
    endloop
  endfacet
  facet normal 0 0 1
    outer loop
      vertex 113.974 45.1022 2.2
      vertex 117.6 12 2.2
      vertex 114.229 45.0456 2.2
    endloop
  endfacet
  facet normal -0 0 1
    outer loop
      vertex 96.5 41.325 2.2
      vertex 117.6 12 2.2
      vertex 113.974 45.1022 2.2
    endloop
  endfacet
  facet normal 0 -0 1
    outer loop
      vertex 108 2.4 2.2
      vertex 117.6 12 2.2
      vertex 96.5 41.325 2.2
    endloop
  endfacet
  facet normal 0 0 1
    outer loop
      vertex 117.6 12 2.2
      vertex 108 2.4 2.2
      vertex 117.563 11.1633 2.2
    endloop
  endfacet
  facet normal 0 0 1
    outer loop
      vertex 117.563 11.1633 2.2
      vertex 108 2.4 2.2
      vertex 117.454 10.333 2.2
    endloop
  endfacet
  facet normal 0 0 1
    outer loop
      vertex 117.454 10.333 2.2
      vertex 108 2.4 2.2
      vertex 117.273 9.51534 2.2
    endloop
  endfacet
  facet normal 0 0 1
    outer loop
      vertex 117.273 9.51534 2.2
      vertex 108 2.4 2.2
      vertex 117.021 8.71661 2.2
    endloop
  endfacet
  facet normal 0 0 1
    outer loop
      vertex 117.021 8.71661 2.2
      vertex 108 2.4 2.2
      vertex 116.701 7.94286 2.2
    endloop
  endfacet
  facet normal 0 0 1
    outer loop
      vertex 116.701 7.94286 2.2
      vertex 108 2.4 2.2
      vertex 116.314 7.2 2.2
    endloop
  endfacet
  facet normal 0 0 1
    outer loop
      vertex 116.314 7.2 2.2
      vertex 108 2.4 2.2
      vertex 115.864 6.49367 2.2
    endloop
  endfacet
  facet normal 0 0 1
    outer loop
      vertex 115.864 6.49367 2.2
      vertex 108 2.4 2.2
      vertex 115.354 5.82924 2.2
    endloop
  endfacet
  facet normal 0 0 1
    outer loop
      vertex 96.5 41.325 2.2
      vertex 113.974 45.1022 2.2
      vertex 113.724 45.1809 2.2
    endloop
  endfacet
  facet normal 0 0 1
    outer loop
      vertex 115.354 5.82924 2.2
      vertex 108 2.4 2.2
      vertex 114.788 5.21177 2.2
    endloop
  endfacet
  facet normal 0 0 1
    outer loop
      vertex 96.5 41.325 2.2
      vertex 113.724 45.1809 2.2
      vertex 113.482 45.2811 2.2
    endloop
  endfacet
  facet normal 0 0 1
    outer loop
      vertex 96.5 41.325 2.2
      vertex 113.482 45.2811 2.2
      vertex 113.25 45.4019 2.2
    endloop
  endfacet
  facet normal 0 0 1
    outer loop
      vertex 96.5 41.325 2.2
      vertex 113.25 45.4019 2.2
      vertex 113.029 45.5425 2.2
    endloop
  endfacet
  facet normal 0 0 1
    outer loop
      vertex 96.5 41.325 2.2
      vertex 113.029 45.5425 2.2
      vertex 112.822 45.7019 2.2
    endloop
  endfacet
  facet normal 0 0 1
    outer loop
      vertex 114.788 5.21177 2.2
      vertex 108 2.4 2.2
      vertex 114.171 4.64597 2.2
    endloop
  endfacet
  facet normal 0 0 1
    outer loop
      vertex 96.5 41.325 2.2
      vertex 112.822 45.7019 2.2
      vertex 112.629 45.8787 2.2
    endloop
  endfacet
  facet normal 0 0 1
    outer loop
      vertex 96.5 41.325 2.2
      vertex 112.629 45.8787 2.2
      vertex 112.452 46.0716 2.2
    endloop
  endfacet
  facet normal 0 0 1
    outer loop
      vertex 96.5 41.325 2.2
      vertex 112.452 46.0716 2.2
      vertex 112.293 46.2793 2.2
    endloop
  endfacet
  facet normal 0 0 1
    outer loop
      vertex 96.5 41.325 2.2
      vertex 112.293 46.2793 2.2
      vertex 112.152 46.5 2.2
    endloop
  endfacet
  facet normal 0 0 1
    outer loop
      vertex 114.171 4.64597 2.2
      vertex 108 2.4 2.2
      vertex 113.506 4.13614 2.2
    endloop
  endfacet
  facet normal 0 0 1
    outer loop
      vertex 102.179 50.5844 2.2
      vertex 112.152 46.5 2.2
      vertex 112.031 46.7321 2.2
    endloop
  endfacet
  facet normal 0 0 1
    outer loop
      vertex 102.292 50.6312 2.2
      vertex 112.031 46.7321 2.2
      vertex 111.931 46.9739 2.2
    endloop
  endfacet
  facet normal 0 0 1
    outer loop
      vertex 102.4 50.6876 2.2
      vertex 111.931 46.9739 2.2
      vertex 111.852 47.2235 2.2
    endloop
  endfacet
  facet normal 0 0 1
    outer loop
      vertex 102.503 50.7532 2.2
      vertex 111.852 47.2235 2.2
      vertex 111.796 47.4791 2.2
    endloop
  endfacet
  facet normal 0 0 1
    outer loop
      vertex 102.69 50.91 2.2
      vertex 111.796 47.4791 2.2
      vertex 111.761 47.7385 2.2
    endloop
  endfacet
  facet normal 0 0 1
    outer loop
      vertex 102.772 51.0001 2.2
      vertex 111.761 47.7385 2.2
      vertex 111.75 48 2.2
    endloop
  endfacet
  facet normal 0 0 1
    outer loop
      vertex 113.506 4.13614 2.2
      vertex 108 2.4 2.2
      vertex 112.8 3.68616 2.2
    endloop
  endfacet
  facet normal 0 0 1
    outer loop
      vertex 103.1 51.9 2.2
      vertex 111.75 96 2.2
      vertex 103.1 113.9 2.2
    endloop
  endfacet
  facet normal 0 0 1
    outer loop
      vertex 102.772 114.8 2.2
      vertex 111.283 126.521 2.2
      vertex 110.485 126.773 2.2
    endloop
  endfacet
  facet normal -0 0 1
    outer loop
      vertex 103.095 51.778 2.2
      vertex 111.75 48 2.2
      vertex 103.1 51.9 2.2
    endloop
  endfacet
  facet normal 0 0 1
    outer loop
      vertex 102.772 114.8 2.2
      vertex 110.485 126.773 2.2
      vertex 109.667 126.954 2.2
    endloop
  endfacet
  facet normal -0 0 1
    outer loop
      vertex 103.079 51.6569 2.2
      vertex 111.75 48 2.2
      vertex 103.095 51.778 2.2
    endloop
  endfacet
  facet normal 0 0 1
    outer loop
      vertex 102.772 114.8 2.2
      vertex 109.667 126.954 2.2
      vertex 108.837 127.063 2.2
    endloop
  endfacet
  facet normal -0 0 1
    outer loop
      vertex 103.052 51.5377 2.2
      vertex 111.75 48 2.2
      vertex 103.079 51.6569 2.2
    endloop
  endfacet
  facet normal 0 0 1
    outer loop
      vertex 102.772 114.8 2.2
      vertex 108.837 127.063 2.2
      vertex 108 127.1 2.2
    endloop
  endfacet
  facet normal -0 0 1
    outer loop
      vertex 103.016 51.4212 2.2
      vertex 111.75 48 2.2
      vertex 103.052 51.5377 2.2
    endloop
  endfacet
  facet normal 0 0 1
    outer loop
      vertex 111.75 96 2.2
      vertex 103.1 51.9 2.2
      vertex 111.75 48 2.2
    endloop
  endfacet
  facet normal 0 0 1
    outer loop
      vertex 111.283 126.521 2.2
      vertex 103.095 114.022 2.2
      vertex 103.1 113.9 2.2
    endloop
  endfacet
  facet normal 0 0 1
    outer loop
      vertex 111.283 126.521 2.2
      vertex 103.079 114.143 2.2
      vertex 103.095 114.022 2.2
    endloop
  endfacet
  facet normal 0 0 1
    outer loop
      vertex 111.283 126.521 2.2
      vertex 103.052 114.262 2.2
      vertex 103.079 114.143 2.2
    endloop
  endfacet
  facet normal 0 0 1
    outer loop
      vertex 111.283 126.521 2.2
      vertex 103.016 114.379 2.2
      vertex 103.052 114.262 2.2
    endloop
  endfacet
  facet normal 0 0 1
    outer loop
      vertex 111.283 126.521 2.2
      vertex 102.969 114.492 2.2
      vertex 103.016 114.379 2.2
    endloop
  endfacet
  facet normal 0 0 1
    outer loop
      vertex 111.283 126.521 2.2
      vertex 102.912 114.6 2.2
      vertex 102.969 114.492 2.2
    endloop
  endfacet
  facet normal 0 0 1
    outer loop
      vertex 111.283 126.521 2.2
      vertex 102.847 114.703 2.2
      vertex 102.912 114.6 2.2
    endloop
  endfacet
  facet normal 0 0 1
    outer loop
      vertex 111.283 126.521 2.2
      vertex 102.772 114.8 2.2
      vertex 102.847 114.703 2.2
    endloop
  endfacet
  facet normal 0 0 1
    outer loop
      vertex 108 127.1 2.2
      vertex 102.69 114.89 2.2
      vertex 102.772 114.8 2.2
    endloop
  endfacet
  facet normal 0 0 1
    outer loop
      vertex 108 127.1 2.2
      vertex 102.6 114.972 2.2
      vertex 102.69 114.89 2.2
    endloop
  endfacet
  facet normal 0 0 1
    outer loop
      vertex 108 127.1 2.2
      vertex 102.503 115.047 2.2
      vertex 102.6 114.972 2.2
    endloop
  endfacet
  facet normal 0 0 1
    outer loop
      vertex 108 127.1 2.2
      vertex 102.4 115.112 2.2
      vertex 102.503 115.047 2.2
    endloop
  endfacet
  facet normal 0 0 1
    outer loop
      vertex 108 127.1 2.2
      vertex 102.292 115.169 2.2
      vertex 102.4 115.112 2.2
    endloop
  endfacet
  facet normal 0 0 1
    outer loop
      vertex 108 127.1 2.2
      vertex 102.179 115.216 2.2
      vertex 102.292 115.169 2.2
    endloop
  endfacet
  facet normal 0 0 1
    outer loop
      vertex 108 127.1 2.2
      vertex 102.062 115.252 2.2
      vertex 102.179 115.216 2.2
    endloop
  endfacet
  facet normal 0 0 1
    outer loop
      vertex 108 127.1 2.2
      vertex 101.943 115.279 2.2
      vertex 102.062 115.252 2.2
    endloop
  endfacet
  facet normal -0 0 1
    outer loop
      vertex 96.5 122.175 2.2
      vertex 101.943 115.279 2.2
      vertex 108 127.1 2.2
    endloop
  endfacet
  facet normal -0 0 1
    outer loop
      vertex 96.5 121.275 2.2
      vertex 101.943 115.279 2.2
      vertex 96.5 122.175 2.2
    endloop
  endfacet
  facet normal 0 0 1
    outer loop
      vertex 101.943 115.279 2.2
      vertex 96.5 121.275 2.2
      vertex 101.822 115.295 2.2
    endloop
  endfacet
  facet normal 0 0 1
    outer loop
      vertex 108 127.1 2.2
      vertex 23.5 122.175 2.2
      vertex 96.5 122.175 2.2
    endloop
  endfacet
  facet normal 0 0 1
    outer loop
      vertex 18.0569 115.279 2.2
      vertex 23.5 121.275 2.2
      vertex 23.5 122.175 2.2
    endloop
  endfacet
  facet normal 0 0 1
    outer loop
      vertex 23.5 121.275 2.2
      vertex 18.178 115.295 2.2
      vertex 18.3 115.3 2.2
    endloop
  endfacet
  facet normal 0 0 1
    outer loop
      vertex 23.5 121.275 2.2
      vertex 18.0569 115.279 2.2
      vertex 18.178 115.295 2.2
    endloop
  endfacet
  facet normal 0 0 1
    outer loop
      vertex 12 127.1 2.2
      vertex 18.0569 115.279 2.2
      vertex 23.5 122.175 2.2
    endloop
  endfacet
  facet normal 0 0 1
    outer loop
      vertex 18.0569 115.279 2.2
      vertex 12 127.1 2.2
      vertex 17.9377 115.252 2.2
    endloop
  endfacet
  facet normal 0 0 1
    outer loop
      vertex 17.9377 115.252 2.2
      vertex 12 127.1 2.2
      vertex 17.8212 115.216 2.2
    endloop
  endfacet
  facet normal 0 0 1
    outer loop
      vertex 17.8212 115.216 2.2
      vertex 12 127.1 2.2
      vertex 17.7083 115.169 2.2
    endloop
  endfacet
  facet normal 0 0 1
    outer loop
      vertex 17.7083 115.169 2.2
      vertex 12 127.1 2.2
      vertex 17.6 115.112 2.2
    endloop
  endfacet
  facet normal 0 0 1
    outer loop
      vertex 17.6 115.112 2.2
      vertex 12 127.1 2.2
      vertex 17.497 115.047 2.2
    endloop
  endfacet
  facet normal 0 0 1
    outer loop
      vertex 17.497 115.047 2.2
      vertex 12 127.1 2.2
      vertex 17.4001 114.972 2.2
    endloop
  endfacet
  facet normal 0 0 1
    outer loop
      vertex 17.4001 114.972 2.2
      vertex 12 127.1 2.2
      vertex 17.3101 114.89 2.2
    endloop
  endfacet
  facet normal -0 0 1
    outer loop
      vertex 5.82924 124.854 2.2
      vertex 17.1532 114.703 2.2
      vertex 6.49367 125.364 2.2
    endloop
  endfacet
  facet normal -0 0 1
    outer loop
      vertex 6.49367 125.364 2.2
      vertex 17.1532 114.703 2.2
      vertex 7.2 125.814 2.2
    endloop
  endfacet
  facet normal -0 0 1
    outer loop
      vertex 7.2 125.814 2.2
      vertex 17.1532 114.703 2.2
      vertex 7.94286 126.201 2.2
    endloop
  endfacet
  facet normal -0 0 1
    outer loop
      vertex 7.94286 126.201 2.2
      vertex 17.1532 114.703 2.2
      vertex 8.71661 126.521 2.2
    endloop
  endfacet
  facet normal 0 0 1
    outer loop
      vertex 17.2275 114.8 2.2
      vertex 8.71661 126.521 2.2
      vertex 17.1532 114.703 2.2
    endloop
  endfacet
  facet normal -0 0 1
    outer loop
      vertex 8.71661 126.521 2.2
      vertex 17.2275 114.8 2.2
      vertex 9.51534 126.773 2.2
    endloop
  endfacet
  facet normal -0 0 1
    outer loop
      vertex 9.51534 126.773 2.2
      vertex 17.2275 114.8 2.2
      vertex 10.333 126.954 2.2
    endloop
  endfacet
  facet normal -0 0 1
    outer loop
      vertex 10.333 126.954 2.2
      vertex 17.2275 114.8 2.2
      vertex 11.1633 127.063 2.2
    endloop
  endfacet
  facet normal -0 0 1
    outer loop
      vertex 11.1633 127.063 2.2
      vertex 17.2275 114.8 2.2
      vertex 12 127.1 2.2
    endloop
  endfacet
  facet normal 0 0 1
    outer loop
      vertex 17.3101 114.89 2.2
      vertex 12 127.1 2.2
      vertex 17.2275 114.8 2.2
    endloop
  endfacet
  facet normal -0 0 1
    outer loop
      vertex 12 127.1 2.2
      vertex 23.5 122.175 2.2
      vertex 108 127.1 2.2
    endloop
  endfacet
  facet normal 0 0 1
    outer loop
      vertex 16.9 113.9 2.2
      vertex 8.225 95.6354 2.2
      vertex 16.9 51.9 2.2
    endloop
  endfacet
  facet normal 0 0 1
    outer loop
      vertex 7.84808 49.5 2.2
      vertex 16.9 51.9 2.2
      vertex 8.225 54.5 2.2
    endloop
  endfacet
  facet normal 0 0 1
    outer loop
      vertex 16.9 51.9 2.2
      vertex 8.225 95.6354 2.2
      vertex 8.225 54.5 2.2
    endloop
  endfacet
  facet normal 0 0 1
    outer loop
      vertex 16.9 51.9 2.2
      vertex 8.23858 48.2615 2.2
      vertex 8.25 48 2.2
    endloop
  endfacet
  facet normal 0 0 1
    outer loop
      vertex 16.9 51.9 2.2
      vertex 8.20442 48.5209 2.2
      vertex 8.23858 48.2615 2.2
    endloop
  endfacet
  facet normal 0 0 1
    outer loop
      vertex 16.9 51.9 2.2
      vertex 8.14778 48.7765 2.2
      vertex 8.20442 48.5209 2.2
    endloop
  endfacet
  facet normal 0 0 1
    outer loop
      vertex 16.9 51.9 2.2
      vertex 8.06908 49.0261 2.2
      vertex 8.14778 48.7765 2.2
    endloop
  endfacet
  facet normal 0 0 1
    outer loop
      vertex 16.9 51.9 2.2
      vertex 7.96892 49.2679 2.2
      vertex 8.06908 49.0261 2.2
    endloop
  endfacet
  facet normal 0 0 1
    outer loop
      vertex 16.9 51.9 2.2
      vertex 7.84808 49.5 2.2
      vertex 7.96892 49.2679 2.2
    endloop
  endfacet
  facet normal 0 0 1
    outer loop
      vertex 8.225 54.5 2.2
      vertex 7.70746 49.7207 2.2
      vertex 7.84808 49.5 2.2
    endloop
  endfacet
  facet normal 0 0 1
    outer loop
      vertex 8.225 54.5 2.2
      vertex 7.54813 49.9284 2.2
      vertex 7.70746 49.7207 2.2
    endloop
  endfacet
  facet normal 0 0 1
    outer loop
      vertex 8.225 54.5 2.2
      vertex 7.37132 50.1213 2.2
      vertex 7.54813 49.9284 2.2
    endloop
  endfacet
  facet normal 0 0 1
    outer loop
      vertex 6.75 50.5981 2.2
      vertex 8.225 54.5 2.2
      vertex 7.325 54.5 2.2
    endloop
  endfacet
  facet normal 0 0 1
    outer loop
      vertex 8.225 54.5 2.2
      vertex 7.17836 50.2981 2.2
      vertex 7.37132 50.1213 2.2
    endloop
  endfacet
  facet normal -0 0 1
    outer loop
      vertex 6.97073 93.5425 2.2
      vertex 7.325 54.5 2.2
      vertex 7.17836 93.7019 2.2
    endloop
  endfacet
  facet normal -0 0 1
    outer loop
      vertex 6.75 93.4019 2.2
      vertex 7.325 54.5 2.2
      vertex 6.97073 93.5425 2.2
    endloop
  endfacet
  facet normal 0 0 1
    outer loop
      vertex 8.225 54.5 2.2
      vertex 6.97073 50.4575 2.2
      vertex 7.17836 50.2981 2.2
    endloop
  endfacet
  facet normal -0 0 1
    outer loop
      vertex 6.51785 93.2811 2.2
      vertex 7.325 54.5 2.2
      vertex 6.75 93.4019 2.2
    endloop
  endfacet
  facet normal 0 0 1
    outer loop
      vertex 8.225 54.5 2.2
      vertex 6.75 50.5981 2.2
      vertex 6.97073 50.4575 2.2
    endloop
  endfacet
  facet normal -0 0 1
    outer loop
      vertex 6.27606 93.1809 2.2
      vertex 7.325 54.5 2.2
      vertex 6.51785 93.2811 2.2
    endloop
  endfacet
  facet normal 0 0 1
    outer loop
      vertex 7.325 54.5 2.2
      vertex 6.51785 50.7189 2.2
      vertex 6.75 50.5981 2.2
    endloop
  endfacet
  facet normal -0 0 1
    outer loop
      vertex 6.02646 93.1022 2.2
      vertex 7.325 54.5 2.2
      vertex 6.27606 93.1809 2.2
    endloop
  endfacet
  facet normal 0 0 1
    outer loop
      vertex 7.325 54.5 2.2
      vertex 6.27606 50.8191 2.2
      vertex 6.51785 50.7189 2.2
    endloop
  endfacet
  facet normal -0 0 1
    outer loop
      vertex 5.77094 93.0456 2.2
      vertex 7.325 54.5 2.2
      vertex 6.02646 93.1022 2.2
    endloop
  endfacet
  facet normal 0 0 1
    outer loop
      vertex 7.325 54.5 2.2
      vertex 6.02646 50.8978 2.2
      vertex 6.27606 50.8191 2.2
    endloop
  endfacet
  facet normal -0 0 1
    outer loop
      vertex 5.51147 93.0114 2.2
      vertex 7.325 54.5 2.2
      vertex 5.77094 93.0456 2.2
    endloop
  endfacet
  facet normal 0 0 1
    outer loop
      vertex 7.325 54.5 2.2
      vertex 5.77094 50.9544 2.2
      vertex 6.02646 50.8978 2.2
    endloop
  endfacet
  facet normal -0 0 1
    outer loop
      vertex 5.25 93 2.2
      vertex 7.325 54.5 2.2
      vertex 5.51147 93.0114 2.2
    endloop
  endfacet
  facet normal 0 0 1
    outer loop
      vertex 7.325 54.5 2.2
      vertex 5.51147 50.9886 2.2
      vertex 5.77094 50.9544 2.2
    endloop
  endfacet
  facet normal 0 0 1
    outer loop
      vertex 4.98853 93.0114 2.2
      vertex 7.325 54.5 2.2
      vertex 5.25 93 2.2
    endloop
  endfacet
  facet normal 0 0 1
    outer loop
      vertex 7.325 54.5 2.2
      vertex 5.25 51 2.2
      vertex 5.51147 50.9886 2.2
    endloop
  endfacet
  facet normal 0 0 1
    outer loop
      vertex 4.72906 93.0456 2.2
      vertex 7.325 54.5 2.2
      vertex 4.98853 93.0114 2.2
    endloop
  endfacet
  facet normal 0 0 1
    outer loop
      vertex 7.325 54.5 2.2
      vertex 4.98853 50.9886 2.2
      vertex 5.25 51 2.2
    endloop
  endfacet
  facet normal 0 0 1
    outer loop
      vertex 4.47354 93.1022 2.2
      vertex 7.325 54.5 2.2
      vertex 4.72906 93.0456 2.2
    endloop
  endfacet
  facet normal 0 0 1
    outer loop
      vertex 7.325 54.5 2.2
      vertex 4.72906 50.9544 2.2
      vertex 4.98853 50.9886 2.2
    endloop
  endfacet
  facet normal 0 0 1
    outer loop
      vertex 4.22394 93.1809 2.2
      vertex 7.325 54.5 2.2
      vertex 4.47354 93.1022 2.2
    endloop
  endfacet
  facet normal 0 0 1
    outer loop
      vertex 7.325 54.5 2.2
      vertex 4.47354 50.8978 2.2
      vertex 4.72906 50.9544 2.2
    endloop
  endfacet
  facet normal 0 0 1
    outer loop
      vertex 3.98214 93.2811 2.2
      vertex 7.325 54.5 2.2
      vertex 4.22394 93.1809 2.2
    endloop
  endfacet
  facet normal 0 0 1
    outer loop
      vertex 7.325 54.5 2.2
      vertex 4.22394 50.8191 2.2
      vertex 4.47354 50.8978 2.2
    endloop
  endfacet
  facet normal 0 0 1
    outer loop
      vertex 3.75 93.4019 2.2
      vertex 7.325 54.5 2.2
      vertex 3.98214 93.2811 2.2
    endloop
  endfacet
  facet normal 0 0 1
    outer loop
      vertex 7.325 54.5 2.2
      vertex 3.98214 50.7189 2.2
      vertex 4.22394 50.8191 2.2
    endloop
  endfacet
  facet normal 0 0 1
    outer loop
      vertex 3.52927 93.5425 2.2
      vertex 7.325 54.5 2.2
      vertex 3.75 93.4019 2.2
    endloop
  endfacet
  facet normal 0 0 1
    outer loop
      vertex 7.325 54.5 2.2
      vertex 3.75 50.5981 2.2
      vertex 3.98214 50.7189 2.2
    endloop
  endfacet
  facet normal 0 0 1
    outer loop
      vertex 3.32164 93.7019 2.2
      vertex 7.325 54.5 2.2
      vertex 3.52927 93.5425 2.2
    endloop
  endfacet
  facet normal 0 0 1
    outer loop
      vertex 7.325 54.5 2.2
      vertex 3.52927 50.4575 2.2
      vertex 3.75 50.5981 2.2
    endloop
  endfacet
  facet normal 0 0 1
    outer loop
      vertex 3.32164 50.2981 2.2
      vertex 7.325 54.5 2.2
      vertex 3.32164 93.7019 2.2
    endloop
  endfacet
  facet normal 0 0 1
    outer loop
      vertex 7.325 54.5 2.2
      vertex 3.32164 50.2981 2.2
      vertex 3.52927 50.4575 2.2
    endloop
  endfacet
  facet normal 0 0 1
    outer loop
      vertex 3.12868 93.8787 2.2
      vertex 3.32164 50.2981 2.2
      vertex 3.32164 93.7019 2.2
    endloop
  endfacet
  facet normal 0 0 1
    outer loop
      vertex 3.12868 93.8787 2.2
      vertex 3.12868 50.1213 2.2
      vertex 3.32164 50.2981 2.2
    endloop
  endfacet
  facet normal 0 0 1
    outer loop
      vertex 2.95187 94.0716 2.2
      vertex 3.12868 50.1213 2.2
      vertex 3.12868 93.8787 2.2
    endloop
  endfacet
  facet normal 0 0 1
    outer loop
      vertex 2.95187 94.0716 2.2
      vertex 2.95187 49.9284 2.2
      vertex 3.12868 50.1213 2.2
    endloop
  endfacet
  facet normal 0 0 1
    outer loop
      vertex 2.79254 94.2793 2.2
      vertex 2.95187 49.9284 2.2
      vertex 2.95187 94.0716 2.2
    endloop
  endfacet
  facet normal 0 0 1
    outer loop
      vertex 2.79254 94.2793 2.2
      vertex 2.79254 49.7207 2.2
      vertex 2.95187 49.9284 2.2
    endloop
  endfacet
  facet normal 0 0 1
    outer loop
      vertex 2.65192 94.5 2.2
      vertex 2.79254 49.7207 2.2
      vertex 2.79254 94.2793 2.2
    endloop
  endfacet
  facet normal 0 0 1
    outer loop
      vertex 2.65192 94.5 2.2
      vertex 2.65192 49.5 2.2
      vertex 2.79254 49.7207 2.2
    endloop
  endfacet
  facet normal 0 0 1
    outer loop
      vertex 2.53108 94.7321 2.2
      vertex 2.65192 49.5 2.2
      vertex 2.65192 94.5 2.2
    endloop
  endfacet
  facet normal 0 0 1
    outer loop
      vertex 2.53108 94.7321 2.2
      vertex 2.53108 49.2679 2.2
      vertex 2.65192 49.5 2.2
    endloop
  endfacet
  facet normal 0 0 1
    outer loop
      vertex 2.43092 94.9739 2.2
      vertex 2.53108 49.2679 2.2
      vertex 2.53108 94.7321 2.2
    endloop
  endfacet
  facet normal 0 0 1
    outer loop
      vertex 2.43092 94.9739 2.2
      vertex 2.43092 49.0261 2.2
      vertex 2.53108 49.2679 2.2
    endloop
  endfacet
  facet normal 0 0 1
    outer loop
      vertex 2.4 95.072 2.2
      vertex 2.43092 49.0261 2.2
      vertex 2.43092 94.9739 2.2
    endloop
  endfacet
  facet normal 0 0 1
    outer loop
      vertex 2.43092 49.0261 2.2
      vertex 2.4 95.072 2.2
      vertex 2.4 48.928 2.2
    endloop
  endfacet
  facet normal 0 0 1
    outer loop
      vertex 17.6 50.6876 2.2
      vertex 8.06908 46.9739 2.2
      vertex 17.7083 50.6312 2.2
    endloop
  endfacet
  facet normal 0 0 1
    outer loop
      vertex 7.96892 46.7321 2.2
      vertex 17.7083 50.6312 2.2
      vertex 8.06908 46.9739 2.2
    endloop
  endfacet
  facet normal 0 0 1
    outer loop
      vertex 17.7083 50.6312 2.2
      vertex 7.96892 46.7321 2.2
      vertex 17.8212 50.5844 2.2
    endloop
  endfacet
  facet normal 0 0 1
    outer loop
      vertex 7.84808 46.5 2.2
      vertex 17.8212 50.5844 2.2
      vertex 7.96892 46.7321 2.2
    endloop
  endfacet
  facet normal 0 0 1
    outer loop
      vertex 17.8212 50.5844 2.2
      vertex 7.84808 46.5 2.2
      vertex 23.5 42.225 2.2
    endloop
  endfacet
  facet normal 0 0 1
    outer loop
      vertex 23.5 42.225 2.2
      vertex 7.84808 46.5 2.2
      vertex 23.5 41.325 2.2
    endloop
  endfacet
  facet normal -0 0 1
    outer loop
      vertex 7.70746 46.2793 2.2
      vertex 23.5 41.325 2.2
      vertex 7.84808 46.5 2.2
    endloop
  endfacet
  facet normal -0 0 1
    outer loop
      vertex 7.54813 46.0716 2.2
      vertex 23.5 41.325 2.2
      vertex 7.70746 46.2793 2.2
    endloop
  endfacet
  facet normal -0 0 1
    outer loop
      vertex 7.37132 45.8787 2.2
      vertex 23.5 41.325 2.2
      vertex 7.54813 46.0716 2.2
    endloop
  endfacet
  facet normal 0 0 1
    outer loop
      vertex 23.5 41.325 2.2
      vertex 2.4 12 2.2
      vertex 8.71661 2.97895 2.2
    endloop
  endfacet
  facet normal -0 0 1
    outer loop
      vertex 7.17836 45.7019 2.2
      vertex 23.5 41.325 2.2
      vertex 7.37132 45.8787 2.2
    endloop
  endfacet
  facet normal 0 0 1
    outer loop
      vertex 8.71661 2.97895 2.2
      vertex 2.4 12 2.2
      vertex 7.94286 3.29945 2.2
    endloop
  endfacet
  facet normal -0 0 1
    outer loop
      vertex 6.97073 45.5425 2.2
      vertex 23.5 41.325 2.2
      vertex 7.17836 45.7019 2.2
    endloop
  endfacet
  facet normal -0 0 1
    outer loop
      vertex 6.75 45.4019 2.2
      vertex 23.5 41.325 2.2
      vertex 6.97073 45.5425 2.2
    endloop
  endfacet
  facet normal -0 0 1
    outer loop
      vertex 6.51785 45.2811 2.2
      vertex 23.5 41.325 2.2
      vertex 6.75 45.4019 2.2
    endloop
  endfacet
  facet normal -0 0 1
    outer loop
      vertex 6.27606 45.1809 2.2
      vertex 23.5 41.325 2.2
      vertex 6.51785 45.2811 2.2
    endloop
  endfacet
  facet normal 0 0 1
    outer loop
      vertex 7.94286 3.29945 2.2
      vertex 2.4 12 2.2
      vertex 7.2 3.68616 2.2
    endloop
  endfacet
  facet normal -0 0 1
    outer loop
      vertex 6.02646 45.1022 2.2
      vertex 23.5 41.325 2.2
      vertex 6.27606 45.1809 2.2
    endloop
  endfacet
  facet normal 0 0 1
    outer loop
      vertex 23.5 41.325 2.2
      vertex 6.02646 45.1022 2.2
      vertex 2.4 12 2.2
    endloop
  endfacet
  facet normal 0 0 1
    outer loop
      vertex 7.2 3.68616 2.2
      vertex 2.4 12 2.2
      vertex 6.49367 4.13614 2.2
    endloop
  endfacet
  facet normal 0 0 1
    outer loop
      vertex 2.4 12 2.2
      vertex 6.02646 45.1022 2.2
      vertex 5.77094 45.0456 2.2
    endloop
  endfacet
  facet normal 0 0 1
    outer loop
      vertex 2.4 12 2.2
      vertex 5.77094 45.0456 2.2
      vertex 5.51147 45.0114 2.2
    endloop
  endfacet
  facet normal 0 0 1
    outer loop
      vertex 2.4 12 2.2
      vertex 5.51147 45.0114 2.2
      vertex 5.25 45 2.2
    endloop
  endfacet
  facet normal 0 0 1
    outer loop
      vertex 6.49367 4.13614 2.2
      vertex 2.4 12 2.2
      vertex 5.82924 4.64597 2.2
    endloop
  endfacet
  facet normal 0 0 1
    outer loop
      vertex 2.4 12 2.2
      vertex 5.25 45 2.2
      vertex 4.98853 45.0114 2.2
    endloop
  endfacet
  facet normal 0 0 1
    outer loop
      vertex 2.4 12 2.2
      vertex 4.98853 45.0114 2.2
      vertex 4.72906 45.0456 2.2
    endloop
  endfacet
  facet normal 0 0 1
    outer loop
      vertex 5.82924 4.64597 2.2
      vertex 2.4 12 2.2
      vertex 5.21177 5.21177 2.2
    endloop
  endfacet
  facet normal 0 0 1
    outer loop
      vertex 2.4 12 2.2
      vertex 4.72906 45.0456 2.2
      vertex 4.47354 45.1022 2.2
    endloop
  endfacet
  facet normal 0 0 1
    outer loop
      vertex 2.4 12 2.2
      vertex 4.47354 45.1022 2.2
      vertex 4.22394 45.1809 2.2
    endloop
  endfacet
  facet normal 0 0 1
    outer loop
      vertex 5.21177 5.21177 2.2
      vertex 2.4 12 2.2
      vertex 4.64597 5.82924 2.2
    endloop
  endfacet
  facet normal 0 0 1
    outer loop
      vertex 2.4 12 2.2
      vertex 4.22394 45.1809 2.2
      vertex 3.98214 45.2811 2.2
    endloop
  endfacet
  facet normal 0 0 1
    outer loop
      vertex 2.4 12 2.2
      vertex 3.98214 45.2811 2.2
      vertex 3.75 45.4019 2.2
    endloop
  endfacet
  facet normal 0 0 1
    outer loop
      vertex 4.64597 5.82924 2.2
      vertex 2.4 12 2.2
      vertex 4.13614 6.49367 2.2
    endloop
  endfacet
  facet normal 0 0 1
    outer loop
      vertex 2.4 12 2.2
      vertex 3.75 45.4019 2.2
      vertex 3.52927 45.5425 2.2
    endloop
  endfacet
  facet normal 0 0 1
    outer loop
      vertex 2.4 12 2.2
      vertex 3.52927 45.5425 2.2
      vertex 3.32164 45.7019 2.2
    endloop
  endfacet
  facet normal 0 0 1
    outer loop
      vertex 4.13614 6.49367 2.2
      vertex 2.4 12 2.2
      vertex 3.68616 7.2 2.2
    endloop
  endfacet
  facet normal 0 0 1
    outer loop
      vertex 2.4 12 2.2
      vertex 3.32164 45.7019 2.2
      vertex 3.12868 45.8787 2.2
    endloop
  endfacet
  facet normal 0 0 1
    outer loop
      vertex 3.68616 7.2 2.2
      vertex 2.4 12 2.2
      vertex 3.29945 7.94286 2.2
    endloop
  endfacet
  facet normal 0 0 1
    outer loop
      vertex 2.4 12 2.2
      vertex 3.12868 45.8787 2.2
      vertex 2.95187 46.0716 2.2
    endloop
  endfacet
  facet normal 0 0 1
    outer loop
      vertex 2.4 12 2.2
      vertex 2.95187 46.0716 2.2
      vertex 2.79254 46.2793 2.2
    endloop
  endfacet
  facet normal 0 0 1
    outer loop
      vertex 3.29945 7.94286 2.2
      vertex 2.4 12 2.2
      vertex 2.97895 8.71661 2.2
    endloop
  endfacet
  facet normal 0 0 1
    outer loop
      vertex 2.4 12 2.2
      vertex 2.79254 46.2793 2.2
      vertex 2.65192 46.5 2.2
    endloop
  endfacet
  facet normal 0 0 1
    outer loop
      vertex 2.97895 8.71661 2.2
      vertex 2.4 12 2.2
      vertex 2.72711 9.51534 2.2
    endloop
  endfacet
  facet normal 0 0 1
    outer loop
      vertex 2.4 12 2.2
      vertex 2.65192 46.5 2.2
      vertex 2.53108 46.7321 2.2
    endloop
  endfacet
  facet normal 0 0 1
    outer loop
      vertex 2.72711 9.51534 2.2
      vertex 2.4 12 2.2
      vertex 2.54585 10.333 2.2
    endloop
  endfacet
  facet normal 0 0 1
    outer loop
      vertex 2.4 12 2.2
      vertex 2.53108 46.7321 2.2
      vertex 2.43092 46.9739 2.2
    endloop
  endfacet
  facet normal 0 0 1
    outer loop
      vertex 2.4 12 2.2
      vertex 2.43092 46.9739 2.2
      vertex 2.4 47.072 2.2
    endloop
  endfacet
  facet normal 0 0 1
    outer loop
      vertex 2.54585 10.333 2.2
      vertex 2.4 12 2.2
      vertex 2.43653 11.1633 2.2
    endloop
  endfacet
  facet normal 0 0 1
    outer loop
      vertex 16.9 113.9 2.2
      vertex 8.225 96.3646 2.2
      vertex 8.23858 96.2615 2.2
    endloop
  endfacet
  facet normal 0 0 1
    outer loop
      vertex 96.5 41.325 2.2
      vertex 76.2424 36.6743 2.2
      vertex 76.25 36.5 2.2
    endloop
  endfacet
  facet normal 0 0 1
    outer loop
      vertex 96.5 41.325 2.2
      vertex 76.2196 36.8473 2.2
      vertex 76.2424 36.6743 2.2
    endloop
  endfacet
  facet normal 0 0 1
    outer loop
      vertex 96.5 41.325 2.2
      vertex 76.1819 37.0176 2.2
      vertex 76.2196 36.8473 2.2
    endloop
  endfacet
  facet normal 0 0 1
    outer loop
      vertex 96.5 41.325 2.2
      vertex 76.1294 37.184 2.2
      vertex 76.1819 37.0176 2.2
    endloop
  endfacet
  facet normal 0 0 1
    outer loop
      vertex 96.5 41.325 2.2
      vertex 76.0626 37.3452 2.2
      vertex 76.1294 37.184 2.2
    endloop
  endfacet
  facet normal 0 0 1
    outer loop
      vertex 96.5 41.325 2.2
      vertex 75.982 37.5 2.2
      vertex 76.0626 37.3452 2.2
    endloop
  endfacet
  facet normal 0 0 1
    outer loop
      vertex 96.5 41.325 2.2
      vertex 75.8883 37.6472 2.2
      vertex 75.982 37.5 2.2
    endloop
  endfacet
  facet normal 0 0 1
    outer loop
      vertex 96.5 41.325 2.2
      vertex 75.7821 37.7856 2.2
      vertex 75.8883 37.6472 2.2
    endloop
  endfacet
  facet normal 0 0 1
    outer loop
      vertex 96.5 41.325 2.2
      vertex 75.6642 37.9142 2.2
      vertex 75.7821 37.7856 2.2
    endloop
  endfacet
  facet normal 0 0 1
    outer loop
      vertex 96.5 41.325 2.2
      vertex 75.5356 38.0321 2.2
      vertex 75.6642 37.9142 2.2
    endloop
  endfacet
  facet normal 0 0 1
    outer loop
      vertex 96.5 41.325 2.2
      vertex 75.3972 38.1383 2.2
      vertex 75.5356 38.0321 2.2
    endloop
  endfacet
  facet normal 0 0 1
    outer loop
      vertex 96.5 41.325 2.2
      vertex 75.25 38.232 2.2
      vertex 75.3972 38.1383 2.2
    endloop
  endfacet
  facet normal 0 0 1
    outer loop
      vertex 96.5 41.325 2.2
      vertex 75.0952 38.3126 2.2
      vertex 75.25 38.232 2.2
    endloop
  endfacet
  facet normal 0 0 1
    outer loop
      vertex 96.5 41.325 2.2
      vertex 74.934 38.3794 2.2
      vertex 75.0952 38.3126 2.2
    endloop
  endfacet
  facet normal 0 0 1
    outer loop
      vertex 96.5 41.325 2.2
      vertex 74.7676 38.4319 2.2
      vertex 74.934 38.3794 2.2
    endloop
  endfacet
  facet normal 0 0 1
    outer loop
      vertex 96.5 41.325 2.2
      vertex 74.5973 38.4696 2.2
      vertex 74.7676 38.4319 2.2
    endloop
  endfacet
  facet normal 0 0 1
    outer loop
      vertex 96.5 41.325 2.2
      vertex 74.4243 38.4924 2.2
      vertex 74.5973 38.4696 2.2
    endloop
  endfacet
  facet normal 0 0 1
    outer loop
      vertex 96.5 41.325 2.2
      vertex 74.25 38.5 2.2
      vertex 74.4243 38.4924 2.2
    endloop
  endfacet
  facet normal 0 0 1
    outer loop
      vertex 96.5 41.325 2.2
      vertex 45.75 38.5 2.2
      vertex 74.25 38.5 2.2
    endloop
  endfacet
  facet normal -0 0 1
    outer loop
      vertex 23.5 41.325 2.2
      vertex 45.75 38.5 2.2
      vertex 96.5 41.325 2.2
    endloop
  endfacet
  facet normal 0 0 1
    outer loop
      vertex 43.75 36.5 2.2
      vertex 23.5 41.325 2.2
      vertex 43.75 8 2.2
    endloop
  endfacet
  facet normal 0 0 1
    outer loop
      vertex 43.7576 36.6743 2.2
      vertex 23.5 41.325 2.2
      vertex 43.75 36.5 2.2
    endloop
  endfacet
  facet normal 0 0 1
    outer loop
      vertex 43.7804 36.8473 2.2
      vertex 23.5 41.325 2.2
      vertex 43.7576 36.6743 2.2
    endloop
  endfacet
  facet normal 0 0 1
    outer loop
      vertex 43.8181 37.0176 2.2
      vertex 23.5 41.325 2.2
      vertex 43.7804 36.8473 2.2
    endloop
  endfacet
  facet normal 0 0 1
    outer loop
      vertex 43.8706 37.184 2.2
      vertex 23.5 41.325 2.2
      vertex 43.8181 37.0176 2.2
    endloop
  endfacet
  facet normal 0 0 1
    outer loop
      vertex 43.9374 37.3452 2.2
      vertex 23.5 41.325 2.2
      vertex 43.8706 37.184 2.2
    endloop
  endfacet
  facet normal 0 0 1
    outer loop
      vertex 44.0179 37.5 2.2
      vertex 23.5 41.325 2.2
      vertex 43.9374 37.3452 2.2
    endloop
  endfacet
  facet normal 0 0 1
    outer loop
      vertex 44.1117 37.6472 2.2
      vertex 23.5 41.325 2.2
      vertex 44.0179 37.5 2.2
    endloop
  endfacet
  facet normal 0 0 1
    outer loop
      vertex 44.2179 37.7856 2.2
      vertex 23.5 41.325 2.2
      vertex 44.1117 37.6472 2.2
    endloop
  endfacet
  facet normal 0 0 1
    outer loop
      vertex 44.3358 37.9142 2.2
      vertex 23.5 41.325 2.2
      vertex 44.2179 37.7856 2.2
    endloop
  endfacet
  facet normal 0 0 1
    outer loop
      vertex 44.4644 38.0321 2.2
      vertex 23.5 41.325 2.2
      vertex 44.3358 37.9142 2.2
    endloop
  endfacet
  facet normal 0 0 1
    outer loop
      vertex 44.6028 38.1383 2.2
      vertex 23.5 41.325 2.2
      vertex 44.4644 38.0321 2.2
    endloop
  endfacet
  facet normal 0 0 1
    outer loop
      vertex 44.75 38.232 2.2
      vertex 23.5 41.325 2.2
      vertex 44.6028 38.1383 2.2
    endloop
  endfacet
  facet normal 0 0 1
    outer loop
      vertex 44.9048 38.3126 2.2
      vertex 23.5 41.325 2.2
      vertex 44.75 38.232 2.2
    endloop
  endfacet
  facet normal 0 0 1
    outer loop
      vertex 45.066 38.3794 2.2
      vertex 23.5 41.325 2.2
      vertex 44.9048 38.3126 2.2
    endloop
  endfacet
  facet normal 0 0 1
    outer loop
      vertex 45.2324 38.4319 2.2
      vertex 23.5 41.325 2.2
      vertex 45.066 38.3794 2.2
    endloop
  endfacet
  facet normal 0 0 1
    outer loop
      vertex 45.4027 38.4696 2.2
      vertex 23.5 41.325 2.2
      vertex 45.2324 38.4319 2.2
    endloop
  endfacet
  facet normal 0 0 1
    outer loop
      vertex 45.5757 38.4924 2.2
      vertex 23.5 41.325 2.2
      vertex 45.4027 38.4696 2.2
    endloop
  endfacet
  facet normal 0 0 1
    outer loop
      vertex 45.75 38.5 2.2
      vertex 23.5 41.325 2.2
      vertex 45.5757 38.4924 2.2
    endloop
  endfacet
  facet normal 0 0 1
    outer loop
      vertex 101.7 50.5 2.2
      vertex 23.5 42.225 2.2
      vertex 96.5 42.225 2.2
    endloop
  endfacet
  facet normal 0 0 1
    outer loop
      vertex 18.178 50.5053 2.2
      vertex 23.5 42.225 2.2
      vertex 18.3 50.5 2.2
    endloop
  endfacet
  facet normal -0 0 1
    outer loop
      vertex 18.3 50.5 2.2
      vertex 23.5 42.225 2.2
      vertex 101.7 50.5 2.2
    endloop
  endfacet
  facet normal -0 0 1
    outer loop
      vertex 102.969 51.3083 2.2
      vertex 111.75 48 2.2
      vertex 103.016 51.4212 2.2
    endloop
  endfacet
  facet normal -0 0 1
    outer loop
      vertex 102.912 51.2 2.2
      vertex 111.75 48 2.2
      vertex 102.969 51.3083 2.2
    endloop
  endfacet
  facet normal -0 0 1
    outer loop
      vertex 102.847 51.097 2.2
      vertex 111.75 48 2.2
      vertex 102.912 51.2 2.2
    endloop
  endfacet
  facet normal -0 0 1
    outer loop
      vertex 102.772 51.0001 2.2
      vertex 111.75 48 2.2
      vertex 102.847 51.097 2.2
    endloop
  endfacet
  facet normal 0 0 1
    outer loop
      vertex 111.761 47.7385 2.2
      vertex 102.772 51.0001 2.2
      vertex 102.69 50.91 2.2
    endloop
  endfacet
  facet normal 0 0 1
    outer loop
      vertex 111.796 47.4791 2.2
      vertex 102.69 50.91 2.2
      vertex 102.6 50.8275 2.2
    endloop
  endfacet
  facet normal 0 0 1
    outer loop
      vertex 112.8 3.68616 2.2
      vertex 108 2.4 2.2
      vertex 112.057 3.29945 2.2
    endloop
  endfacet
  facet normal 0 0 1
    outer loop
      vertex 112.057 3.29945 2.2
      vertex 108 2.4 2.2
      vertex 111.283 2.97895 2.2
    endloop
  endfacet
  facet normal 0 0 1
    outer loop
      vertex 111.283 2.97895 2.2
      vertex 108 2.4 2.2
      vertex 110.485 2.72711 2.2
    endloop
  endfacet
  facet normal 0 0 1
    outer loop
      vertex 110.485 2.72711 2.2
      vertex 108 2.4 2.2
      vertex 109.667 2.54585 2.2
    endloop
  endfacet
  facet normal 0 0 1
    outer loop
      vertex 111.796 47.4791 2.2
      vertex 102.6 50.8275 2.2
      vertex 102.503 50.7532 2.2
    endloop
  endfacet
  facet normal 0 0 1
    outer loop
      vertex 111.852 47.2235 2.2
      vertex 102.503 50.7532 2.2
      vertex 102.4 50.6876 2.2
    endloop
  endfacet
  facet normal 0 0 1
    outer loop
      vertex 111.931 46.9739 2.2
      vertex 102.4 50.6876 2.2
      vertex 102.292 50.6312 2.2
    endloop
  endfacet
  facet normal 0 0 1
    outer loop
      vertex 112.031 46.7321 2.2
      vertex 102.292 50.6312 2.2
      vertex 102.179 50.5844 2.2
    endloop
  endfacet
  facet normal 0 0 1
    outer loop
      vertex 112.152 46.5 2.2
      vertex 102.179 50.5844 2.2
      vertex 96.5 42.225 2.2
    endloop
  endfacet
  facet normal 0 0 1
    outer loop
      vertex 96.5 42.225 2.2
      vertex 102.179 50.5844 2.2
      vertex 102.062 50.5477 2.2
    endloop
  endfacet
  facet normal 0 0 1
    outer loop
      vertex 96.5 42.225 2.2
      vertex 102.062 50.5477 2.2
      vertex 101.943 50.5213 2.2
    endloop
  endfacet
  facet normal 0 0 1
    outer loop
      vertex 96.5 42.225 2.2
      vertex 101.943 50.5213 2.2
      vertex 101.822 50.5053 2.2
    endloop
  endfacet
  facet normal 0 0 1
    outer loop
      vertex 96.5 42.225 2.2
      vertex 101.822 50.5053 2.2
      vertex 101.7 50.5 2.2
    endloop
  endfacet
  facet normal 0 0 1
    outer loop
      vertex 112.152 46.5 2.2
      vertex 96.5 42.225 2.2
      vertex 96.5 41.325 2.2
    endloop
  endfacet
  facet normal 0 0 1
    outer loop
      vertex 109.667 2.54585 2.2
      vertex 108 2.4 2.2
      vertex 108.837 2.43653 2.2
    endloop
  endfacet
  facet normal 0 0 1
    outer loop
      vertex 76.25 8 2.2
      vertex 96.5 41.325 2.2
      vertex 76.25 36.5 2.2
    endloop
  endfacet
  facet normal 0 0 1
    outer loop
      vertex 96.5 41.325 2.2
      vertex 76.25 8 2.2
      vertex 108 2.4 2.2
    endloop
  endfacet
  facet normal -0 0 1
    outer loop
      vertex 76.2424 7.82569 2.2
      vertex 108 2.4 2.2
      vertex 76.25 8 2.2
    endloop
  endfacet
  facet normal -0 0 1
    outer loop
      vertex 76.2196 7.6527 2.2
      vertex 108 2.4 2.2
      vertex 76.2424 7.82569 2.2
    endloop
  endfacet
  facet normal -0 0 1
    outer loop
      vertex 76.1819 7.48236 2.2
      vertex 108 2.4 2.2
      vertex 76.2196 7.6527 2.2
    endloop
  endfacet
  facet normal -0 0 1
    outer loop
      vertex 76.1294 7.31596 2.2
      vertex 108 2.4 2.2
      vertex 76.1819 7.48236 2.2
    endloop
  endfacet
  facet normal -0 0 1
    outer loop
      vertex 76.0626 7.15476 2.2
      vertex 108 2.4 2.2
      vertex 76.1294 7.31596 2.2
    endloop
  endfacet
  facet normal -0 0 1
    outer loop
      vertex 75.982 7 2.2
      vertex 108 2.4 2.2
      vertex 76.0626 7.15476 2.2
    endloop
  endfacet
  facet normal -0 0 1
    outer loop
      vertex 75.8883 6.85285 2.2
      vertex 108 2.4 2.2
      vertex 75.982 7 2.2
    endloop
  endfacet
  facet normal -0 0 1
    outer loop
      vertex 75.7821 6.71442 2.2
      vertex 108 2.4 2.2
      vertex 75.8883 6.85285 2.2
    endloop
  endfacet
  facet normal -0 0 1
    outer loop
      vertex 75.6642 6.58579 2.2
      vertex 108 2.4 2.2
      vertex 75.7821 6.71442 2.2
    endloop
  endfacet
  facet normal -0 0 1
    outer loop
      vertex 75.5356 6.46791 2.2
      vertex 108 2.4 2.2
      vertex 75.6642 6.58579 2.2
    endloop
  endfacet
  facet normal -0 0 1
    outer loop
      vertex 75.3972 6.3617 2.2
      vertex 108 2.4 2.2
      vertex 75.5356 6.46791 2.2
    endloop
  endfacet
  facet normal -0 0 1
    outer loop
      vertex 75.25 6.26795 2.2
      vertex 108 2.4 2.2
      vertex 75.3972 6.3617 2.2
    endloop
  endfacet
  facet normal -0 0 1
    outer loop
      vertex 75.0952 6.18738 2.2
      vertex 108 2.4 2.2
      vertex 75.25 6.26795 2.2
    endloop
  endfacet
  facet normal -0 0 1
    outer loop
      vertex 74.934 6.12061 2.2
      vertex 108 2.4 2.2
      vertex 75.0952 6.18738 2.2
    endloop
  endfacet
  facet normal -0 0 1
    outer loop
      vertex 74.7676 6.06815 2.2
      vertex 108 2.4 2.2
      vertex 74.934 6.12061 2.2
    endloop
  endfacet
  facet normal -0 0 1
    outer loop
      vertex 74.5973 6.03038 2.2
      vertex 108 2.4 2.2
      vertex 74.7676 6.06815 2.2
    endloop
  endfacet
  facet normal -0 0 1
    outer loop
      vertex 74.4243 6.00761 2.2
      vertex 108 2.4 2.2
      vertex 74.5973 6.03038 2.2
    endloop
  endfacet
  facet normal -0 0 1
    outer loop
      vertex 74.25 6 2.2
      vertex 108 2.4 2.2
      vertex 74.4243 6.00761 2.2
    endloop
  endfacet
  facet normal -0 0 1
    outer loop
      vertex 45.75 6 2.2
      vertex 108 2.4 2.2
      vertex 74.25 6 2.2
    endloop
  endfacet
  facet normal 0 0 1
    outer loop
      vertex 12 2.4 2.2
      vertex 45.75 6 2.2
      vertex 45.5757 6.00761 2.2
    endloop
  endfacet
  facet normal 0 0 1
    outer loop
      vertex 12 2.4 2.2
      vertex 43.75 8 2.2
      vertex 23.5 41.325 2.2
    endloop
  endfacet
  facet normal 0 0 1
    outer loop
      vertex 43.75 8 2.2
      vertex 12 2.4 2.2
      vertex 43.7576 7.82569 2.2
    endloop
  endfacet
  facet normal 0 0 1
    outer loop
      vertex 43.7576 7.82569 2.2
      vertex 12 2.4 2.2
      vertex 43.7804 7.6527 2.2
    endloop
  endfacet
  facet normal 0 0 1
    outer loop
      vertex 43.7804 7.6527 2.2
      vertex 12 2.4 2.2
      vertex 43.8181 7.48236 2.2
    endloop
  endfacet
  facet normal 0 0 1
    outer loop
      vertex 43.8181 7.48236 2.2
      vertex 12 2.4 2.2
      vertex 43.8706 7.31596 2.2
    endloop
  endfacet
  facet normal 0 0 1
    outer loop
      vertex 43.8706 7.31596 2.2
      vertex 12 2.4 2.2
      vertex 43.9374 7.15476 2.2
    endloop
  endfacet
  facet normal 0 0 1
    outer loop
      vertex 18.0569 50.5213 2.2
      vertex 23.5 42.225 2.2
      vertex 18.178 50.5053 2.2
    endloop
  endfacet
  facet normal 0 0 1
    outer loop
      vertex 17.9377 50.5477 2.2
      vertex 23.5 42.225 2.2
      vertex 18.0569 50.5213 2.2
    endloop
  endfacet
  facet normal 0 0 1
    outer loop
      vertex 17.8212 50.5844 2.2
      vertex 23.5 42.225 2.2
      vertex 17.9377 50.5477 2.2
    endloop
  endfacet
  facet normal 0 0 1
    outer loop
      vertex 8.14778 47.2235 2.2
      vertex 17.497 50.7532 2.2
      vertex 8.20442 47.4791 2.2
    endloop
  endfacet
  facet normal 0 0 1
    outer loop
      vertex 17.497 50.7532 2.2
      vertex 8.14778 47.2235 2.2
      vertex 17.6 50.6876 2.2
    endloop
  endfacet
  facet normal 0 0 1
    outer loop
      vertex 17.4001 50.8275 2.2
      vertex 8.20442 47.4791 2.2
      vertex 17.497 50.7532 2.2
    endloop
  endfacet
  facet normal 0 0 1
    outer loop
      vertex 17.3101 50.91 2.2
      vertex 8.20442 47.4791 2.2
      vertex 17.4001 50.8275 2.2
    endloop
  endfacet
  facet normal 0 0 1
    outer loop
      vertex 8.20442 47.4791 2.2
      vertex 17.3101 50.91 2.2
      vertex 8.23858 47.7385 2.2
    endloop
  endfacet
  facet normal 0 0 1
    outer loop
      vertex 17.2275 51.0001 2.2
      vertex 8.23858 47.7385 2.2
      vertex 17.3101 50.91 2.2
    endloop
  endfacet
  facet normal 0 0 1
    outer loop
      vertex 8.06908 46.9739 2.2
      vertex 17.6 50.6876 2.2
      vertex 8.14778 47.2235 2.2
    endloop
  endfacet
  facet normal 0 0 1
    outer loop
      vertex 8.23858 47.7385 2.2
      vertex 17.2275 51.0001 2.2
      vertex 8.25 48 2.2
    endloop
  endfacet
  facet normal 0 0 1
    outer loop
      vertex 8.25 48 2.2
      vertex 17.2275 51.0001 2.2
      vertex 17.1532 51.097 2.2
    endloop
  endfacet
  facet normal 0 0 1
    outer loop
      vertex 8.25 48 2.2
      vertex 17.1532 51.097 2.2
      vertex 17.0876 51.2 2.2
    endloop
  endfacet
  facet normal 0 0 1
    outer loop
      vertex 8.23858 95.7385 2.2
      vertex 16.9 113.9 2.2
      vertex 8.25 96 2.2
    endloop
  endfacet
  facet normal 0 0 1
    outer loop
      vertex 45.75 6 2.2
      vertex 12 2.4 2.2
      vertex 108 2.4 2.2
    endloop
  endfacet
  facet normal 0 0 1
    outer loop
      vertex 45.4027 6.03038 2.2
      vertex 12 2.4 2.2
      vertex 45.5757 6.00761 2.2
    endloop
  endfacet
  facet normal 0 0 1
    outer loop
      vertex 45.2324 6.06815 2.2
      vertex 12 2.4 2.2
      vertex 45.4027 6.03038 2.2
    endloop
  endfacet
  facet normal 0 0 1
    outer loop
      vertex 45.066 6.12061 2.2
      vertex 12 2.4 2.2
      vertex 45.2324 6.06815 2.2
    endloop
  endfacet
  facet normal 0 0 1
    outer loop
      vertex 44.9048 6.18738 2.2
      vertex 12 2.4 2.2
      vertex 45.066 6.12061 2.2
    endloop
  endfacet
  facet normal 0 0 1
    outer loop
      vertex 44.75 6.26795 2.2
      vertex 12 2.4 2.2
      vertex 44.9048 6.18738 2.2
    endloop
  endfacet
  facet normal 0 0 1
    outer loop
      vertex 44.6028 6.3617 2.2
      vertex 12 2.4 2.2
      vertex 44.75 6.26795 2.2
    endloop
  endfacet
  facet normal 0 0 1
    outer loop
      vertex 44.4644 6.46791 2.2
      vertex 12 2.4 2.2
      vertex 44.6028 6.3617 2.2
    endloop
  endfacet
  facet normal 0 0 1
    outer loop
      vertex 44.3358 6.58579 2.2
      vertex 12 2.4 2.2
      vertex 44.4644 6.46791 2.2
    endloop
  endfacet
  facet normal 0 0 1
    outer loop
      vertex 44.2179 6.71442 2.2
      vertex 12 2.4 2.2
      vertex 44.3358 6.58579 2.2
    endloop
  endfacet
  facet normal 0 0 1
    outer loop
      vertex 44.1117 6.85285 2.2
      vertex 12 2.4 2.2
      vertex 44.2179 6.71442 2.2
    endloop
  endfacet
  facet normal 0 0 1
    outer loop
      vertex 44.0179 7 2.2
      vertex 12 2.4 2.2
      vertex 44.1117 6.85285 2.2
    endloop
  endfacet
  facet normal 0 0 1
    outer loop
      vertex 43.9374 7.15476 2.2
      vertex 12 2.4 2.2
      vertex 44.0179 7 2.2
    endloop
  endfacet
  facet normal 0 0 1
    outer loop
      vertex 8.25 48 2.2
      vertex 17.0876 51.2 2.2
      vertex 17.0312 51.3083 2.2
    endloop
  endfacet
  facet normal 0 0 1
    outer loop
      vertex 8.25 48 2.2
      vertex 17.0312 51.3083 2.2
      vertex 16.9844 51.4212 2.2
    endloop
  endfacet
  facet normal 0 0 1
    outer loop
      vertex 8.25 48 2.2
      vertex 16.9844 51.4212 2.2
      vertex 16.9477 51.5377 2.2
    endloop
  endfacet
  facet normal 0 0 1
    outer loop
      vertex 8.25 48 2.2
      vertex 16.9477 51.5377 2.2
      vertex 16.9213 51.6569 2.2
    endloop
  endfacet
  facet normal 0 0 1
    outer loop
      vertex 8.25 48 2.2
      vertex 16.9213 51.6569 2.2
      vertex 16.9053 51.778 2.2
    endloop
  endfacet
  facet normal 0 0 1
    outer loop
      vertex 8.225 95.6354 2.2
      vertex 16.9 113.9 2.2
      vertex 8.23858 95.7385 2.2
    endloop
  endfacet
  facet normal -0 0 1
    outer loop
      vertex 5.21177 124.288 2.2
      vertex 17.1532 114.703 2.2
      vertex 5.82924 124.854 2.2
    endloop
  endfacet
  facet normal 0 0 1
    outer loop
      vertex 8.25 48 2.2
      vertex 16.9053 51.778 2.2
      vertex 16.9 51.9 2.2
    endloop
  endfacet
  facet normal 0 0 1
    outer loop
      vertex 17.1532 114.703 2.2
      vertex 5.21177 124.288 2.2
      vertex 17.0876 114.6 2.2
    endloop
  endfacet
  facet normal 0 0 1
    outer loop
      vertex 23.5 41.325 2.2
      vertex 8.71661 2.97895 2.2
      vertex 12 2.4 2.2
    endloop
  endfacet
  facet normal -0 0 1
    outer loop
      vertex 4.64597 123.671 2.2
      vertex 17.0876 114.6 2.2
      vertex 5.21177 124.288 2.2
    endloop
  endfacet
  facet normal 0 0 1
    outer loop
      vertex 12 2.4 2.2
      vertex 8.71661 2.97895 2.2
      vertex 11.1633 2.43653 2.2
    endloop
  endfacet
  facet normal -0 0 1
    outer loop
      vertex 4.13614 123.006 2.2
      vertex 17.0876 114.6 2.2
      vertex 4.64597 123.671 2.2
    endloop
  endfacet
  facet normal 0 0 1
    outer loop
      vertex 11.1633 2.43653 2.2
      vertex 8.71661 2.97895 2.2
      vertex 10.333 2.54585 2.2
    endloop
  endfacet
  facet normal 0 0 1
    outer loop
      vertex 10.333 2.54585 2.2
      vertex 8.71661 2.97895 2.2
      vertex 9.51534 2.72711 2.2
    endloop
  endfacet
  facet normal 0 0 1
    outer loop
      vertex 8.225 96.3646 2.2
      vertex 16.9 113.9 2.2
      vertex 8.225 109 2.2
    endloop
  endfacet
  facet normal 0 0 1
    outer loop
      vertex 16.9 113.9 2.2
      vertex 8.23858 96.2615 2.2
      vertex 8.25 96 2.2
    endloop
  endfacet
  facet normal -0 0 1
    outer loop
      vertex 3.68616 122.3 2.2
      vertex 17.0876 114.6 2.2
      vertex 4.13614 123.006 2.2
    endloop
  endfacet
  facet normal -0 0 1
    outer loop
      vertex 3.29945 121.557 2.2
      vertex 17.0876 114.6 2.2
      vertex 3.68616 122.3 2.2
    endloop
  endfacet
  facet normal -0 0 1
    outer loop
      vertex 2.97895 120.783 2.2
      vertex 17.0876 114.6 2.2
      vertex 3.29945 121.557 2.2
    endloop
  endfacet
  facet normal 0 0 1
    outer loop
      vertex 8.225 109 2.2
      vertex 2.4 117.5 2.2
      vertex 7.325 109 2.2
    endloop
  endfacet
  facet normal 0 -0 1
    outer loop
      vertex 3.32164 98.2981 2.2
      vertex 7.325 109 2.2
      vertex 2.4 117.5 2.2
    endloop
  endfacet
  facet normal 0 0 1
    outer loop
      vertex 7.325 109 2.2
      vertex 7.17836 98.2981 2.2
      vertex 7.325 98.1638 2.2
    endloop
  endfacet
  facet normal 0 0 1
    outer loop
      vertex 7.325 109 2.2
      vertex 6.97073 98.4575 2.2
      vertex 7.17836 98.2981 2.2
    endloop
  endfacet
  facet normal 0 0 1
    outer loop
      vertex 7.325 109 2.2
      vertex 6.75 98.5981 2.2
      vertex 6.97073 98.4575 2.2
    endloop
  endfacet
  facet normal 0 0 1
    outer loop
      vertex 17.0876 114.6 2.2
      vertex 2.97895 120.783 2.2
      vertex 17.0312 114.492 2.2
    endloop
  endfacet
  facet normal 0 0 1
    outer loop
      vertex 7.325 109 2.2
      vertex 6.51785 98.7189 2.2
      vertex 6.75 98.5981 2.2
    endloop
  endfacet
  facet normal 0 0 1
    outer loop
      vertex 7.325 109 2.2
      vertex 6.27606 98.8191 2.2
      vertex 6.51785 98.7189 2.2
    endloop
  endfacet
  facet normal -0 0 1
    outer loop
      vertex 2.72711 119.985 2.2
      vertex 17.0312 114.492 2.2
      vertex 2.97895 120.783 2.2
    endloop
  endfacet
  facet normal 0 0 1
    outer loop
      vertex 7.325 109 2.2
      vertex 6.02646 98.8978 2.2
      vertex 6.27606 98.8191 2.2
    endloop
  endfacet
  facet normal 0 0 1
    outer loop
      vertex 7.325 109 2.2
      vertex 5.77094 98.9544 2.2
      vertex 6.02646 98.8978 2.2
    endloop
  endfacet
  facet normal 0 0 1
    outer loop
      vertex 7.325 109 2.2
      vertex 5.51147 98.9886 2.2
      vertex 5.77094 98.9544 2.2
    endloop
  endfacet
  facet normal -0 0 1
    outer loop
      vertex 2.54585 119.167 2.2
      vertex 17.0312 114.492 2.2
      vertex 2.72711 119.985 2.2
    endloop
  endfacet
  facet normal 0 0 1
    outer loop
      vertex 7.325 109 2.2
      vertex 5.25 99 2.2
      vertex 5.51147 98.9886 2.2
    endloop
  endfacet
  facet normal 0 0 1
    outer loop
      vertex 7.325 109 2.2
      vertex 4.98853 98.9886 2.2
      vertex 5.25 99 2.2
    endloop
  endfacet
  facet normal -0 0 1
    outer loop
      vertex 2.43653 118.337 2.2
      vertex 17.0312 114.492 2.2
      vertex 2.54585 119.167 2.2
    endloop
  endfacet
  facet normal 0 0 1
    outer loop
      vertex 7.325 109 2.2
      vertex 4.72906 98.9544 2.2
      vertex 4.98853 98.9886 2.2
    endloop
  endfacet
  facet normal 0 0 1
    outer loop
      vertex 7.325 109 2.2
      vertex 4.47354 98.8978 2.2
      vertex 4.72906 98.9544 2.2
    endloop
  endfacet
  facet normal -0 0 1
    outer loop
      vertex 2.4 117.5 2.2
      vertex 17.0312 114.492 2.2
      vertex 2.43653 118.337 2.2
    endloop
  endfacet
  facet normal 0 0 1
    outer loop
      vertex 7.325 109 2.2
      vertex 4.22394 98.8191 2.2
      vertex 4.47354 98.8978 2.2
    endloop
  endfacet
  facet normal 0 0 1
    outer loop
      vertex 7.325 109 2.2
      vertex 3.98214 98.7189 2.2
      vertex 4.22394 98.8191 2.2
    endloop
  endfacet
  facet normal 0 0 1
    outer loop
      vertex 17.0312 114.492 2.2
      vertex 2.4 117.5 2.2
      vertex 16.9844 114.379 2.2
    endloop
  endfacet
  facet normal 0 0 1
    outer loop
      vertex 7.325 109 2.2
      vertex 3.75 98.5981 2.2
      vertex 3.98214 98.7189 2.2
    endloop
  endfacet
  facet normal 0 0 1
    outer loop
      vertex 7.325 109 2.2
      vertex 3.52927 98.4575 2.2
      vertex 3.75 98.5981 2.2
    endloop
  endfacet
  facet normal 0 0 1
    outer loop
      vertex 16.9053 114.022 2.2
      vertex 8.225 109 2.2
      vertex 16.9 113.9 2.2
    endloop
  endfacet
  facet normal 0 0 1
    outer loop
      vertex 7.325 109 2.2
      vertex 3.32164 98.2981 2.2
      vertex 3.52927 98.4575 2.2
    endloop
  endfacet
  facet normal 0 0 1
    outer loop
      vertex 16.9844 114.379 2.2
      vertex 2.4 117.5 2.2
      vertex 16.9477 114.262 2.2
    endloop
  endfacet
  facet normal 0 0 1
    outer loop
      vertex 3.32164 98.2981 2.2
      vertex 2.4 117.5 2.2
      vertex 3.12868 98.1213 2.2
    endloop
  endfacet
  facet normal 0 0 1
    outer loop
      vertex 3.12868 98.1213 2.2
      vertex 2.4 117.5 2.2
      vertex 2.95187 97.9284 2.2
    endloop
  endfacet
  facet normal 0 -0 1
    outer loop
      vertex 8.225 109 2.2
      vertex 16.9477 114.262 2.2
      vertex 2.4 117.5 2.2
    endloop
  endfacet
  facet normal 0 0 1
    outer loop
      vertex 2.95187 97.9284 2.2
      vertex 2.4 117.5 2.2
      vertex 2.79254 97.7207 2.2
    endloop
  endfacet
  facet normal 0 0 1
    outer loop
      vertex 16.9477 114.262 2.2
      vertex 8.225 109 2.2
      vertex 16.9213 114.143 2.2
    endloop
  endfacet
  facet normal 0 0 1
    outer loop
      vertex 2.79254 97.7207 2.2
      vertex 2.4 117.5 2.2
      vertex 2.65192 97.5 2.2
    endloop
  endfacet
  facet normal 0 0 1
    outer loop
      vertex 16.9213 114.143 2.2
      vertex 8.225 109 2.2
      vertex 16.9053 114.022 2.2
    endloop
  endfacet
  facet normal 0 0 1
    outer loop
      vertex 2.65192 97.5 2.2
      vertex 2.4 117.5 2.2
      vertex 2.53108 97.2679 2.2
    endloop
  endfacet
  facet normal 0 0 1
    outer loop
      vertex 2.53108 97.2679 2.2
      vertex 2.4 117.5 2.2
      vertex 2.43092 97.0261 2.2
    endloop
  endfacet
  facet normal 0 0 1
    outer loop
      vertex 2.43092 97.0261 2.2
      vertex 2.4 117.5 2.2
      vertex 2.4 96.928 2.2
    endloop
  endfacet
  facet normal 0 0 1
    outer loop
      vertex 101.822 115.295 2.2
      vertex 96.5 121.275 2.2
      vertex 101.7 115.3 2.2
    endloop
  endfacet
  facet normal -0 0 1
    outer loop
      vertex 23.5 121.275 2.2
      vertex 101.7 115.3 2.2
      vertex 96.5 121.275 2.2
    endloop
  endfacet
  facet normal 0 0 1
    outer loop
      vertex 101.7 115.3 2.2
      vertex 23.5 121.275 2.2
      vertex 18.3 115.3 2.2
    endloop
  endfacet
  facet normal 0.793356 0.608758 0
    outer loop
      vertex 4.64597 5.82924 12.95
      vertex 4.13614 6.49367 2.2
      vertex 4.13614 6.49367 12.95
    endloop
  endfacet
  facet normal 0.793356 0.608758 0
    outer loop
      vertex 4.13614 6.49367 2.2
      vertex 4.64597 5.82924 12.95
      vertex 4.64597 5.82924 2.2
    endloop
  endfacet
  facet normal 0.537298 0.843392 -0
    outer loop
      vertex 7.2 3.68616 2.2
      vertex 6.49367 4.13614 12.95
      vertex 7.2 3.68616 12.95
    endloop
  endfacet
  facet normal 0.537298 0.843392 0
    outer loop
      vertex 6.49367 4.13614 12.95
      vertex 7.2 3.68616 2.2
      vertex 6.49367 4.13614 2.2
    endloop
  endfacet
  facet normal -0.843268 -0.537494 0
    outer loop
      vertex 116.314 122.3 2.2
      vertex 115.864 123.006 12.95
      vertex 115.864 123.006 2.2
    endloop
  endfacet
  facet normal -0.843268 -0.537494 0
    outer loop
      vertex 115.864 123.006 12.95
      vertex 116.314 122.3 2.2
      vertex 116.314 122.3 12.95
    endloop
  endfacet
  facet normal -0.301131 -0.953583 0
    outer loop
      vertex 110.485 126.773 2.2
      vertex 111.283 126.521 12.95
      vertex 110.485 126.773 12.95
    endloop
  endfacet
  facet normal -0.301131 -0.953583 -0
    outer loop
      vertex 111.283 126.521 12.95
      vertex 110.485 126.773 2.2
      vertex 111.283 126.521 2.2
    endloop
  endfacet
  facet normal -0.0436025 0.999049 0
    outer loop
      vertex 108.837 2.43653 2.2
      vertex 108 2.4 12.95
      vertex 108.837 2.43653 12.95
    endloop
  endfacet
  facet normal -0.0436025 0.999049 0
    outer loop
      vertex 108 2.4 12.95
      vertex 108.837 2.43653 2.2
      vertex 108 2.4 2.2
    endloop
  endfacet
  facet normal -0.953583 -0.301131 0
    outer loop
      vertex 117.273 119.985 2.2
      vertex 117.021 120.783 12.95
      vertex 117.021 120.783 2.2
    endloop
  endfacet
  facet normal -0.953583 -0.301131 0
    outer loop
      vertex 117.021 120.783 12.95
      vertex 117.273 119.985 2.2
      vertex 117.273 119.985 12.95
    endloop
  endfacet
  facet normal -0.999024 -0.0441624 0
    outer loop
      vertex 117.6 117.5 2.2
      vertex 117.563 118.337 12.95
      vertex 117.563 118.337 2.2
    endloop
  endfacet
  facet normal -0.999024 -0.0441624 0
    outer loop
      vertex 117.563 118.337 12.95
      vertex 117.6 117.5 2.2
      vertex 117.6 117.5 12.95
    endloop
  endfacet
  facet normal 0.923922 -0.38258 0
    outer loop
      vertex 2.97895 120.783 12.95
      vertex 3.29945 121.557 2.2
      vertex 3.29945 121.557 12.95
    endloop
  endfacet
  facet normal 0.923922 -0.38258 0
    outer loop
      vertex 3.29945 121.557 2.2
      vertex 2.97895 120.783 12.95
      vertex 2.97895 120.783 2.2
    endloop
  endfacet
  facet normal 0 -1 0
    outer loop
      vertex 12 127.1 2.2
      vertex 108 127.1 12.95
      vertex 12 127.1 12.95
    endloop
  endfacet
  facet normal 0 -1 -0
    outer loop
      vertex 108 127.1 12.95
      vertex 12 127.1 2.2
      vertex 108 127.1 2.2
    endloop
  endfacet
  facet normal -0.461954 -0.886904 0
    outer loop
      vertex 112.057 126.201 2.2
      vertex 112.8 125.814 12.95
      vertex 112.057 126.201 12.95
    endloop
  endfacet
  facet normal -0.461954 -0.886904 -0
    outer loop
      vertex 112.8 125.814 12.95
      vertex 112.057 126.201 2.2
      vertex 112.8 125.814 2.2
    endloop
  endfacet
  facet normal -0.0441624 -0.999024 0
    outer loop
      vertex 108 127.1 2.2
      vertex 108.837 127.063 12.95
      vertex 108 127.1 12.95
    endloop
  endfacet
  facet normal -0.0441624 -0.999024 -0
    outer loop
      vertex 108.837 127.063 12.95
      vertex 108 127.1 2.2
      vertex 108.837 127.063 2.2
    endloop
  endfacet
  facet normal 0.300881 -0.953662 0
    outer loop
      vertex 8.71661 126.521 2.2
      vertex 9.51534 126.773 12.95
      vertex 8.71661 126.521 12.95
    endloop
  endfacet
  facet normal 0.300881 -0.953662 0
    outer loop
      vertex 9.51534 126.773 12.95
      vertex 8.71661 126.521 2.2
      vertex 9.51534 126.773 2.2
    endloop
  endfacet
  facet normal 0.953638 -0.300957 0
    outer loop
      vertex 2.72711 119.985 12.95
      vertex 2.97895 120.783 2.2
      vertex 2.97895 120.783 12.95
    endloop
  endfacet
  facet normal 0.953638 -0.300957 0
    outer loop
      vertex 2.97895 120.783 2.2
      vertex 2.72711 119.985 12.95
      vertex 2.72711 119.985 2.2
    endloop
  endfacet
  facet normal -0.382071 -0.924133 0
    outer loop
      vertex 111.283 126.521 2.2
      vertex 112.057 126.201 12.95
      vertex 111.283 126.521 12.95
    endloop
  endfacet
  facet normal -0.382071 -0.924133 -0
    outer loop
      vertex 112.057 126.201 12.95
      vertex 111.283 126.521 2.2
      vertex 112.057 126.201 2.2
    endloop
  endfacet
  facet normal -0.991487 -0.130207 0
    outer loop
      vertex 117.563 118.337 2.2
      vertex 117.454 119.167 12.95
      vertex 117.454 119.167 2.2
    endloop
  endfacet
  facet normal -0.991487 -0.130207 0
    outer loop
      vertex 117.454 119.167 12.95
      vertex 117.563 118.337 2.2
      vertex 117.563 118.337 12.95
    endloop
  endfacet
  facet normal -0.537494 -0.843268 0
    outer loop
      vertex 112.8 125.814 2.2
      vertex 113.506 125.364 12.95
      vertex 112.8 125.814 12.95
    endloop
  endfacet
  facet normal -0.537494 -0.843268 -0
    outer loop
      vertex 113.506 125.364 12.95
      vertex 112.8 125.814 2.2
      vertex 113.506 125.364 2.2
    endloop
  endfacet
  facet normal -0.79351 -0.608557 0
    outer loop
      vertex 115.864 123.006 2.2
      vertex 115.354 123.671 12.95
      vertex 115.354 123.671 2.2
    endloop
  endfacet
  facet normal -0.79351 -0.608557 0
    outer loop
      vertex 115.354 123.671 12.95
      vertex 115.864 123.006 2.2
      vertex 115.864 123.006 12.95
    endloop
  endfacet
  facet normal 0.0436181 0.999048 -0
    outer loop
      vertex 12 2.4 2.2
      vertex 11.1633 2.43653 12.95
      vertex 12 2.4 12.95
    endloop
  endfacet
  facet normal 0.0436181 0.999048 0
    outer loop
      vertex 11.1633 2.43653 12.95
      vertex 12 2.4 2.2
      vertex 11.1633 2.43653 2.2
    endloop
  endfacet
  facet normal -0.130207 -0.991487 0
    outer loop
      vertex 108.837 127.063 2.2
      vertex 109.667 126.954 12.95
      vertex 108.837 127.063 12.95
    endloop
  endfacet
  facet normal -0.130207 -0.991487 -0
    outer loop
      vertex 109.667 126.954 12.95
      vertex 108.837 127.063 2.2
      vertex 109.667 126.954 2.2
    endloop
  endfacet
  facet normal -0.991493 0.130161 0
    outer loop
      vertex 117.454 10.333 2.2
      vertex 117.563 11.1633 12.95
      vertex 117.563 11.1633 2.2
    endloop
  endfacet
  facet normal -0.991493 0.130161 0
    outer loop
      vertex 117.563 11.1633 12.95
      vertex 117.454 10.333 2.2
      vertex 117.454 10.333 12.95
    endloop
  endfacet
  facet normal 0.843279 -0.537477 0
    outer loop
      vertex 3.68616 122.3 12.95
      vertex 4.13614 123.006 2.2
      vertex 4.13614 123.006 12.95
    endloop
  endfacet
  facet normal 0.843279 -0.537477 0
    outer loop
      vertex 4.13614 123.006 2.2
      vertex 3.68616 122.3 12.95
      vertex 3.68616 122.3 2.2
    endloop
  endfacet
  facet normal 0.887046 -0.461682 0
    outer loop
      vertex 3.29945 121.557 12.95
      vertex 3.68616 122.3 2.2
      vertex 3.68616 122.3 12.95
    endloop
  endfacet
  facet normal 0.887046 -0.461682 0
    outer loop
      vertex 3.68616 122.3 2.2
      vertex 3.29945 121.557 12.95
      vertex 3.29945 121.557 2.2
    endloop
  endfacet
  facet normal -0.92409 0.382176 0
    outer loop
      vertex 116.701 7.94286 2.2
      vertex 117.021 8.71661 12.95
      vertex 117.021 8.71661 2.2
    endloop
  endfacet
  facet normal -0.92409 0.382176 0
    outer loop
      vertex 117.021 8.71661 12.95
      vertex 116.701 7.94286 2.2
      vertex 116.701 7.94286 12.95
    endloop
  endfacet
  facet normal 0.843392 0.537298 0
    outer loop
      vertex 4.13614 6.49367 12.95
      vertex 3.68616 7.2 2.2
      vertex 3.68616 7.2 12.95
    endloop
  endfacet
  facet normal 0.843392 0.537298 0
    outer loop
      vertex 3.68616 7.2 2.2
      vertex 4.13614 6.49367 12.95
      vertex 4.13614 6.49367 2.2
    endloop
  endfacet
  facet normal -0.216046 -0.976383 0
    outer loop
      vertex 109.667 126.954 2.2
      vertex 110.485 126.773 12.95
      vertex 109.667 126.954 12.95
    endloop
  endfacet
  facet normal -0.216046 -0.976383 -0
    outer loop
      vertex 110.485 126.773 12.95
      vertex 109.667 126.954 2.2
      vertex 110.485 126.773 2.2
    endloop
  endfacet
  facet normal -0.130583 0.991437 0
    outer loop
      vertex 109.667 2.54585 2.2
      vertex 108.837 2.43653 12.95
      vertex 109.667 2.54585 12.95
    endloop
  endfacet
  facet normal -0.130583 0.991437 0
    outer loop
      vertex 108.837 2.43653 12.95
      vertex 109.667 2.54585 2.2
      vertex 108.837 2.43653 2.2
    endloop
  endfacet
  facet normal -0.608429 0.793608 0
    outer loop
      vertex 114.171 4.64597 2.2
      vertex 113.506 4.13614 12.95
      vertex 114.171 4.64597 12.95
    endloop
  endfacet
  facet normal -0.608429 0.793608 0
    outer loop
      vertex 113.506 4.13614 12.95
      vertex 114.171 4.64597 2.2
      vertex 113.506 4.13614 2.2
    endloop
  endfacet
  facet normal 0.976318 -0.216342 0
    outer loop
      vertex 2.54585 119.167 12.95
      vertex 2.72711 119.985 2.2
      vertex 2.72711 119.985 12.95
    endloop
  endfacet
  facet normal 0.976318 -0.216342 0
    outer loop
      vertex 2.72711 119.985 2.2
      vertex 2.54585 119.167 12.95
      vertex 2.54585 119.167 2.2
    endloop
  endfacet
  facet normal -0.675995 -0.736906 0
    outer loop
      vertex 114.171 124.854 2.2
      vertex 114.788 124.288 12.95
      vertex 114.171 124.854 12.95
    endloop
  endfacet
  facet normal -0.675995 -0.736906 -0
    outer loop
      vertex 114.788 124.288 12.95
      vertex 114.171 124.854 2.2
      vertex 114.788 124.288 2.2
    endloop
  endfacet
  facet normal -0.886904 -0.461954 0
    outer loop
      vertex 116.701 121.557 2.2
      vertex 116.314 122.3 12.95
      vertex 116.314 122.3 2.2
    endloop
  endfacet
  facet normal -0.886904 -0.461954 0
    outer loop
      vertex 116.314 122.3 12.95
      vertex 116.701 121.557 2.2
      vertex 116.701 121.557 12.95
    endloop
  endfacet
  facet normal -0.924133 -0.382071 0
    outer loop
      vertex 117.021 120.783 2.2
      vertex 116.701 121.557 12.95
      vertex 116.701 121.557 2.2
    endloop
  endfacet
  facet normal -0.924133 -0.382071 0
    outer loop
      vertex 116.701 121.557 12.95
      vertex 117.021 120.783 2.2
      vertex 117.021 120.783 12.95
    endloop
  endfacet
  facet normal -0.675865 0.737025 0
    outer loop
      vertex 114.788 5.21177 2.2
      vertex 114.171 4.64597 12.95
      vertex 114.788 5.21177 12.95
    endloop
  endfacet
  facet normal -0.675865 0.737025 0
    outer loop
      vertex 114.171 4.64597 12.95
      vertex 114.788 5.21177 2.2
      vertex 114.171 4.64597 2.2
    endloop
  endfacet
  facet normal -0.608557 -0.79351 0
    outer loop
      vertex 113.506 125.364 2.2
      vertex 114.171 124.854 12.95
      vertex 113.506 125.364 12.95
    endloop
  endfacet
  facet normal -0.608557 -0.79351 -0
    outer loop
      vertex 114.171 124.854 12.95
      vertex 113.506 125.364 2.2
      vertex 114.171 124.854 2.2
    endloop
  endfacet
  facet normal 0.462022 -0.886868 0
    outer loop
      vertex 7.2 125.814 2.2
      vertex 7.94286 126.201 12.95
      vertex 7.2 125.814 12.95
    endloop
  endfacet
  facet normal 0.462022 -0.886868 0
    outer loop
      vertex 7.94286 126.201 12.95
      vertex 7.2 125.814 2.2
      vertex 7.94286 126.201 2.2
    endloop
  endfacet
  facet normal 0.130161 -0.991493 0
    outer loop
      vertex 10.333 126.954 2.2
      vertex 11.1633 127.063 12.95
      vertex 10.333 126.954 12.95
    endloop
  endfacet
  facet normal 0.130161 -0.991493 0
    outer loop
      vertex 11.1633 127.063 12.95
      vertex 10.333 126.954 2.2
      vertex 11.1633 127.063 2.2
    endloop
  endfacet
  facet normal 0.382686 0.923879 -0
    outer loop
      vertex 8.71661 2.97895 2.2
      vertex 7.94286 3.29945 12.95
      vertex 8.71661 2.97895 12.95
    endloop
  endfacet
  facet normal 0.382686 0.923879 0
    outer loop
      vertex 7.94286 3.29945 12.95
      vertex 8.71661 2.97895 2.2
      vertex 7.94286 3.29945 2.2
    endloop
  endfacet
  facet normal -0.886868 0.462022 0
    outer loop
      vertex 116.314 7.2 2.2
      vertex 116.701 7.94286 12.95
      vertex 116.701 7.94286 2.2
    endloop
  endfacet
  facet normal -0.886868 0.462022 0
    outer loop
      vertex 116.701 7.94286 12.95
      vertex 116.314 7.2 2.2
      vertex 116.314 7.2 12.95
    endloop
  endfacet
  facet normal 0.608758 0.793356 -0
    outer loop
      vertex 6.49367 4.13614 2.2
      vertex 5.82924 4.64597 12.95
      vertex 6.49367 4.13614 12.95
    endloop
  endfacet
  facet normal 0.608758 0.793356 0
    outer loop
      vertex 5.82924 4.64597 12.95
      vertex 6.49367 4.13614 2.2
      vertex 5.82924 4.64597 2.2
    endloop
  endfacet
  facet normal 0.991437 -0.130583 0
    outer loop
      vertex 2.43653 118.337 12.95
      vertex 2.54585 119.167 2.2
      vertex 2.54585 119.167 12.95
    endloop
  endfacet
  facet normal 0.991437 -0.130583 0
    outer loop
      vertex 2.54585 119.167 2.2
      vertex 2.43653 118.337 12.95
      vertex 2.43653 118.337 2.2
    endloop
  endfacet
  facet normal 0.999049 -0.0436025 0
    outer loop
      vertex 2.4 117.5 12.95
      vertex 2.43653 118.337 2.2
      vertex 2.43653 118.337 12.95
    endloop
  endfacet
  facet normal 0.999049 -0.0436025 0
    outer loop
      vertex 2.43653 118.337 2.2
      vertex 2.4 117.5 12.95
      vertex 2.4 117.5 2.2
    endloop
  endfacet
  facet normal -0.737163 0.675715 0
    outer loop
      vertex 114.788 5.21177 2.2
      vertex 115.354 5.82924 12.95
      vertex 115.354 5.82924 2.2
    endloop
  endfacet
  facet normal -0.737163 0.675715 0
    outer loop
      vertex 115.354 5.82924 12.95
      vertex 114.788 5.21177 2.2
      vertex 114.788 5.21177 12.95
    endloop
  endfacet
  facet normal -0.793258 0.608885 0
    outer loop
      vertex 115.354 5.82924 2.2
      vertex 115.864 6.49367 12.95
      vertex 115.864 6.49367 2.2
    endloop
  endfacet
  facet normal -0.793258 0.608885 0
    outer loop
      vertex 115.864 6.49367 12.95
      vertex 115.354 5.82924 2.2
      vertex 115.354 5.82924 12.95
    endloop
  endfacet
  facet normal -0.300957 0.953638 0
    outer loop
      vertex 111.283 2.97895 2.2
      vertex 110.485 2.72711 12.95
      vertex 111.283 2.97895 12.95
    endloop
  endfacet
  facet normal -0.300957 0.953638 0
    outer loop
      vertex 110.485 2.72711 12.95
      vertex 111.283 2.97895 2.2
      vertex 110.485 2.72711 2.2
    endloop
  endfacet
  facet normal -0.843382 0.537315 0
    outer loop
      vertex 115.864 6.49367 2.2
      vertex 116.314 7.2 12.95
      vertex 116.314 7.2 2.2
    endloop
  endfacet
  facet normal -0.843382 0.537315 0
    outer loop
      vertex 116.314 7.2 12.95
      vertex 115.864 6.49367 2.2
      vertex 115.864 6.49367 12.95
    endloop
  endfacet
  facet normal 0.737282 0.675586 0
    outer loop
      vertex 5.21177 5.21177 12.95
      vertex 4.64597 5.82924 2.2
      vertex 4.64597 5.82924 12.95
    endloop
  endfacet
  facet normal 0.737282 0.675586 0
    outer loop
      vertex 4.64597 5.82924 2.2
      vertex 5.21177 5.21177 12.95
      vertex 5.21177 5.21177 2.2
    endloop
  endfacet
  facet normal -0.216342 0.976318 0
    outer loop
      vertex 110.485 2.72711 2.2
      vertex 109.667 2.54585 12.95
      vertex 110.485 2.72711 12.95
    endloop
  endfacet
  facet normal -0.216342 0.976318 0
    outer loop
      vertex 109.667 2.54585 12.95
      vertex 110.485 2.72711 2.2
      vertex 109.667 2.54585 2.2
    endloop
  endfacet
  facet normal -0.976364 0.216131 0
    outer loop
      vertex 117.273 9.51534 2.2
      vertex 117.454 10.333 12.95
      vertex 117.454 10.333 2.2
    endloop
  endfacet
  facet normal -0.976364 0.216131 0
    outer loop
      vertex 117.454 10.333 12.95
      vertex 117.273 9.51534 2.2
      vertex 117.273 9.51534 12.95
    endloop
  endfacet
  facet normal -0.736906 -0.675995 0
    outer loop
      vertex 115.354 123.671 2.2
      vertex 114.788 124.288 12.95
      vertex 114.788 124.288 2.2
    endloop
  endfacet
  facet normal -0.736906 -0.675995 0
    outer loop
      vertex 114.788 124.288 12.95
      vertex 115.354 123.671 2.2
      vertex 115.354 123.671 12.95
    endloop
  endfacet
  facet normal 0.537315 -0.843382 0
    outer loop
      vertex 6.49367 125.364 2.2
      vertex 7.2 125.814 12.95
      vertex 6.49367 125.364 12.95
    endloop
  endfacet
  facet normal 0.537315 -0.843382 0
    outer loop
      vertex 7.2 125.814 12.95
      vertex 6.49367 125.364 2.2
      vertex 7.2 125.814 2.2
    endloop
  endfacet
  facet normal -0.461682 0.887046 0
    outer loop
      vertex 112.8 3.68616 2.2
      vertex 112.057 3.29945 12.95
      vertex 112.8 3.68616 12.95
    endloop
  endfacet
  facet normal -0.461682 0.887046 0
    outer loop
      vertex 112.057 3.29945 12.95
      vertex 112.8 3.68616 2.2
      vertex 112.057 3.29945 2.2
    endloop
  endfacet
  facet normal 0.675715 -0.737163 0
    outer loop
      vertex 5.21177 124.288 2.2
      vertex 5.82924 124.854 12.95
      vertex 5.21177 124.288 12.95
    endloop
  endfacet
  facet normal 0.675715 -0.737163 0
    outer loop
      vertex 5.82924 124.854 12.95
      vertex 5.21177 124.288 2.2
      vertex 5.82924 124.854 2.2
    endloop
  endfacet
  facet normal -0.38258 0.923922 0
    outer loop
      vertex 112.057 3.29945 2.2
      vertex 111.283 2.97895 12.95
      vertex 112.057 3.29945 12.95
    endloop
  endfacet
  facet normal -0.38258 0.923922 0
    outer loop
      vertex 111.283 2.97895 12.95
      vertex 112.057 3.29945 2.2
      vertex 111.283 2.97895 2.2
    endloop
  endfacet
  facet normal 0.216427 0.976299 -0
    outer loop
      vertex 10.333 2.54585 2.2
      vertex 9.51534 2.72711 12.95
      vertex 10.333 2.54585 12.95
    endloop
  endfacet
  facet normal 0.216427 0.976299 0
    outer loop
      vertex 9.51534 2.72711 12.95
      vertex 10.333 2.54585 2.2
      vertex 9.51534 2.72711 2.2
    endloop
  endfacet
  facet normal 0.382176 -0.92409 0
    outer loop
      vertex 7.94286 126.201 2.2
      vertex 8.71661 126.521 12.95
      vertex 7.94286 126.201 12.95
    endloop
  endfacet
  facet normal 0.382176 -0.92409 0
    outer loop
      vertex 8.71661 126.521 12.95
      vertex 7.94286 126.201 2.2
      vertex 8.71661 126.521 2.2
    endloop
  endfacet
  facet normal -0.999024 0.0441782 0
    outer loop
      vertex 117.563 11.1633 2.2
      vertex 117.6 12 12.95
      vertex 117.6 12 2.2
    endloop
  endfacet
  facet normal -0.999024 0.0441782 0
    outer loop
      vertex 117.6 12 12.95
      vertex 117.563 11.1633 2.2
      vertex 117.563 11.1633 12.95
    endloop
  endfacet
  facet normal 0.130537 0.991443 -0
    outer loop
      vertex 11.1633 2.43653 2.2
      vertex 10.333 2.54585 12.95
      vertex 11.1633 2.43653 12.95
    endloop
  endfacet
  facet normal 0.130537 0.991443 0
    outer loop
      vertex 10.333 2.54585 12.95
      vertex 11.1633 2.43653 2.2
      vertex 10.333 2.54585 2.2
    endloop
  endfacet
  facet normal 0.46175 0.88701 -0
    outer loop
      vertex 7.94286 3.29945 2.2
      vertex 7.2 3.68616 12.95
      vertex 7.94286 3.29945 12.95
    endloop
  endfacet
  facet normal 0.46175 0.88701 0
    outer loop
      vertex 7.2 3.68616 12.95
      vertex 7.94286 3.29945 2.2
      vertex 7.2 3.68616 2.2
    endloop
  endfacet
  facet normal 0.923879 0.382686 0
    outer loop
      vertex 3.29945 7.94286 12.95
      vertex 2.97895 8.71661 2.2
      vertex 2.97895 8.71661 12.95
    endloop
  endfacet
  facet normal 0.923879 0.382686 0
    outer loop
      vertex 2.97895 8.71661 2.2
      vertex 3.29945 7.94286 12.95
      vertex 3.29945 7.94286 2.2
    endloop
  endfacet
  facet normal -0.953662 0.300881 0
    outer loop
      vertex 117.021 8.71661 2.2
      vertex 117.273 9.51534 12.95
      vertex 117.273 9.51534 2.2
    endloop
  endfacet
  facet normal -0.953662 0.300881 0
    outer loop
      vertex 117.273 9.51534 12.95
      vertex 117.021 8.71661 2.2
      vertex 117.021 8.71661 12.95
    endloop
  endfacet
  facet normal 0.88701 0.46175 0
    outer loop
      vertex 3.68616 7.2 12.95
      vertex 3.29945 7.94286 2.2
      vertex 3.29945 7.94286 12.95
    endloop
  endfacet
  facet normal 0.88701 0.46175 0
    outer loop
      vertex 3.29945 7.94286 2.2
      vertex 3.68616 7.2 12.95
      vertex 3.68616 7.2 2.2
    endloop
  endfacet
  facet normal 0.300707 0.953716 -0
    outer loop
      vertex 9.51534 2.72711 2.2
      vertex 8.71661 2.97895 12.95
      vertex 9.51534 2.72711 12.95
    endloop
  endfacet
  facet normal 0.300707 0.953716 0
    outer loop
      vertex 8.71661 2.97895 12.95
      vertex 9.51534 2.72711 2.2
      vertex 8.71661 2.97895 2.2
    endloop
  endfacet
  facet normal 0.675586 0.737282 -0
    outer loop
      vertex 5.82924 4.64597 2.2
      vertex 5.21177 5.21177 12.95
      vertex 5.82924 4.64597 12.95
    endloop
  endfacet
  facet normal 0.675586 0.737282 0
    outer loop
      vertex 5.21177 5.21177 12.95
      vertex 5.82924 4.64597 2.2
      vertex 5.21177 5.21177 2.2
    endloop
  endfacet
  facet normal 0.953716 0.300707 0
    outer loop
      vertex 2.97895 8.71661 12.95
      vertex 2.72711 9.51534 2.2
      vertex 2.72711 9.51534 12.95
    endloop
  endfacet
  facet normal 0.953716 0.300707 0
    outer loop
      vertex 2.72711 9.51534 2.2
      vertex 2.97895 8.71661 12.95
      vertex 2.97895 8.71661 2.2
    endloop
  endfacet
  facet normal 0.976299 0.216427 0
    outer loop
      vertex 2.72711 9.51534 12.95
      vertex 2.54585 10.333 2.2
      vertex 2.54585 10.333 12.95
    endloop
  endfacet
  facet normal 0.976299 0.216427 0
    outer loop
      vertex 2.54585 10.333 2.2
      vertex 2.72711 9.51534 12.95
      vertex 2.72711 9.51534 2.2
    endloop
  endfacet
  facet normal 0.991444 0.13053 0
    outer loop
      vertex 1.36408 10.1246 16.8
      vertex 1.2411 11.0587 12.95
      vertex 1.2411 11.0587 16.8
    endloop
  endfacet
  facet normal 0.991444 0.13053 0
    outer loop
      vertex 1.2411 11.0587 12.95
      vertex 1.36408 10.1246 16.8
      vertex 1.36408 10.1246 12.95
    endloop
  endfacet
  facet normal 0.999048 0.0436215 0
    outer loop
      vertex 1.2411 11.0587 16.8
      vertex 1.2 12 12.95
      vertex 1.2 12 16.8
    endloop
  endfacet
  facet normal 0.999048 0.0436215 0
    outer loop
      vertex 1.2 12 12.95
      vertex 1.2411 11.0587 16.8
      vertex 1.2411 11.0587 12.95
    endloop
  endfacet
  facet normal -0.953814 0.300399 0
    outer loop
      vertex 118.149 8.30618 12.95
      vertex 118.432 9.20475 16.8
      vertex 118.432 9.20475 12.95
    endloop
  endfacet
  facet normal -0.953814 0.300399 0
    outer loop
      vertex 118.432 9.20475 16.8
      vertex 118.149 8.30618 12.95
      vertex 118.149 8.30618 16.8
    endloop
  endfacet
  facet normal -0.991442 0.130551 0
    outer loop
      vertex 118.636 10.1246 12.95
      vertex 118.759 11.0587 16.8
      vertex 118.759 11.0587 12.95
    endloop
  endfacet
  facet normal -0.991442 0.130551 0
    outer loop
      vertex 118.759 11.0587 16.8
      vertex 118.636 10.1246 12.95
      vertex 118.636 10.1246 16.8
    endloop
  endfacet
  facet normal -0.976287 -0.216481 0
    outer loop
      vertex 118.636 119.375 12.95
      vertex 118.432 120.295 16.8
      vertex 118.432 120.295 12.95
    endloop
  endfacet
  facet normal -0.976287 -0.216481 0
    outer loop
      vertex 118.432 120.295 16.8
      vertex 118.636 119.375 12.95
      vertex 118.636 119.375 16.8
    endloop
  endfacet
  facet normal 0.300708 0.953716 -0
    outer loop
      vertex 9.20475 1.568 12.95
      vertex 8.30618 1.85132 16.8
      vertex 9.20475 1.568 16.8
    endloop
  endfacet
  facet normal 0.300708 0.953716 0
    outer loop
      vertex 8.30618 1.85132 16.8
      vertex 9.20475 1.568 12.95
      vertex 8.30618 1.85132 12.95
    endloop
  endfacet
  facet normal 0 1 -0
    outer loop
      vertex 108 1.2 12.95
      vertex 12 1.2 16.8
      vertex 108 1.2 16.8
    endloop
  endfacet
  facet normal 0 1 0
    outer loop
      vertex 12 1.2 16.8
      vertex 108 1.2 12.95
      vertex 12 1.2 12.95
    endloop
  endfacet
  facet normal 0.67529 -0.737552 0
    outer loop
      vertex 4.36325 125.137 12.95
      vertex 5.05789 125.773 16.8
      vertex 4.36325 125.137 16.8
    endloop
  endfacet
  facet normal 0.67529 -0.737552 0
    outer loop
      vertex 5.05789 125.773 16.8
      vertex 4.36325 125.137 12.95
      vertex 5.05789 125.773 12.95
    endloop
  endfacet
  facet normal -0.0436353 0.999048 0
    outer loop
      vertex 108.941 1.2411 12.95
      vertex 108 1.2 16.8
      vertex 108.941 1.2411 16.8
    endloop
  endfacet
  facet normal -0.0436353 0.999048 0
    outer loop
      vertex 108 1.2 16.8
      vertex 108.941 1.2411 12.95
      vertex 108 1.2 12.95
    endloop
  endfacet
  facet normal 0.843389 0.537303 0
    outer loop
      vertex 3.15316 5.80537 16.8
      vertex 2.64692 6.6 12.95
      vertex 2.64692 6.6 16.8
    endloop
  endfacet
  facet normal 0.843389 0.537303 0
    outer loop
      vertex 2.64692 6.6 12.95
      vertex 3.15316 5.80537 16.8
      vertex 3.15316 5.80537 12.95
    endloop
  endfacet
  facet normal -1 0 0
    outer loop
      vertex 118.8 60.5 12.95
      vertex 118.8 12 12.95
      vertex 118.8 60.5 14
    endloop
  endfacet
  facet normal -1 0 0
    outer loop
      vertex 118.8 75.5 14
      vertex 118.8 117.5 12.95
      vertex 118.8 75.5 12.95
    endloop
  endfacet
  facet normal -1 0 0
    outer loop
      vertex 118.8 117.5 12.95
      vertex 118.8 75.5 14
      vertex 118.8 117.5 16.8
    endloop
  endfacet
  facet normal -1 0 0
    outer loop
      vertex 118.8 60.5 14
      vertex 118.8 117.5 16.8
      vertex 118.8 75.5 14
    endloop
  endfacet
  facet normal -1 0 0
    outer loop
      vertex 118.8 12 16.8
      vertex 118.8 60.5 14
      vertex 118.8 12 12.95
    endloop
  endfacet
  facet normal -1 0 0
    outer loop
      vertex 118.8 60.5 14
      vertex 118.8 12 16.8
      vertex 118.8 117.5 16.8
    endloop
  endfacet
  facet normal -0.130564 -0.99144 0
    outer loop
      vertex 108.941 128.259 12.95
      vertex 109.875 128.136 16.8
      vertex 108.941 128.259 16.8
    endloop
  endfacet
  facet normal -0.130564 -0.99144 -0
    outer loop
      vertex 109.875 128.136 16.8
      vertex 108.941 128.259 12.95
      vertex 109.875 128.136 12.95
    endloop
  endfacet
  facet normal 1 -0 0
    outer loop
      vertex 1.2 12 16.8
      vertex 1.2 117.5 12.95
      vertex 1.2 117.5 16.8
    endloop
  endfacet
  facet normal 1 0 0
    outer loop
      vertex 1.2 117.5 12.95
      vertex 1.2 12 16.8
      vertex 1.2 12 12.95
    endloop
  endfacet
  facet normal 0.737447 -0.675406 0
    outer loop
      vertex 3.72672 124.442 16.8
      vertex 4.36325 125.137 12.95
      vertex 4.36325 125.137 16.8
    endloop
  endfacet
  facet normal 0.737447 -0.675406 0
    outer loop
      vertex 4.36325 125.137 12.95
      vertex 3.72672 124.442 16.8
      vertex 3.72672 124.442 12.95
    endloop
  endfacet
  facet normal -0.675406 0.737447 0
    outer loop
      vertex 115.637 4.36325 12.95
      vertex 114.942 3.72672 16.8
      vertex 115.637 4.36325 16.8
    endloop
  endfacet
  facet normal -0.675406 0.737447 0
    outer loop
      vertex 114.942 3.72672 16.8
      vertex 115.637 4.36325 12.95
      vertex 114.942 3.72672 12.95
    endloop
  endfacet
  facet normal -0.216481 -0.976287 0
    outer loop
      vertex 109.875 128.136 12.95
      vertex 110.795 127.932 16.8
      vertex 109.875 128.136 16.8
    endloop
  endfacet
  facet normal -0.216481 -0.976287 -0
    outer loop
      vertex 110.795 127.932 16.8
      vertex 109.875 128.136 12.95
      vertex 110.795 127.932 12.95
    endloop
  endfacet
  facet normal -0.843618 -0.536944 0
    outer loop
      vertex 117.353 122.9 12.95
      vertex 116.847 123.695 16.8
      vertex 116.847 123.695 12.95
    endloop
  endfacet
  facet normal -0.843618 -0.536944 0
    outer loop
      vertex 116.847 123.695 16.8
      vertex 117.353 122.9 12.95
      vertex 117.353 122.9 16.8
    endloop
  endfacet
  facet normal -0.953855 -0.300268 0
    outer loop
      vertex 118.432 120.295 12.95
      vertex 118.149 121.194 16.8
      vertex 118.149 121.194 12.95
    endloop
  endfacet
  facet normal -0.953855 -0.300268 0
    outer loop
      vertex 118.149 121.194 16.8
      vertex 118.432 120.295 12.95
      vertex 118.432 120.295 16.8
    endloop
  endfacet
  facet normal 0.793354 0.60876 0
    outer loop
      vertex 3.72672 5.05789 16.8
      vertex 3.15316 5.80537 12.95
      vertex 3.15316 5.80537 16.8
    endloop
  endfacet
  facet normal 0.793354 0.60876 0
    outer loop
      vertex 3.15316 5.80537 12.95
      vertex 3.72672 5.05789 16.8
      vertex 3.72672 5.05789 12.95
    endloop
  endfacet
  facet normal -0.609006 0.793165 0
    outer loop
      vertex 114.942 3.72672 12.95
      vertex 114.195 3.15316 16.8
      vertex 114.942 3.72672 16.8
    endloop
  endfacet
  facet normal -0.609006 0.793165 0
    outer loop
      vertex 114.195 3.15316 16.8
      vertex 114.942 3.72672 12.95
      vertex 114.195 3.15316 12.95
    endloop
  endfacet
  facet normal -0.999052 -0.0435294 0
    outer loop
      vertex 118.8 117.5 12.95
      vertex 118.759 118.441 16.8
      vertex 118.759 118.441 12.95
    endloop
  endfacet
  facet normal -0.999052 -0.0435294 0
    outer loop
      vertex 118.759 118.441 16.8
      vertex 118.8 117.5 12.95
      vertex 118.8 117.5 16.8
    endloop
  endfacet
  facet normal 0.383085 -0.923713 0
    outer loop
      vertex 7.43572 127.288 12.95
      vertex 8.30618 127.649 16.8
      vertex 7.43572 127.288 16.8
    endloop
  endfacet
  facet normal 0.383085 -0.923713 0
    outer loop
      vertex 8.30618 127.649 16.8
      vertex 7.43572 127.288 12.95
      vertex 8.30618 127.649 12.95
    endloop
  endfacet
  facet normal 0 -1 0
    outer loop
      vertex 12 128.3 12.95
      vertex 108 128.3 16.8
      vertex 12 128.3 16.8
    endloop
  endfacet
  facet normal 0 -1 -0
    outer loop
      vertex 108 128.3 16.8
      vertex 12 128.3 12.95
      vertex 108 128.3 12.95
    endloop
  endfacet
  facet normal -0.461587 -0.887095 0
    outer loop
      vertex 112.564 127.288 12.95
      vertex 113.4 126.853 16.8
      vertex 112.564 127.288 16.8
    endloop
  endfacet
  facet normal -0.461587 -0.887095 -0
    outer loop
      vertex 113.4 126.853 16.8
      vertex 112.564 127.288 12.95
      vertex 113.4 126.853 12.95
    endloop
  endfacet
  facet normal -0.300577 0.953758 0
    outer loop
      vertex 111.694 1.85132 12.95
      vertex 110.795 1.568 16.8
      vertex 111.694 1.85132 16.8
    endloop
  endfacet
  facet normal -0.300577 0.953758 0
    outer loop
      vertex 110.795 1.568 16.8
      vertex 111.694 1.85132 12.95
      vertex 110.795 1.568 12.95
    endloop
  endfacet
  facet normal -0.0435294 -0.999052 0
    outer loop
      vertex 108 128.3 12.95
      vertex 108.941 128.259 16.8
      vertex 108 128.3 16.8
    endloop
  endfacet
  facet normal -0.0435294 -0.999052 -0
    outer loop
      vertex 108.941 128.259 16.8
      vertex 108 128.3 12.95
      vertex 108.941 128.259 12.95
    endloop
  endfacet
  facet normal 0.92381 -0.38285 0
    outer loop
      vertex 1.85132 121.194 16.8
      vertex 2.21187 122.064 12.95
      vertex 2.21187 122.064 16.8
    endloop
  endfacet
  facet normal 0.92381 -0.38285 0
    outer loop
      vertex 2.21187 122.064 12.95
      vertex 1.85132 121.194 16.8
      vertex 1.85132 121.194 12.95
    endloop
  endfacet
  facet normal -0.99144 -0.130564 0
    outer loop
      vertex 118.759 118.441 12.95
      vertex 118.636 119.375 16.8
      vertex 118.636 119.375 12.95
    endloop
  endfacet
  facet normal -0.99144 -0.130564 0
    outer loop
      vertex 118.636 119.375 16.8
      vertex 118.759 118.441 12.95
      vertex 118.759 118.441 16.8
    endloop
  endfacet
  facet normal 0.300399 -0.953814 0
    outer loop
      vertex 8.30618 127.649 12.95
      vertex 9.20475 127.932 16.8
      vertex 8.30618 127.649 16.8
    endloop
  endfacet
  facet normal 0.300399 -0.953814 0
    outer loop
      vertex 9.20475 127.932 16.8
      vertex 8.30618 127.649 12.95
      vertex 9.20475 127.932 12.95
    endloop
  endfacet
  facet normal -0.536944 -0.843618 0
    outer loop
      vertex 113.4 126.853 12.95
      vertex 114.195 126.347 16.8
      vertex 113.4 126.853 16.8
    endloop
  endfacet
  facet normal -0.536944 -0.843618 -0
    outer loop
      vertex 114.195 126.347 16.8
      vertex 113.4 126.853 12.95
      vertex 114.195 126.347 12.95
    endloop
  endfacet
  facet normal 0.382678 0.923882 -0
    outer loop
      vertex 8.30618 1.85132 12.95
      vertex 7.43572 2.21187 16.8
      vertex 8.30618 1.85132 16.8
    endloop
  endfacet
  facet normal 0.382678 0.923882 0
    outer loop
      vertex 7.43572 2.21187 16.8
      vertex 8.30618 1.85132 12.95
      vertex 7.43572 2.21187 12.95
    endloop
  endfacet
  facet normal 0.13053 0.991444 -0
    outer loop
      vertex 11.0587 1.2411 12.95
      vertex 10.1246 1.36408 16.8
      vertex 11.0587 1.2411 16.8
    endloop
  endfacet
  facet normal 0.13053 0.991444 0
    outer loop
      vertex 10.1246 1.36408 16.8
      vertex 11.0587 1.2411 12.95
      vertex 10.1246 1.36408 12.95
    endloop
  endfacet
  facet normal -0.537125 0.843502 0
    outer loop
      vertex 114.195 3.15316 12.95
      vertex 113.4 2.64692 16.8
      vertex 114.195 3.15316 16.8
    endloop
  endfacet
  facet normal -0.537125 0.843502 0
    outer loop
      vertex 113.4 2.64692 16.8
      vertex 114.195 3.15316 12.95
      vertex 113.4 2.64692 12.95
    endloop
  endfacet
  facet normal 0.0436215 0.999048 -0
    outer loop
      vertex 12 1.2 12.95
      vertex 11.0587 1.2411 16.8
      vertex 12 1.2 16.8
    endloop
  endfacet
  facet normal 0.0436215 0.999048 0
    outer loop
      vertex 11.0587 1.2411 16.8
      vertex 12 1.2 12.95
      vertex 11.0587 1.2411 12.95
    endloop
  endfacet
  facet normal 0.843502 -0.537125 0
    outer loop
      vertex 2.64692 122.9 16.8
      vertex 3.15316 123.695 12.95
      vertex 3.15316 123.695 16.8
    endloop
  endfacet
  facet normal 0.843502 -0.537125 0
    outer loop
      vertex 3.15316 123.695 12.95
      vertex 2.64692 122.9 16.8
      vertex 2.64692 122.9 12.95
    endloop
  endfacet
  facet normal 0.609054 -0.793129 0
    outer loop
      vertex 5.05789 125.773 12.95
      vertex 5.80537 126.347 16.8
      vertex 5.05789 125.773 16.8
    endloop
  endfacet
  facet normal 0.609054 -0.793129 0
    outer loop
      vertex 5.80537 126.347 16.8
      vertex 5.05789 125.773 12.95
      vertex 5.80537 126.347 12.95
    endloop
  endfacet
  facet normal -0.300268 -0.953855 0
    outer loop
      vertex 110.795 127.932 12.95
      vertex 111.694 127.649 16.8
      vertex 110.795 127.932 16.8
    endloop
  endfacet
  facet normal -0.300268 -0.953855 -0
    outer loop
      vertex 111.694 127.649 16.8
      vertex 110.795 127.932 12.95
      vertex 111.694 127.649 12.95
    endloop
  endfacet
  facet normal -0.79294 -0.6093 0
    outer loop
      vertex 116.847 123.695 12.95
      vertex 116.273 124.442 16.8
      vertex 116.273 124.442 12.95
    endloop
  endfacet
  facet normal -0.79294 -0.6093 0
    outer loop
      vertex 116.273 124.442 16.8
      vertex 116.847 123.695 12.95
      vertex 116.847 123.695 16.8
    endloop
  endfacet
  facet normal 0.887073 -0.461628 0
    outer loop
      vertex 2.21187 122.064 16.8
      vertex 2.64692 122.9 12.95
      vertex 2.64692 122.9 16.8
    endloop
  endfacet
  facet normal 0.887073 -0.461628 0
    outer loop
      vertex 2.64692 122.9 12.95
      vertex 2.21187 122.064 16.8
      vertex 2.21187 122.064 12.95
    endloop
  endfacet
  facet normal 0.999048 -0.0436353 0
    outer loop
      vertex 1.2 117.5 16.8
      vertex 1.2411 118.441 12.95
      vertex 1.2411 118.441 16.8
    endloop
  endfacet
  facet normal 0.999048 -0.0436353 0
    outer loop
      vertex 1.2411 118.441 12.95
      vertex 1.2 117.5 16.8
      vertex 1.2 117.5 12.95
    endloop
  endfacet
  facet normal 0.953758 -0.300577 0
    outer loop
      vertex 1.568 120.295 16.8
      vertex 1.85132 121.194 12.95
      vertex 1.85132 121.194 16.8
    endloop
  endfacet
  facet normal 0.953758 -0.300577 0
    outer loop
      vertex 1.85132 121.194 12.95
      vertex 1.568 120.295 16.8
      vertex 1.568 120.295 12.95
    endloop
  endfacet
  facet normal -0.6751 -0.737727 0
    outer loop
      vertex 114.942 125.773 12.95
      vertex 115.637 125.137 16.8
      vertex 114.942 125.773 16.8
    endloop
  endfacet
  facet normal -0.6751 -0.737727 -0
    outer loop
      vertex 115.637 125.137 16.8
      vertex 114.942 125.773 12.95
      vertex 115.637 125.137 12.95
    endloop
  endfacet
  facet normal -0.130543 0.991443 0
    outer loop
      vertex 109.875 1.36408 12.95
      vertex 108.941 1.2411 16.8
      vertex 109.875 1.36408 16.8
    endloop
  endfacet
  facet normal -0.130543 0.991443 0
    outer loop
      vertex 108.941 1.2411 16.8
      vertex 109.875 1.36408 12.95
      vertex 108.941 1.2411 12.95
    endloop
  endfacet
  facet normal -0.887095 -0.461587 0
    outer loop
      vertex 117.788 122.064 12.95
      vertex 117.353 122.9 16.8
      vertex 117.353 122.9 12.95
    endloop
  endfacet
  facet normal -0.887095 -0.461587 0
    outer loop
      vertex 117.353 122.9 16.8
      vertex 117.788 122.064 12.95
      vertex 117.788 122.064 16.8
    endloop
  endfacet
  facet normal -0.923641 -0.383258 0
    outer loop
      vertex 118.149 121.194 12.95
      vertex 117.788 122.064 16.8
      vertex 117.788 122.064 12.95
    endloop
  endfacet
  facet normal -0.923641 -0.383258 0
    outer loop
      vertex 117.788 122.064 16.8
      vertex 118.149 121.194 12.95
      vertex 118.149 121.194 16.8
    endloop
  endfacet
  facet normal 0.991443 -0.130543 0
    outer loop
      vertex 1.2411 118.441 16.8
      vertex 1.36408 119.375 12.95
      vertex 1.36408 119.375 16.8
    endloop
  endfacet
  facet normal 0.991443 -0.130543 0
    outer loop
      vertex 1.36408 119.375 12.95
      vertex 1.2411 118.441 16.8
      vertex 1.2411 118.441 12.95
    endloop
  endfacet
  facet normal -0.887032 0.461708 0
    outer loop
      vertex 117.353 6.6 12.95
      vertex 117.788 7.43572 16.8
      vertex 117.788 7.43572 12.95
    endloop
  endfacet
  facet normal -0.887032 0.461708 0
    outer loop
      vertex 117.788 7.43572 16.8
      vertex 117.353 6.6 12.95
      vertex 117.353 6.6 16.8
    endloop
  endfacet
  facet normal -0.737727 -0.6751 0
    outer loop
      vertex 116.273 124.442 12.95
      vertex 115.637 125.137 16.8
      vertex 115.637 125.137 12.95
    endloop
  endfacet
  facet normal -0.737727 -0.6751 0
    outer loop
      vertex 115.637 125.137 16.8
      vertex 116.273 124.442 12.95
      vertex 116.273 124.442 16.8
    endloop
  endfacet
  facet normal 0 0 1
    outer loop
      vertex 118.8 117.5 12.95
      vertex 117.739 96.2615 12.95
      vertex 117.75 96 12.95
    endloop
  endfacet
  facet normal 0 0 1
    outer loop
      vertex 117.6 96.928 12.95
      vertex 118.8 117.5 12.95
      vertex 117.6 117.5 12.95
    endloop
  endfacet
  facet normal 0 0 1
    outer loop
      vertex 118.8 117.5 12.95
      vertex 117.704 96.5209 12.95
      vertex 117.739 96.2615 12.95
    endloop
  endfacet
  facet normal 0 0 1
    outer loop
      vertex 118.8 117.5 12.95
      vertex 117.648 96.7765 12.95
      vertex 117.704 96.5209 12.95
    endloop
  endfacet
  facet normal 0 0 1
    outer loop
      vertex 118.8 117.5 12.95
      vertex 117.563 118.337 12.95
      vertex 117.6 117.5 12.95
    endloop
  endfacet
  facet normal 0 0 1
    outer loop
      vertex 118.759 118.441 12.95
      vertex 117.563 118.337 12.95
      vertex 118.8 117.5 12.95
    endloop
  endfacet
  facet normal 0 0 1
    outer loop
      vertex 116.701 121.557 12.95
      vertex 117.788 122.064 12.95
      vertex 117.353 122.9 12.95
    endloop
  endfacet
  facet normal 0 0 1
    outer loop
      vertex 117.788 122.064 12.95
      vertex 117.273 119.985 12.95
      vertex 117.454 119.167 12.95
    endloop
  endfacet
  facet normal 0 0 1
    outer loop
      vertex 117.788 122.064 12.95
      vertex 117.021 120.783 12.95
      vertex 117.273 119.985 12.95
    endloop
  endfacet
  facet normal 0 0 1
    outer loop
      vertex 116.314 122.3 12.95
      vertex 117.353 122.9 12.95
      vertex 116.847 123.695 12.95
    endloop
  endfacet
  facet normal 0 0 1
    outer loop
      vertex 117.788 122.064 12.95
      vertex 116.701 121.557 12.95
      vertex 117.021 120.783 12.95
    endloop
  endfacet
  facet normal 0 0 1
    outer loop
      vertex 117.353 122.9 12.95
      vertex 116.314 122.3 12.95
      vertex 116.701 121.557 12.95
    endloop
  endfacet
  facet normal 0 0 1
    outer loop
      vertex 115.864 123.006 12.95
      vertex 116.847 123.695 12.95
      vertex 116.273 124.442 12.95
    endloop
  endfacet
  facet normal 0 0 1
    outer loop
      vertex 116.847 123.695 12.95
      vertex 115.864 123.006 12.95
      vertex 116.314 122.3 12.95
    endloop
  endfacet
  facet normal 0 0 1
    outer loop
      vertex 115.354 123.671 12.95
      vertex 116.273 124.442 12.95
      vertex 115.637 125.137 12.95
    endloop
  endfacet
  facet normal 0 0 1
    outer loop
      vertex 116.273 124.442 12.95
      vertex 115.354 123.671 12.95
      vertex 115.864 123.006 12.95
    endloop
  endfacet
  facet normal 0 0 1
    outer loop
      vertex 114.788 124.288 12.95
      vertex 115.637 125.137 12.95
      vertex 114.942 125.773 12.95
    endloop
  endfacet
  facet normal 0 0 1
    outer loop
      vertex 115.637 125.137 12.95
      vertex 114.788 124.288 12.95
      vertex 115.354 123.671 12.95
    endloop
  endfacet
  facet normal 0 0 1
    outer loop
      vertex 114.171 124.854 12.95
      vertex 114.942 125.773 12.95
      vertex 114.195 126.347 12.95
    endloop
  endfacet
  facet normal 0 0 1
    outer loop
      vertex 114.942 125.773 12.95
      vertex 114.171 124.854 12.95
      vertex 114.788 124.288 12.95
    endloop
  endfacet
  facet normal 0 0 1
    outer loop
      vertex 114.195 126.347 12.95
      vertex 113.506 125.364 12.95
      vertex 114.171 124.854 12.95
    endloop
  endfacet
  facet normal 0 0 1
    outer loop
      vertex 113.4 126.853 12.95
      vertex 113.506 125.364 12.95
      vertex 114.195 126.347 12.95
    endloop
  endfacet
  facet normal 0 0 1
    outer loop
      vertex 113.4 126.853 12.95
      vertex 112.8 125.814 12.95
      vertex 113.506 125.364 12.95
    endloop
  endfacet
  facet normal 0 0 1
    outer loop
      vertex 112.564 127.288 12.95
      vertex 112.8 125.814 12.95
      vertex 113.4 126.853 12.95
    endloop
  endfacet
  facet normal 0 0 1
    outer loop
      vertex 112.564 127.288 12.95
      vertex 112.057 126.201 12.95
      vertex 112.8 125.814 12.95
    endloop
  endfacet
  facet normal 0 0 1
    outer loop
      vertex 111.694 127.649 12.95
      vertex 112.057 126.201 12.95
      vertex 112.564 127.288 12.95
    endloop
  endfacet
  facet normal 0 0 1
    outer loop
      vertex 111.694 127.649 12.95
      vertex 111.283 126.521 12.95
      vertex 112.057 126.201 12.95
    endloop
  endfacet
  facet normal 0 0 1
    outer loop
      vertex 110.795 127.932 12.95
      vertex 111.283 126.521 12.95
      vertex 111.694 127.649 12.95
    endloop
  endfacet
  facet normal 0 0 1
    outer loop
      vertex 110.795 127.932 12.95
      vertex 110.485 126.773 12.95
      vertex 111.283 126.521 12.95
    endloop
  endfacet
  facet normal 0 0 1
    outer loop
      vertex 109.875 128.136 12.95
      vertex 110.485 126.773 12.95
      vertex 110.795 127.932 12.95
    endloop
  endfacet
  facet normal 0 0 1
    outer loop
      vertex 109.875 128.136 12.95
      vertex 109.667 126.954 12.95
      vertex 110.485 126.773 12.95
    endloop
  endfacet
  facet normal 0 0 1
    outer loop
      vertex 108.941 128.259 12.95
      vertex 109.667 126.954 12.95
      vertex 109.875 128.136 12.95
    endloop
  endfacet
  facet normal 0 0 1
    outer loop
      vertex 108.941 128.259 12.95
      vertex 108.837 127.063 12.95
      vertex 109.667 126.954 12.95
    endloop
  endfacet
  facet normal 0 0 1
    outer loop
      vertex 108 128.3 12.95
      vertex 108.837 127.063 12.95
      vertex 108.941 128.259 12.95
    endloop
  endfacet
  facet normal 0 0 1
    outer loop
      vertex 108 128.3 12.95
      vertex 108 127.1 12.95
      vertex 108.837 127.063 12.95
    endloop
  endfacet
  facet normal -0 0 1
    outer loop
      vertex 12 128.3 12.95
      vertex 108 127.1 12.95
      vertex 108 128.3 12.95
    endloop
  endfacet
  facet normal 0 0 1
    outer loop
      vertex 12 128.3 12.95
      vertex 12 127.1 12.95
      vertex 108 127.1 12.95
    endloop
  endfacet
  facet normal 0 0 1
    outer loop
      vertex 12 128.3 12.95
      vertex 11.1633 127.063 12.95
      vertex 12 127.1 12.95
    endloop
  endfacet
  facet normal -0 0 1
    outer loop
      vertex 11.0587 128.259 12.95
      vertex 11.1633 127.063 12.95
      vertex 12 128.3 12.95
    endloop
  endfacet
  facet normal 0 0 1
    outer loop
      vertex 11.0587 128.259 12.95
      vertex 10.333 126.954 12.95
      vertex 11.1633 127.063 12.95
    endloop
  endfacet
  facet normal -0 0 1
    outer loop
      vertex 10.1246 128.136 12.95
      vertex 10.333 126.954 12.95
      vertex 11.0587 128.259 12.95
    endloop
  endfacet
  facet normal 0 0 1
    outer loop
      vertex 10.1246 128.136 12.95
      vertex 9.51534 126.773 12.95
      vertex 10.333 126.954 12.95
    endloop
  endfacet
  facet normal -0 0 1
    outer loop
      vertex 9.20475 127.932 12.95
      vertex 9.51534 126.773 12.95
      vertex 10.1246 128.136 12.95
    endloop
  endfacet
  facet normal 0 0 1
    outer loop
      vertex 9.20475 127.932 12.95
      vertex 8.71661 126.521 12.95
      vertex 9.51534 126.773 12.95
    endloop
  endfacet
  facet normal -0 0 1
    outer loop
      vertex 8.30618 127.649 12.95
      vertex 8.71661 126.521 12.95
      vertex 9.20475 127.932 12.95
    endloop
  endfacet
  facet normal 0 0 1
    outer loop
      vertex 8.30618 127.649 12.95
      vertex 7.94286 126.201 12.95
      vertex 8.71661 126.521 12.95
    endloop
  endfacet
  facet normal -0 0 1
    outer loop
      vertex 7.43572 127.288 12.95
      vertex 7.94286 126.201 12.95
      vertex 8.30618 127.649 12.95
    endloop
  endfacet
  facet normal 0 0 1
    outer loop
      vertex 7.43572 127.288 12.95
      vertex 7.2 125.814 12.95
      vertex 7.94286 126.201 12.95
    endloop
  endfacet
  facet normal -0 0 1
    outer loop
      vertex 6.6 126.853 12.95
      vertex 7.2 125.814 12.95
      vertex 7.43572 127.288 12.95
    endloop
  endfacet
  facet normal 0 0 1
    outer loop
      vertex 6.6 126.853 12.95
      vertex 6.49367 125.364 12.95
      vertex 7.2 125.814 12.95
    endloop
  endfacet
  facet normal -0 0 1
    outer loop
      vertex 5.80537 126.347 12.95
      vertex 6.49367 125.364 12.95
      vertex 6.6 126.853 12.95
    endloop
  endfacet
  facet normal 0 0 1
    outer loop
      vertex 6.49367 125.364 12.95
      vertex 5.80537 126.347 12.95
      vertex 5.82924 124.854 12.95
    endloop
  endfacet
  facet normal -0 0 1
    outer loop
      vertex 5.05789 125.773 12.95
      vertex 5.82924 124.854 12.95
      vertex 5.80537 126.347 12.95
    endloop
  endfacet
  facet normal 0 0 1
    outer loop
      vertex 5.82924 124.854 12.95
      vertex 5.05789 125.773 12.95
      vertex 5.21177 124.288 12.95
    endloop
  endfacet
  facet normal -0 0 1
    outer loop
      vertex 4.36325 125.137 12.95
      vertex 5.21177 124.288 12.95
      vertex 5.05789 125.773 12.95
    endloop
  endfacet
  facet normal 0 0 1
    outer loop
      vertex 5.21177 124.288 12.95
      vertex 4.36325 125.137 12.95
      vertex 4.64597 123.671 12.95
    endloop
  endfacet
  facet normal -0 0 1
    outer loop
      vertex 3.72672 124.442 12.95
      vertex 4.64597 123.671 12.95
      vertex 4.36325 125.137 12.95
    endloop
  endfacet
  facet normal 0 0 1
    outer loop
      vertex 4.64597 123.671 12.95
      vertex 3.72672 124.442 12.95
      vertex 4.13614 123.006 12.95
    endloop
  endfacet
  facet normal -0 0 1
    outer loop
      vertex 3.15316 123.695 12.95
      vertex 4.13614 123.006 12.95
      vertex 3.72672 124.442 12.95
    endloop
  endfacet
  facet normal 0 0 1
    outer loop
      vertex 4.13614 123.006 12.95
      vertex 3.15316 123.695 12.95
      vertex 3.68616 122.3 12.95
    endloop
  endfacet
  facet normal -0 0 1
    outer loop
      vertex 2.64692 122.9 12.95
      vertex 3.68616 122.3 12.95
      vertex 3.15316 123.695 12.95
    endloop
  endfacet
  facet normal 0 0 1
    outer loop
      vertex 3.68616 122.3 12.95
      vertex 2.64692 122.9 12.95
      vertex 3.29945 121.557 12.95
    endloop
  endfacet
  facet normal -0 0 1
    outer loop
      vertex 2.21187 122.064 12.95
      vertex 3.29945 121.557 12.95
      vertex 2.64692 122.9 12.95
    endloop
  endfacet
  facet normal 0 0 1
    outer loop
      vertex 3.29945 121.557 12.95
      vertex 2.21187 122.064 12.95
      vertex 2.97895 120.783 12.95
    endloop
  endfacet
  facet normal -0 0 1
    outer loop
      vertex 1.85132 121.194 12.95
      vertex 2.97895 120.783 12.95
      vertex 2.21187 122.064 12.95
    endloop
  endfacet
  facet normal 0 0 1
    outer loop
      vertex 2.97895 120.783 12.95
      vertex 1.85132 121.194 12.95
      vertex 2.72711 119.985 12.95
    endloop
  endfacet
  facet normal -0 0 1
    outer loop
      vertex 1.2 117.5 12.95
      vertex 2.4 96.928 12.95
      vertex 2.4 117.5 12.95
    endloop
  endfacet
  facet normal 0 0 1
    outer loop
      vertex 2.4 96.928 12.95
      vertex 1.2 117.5 12.95
      vertex 2.35222 96.7765 12.95
    endloop
  endfacet
  facet normal 0 0 1
    outer loop
      vertex 2.35222 96.7765 12.95
      vertex 1.2 117.5 12.95
      vertex 2.29558 96.5209 12.95
    endloop
  endfacet
  facet normal 0 0 1
    outer loop
      vertex 2.29558 96.5209 12.95
      vertex 1.2 117.5 12.95
      vertex 2.26142 96.2615 12.95
    endloop
  endfacet
  facet normal 0 0 1
    outer loop
      vertex 2.26142 96.2615 12.95
      vertex 1.2 117.5 12.95
      vertex 2.25 96 12.95
    endloop
  endfacet
  facet normal 0 0 1
    outer loop
      vertex 2.43653 118.337 12.95
      vertex 1.2 117.5 12.95
      vertex 2.4 117.5 12.95
    endloop
  endfacet
  facet normal 0 0 1
    outer loop
      vertex 2.54585 119.167 12.95
      vertex 1.2 117.5 12.95
      vertex 2.43653 118.337 12.95
    endloop
  endfacet
  facet normal -0 0 1
    outer loop
      vertex 1.568 120.295 12.95
      vertex 2.72711 119.985 12.95
      vertex 1.85132 121.194 12.95
    endloop
  endfacet
  facet normal 0 0 1
    outer loop
      vertex 118.636 119.375 12.95
      vertex 117.454 119.167 12.95
      vertex 118.759 118.441 12.95
    endloop
  endfacet
  facet normal 0 0 1
    outer loop
      vertex 118.432 120.295 12.95
      vertex 117.454 119.167 12.95
      vertex 118.636 119.375 12.95
    endloop
  endfacet
  facet normal 0 0 1
    outer loop
      vertex 118.149 121.194 12.95
      vertex 117.454 119.167 12.95
      vertex 118.432 120.295 12.95
    endloop
  endfacet
  facet normal 0 0 1
    outer loop
      vertex 117.454 119.167 12.95
      vertex 118.149 121.194 12.95
      vertex 117.788 122.064 12.95
    endloop
  endfacet
  facet normal 0 -0 1
    outer loop
      vertex 117.563 118.337 12.95
      vertex 118.759 118.441 12.95
      vertex 117.454 119.167 12.95
    endloop
  endfacet
  facet normal 0 0 1
    outer loop
      vertex 118.8 117.5 12.95
      vertex 117.75 96 12.95
      vertex 118.8 75.5 12.95
    endloop
  endfacet
  facet normal -0 0 1
    outer loop
      vertex 117.739 95.7385 12.95
      vertex 118.8 75.5 12.95
      vertex 117.75 96 12.95
    endloop
  endfacet
  facet normal -0 0 1
    outer loop
      vertex 117.704 95.4791 12.95
      vertex 118.8 75.5 12.95
      vertex 117.739 95.7385 12.95
    endloop
  endfacet
  facet normal -0 0 1
    outer loop
      vertex 117.648 95.2235 12.95
      vertex 118.8 75.5 12.95
      vertex 117.704 95.4791 12.95
    endloop
  endfacet
  facet normal -0 0 1
    outer loop
      vertex 117.6 95.072 12.95
      vertex 118.8 75.5 12.95
      vertex 117.648 95.2235 12.95
    endloop
  endfacet
  facet normal 0 0 1
    outer loop
      vertex 118.8 75.5 12.95
      vertex 117.6 95.072 12.95
      vertex 117.6 75.5 12.95
    endloop
  endfacet
  facet normal 0 0 1
    outer loop
      vertex 118.8 117.5 12.95
      vertex 117.6 96.928 12.95
      vertex 117.648 96.7765 12.95
    endloop
  endfacet
  facet normal 0 0 1
    outer loop
      vertex 2.35222 95.2235 12.95
      vertex 2.4 48.928 12.95
      vertex 2.4 95.072 12.95
    endloop
  endfacet
  facet normal 0 0 1
    outer loop
      vertex 2.35222 95.2235 12.95
      vertex 2.35222 48.7765 12.95
      vertex 2.4 48.928 12.95
    endloop
  endfacet
  facet normal 0 0 1
    outer loop
      vertex 2.29558 95.4791 12.95
      vertex 2.35222 48.7765 12.95
      vertex 2.35222 95.2235 12.95
    endloop
  endfacet
  facet normal 0 0 1
    outer loop
      vertex 2.29558 95.4791 12.95
      vertex 2.29558 48.5209 12.95
      vertex 2.35222 48.7765 12.95
    endloop
  endfacet
  facet normal 0 0 1
    outer loop
      vertex 2.26142 95.7385 12.95
      vertex 2.29558 48.5209 12.95
      vertex 2.29558 95.4791 12.95
    endloop
  endfacet
  facet normal 0 0 1
    outer loop
      vertex 2.26142 95.7385 12.95
      vertex 2.26142 48.2615 12.95
      vertex 2.29558 48.5209 12.95
    endloop
  endfacet
  facet normal 0 0 1
    outer loop
      vertex 2.25 96 12.95
      vertex 2.26142 48.2615 12.95
      vertex 2.26142 95.7385 12.95
    endloop
  endfacet
  facet normal 0 0 1
    outer loop
      vertex 2.26142 48.2615 12.95
      vertex 2.25 96 12.95
      vertex 2.25 48 12.95
    endloop
  endfacet
  facet normal 0 0 1
    outer loop
      vertex 1.2 12 12.95
      vertex 2.4 47.072 12.95
      vertex 2.35222 47.2235 12.95
    endloop
  endfacet
  facet normal -0 0 1
    outer loop
      vertex 117.739 47.7385 12.95
      vertex 118.8 12 12.95
      vertex 118.8 60.5 12.95
    endloop
  endfacet
  facet normal -0 0 1
    outer loop
      vertex 117.704 47.4791 12.95
      vertex 118.8 12 12.95
      vertex 117.739 47.7385 12.95
    endloop
  endfacet
  facet normal -0 0 1
    outer loop
      vertex 117.648 47.2235 12.95
      vertex 118.8 12 12.95
      vertex 117.704 47.4791 12.95
    endloop
  endfacet
  facet normal -0 0 1
    outer loop
      vertex 117.6 47.072 12.95
      vertex 118.8 12 12.95
      vertex 117.648 47.2235 12.95
    endloop
  endfacet
  facet normal 0 0 1
    outer loop
      vertex 117.6 12 12.95
      vertex 118.8 12 12.95
      vertex 117.6 47.072 12.95
    endloop
  endfacet
  facet normal 0 0 1
    outer loop
      vertex 117.739 47.7385 12.95
      vertex 118.8 60.5 12.95
      vertex 117.75 48 12.95
    endloop
  endfacet
  facet normal 0 0 1
    outer loop
      vertex 118.8 60.5 12.95
      vertex 117.739 48.2615 12.95
      vertex 117.75 48 12.95
    endloop
  endfacet
  facet normal 0 0 1
    outer loop
      vertex 118.8 60.5 12.95
      vertex 117.704 48.5209 12.95
      vertex 117.739 48.2615 12.95
    endloop
  endfacet
  facet normal 0 0 1
    outer loop
      vertex 118.8 60.5 12.95
      vertex 117.648 48.7765 12.95
      vertex 117.704 48.5209 12.95
    endloop
  endfacet
  facet normal 0 0 1
    outer loop
      vertex 117.6 48.928 12.95
      vertex 118.8 60.5 12.95
      vertex 117.6 60.5 12.95
    endloop
  endfacet
  facet normal 0 0 1
    outer loop
      vertex 118.8 60.5 12.95
      vertex 117.6 48.928 12.95
      vertex 117.648 48.7765 12.95
    endloop
  endfacet
  facet normal -0 0 1
    outer loop
      vertex 117.454 10.333 12.95
      vertex 118.636 10.1246 12.95
      vertex 117.563 11.1633 12.95
    endloop
  endfacet
  facet normal 0 0 1
    outer loop
      vertex 118.8 12 12.95
      vertex 117.6 12 12.95
      vertex 118.759 11.0587 12.95
    endloop
  endfacet
  facet normal 0 0 1
    outer loop
      vertex 118.759 11.0587 12.95
      vertex 117.563 11.1633 12.95
      vertex 118.636 10.1246 12.95
    endloop
  endfacet
  facet normal -0 0 1
    outer loop
      vertex 117.563 11.1633 12.95
      vertex 118.759 11.0587 12.95
      vertex 117.6 12 12.95
    endloop
  endfacet
  facet normal 0 0 1
    outer loop
      vertex 118.636 10.1246 12.95
      vertex 117.454 10.333 12.95
      vertex 118.432 9.20475 12.95
    endloop
  endfacet
  facet normal -0 0 1
    outer loop
      vertex 117.273 9.51534 12.95
      vertex 118.432 9.20475 12.95
      vertex 117.454 10.333 12.95
    endloop
  endfacet
  facet normal 0 0 1
    outer loop
      vertex 118.432 9.20475 12.95
      vertex 117.273 9.51534 12.95
      vertex 118.149 8.30618 12.95
    endloop
  endfacet
  facet normal -0 0 1
    outer loop
      vertex 117.021 8.71661 12.95
      vertex 118.149 8.30618 12.95
      vertex 117.273 9.51534 12.95
    endloop
  endfacet
  facet normal 0 0 1
    outer loop
      vertex 118.149 8.30618 12.95
      vertex 117.021 8.71661 12.95
      vertex 117.788 7.43572 12.95
    endloop
  endfacet
  facet normal -0 0 1
    outer loop
      vertex 116.701 7.94286 12.95
      vertex 117.788 7.43572 12.95
      vertex 117.021 8.71661 12.95
    endloop
  endfacet
  facet normal 0 0 1
    outer loop
      vertex 117.788 7.43572 12.95
      vertex 116.701 7.94286 12.95
      vertex 117.353 6.6 12.95
    endloop
  endfacet
  facet normal -0 0 1
    outer loop
      vertex 116.314 7.2 12.95
      vertex 117.353 6.6 12.95
      vertex 116.701 7.94286 12.95
    endloop
  endfacet
  facet normal 0 0 1
    outer loop
      vertex 117.353 6.6 12.95
      vertex 116.314 7.2 12.95
      vertex 116.847 5.80537 12.95
    endloop
  endfacet
  facet normal -0 0 1
    outer loop
      vertex 115.864 6.49367 12.95
      vertex 116.847 5.80537 12.95
      vertex 116.314 7.2 12.95
    endloop
  endfacet
  facet normal 0 0 1
    outer loop
      vertex 116.847 5.80537 12.95
      vertex 115.864 6.49367 12.95
      vertex 116.273 5.05789 12.95
    endloop
  endfacet
  facet normal -0 0 1
    outer loop
      vertex 115.354 5.82924 12.95
      vertex 116.273 5.05789 12.95
      vertex 115.864 6.49367 12.95
    endloop
  endfacet
  facet normal 0 0 1
    outer loop
      vertex 116.273 5.05789 12.95
      vertex 115.354 5.82924 12.95
      vertex 115.637 4.36325 12.95
    endloop
  endfacet
  facet normal -0 0 1
    outer loop
      vertex 114.788 5.21177 12.95
      vertex 115.637 4.36325 12.95
      vertex 115.354 5.82924 12.95
    endloop
  endfacet
  facet normal 0 0 1
    outer loop
      vertex 115.637 4.36325 12.95
      vertex 114.788 5.21177 12.95
      vertex 114.942 3.72672 12.95
    endloop
  endfacet
  facet normal -0 0 1
    outer loop
      vertex 114.171 4.64597 12.95
      vertex 114.942 3.72672 12.95
      vertex 114.788 5.21177 12.95
    endloop
  endfacet
  facet normal 0 0 1
    outer loop
      vertex 114.942 3.72672 12.95
      vertex 114.171 4.64597 12.95
      vertex 114.195 3.15316 12.95
    endloop
  endfacet
  facet normal -0 0 1
    outer loop
      vertex 113.506 4.13614 12.95
      vertex 114.195 3.15316 12.95
      vertex 114.171 4.64597 12.95
    endloop
  endfacet
  facet normal 0 0 1
    outer loop
      vertex 113.506 4.13614 12.95
      vertex 113.4 2.64692 12.95
      vertex 114.195 3.15316 12.95
    endloop
  endfacet
  facet normal -0 0 1
    outer loop
      vertex 112.8 3.68616 12.95
      vertex 113.4 2.64692 12.95
      vertex 113.506 4.13614 12.95
    endloop
  endfacet
  facet normal 0 0 1
    outer loop
      vertex 112.8 3.68616 12.95
      vertex 112.564 2.21187 12.95
      vertex 113.4 2.64692 12.95
    endloop
  endfacet
  facet normal -0 0 1
    outer loop
      vertex 112.057 3.29945 12.95
      vertex 112.564 2.21187 12.95
      vertex 112.8 3.68616 12.95
    endloop
  endfacet
  facet normal 0 0 1
    outer loop
      vertex 112.057 3.29945 12.95
      vertex 111.694 1.85132 12.95
      vertex 112.564 2.21187 12.95
    endloop
  endfacet
  facet normal -0 0 1
    outer loop
      vertex 111.283 2.97895 12.95
      vertex 111.694 1.85132 12.95
      vertex 112.057 3.29945 12.95
    endloop
  endfacet
  facet normal 0 0 1
    outer loop
      vertex 111.283 2.97895 12.95
      vertex 110.795 1.568 12.95
      vertex 111.694 1.85132 12.95
    endloop
  endfacet
  facet normal -0 0 1
    outer loop
      vertex 110.485 2.72711 12.95
      vertex 110.795 1.568 12.95
      vertex 111.283 2.97895 12.95
    endloop
  endfacet
  facet normal 0 0 1
    outer loop
      vertex 110.485 2.72711 12.95
      vertex 109.875 1.36408 12.95
      vertex 110.795 1.568 12.95
    endloop
  endfacet
  facet normal -0 0 1
    outer loop
      vertex 109.667 2.54585 12.95
      vertex 109.875 1.36408 12.95
      vertex 110.485 2.72711 12.95
    endloop
  endfacet
  facet normal 0 0 1
    outer loop
      vertex 109.667 2.54585 12.95
      vertex 108.941 1.2411 12.95
      vertex 109.875 1.36408 12.95
    endloop
  endfacet
  facet normal -0 0 1
    outer loop
      vertex 108.837 2.43653 12.95
      vertex 108.941 1.2411 12.95
      vertex 109.667 2.54585 12.95
    endloop
  endfacet
  facet normal -0 0 1
    outer loop
      vertex 108 2.4 12.95
      vertex 108.941 1.2411 12.95
      vertex 108.837 2.43653 12.95
    endloop
  endfacet
  facet normal 0 0 1
    outer loop
      vertex 108 2.4 12.95
      vertex 108 1.2 12.95
      vertex 108.941 1.2411 12.95
    endloop
  endfacet
  facet normal -0 0 1
    outer loop
      vertex 12 2.4 12.95
      vertex 108 1.2 12.95
      vertex 108 2.4 12.95
    endloop
  endfacet
  facet normal 0 0 1
    outer loop
      vertex 12 2.4 12.95
      vertex 12 1.2 12.95
      vertex 108 1.2 12.95
    endloop
  endfacet
  facet normal 0 0 1
    outer loop
      vertex 11.1633 2.43653 12.95
      vertex 12 1.2 12.95
      vertex 12 2.4 12.95
    endloop
  endfacet
  facet normal 0 0 1
    outer loop
      vertex 11.1633 2.43653 12.95
      vertex 11.0587 1.2411 12.95
      vertex 12 1.2 12.95
    endloop
  endfacet
  facet normal 0 0 1
    outer loop
      vertex 10.333 2.54585 12.95
      vertex 11.0587 1.2411 12.95
      vertex 11.1633 2.43653 12.95
    endloop
  endfacet
  facet normal 0 0 1
    outer loop
      vertex 10.333 2.54585 12.95
      vertex 10.1246 1.36408 12.95
      vertex 11.0587 1.2411 12.95
    endloop
  endfacet
  facet normal 0 0 1
    outer loop
      vertex 9.51534 2.72711 12.95
      vertex 10.1246 1.36408 12.95
      vertex 10.333 2.54585 12.95
    endloop
  endfacet
  facet normal 0 0 1
    outer loop
      vertex 9.51534 2.72711 12.95
      vertex 9.20475 1.568 12.95
      vertex 10.1246 1.36408 12.95
    endloop
  endfacet
  facet normal 0 0 1
    outer loop
      vertex 8.71661 2.97895 12.95
      vertex 9.20475 1.568 12.95
      vertex 9.51534 2.72711 12.95
    endloop
  endfacet
  facet normal 0 0 1
    outer loop
      vertex 8.71661 2.97895 12.95
      vertex 8.30618 1.85132 12.95
      vertex 9.20475 1.568 12.95
    endloop
  endfacet
  facet normal 0 0 1
    outer loop
      vertex 7.94286 3.29945 12.95
      vertex 8.30618 1.85132 12.95
      vertex 8.71661 2.97895 12.95
    endloop
  endfacet
  facet normal 0 0 1
    outer loop
      vertex 7.94286 3.29945 12.95
      vertex 7.43572 2.21187 12.95
      vertex 8.30618 1.85132 12.95
    endloop
  endfacet
  facet normal 0 0 1
    outer loop
      vertex 7.2 3.68616 12.95
      vertex 7.43572 2.21187 12.95
      vertex 7.94286 3.29945 12.95
    endloop
  endfacet
  facet normal 0 0 1
    outer loop
      vertex 7.2 3.68616 12.95
      vertex 6.6 2.64692 12.95
      vertex 7.43572 2.21187 12.95
    endloop
  endfacet
  facet normal 0 0 1
    outer loop
      vertex 6.49367 4.13614 12.95
      vertex 6.6 2.64692 12.95
      vertex 7.2 3.68616 12.95
    endloop
  endfacet
  facet normal 0 0 1
    outer loop
      vertex 5.80537 3.15316 12.95
      vertex 6.49367 4.13614 12.95
      vertex 5.82924 4.64597 12.95
    endloop
  endfacet
  facet normal 0 0 1
    outer loop
      vertex 6.49367 4.13614 12.95
      vertex 5.80537 3.15316 12.95
      vertex 6.6 2.64692 12.95
    endloop
  endfacet
  facet normal 0 0 1
    outer loop
      vertex 5.05789 3.72672 12.95
      vertex 5.82924 4.64597 12.95
      vertex 5.21177 5.21177 12.95
    endloop
  endfacet
  facet normal 0 0 1
    outer loop
      vertex 5.82924 4.64597 12.95
      vertex 5.05789 3.72672 12.95
      vertex 5.80537 3.15316 12.95
    endloop
  endfacet
  facet normal 0 0 1
    outer loop
      vertex 4.36325 4.36325 12.95
      vertex 5.21177 5.21177 12.95
      vertex 4.64597 5.82924 12.95
    endloop
  endfacet
  facet normal 0 0 1
    outer loop
      vertex 5.21177 5.21177 12.95
      vertex 4.36325 4.36325 12.95
      vertex 5.05789 3.72672 12.95
    endloop
  endfacet
  facet normal 0 0 1
    outer loop
      vertex 3.72672 5.05789 12.95
      vertex 4.64597 5.82924 12.95
      vertex 4.13614 6.49367 12.95
    endloop
  endfacet
  facet normal 0 0 1
    outer loop
      vertex 4.64597 5.82924 12.95
      vertex 3.72672 5.05789 12.95
      vertex 4.36325 4.36325 12.95
    endloop
  endfacet
  facet normal 0 0 1
    outer loop
      vertex 3.15316 5.80537 12.95
      vertex 4.13614 6.49367 12.95
      vertex 3.68616 7.2 12.95
    endloop
  endfacet
  facet normal 0 0 1
    outer loop
      vertex 2.64692 6.6 12.95
      vertex 3.68616 7.2 12.95
      vertex 3.29945 7.94286 12.95
    endloop
  endfacet
  facet normal 0 0 1
    outer loop
      vertex 4.13614 6.49367 12.95
      vertex 3.15316 5.80537 12.95
      vertex 3.72672 5.05789 12.95
    endloop
  endfacet
  facet normal 0 0 1
    outer loop
      vertex 2.21187 7.43572 12.95
      vertex 3.29945 7.94286 12.95
      vertex 2.97895 8.71661 12.95
    endloop
  endfacet
  facet normal 0 0 1
    outer loop
      vertex 1.85132 8.30618 12.95
      vertex 2.97895 8.71661 12.95
      vertex 2.72711 9.51534 12.95
    endloop
  endfacet
  facet normal 0 0 1
    outer loop
      vertex 3.68616 7.2 12.95
      vertex 2.64692 6.6 12.95
      vertex 3.15316 5.80537 12.95
    endloop
  endfacet
  facet normal 0 0 1
    outer loop
      vertex 1.568 9.20475 12.95
      vertex 2.72711 9.51534 12.95
      vertex 2.54585 10.333 12.95
    endloop
  endfacet
  facet normal 0 0 1
    outer loop
      vertex 1.36408 10.1246 12.95
      vertex 2.54585 10.333 12.95
      vertex 2.43653 11.1633 12.95
    endloop
  endfacet
  facet normal 0 0 1
    outer loop
      vertex 1.2 12 12.95
      vertex 2.35222 47.2235 12.95
      vertex 2.29558 47.4791 12.95
    endloop
  endfacet
  facet normal 0 0 1
    outer loop
      vertex 1.2 12 12.95
      vertex 2.29558 47.4791 12.95
      vertex 2.26142 47.7385 12.95
    endloop
  endfacet
  facet normal 0 0 1
    outer loop
      vertex 1.2 12 12.95
      vertex 2.26142 47.7385 12.95
      vertex 2.25 48 12.95
    endloop
  endfacet
  facet normal 0 0 1
    outer loop
      vertex 3.29945 7.94286 12.95
      vertex 2.21187 7.43572 12.95
      vertex 2.64692 6.6 12.95
    endloop
  endfacet
  facet normal 0 0 1
    outer loop
      vertex 1.2411 11.0587 12.95
      vertex 2.43653 11.1633 12.95
      vertex 2.4 12 12.95
    endloop
  endfacet
  facet normal 0 0 1
    outer loop
      vertex 2.4 47.072 12.95
      vertex 1.2 12 12.95
      vertex 2.4 12 12.95
    endloop
  endfacet
  facet normal 0 0 1
    outer loop
      vertex 2.25 96 12.95
      vertex 1.2 117.5 12.95
      vertex 2.25 48 12.95
    endloop
  endfacet
  facet normal 0 0 1
    outer loop
      vertex 2.72711 119.985 12.95
      vertex 1.568 120.295 12.95
      vertex 2.54585 119.167 12.95
    endloop
  endfacet
  facet normal 0 0 1
    outer loop
      vertex 1.2 12 12.95
      vertex 2.25 48 12.95
      vertex 1.2 117.5 12.95
    endloop
  endfacet
  facet normal -0 0 1
    outer loop
      vertex 1.36408 119.375 12.95
      vertex 2.54585 119.167 12.95
      vertex 1.568 120.295 12.95
    endloop
  endfacet
  facet normal 0 -0 1
    outer loop
      vertex 1.2411 11.0587 12.95
      vertex 2.4 12 12.95
      vertex 1.2 12 12.95
    endloop
  endfacet
  facet normal 0 0 1
    outer loop
      vertex 1.2411 118.441 12.95
      vertex 2.54585 119.167 12.95
      vertex 1.36408 119.375 12.95
    endloop
  endfacet
  facet normal 0 0 1
    outer loop
      vertex 2.97895 8.71661 12.95
      vertex 1.85132 8.30618 12.95
      vertex 2.21187 7.43572 12.95
    endloop
  endfacet
  facet normal 0 0 1
    outer loop
      vertex 2.54585 119.167 12.95
      vertex 1.2411 118.441 12.95
      vertex 1.2 117.5 12.95
    endloop
  endfacet
  facet normal 0 0 1
    outer loop
      vertex 2.72711 9.51534 12.95
      vertex 1.568 9.20475 12.95
      vertex 1.85132 8.30618 12.95
    endloop
  endfacet
  facet normal 0 0 1
    outer loop
      vertex 2.54585 10.333 12.95
      vertex 1.36408 10.1246 12.95
      vertex 1.568 9.20475 12.95
    endloop
  endfacet
  facet normal 0 0 1
    outer loop
      vertex 2.43653 11.1633 12.95
      vertex 1.2411 11.0587 12.95
      vertex 1.36408 10.1246 12.95
    endloop
  endfacet
  facet normal 0.976305 -0.2164 0
    outer loop
      vertex 1.36408 119.375 16.8
      vertex 1.568 120.295 12.95
      vertex 1.568 120.295 16.8
    endloop
  endfacet
  facet normal 0.976305 -0.2164 0
    outer loop
      vertex 1.568 120.295 12.95
      vertex 1.36408 119.375 16.8
      vertex 1.36408 119.375 12.95
    endloop
  endfacet
  facet normal -0.6093 -0.79294 0
    outer loop
      vertex 114.195 126.347 12.95
      vertex 114.942 125.773 16.8
      vertex 114.195 126.347 16.8
    endloop
  endfacet
  facet normal -0.6093 -0.79294 -0
    outer loop
      vertex 114.942 125.773 16.8
      vertex 114.195 126.347 12.95
      vertex 114.942 125.773 12.95
    endloop
  endfacet
  facet normal -0.737552 0.67529 0
    outer loop
      vertex 115.637 4.36325 12.95
      vertex 116.273 5.05789 16.8
      vertex 116.273 5.05789 12.95
    endloop
  endfacet
  facet normal -0.737552 0.67529 0
    outer loop
      vertex 116.273 5.05789 16.8
      vertex 115.637 4.36325 12.95
      vertex 115.637 4.36325 16.8
    endloop
  endfacet
  facet normal -0.38285 0.92381 0
    outer loop
      vertex 112.564 2.21187 12.95
      vertex 111.694 1.85132 16.8
      vertex 112.564 2.21187 16.8
    endloop
  endfacet
  facet normal -0.38285 0.92381 0
    outer loop
      vertex 111.694 1.85132 16.8
      vertex 112.564 2.21187 12.95
      vertex 111.694 1.85132 12.95
    endloop
  endfacet
  facet normal 0.793165 -0.609006 0
    outer loop
      vertex 3.15316 123.695 16.8
      vertex 3.72672 124.442 12.95
      vertex 3.72672 124.442 16.8
    endloop
  endfacet
  facet normal 0.793165 -0.609006 0
    outer loop
      vertex 3.72672 124.442 12.95
      vertex 3.15316 123.695 16.8
      vertex 3.15316 123.695 12.95
    endloop
  endfacet
  facet normal -0.793129 0.609054 0
    outer loop
      vertex 116.273 5.05789 12.95
      vertex 116.847 5.80537 16.8
      vertex 116.847 5.80537 12.95
    endloop
  endfacet
  facet normal -0.793129 0.609054 0
    outer loop
      vertex 116.847 5.80537 16.8
      vertex 116.273 5.05789 12.95
      vertex 116.273 5.05789 16.8
    endloop
  endfacet
  facet normal -0.461628 0.887073 0
    outer loop
      vertex 113.4 2.64692 12.95
      vertex 112.564 2.21187 16.8
      vertex 113.4 2.64692 16.8
    endloop
  endfacet
  facet normal -0.461628 0.887073 0
    outer loop
      vertex 112.564 2.21187 16.8
      vertex 113.4 2.64692 12.95
      vertex 112.564 2.21187 12.95
    endloop
  endfacet
  facet normal -0.843505 0.537122 0
    outer loop
      vertex 116.847 5.80537 12.95
      vertex 117.353 6.6 16.8
      vertex 117.353 6.6 12.95
    endloop
  endfacet
  facet normal -0.843505 0.537122 0
    outer loop
      vertex 117.353 6.6 16.8
      vertex 116.847 5.80537 12.95
      vertex 116.847 5.80537 16.8
    endloop
  endfacet
  facet normal 0.976297 0.216434 0
    outer loop
      vertex 1.568 9.20475 16.8
      vertex 1.36408 10.1246 12.95
      vertex 1.36408 10.1246 16.8
    endloop
  endfacet
  facet normal 0.976297 0.216434 0
    outer loop
      vertex 1.36408 10.1246 12.95
      vertex 1.568 9.20475 16.8
      vertex 1.568 9.20475 12.95
    endloop
  endfacet
  facet normal -0.383258 -0.923641 0
    outer loop
      vertex 111.694 127.649 12.95
      vertex 112.564 127.288 16.8
      vertex 111.694 127.649 16.8
    endloop
  endfacet
  facet normal -0.383258 -0.923641 -0
    outer loop
      vertex 112.564 127.288 16.8
      vertex 111.694 127.649 12.95
      vertex 112.564 127.288 12.95
    endloop
  endfacet
  facet normal 0.923882 0.382678 0
    outer loop
      vertex 2.21187 7.43572 16.8
      vertex 1.85132 8.30618 12.95
      vertex 1.85132 8.30618 16.8
    endloop
  endfacet
  facet normal 0.923882 0.382678 0
    outer loop
      vertex 1.85132 8.30618 12.95
      vertex 2.21187 7.43572 16.8
      vertex 2.21187 7.43572 12.95
    endloop
  endfacet
  facet normal 0.461708 -0.887032 0
    outer loop
      vertex 6.6 126.853 12.95
      vertex 7.43572 127.288 16.8
      vertex 6.6 126.853 16.8
    endloop
  endfacet
  facet normal 0.461708 -0.887032 0
    outer loop
      vertex 7.43572 127.288 16.8
      vertex 6.6 126.853 12.95
      vertex 7.43572 127.288 12.95
    endloop
  endfacet
  facet normal 0.537122 -0.843505 0
    outer loop
      vertex 5.80537 126.347 12.95
      vertex 6.6 126.853 16.8
      vertex 5.80537 126.347 16.8
    endloop
  endfacet
  facet normal 0.537122 -0.843505 0
    outer loop
      vertex 6.6 126.853 16.8
      vertex 5.80537 126.347 12.95
      vertex 6.6 126.853 12.95
    endloop
  endfacet
  facet normal -0.976279 0.216515 0
    outer loop
      vertex 118.432 9.20475 12.95
      vertex 118.636 10.1246 16.8
      vertex 118.636 10.1246 12.95
    endloop
  endfacet
  facet normal -0.976279 0.216515 0
    outer loop
      vertex 118.636 10.1246 16.8
      vertex 118.432 9.20475 12.95
      vertex 118.432 9.20475 16.8
    endloop
  endfacet
  facet normal 0.675596 0.737272 -0
    outer loop
      vertex 5.05789 3.72672 12.95
      vertex 4.36325 4.36325 16.8
      vertex 5.05789 3.72672 16.8
    endloop
  endfacet
  facet normal 0.675596 0.737272 0
    outer loop
      vertex 4.36325 4.36325 16.8
      vertex 5.05789 3.72672 12.95
      vertex 4.36325 4.36325 12.95
    endloop
  endfacet
  facet normal -0.999053 0.0435155 0
    outer loop
      vertex 118.759 11.0587 12.95
      vertex 118.8 12 16.8
      vertex 118.8 12 12.95
    endloop
  endfacet
  facet normal -0.999053 0.0435155 0
    outer loop
      vertex 118.8 12 16.8
      vertex 118.759 11.0587 12.95
      vertex 118.759 11.0587 16.8
    endloop
  endfacet
  facet normal 0.216434 0.976297 -0
    outer loop
      vertex 10.1246 1.36408 12.95
      vertex 9.20475 1.568 16.8
      vertex 10.1246 1.36408 16.8
    endloop
  endfacet
  facet normal 0.216434 0.976297 0
    outer loop
      vertex 9.20475 1.568 16.8
      vertex 10.1246 1.36408 12.95
      vertex 9.20475 1.568 12.95
    endloop
  endfacet
  facet normal 0.88701 0.46175 0
    outer loop
      vertex 2.64692 6.6 16.8
      vertex 2.21187 7.43572 12.95
      vertex 2.21187 7.43572 16.8
    endloop
  endfacet
  facet normal 0.88701 0.46175 0
    outer loop
      vertex 2.21187 7.43572 12.95
      vertex 2.64692 6.6 16.8
      vertex 2.64692 6.6 12.95
    endloop
  endfacet
  facet normal -0.923713 0.383085 0
    outer loop
      vertex 117.788 7.43572 12.95
      vertex 118.149 8.30618 16.8
      vertex 118.149 8.30618 12.95
    endloop
  endfacet
  facet normal -0.923713 0.383085 0
    outer loop
      vertex 118.149 8.30618 16.8
      vertex 117.788 7.43572 12.95
      vertex 117.788 7.43572 16.8
    endloop
  endfacet
  facet normal -0.2164 0.976305 0
    outer loop
      vertex 110.795 1.568 12.95
      vertex 109.875 1.36408 16.8
      vertex 110.795 1.568 16.8
    endloop
  endfacet
  facet normal -0.2164 0.976305 0
    outer loop
      vertex 109.875 1.36408 16.8
      vertex 110.795 1.568 12.95
      vertex 109.875 1.36408 12.95
    endloop
  endfacet
  facet normal 0.130551 -0.991442 0
    outer loop
      vertex 10.1246 128.136 12.95
      vertex 11.0587 128.259 16.8
      vertex 10.1246 128.136 16.8
    endloop
  endfacet
  facet normal 0.130551 -0.991442 0
    outer loop
      vertex 11.0587 128.259 16.8
      vertex 10.1246 128.136 12.95
      vertex 11.0587 128.259 12.95
    endloop
  endfacet
  facet normal 0.0435155 -0.999053 0
    outer loop
      vertex 11.0587 128.259 12.95
      vertex 12 128.3 16.8
      vertex 11.0587 128.259 16.8
    endloop
  endfacet
  facet normal 0.0435155 -0.999053 0
    outer loop
      vertex 12 128.3 16.8
      vertex 11.0587 128.259 12.95
      vertex 12 128.3 12.95
    endloop
  endfacet
  facet normal 0.60876 0.793354 -0
    outer loop
      vertex 5.80537 3.15316 12.95
      vertex 5.05789 3.72672 16.8
      vertex 5.80537 3.15316 16.8
    endloop
  endfacet
  facet normal 0.60876 0.793354 0
    outer loop
      vertex 5.05789 3.72672 16.8
      vertex 5.80537 3.15316 12.95
      vertex 5.05789 3.72672 12.95
    endloop
  endfacet
  facet normal 0.216515 -0.976279 0
    outer loop
      vertex 9.20475 127.932 12.95
      vertex 10.1246 128.136 16.8
      vertex 9.20475 127.932 16.8
    endloop
  endfacet
  facet normal 0.216515 -0.976279 0
    outer loop
      vertex 10.1246 128.136 16.8
      vertex 9.20475 127.932 12.95
      vertex 10.1246 128.136 12.95
    endloop
  endfacet
  facet normal 0.737272 0.675596 0
    outer loop
      vertex 4.36325 4.36325 16.8
      vertex 3.72672 5.05789 12.95
      vertex 3.72672 5.05789 16.8
    endloop
  endfacet
  facet normal 0.737272 0.675596 0
    outer loop
      vertex 3.72672 5.05789 12.95
      vertex 4.36325 4.36325 16.8
      vertex 4.36325 4.36325 12.95
    endloop
  endfacet
  facet normal 0.537303 0.843389 -0
    outer loop
      vertex 6.6 2.64692 12.95
      vertex 5.80537 3.15316 16.8
      vertex 6.6 2.64692 16.8
    endloop
  endfacet
  facet normal 0.537303 0.843389 0
    outer loop
      vertex 5.80537 3.15316 16.8
      vertex 6.6 2.64692 12.95
      vertex 5.80537 3.15316 12.95
    endloop
  endfacet
  facet normal 0.46175 0.88701 -0
    outer loop
      vertex 7.43572 2.21187 12.95
      vertex 6.6 2.64692 16.8
      vertex 7.43572 2.21187 16.8
    endloop
  endfacet
  facet normal 0.46175 0.88701 0
    outer loop
      vertex 6.6 2.64692 16.8
      vertex 7.43572 2.21187 12.95
      vertex 6.6 2.64692 12.95
    endloop
  endfacet
  facet normal 0.953716 0.300708 0
    outer loop
      vertex 1.85132 8.30618 16.8
      vertex 1.568 9.20475 12.95
      vertex 1.568 9.20475 16.8
    endloop
  endfacet
  facet normal 0.953716 0.300708 0
    outer loop
      vertex 1.568 9.20475 12.95
      vertex 1.85132 8.30618 16.8
      vertex 1.85132 8.30618 12.95
    endloop
  endfacet
  facet normal 0.991384 0.130984 0
    outer loop
      vertex 16.9213 51.6569 2.2
      vertex 16.9053 51.778 0
      vertex 16.9053 51.778 2.2
    endloop
  endfacet
  facet normal 0.991384 0.130984 0
    outer loop
      vertex 16.9053 51.778 0
      vertex 16.9213 51.6569 2.2
      vertex 16.9213 51.6569 0
    endloop
  endfacet
  facet normal -0.7908 0.612074 0
    outer loop
      vertex 102.772 51.0001 0
      vertex 102.847 51.097 2.2
      vertex 102.847 51.097 0
    endloop
  endfacet
  facet normal -0.7908 0.612074 0
    outer loop
      vertex 102.847 51.097 2.2
      vertex 102.772 51.0001 0
      vertex 102.772 51.0001 2.2
    endloop
  endfacet
  facet normal 0.465746 -0.884918 0
    outer loop
      vertex 17.6 115.112 0
      vertex 17.7083 115.169 2.2
      vertex 17.6 115.112 2.2
    endloop
  endfacet
  facet normal 0.465746 -0.884918 0
    outer loop
      vertex 17.7083 115.169 2.2
      vertex 17.6 115.112 0
      vertex 17.7083 115.169 0
    endloop
  endfacet
  facet normal 0.999058 0.0434017 0
    outer loop
      vertex 16.9053 51.778 2.2
      vertex 16.9 51.9 0
      vertex 16.9 51.9 2.2
    endloop
  endfacet
  facet normal 0.999058 0.0434017 0
    outer loop
      vertex 16.9 51.9 0
      vertex 16.9053 51.778 2.2
      vertex 16.9053 51.778 0
    endloop
  endfacet
  facet normal -0.739569 0.673081 0
    outer loop
      vertex 102.69 50.91 0
      vertex 102.772 51.0001 2.2
      vertex 102.772 51.0001 0
    endloop
  endfacet
  facet normal -0.739569 0.673081 0
    outer loop
      vertex 102.772 51.0001 2.2
      vertex 102.69 50.91 0
      vertex 102.69 50.91 2.2
    endloop
  endfacet
  facet normal -1 0 0
    outer loop
      vertex 103.1 51.9 0
      vertex 103.1 113.9 2.2
      vertex 103.1 113.9 0
    endloop
  endfacet
  facet normal -1 -0 0
    outer loop
      vertex 103.1 113.9 2.2
      vertex 103.1 51.9 0
      vertex 103.1 51.9 2.2
    endloop
  endfacet
  facet normal 0 -1 0
    outer loop
      vertex 18.3 115.3 0
      vertex 101.7 115.3 2.2
      vertex 18.3 115.3 2.2
    endloop
  endfacet
  facet normal 0 -1 -0
    outer loop
      vertex 101.7 115.3 2.2
      vertex 18.3 115.3 0
      vertex 101.7 115.3 0
    endloop
  endfacet
  facet normal -0.975293 0.220914 0
    outer loop
      vertex 103.052 51.5377 0
      vertex 103.079 51.6569 2.2
      vertex 103.079 51.6569 0
    endloop
  endfacet
  facet normal -0.975293 0.220914 0
    outer loop
      vertex 103.079 51.6569 2.2
      vertex 103.052 51.5377 0
      vertex 103.052 51.5377 2.2
    endloop
  endfacet
  facet normal 1 -0 0
    outer loop
      vertex 16.9 51.9 2.2
      vertex 16.9 113.9 0
      vertex 16.9 113.9 2.2
    endloop
  endfacet
  facet normal 1 0 0
    outer loop
      vertex 16.9 113.9 0
      vertex 16.9 51.9 2.2
      vertex 16.9 51.9 0
    endloop
  endfacet
  facet normal 0 1 -0
    outer loop
      vertex 101.7 50.5 0
      vertex 18.3 50.5 2.2
      vertex 101.7 50.5 2.2
    endloop
  endfacet
  facet normal 0 1 0
    outer loop
      vertex 18.3 50.5 2.2
      vertex 101.7 50.5 0
      vertex 18.3 50.5 0
    endloop
  endfacet
  facet normal -0.975213 -0.221267 0
    outer loop
      vertex 103.079 114.143 0
      vertex 103.052 114.262 2.2
      vertex 103.052 114.262 0
    endloop
  endfacet
  facet normal -0.975213 -0.221267 0
    outer loop
      vertex 103.052 114.262 2.2
      vertex 103.079 114.143 0
      vertex 103.079 114.143 2.2
    endloop
  endfacet
  facet normal -0.537193 0.843459 0
    outer loop
      vertex 102.503 50.7532 0
      vertex 102.4 50.6876 2.2
      vertex 102.503 50.7532 2.2
    endloop
  endfacet
  facet normal -0.537193 0.843459 0
    outer loop
      vertex 102.4 50.6876 2.2
      vertex 102.503 50.7532 0
      vertex 102.4 50.6876 0
    endloop
  endfacet
  facet normal -0.991384 0.130984 0
    outer loop
      vertex 103.079 51.6569 0
      vertex 103.095 51.778 2.2
      vertex 103.095 51.778 0
    endloop
  endfacet
  facet normal -0.991384 0.130984 0
    outer loop
      vertex 103.095 51.778 2.2
      vertex 103.079 51.6569 0
      vertex 103.079 51.6569 2.2
    endloop
  endfacet
  facet normal -0.845684 -0.533684 0
    outer loop
      vertex 102.912 114.6 0
      vertex 102.847 114.703 2.2
      vertex 102.847 114.703 0
    endloop
  endfacet
  facet normal -0.845684 -0.533684 0
    outer loop
      vertex 102.847 114.703 2.2
      vertex 102.912 114.6 0
      vertex 102.912 114.6 2.2
    endloop
  endfacet
  facet normal -0.533684 -0.845684 0
    outer loop
      vertex 102.4 115.112 0
      vertex 102.503 115.047 2.2
      vertex 102.4 115.112 2.2
    endloop
  endfacet
  facet normal -0.533684 -0.845684 -0
    outer loop
      vertex 102.503 115.047 2.2
      vertex 102.4 115.112 0
      vertex 102.503 115.047 0
    endloop
  endfacet
  facet normal -0.466759 -0.884385 0
    outer loop
      vertex 102.292 115.169 0
      vertex 102.4 115.112 2.2
      vertex 102.292 115.169 2.2
    endloop
  endfacet
  facet normal -0.466759 -0.884385 -0
    outer loop
      vertex 102.4 115.112 2.2
      vertex 102.292 115.169 0
      vertex 102.4 115.112 0
    endloop
  endfacet
  facet normal 0.612074 -0.7908 0
    outer loop
      vertex 17.4001 114.972 0
      vertex 17.497 115.047 2.2
      vertex 17.4001 114.972 2.2
    endloop
  endfacet
  facet normal 0.612074 -0.7908 0
    outer loop
      vertex 17.497 115.047 2.2
      vertex 17.4001 114.972 0
      vertex 17.497 115.047 0
    endloop
  endfacet
  facet normal 0.216237 0.976341 -0
    outer loop
      vertex 18.0569 50.5213 0
      vertex 17.9377 50.5477 2.2
      vertex 18.0569 50.5213 2.2
    endloop
  endfacet
  facet normal 0.216237 0.976341 0
    outer loop
      vertex 17.9377 50.5477 2.2
      vertex 18.0569 50.5213 0
      vertex 17.9377 50.5477 0
    endloop
  endfacet
  facet normal -0.999161 -0.0409492 0
    outer loop
      vertex 103.1 113.9 0
      vertex 103.095 114.022 2.2
      vertex 103.095 114.022 0
    endloop
  endfacet
  facet normal -0.999161 -0.0409492 0
    outer loop
      vertex 103.095 114.022 2.2
      vertex 103.1 113.9 0
      vertex 103.1 113.9 2.2
    endloop
  endfacet
  facet normal -0.216583 0.976264 0
    outer loop
      vertex 102.062 50.5477 0
      vertex 101.943 50.5213 2.2
      vertex 102.062 50.5477 2.2
    endloop
  endfacet
  facet normal -0.216583 0.976264 0
    outer loop
      vertex 101.943 50.5213 2.2
      vertex 102.062 50.5477 0
      vertex 101.943 50.5213 0
    endloop
  endfacet
  facet normal 0.976264 -0.216583 0
    outer loop
      vertex 16.9213 114.143 2.2
      vertex 16.9477 114.262 0
      vertex 16.9477 114.262 2.2
    endloop
  endfacet
  facet normal 0.976264 -0.216583 0
    outer loop
      vertex 16.9477 114.262 0
      vertex 16.9213 114.143 2.2
      vertex 16.9213 114.143 0
    endloop
  endfacet
  facet normal -0.999161 0.0409492 0
    outer loop
      vertex 103.095 51.778 0
      vertex 103.1 51.9 2.2
      vertex 103.1 51.9 0
    endloop
  endfacet
  facet normal -0.999161 0.0409492 0
    outer loop
      vertex 103.1 51.9 2.2
      vertex 103.095 51.778 0
      vertex 103.095 51.778 2.2
    endloop
  endfacet
  facet normal -0.67349 -0.739196 0
    outer loop
      vertex 102.6 114.972 0
      vertex 102.69 114.89 2.2
      vertex 102.6 114.972 2.2
    endloop
  endfacet
  facet normal -0.67349 -0.739196 -0
    outer loop
      vertex 102.69 114.89 2.2
      vertex 102.6 114.972 0
      vertex 102.69 114.89 0
    endloop
  endfacet
  facet normal -0.739196 -0.67349 0
    outer loop
      vertex 102.772 114.8 0
      vertex 102.69 114.89 2.2
      vertex 102.69 114.89 0
    endloop
  endfacet
  facet normal -0.739196 -0.67349 0
    outer loop
      vertex 102.69 114.89 2.2
      vertex 102.772 114.8 0
      vertex 102.772 114.8 2.2
    endloop
  endfacet
  facet normal 0.533684 -0.845684 0
    outer loop
      vertex 17.497 115.047 0
      vertex 17.6 115.112 2.2
      vertex 17.497 115.047 2.2
    endloop
  endfacet
  facet normal 0.533684 -0.845684 0
    outer loop
      vertex 17.6 115.112 2.2
      vertex 17.497 115.047 0
      vertex 17.6 115.112 0
    endloop
  endfacet
  facet normal 0.886409 -0.462903 0
    outer loop
      vertex 17.0312 114.492 2.2
      vertex 17.0876 114.6 0
      vertex 17.0876 114.6 2.2
    endloop
  endfacet
  facet normal 0.886409 -0.462903 0
    outer loop
      vertex 17.0876 114.6 0
      vertex 17.0312 114.492 2.2
      vertex 17.0312 114.492 0
    endloop
  endfacet
  facet normal -0.382641 0.923897 0
    outer loop
      vertex 102.292 50.6312 0
      vertex 102.179 50.5844 2.2
      vertex 102.292 50.6312 2.2
    endloop
  endfacet
  facet normal -0.382641 0.923897 0
    outer loop
      vertex 102.179 50.5844 2.2
      vertex 102.292 50.6312 0
      vertex 102.179 50.5844 0
    endloop
  endfacet
  facet normal -0.99137 -0.13109 0
    outer loop
      vertex 103.095 114.022 0
      vertex 103.079 114.143 2.2
      vertex 103.079 114.143 0
    endloop
  endfacet
  facet normal -0.99137 -0.13109 0
    outer loop
      vertex 103.079 114.143 2.2
      vertex 103.095 114.022 0
      vertex 103.095 114.022 2.2
    endloop
  endfacet
  facet normal -0.955779 -0.294086 0
    outer loop
      vertex 103.052 114.262 0
      vertex 103.016 114.379 2.2
      vertex 103.016 114.379 0
    endloop
  endfacet
  facet normal -0.955779 -0.294086 0
    outer loop
      vertex 103.016 114.379 2.2
      vertex 103.052 114.262 0
      vertex 103.052 114.262 2.2
    endloop
  endfacet
  facet normal 0.79387 -0.608088 0
    outer loop
      vertex 17.1532 114.703 2.2
      vertex 17.2275 114.8 0
      vertex 17.2275 114.8 2.2
    endloop
  endfacet
  facet normal 0.79387 -0.608088 0
    outer loop
      vertex 17.2275 114.8 0
      vertex 17.1532 114.703 2.2
      vertex 17.1532 114.703 0
    endloop
  endfacet
  facet normal 0.130984 -0.991384 0
    outer loop
      vertex 18.0569 115.279 0
      vertex 18.178 115.295 2.2
      vertex 18.0569 115.279 2.2
    endloop
  endfacet
  facet normal 0.130984 -0.991384 0
    outer loop
      vertex 18.178 115.295 2.2
      vertex 18.0569 115.279 0
      vertex 18.178 115.295 0
    endloop
  endfacet
  facet normal 0.99137 -0.13109 0
    outer loop
      vertex 16.9053 114.022 2.2
      vertex 16.9213 114.143 0
      vertex 16.9213 114.143 2.2
    endloop
  endfacet
  facet normal 0.99137 -0.13109 0
    outer loop
      vertex 16.9213 114.143 0
      vertex 16.9053 114.022 2.2
      vertex 16.9053 114.022 0
    endloop
  endfacet
  facet normal 0.999058 -0.0434017 0
    outer loop
      vertex 16.9 113.9 2.2
      vertex 16.9053 114.022 0
      vertex 16.9053 114.022 2.2
    endloop
  endfacet
  facet normal 0.999058 -0.0434017 0
    outer loop
      vertex 16.9053 114.022 0
      vertex 16.9 113.9 2.2
      vertex 16.9 113.9 0
    endloop
  endfacet
  facet normal 0.843459 -0.537193 0
    outer loop
      vertex 17.0876 114.6 2.2
      vertex 17.1532 114.703 0
      vertex 17.1532 114.703 2.2
    endloop
  endfacet
  facet normal 0.843459 -0.537193 0
    outer loop
      vertex 17.1532 114.703 0
      vertex 17.0876 114.6 2.2
      vertex 17.0876 114.6 0
    endloop
  endfacet
  facet normal -0.675725 0.737154 0
    outer loop
      vertex 102.69 50.91 0
      vertex 102.6 50.8275 2.2
      vertex 102.69 50.91 2.2
    endloop
  endfacet
  facet normal -0.675725 0.737154 0
    outer loop
      vertex 102.6 50.8275 2.2
      vertex 102.69 50.91 0
      vertex 102.6 50.8275 0
    endloop
  endfacet
  facet normal -0.791106 -0.61168 0
    outer loop
      vertex 102.847 114.703 0
      vertex 102.772 114.8 2.2
      vertex 102.772 114.8 0
    endloop
  endfacet
  facet normal -0.791106 -0.61168 0
    outer loop
      vertex 102.772 114.8 2.2
      vertex 102.847 114.703 0
      vertex 102.847 114.703 2.2
    endloop
  endfacet
  facet normal -0.61168 -0.791106 0
    outer loop
      vertex 102.503 115.047 0
      vertex 102.6 114.972 2.2
      vertex 102.503 115.047 2.2
    endloop
  endfacet
  facet normal -0.61168 -0.791106 -0
    outer loop
      vertex 102.6 114.972 2.2
      vertex 102.503 115.047 0
      vertex 102.6 114.972 0
    endloop
  endfacet
  facet normal -0.13109 -0.99137 0
    outer loop
      vertex 101.822 115.295 0
      vertex 101.943 115.279 2.2
      vertex 101.822 115.295 2.2
    endloop
  endfacet
  facet normal -0.13109 -0.99137 -0
    outer loop
      vertex 101.943 115.279 2.2
      vertex 101.822 115.295 0
      vertex 101.943 115.279 0
    endloop
  endfacet
  facet normal 0.95416 -0.299296 0
    outer loop
      vertex 16.9477 114.262 2.2
      vertex 16.9844 114.379 0
      vertex 16.9844 114.379 2.2
    endloop
  endfacet
  facet normal 0.95416 -0.299296 0
    outer loop
      vertex 16.9844 114.379 0
      vertex 16.9477 114.262 2.2
      vertex 16.9477 114.262 0
    endloop
  endfacet
  facet normal -0.299296 0.95416 0
    outer loop
      vertex 102.179 50.5844 0
      vertex 102.062 50.5477 2.2
      vertex 102.179 50.5844 2.2
    endloop
  endfacet
  facet normal -0.299296 0.95416 0
    outer loop
      vertex 102.062 50.5477 2.2
      vertex 102.179 50.5844 0
      vertex 102.062 50.5477 0
    endloop
  endfacet
  facet normal -0.294086 -0.955779 0
    outer loop
      vertex 102.062 115.252 0
      vertex 102.179 115.216 2.2
      vertex 102.062 115.252 2.2
    endloop
  endfacet
  facet normal -0.294086 -0.955779 -0
    outer loop
      vertex 102.179 115.216 2.2
      vertex 102.062 115.252 0
      vertex 102.179 115.216 0
    endloop
  endfacet
  facet normal -0.384035 -0.923318 0
    outer loop
      vertex 102.179 115.216 0
      vertex 102.292 115.169 2.2
      vertex 102.179 115.216 2.2
    endloop
  endfacet
  facet normal -0.384035 -0.923318 -0
    outer loop
      vertex 102.292 115.169 2.2
      vertex 102.179 115.216 0
      vertex 102.292 115.169 0
    endloop
  endfacet
  facet normal 0.537193 0.843459 -0
    outer loop
      vertex 17.6 50.6876 0
      vertex 17.497 50.7532 2.2
      vertex 17.6 50.6876 2.2
    endloop
  endfacet
  facet normal 0.537193 0.843459 0
    outer loop
      vertex 17.497 50.7532 2.2
      vertex 17.6 50.6876 0
      vertex 17.497 50.7532 0
    endloop
  endfacet
  facet normal 0.923777 0.38293 0
    outer loop
      vertex 17.0312 51.3083 2.2
      vertex 16.9844 51.4212 0
      vertex 16.9844 51.4212 2.2
    endloop
  endfacet
  facet normal 0.923777 0.38293 0
    outer loop
      vertex 16.9844 51.4212 0
      vertex 17.0312 51.3083 2.2
      vertex 17.0312 51.3083 0
    endloop
  endfacet
  facet normal -0.923318 -0.384035 0
    outer loop
      vertex 103.016 114.379 0
      vertex 102.969 114.492 2.2
      vertex 102.969 114.492 0
    endloop
  endfacet
  facet normal -0.923318 -0.384035 0
    outer loop
      vertex 102.969 114.492 2.2
      vertex 103.016 114.379 0
      vertex 103.016 114.379 2.2
    endloop
  endfacet
  facet normal -0.462903 0.886409 0
    outer loop
      vertex 102.4 50.6876 0
      vertex 102.292 50.6312 2.2
      vertex 102.4 50.6876 2.2
    endloop
  endfacet
  facet normal -0.462903 0.886409 0
    outer loop
      vertex 102.292 50.6312 2.2
      vertex 102.4 50.6876 0
      vertex 102.292 50.6312 0
    endloop
  endfacet
  facet normal 0.67349 -0.739196 0
    outer loop
      vertex 17.3101 114.89 0
      vertex 17.4001 114.972 2.2
      vertex 17.3101 114.89 2.2
    endloop
  endfacet
  facet normal 0.67349 -0.739196 0
    outer loop
      vertex 17.4001 114.972 2.2
      vertex 17.3101 114.89 0
      vertex 17.4001 114.972 0
    endloop
  endfacet
  facet normal -0.845684 0.533684 0
    outer loop
      vertex 102.847 51.097 0
      vertex 102.912 51.2 2.2
      vertex 102.912 51.2 0
    endloop
  endfacet
  facet normal -0.845684 0.533684 0
    outer loop
      vertex 102.912 51.2 2.2
      vertex 102.847 51.097 0
      vertex 102.847 51.097 2.2
    endloop
  endfacet
  facet normal 0.736746 -0.676169 0
    outer loop
      vertex 17.2275 114.8 2.2
      vertex 17.3101 114.89 0
      vertex 17.3101 114.89 2.2
    endloop
  endfacet
  facet normal 0.736746 -0.676169 0
    outer loop
      vertex 17.3101 114.89 0
      vertex 17.2275 114.8 2.2
      vertex 17.2275 114.8 0
    endloop
  endfacet
  facet normal 0.923897 -0.382641 0
    outer loop
      vertex 16.9844 114.379 2.2
      vertex 17.0312 114.492 0
      vertex 17.0312 114.492 2.2
    endloop
  endfacet
  facet normal 0.923897 -0.382641 0
    outer loop
      vertex 17.0312 114.492 0
      vertex 16.9844 114.379 2.2
      vertex 16.9844 114.379 0
    endloop
  endfacet
  facet normal 0.384325 -0.923198 0
    outer loop
      vertex 17.7083 115.169 0
      vertex 17.8212 115.216 2.2
      vertex 17.7083 115.169 2.2
    endloop
  endfacet
  facet normal 0.384325 -0.923198 0
    outer loop
      vertex 17.8212 115.216 2.2
      vertex 17.7083 115.169 0
      vertex 17.8212 115.216 0
    endloop
  endfacet
  facet normal 0.130984 0.991384 -0
    outer loop
      vertex 18.178 50.5053 0
      vertex 18.0569 50.5213 2.2
      vertex 18.178 50.5053 2.2
    endloop
  endfacet
  facet normal 0.130984 0.991384 0
    outer loop
      vertex 18.0569 50.5213 2.2
      vertex 18.178 50.5053 0
      vertex 18.0569 50.5213 0
    endloop
  endfacet
  facet normal -0.0409492 -0.999161 0
    outer loop
      vertex 101.7 115.3 0
      vertex 101.822 115.295 2.2
      vertex 101.7 115.3 2.2
    endloop
  endfacet
  facet normal -0.0409492 -0.999161 -0
    outer loop
      vertex 101.822 115.295 2.2
      vertex 101.7 115.3 0
      vertex 101.822 115.295 0
    endloop
  endfacet
  facet normal 0.608483 0.793567 -0
    outer loop
      vertex 17.497 50.7532 0
      vertex 17.4001 50.8275 2.2
      vertex 17.497 50.7532 2.2
    endloop
  endfacet
  facet normal 0.608483 0.793567 0
    outer loop
      vertex 17.4001 50.8275 2.2
      vertex 17.497 50.7532 0
      vertex 17.4001 50.8275 0
    endloop
  endfacet
  facet normal 0.886935 0.461894 0
    outer loop
      vertex 17.0876 51.2 2.2
      vertex 17.0312 51.3083 0
      vertex 17.0312 51.3083 2.2
    endloop
  endfacet
  facet normal 0.886935 0.461894 0
    outer loop
      vertex 17.0312 51.3083 0
      vertex 17.0876 51.2 2.2
      vertex 17.0876 51.2 0
    endloop
  endfacet
  facet normal 0.976341 0.216237 0
    outer loop
      vertex 16.9477 51.5377 2.2
      vertex 16.9213 51.6569 0
      vertex 16.9213 51.6569 2.2
    endloop
  endfacet
  facet normal 0.976341 0.216237 0
    outer loop
      vertex 16.9213 51.6569 0
      vertex 16.9477 51.5377 2.2
      vertex 16.9477 51.5377 0
    endloop
  endfacet
  facet normal -0.608088 0.79387 0
    outer loop
      vertex 102.6 50.8275 0
      vertex 102.503 50.7532 2.2
      vertex 102.6 50.8275 2.2
    endloop
  endfacet
  facet normal -0.608088 0.79387 0
    outer loop
      vertex 102.503 50.7532 2.2
      vertex 102.6 50.8275 0
      vertex 102.503 50.7532 0
    endloop
  endfacet
  facet normal -0.0434017 0.999058 0
    outer loop
      vertex 101.822 50.5053 0
      vertex 101.7 50.5 2.2
      vertex 101.822 50.5053 2.2
    endloop
  endfacet
  facet normal -0.0434017 0.999058 0
    outer loop
      vertex 101.7 50.5 2.2
      vertex 101.822 50.5053 0
      vertex 101.7 50.5 0
    endloop
  endfacet
  facet normal -0.13109 0.99137 0
    outer loop
      vertex 101.943 50.5213 0
      vertex 101.822 50.5053 2.2
      vertex 101.943 50.5213 2.2
    endloop
  endfacet
  facet normal -0.13109 0.99137 0
    outer loop
      vertex 101.822 50.5053 2.2
      vertex 101.943 50.5213 0
      vertex 101.822 50.5053 0
    endloop
  endfacet
  facet normal 0.73712 0.675762 0
    outer loop
      vertex 17.3101 50.91 2.2
      vertex 17.2275 51.0001 0
      vertex 17.2275 51.0001 2.2
    endloop
  endfacet
  facet normal 0.73712 0.675762 0
    outer loop
      vertex 17.2275 51.0001 0
      vertex 17.3101 50.91 2.2
      vertex 17.3101 50.91 0
    endloop
  endfacet
  facet normal -0.884385 -0.466759 0
    outer loop
      vertex 102.969 114.492 0
      vertex 102.912 114.6 2.2
      vertex 102.912 114.6 0
    endloop
  endfacet
  facet normal -0.884385 -0.466759 0
    outer loop
      vertex 102.912 114.6 2.2
      vertex 102.969 114.492 0
      vertex 102.969 114.492 2.2
    endloop
  endfacet
  facet normal 0.793567 0.608483 0
    outer loop
      vertex 17.2275 51.0001 2.2
      vertex 17.1532 51.097 0
      vertex 17.1532 51.097 2.2
    endloop
  endfacet
  facet normal 0.793567 0.608483 0
    outer loop
      vertex 17.1532 51.097 0
      vertex 17.2275 51.0001 2.2
      vertex 17.2275 51.0001 0
    endloop
  endfacet
  facet normal 0.461894 0.886935 -0
    outer loop
      vertex 17.7083 50.6312 0
      vertex 17.6 50.6876 2.2
      vertex 17.7083 50.6312 2.2
    endloop
  endfacet
  facet normal 0.461894 0.886935 0
    outer loop
      vertex 17.6 50.6876 2.2
      vertex 17.7083 50.6312 0
      vertex 17.6 50.6876 0
    endloop
  endfacet
  facet normal 0.38293 0.923777 -0
    outer loop
      vertex 17.8212 50.5844 0
      vertex 17.7083 50.6312 2.2
      vertex 17.8212 50.5844 2.2
    endloop
  endfacet
  facet normal 0.38293 0.923777 0
    outer loop
      vertex 17.7083 50.6312 2.2
      vertex 17.8212 50.5844 0
      vertex 17.7083 50.6312 0
    endloop
  endfacet
  facet normal -0.221267 -0.975213 0
    outer loop
      vertex 101.943 115.279 0
      vertex 102.062 115.252 2.2
      vertex 101.943 115.279 2.2
    endloop
  endfacet
  facet normal -0.221267 -0.975213 -0
    outer loop
      vertex 102.062 115.252 2.2
      vertex 101.943 115.279 0
      vertex 102.062 115.252 0
    endloop
  endfacet
  facet normal 0.843459 0.537193 0
    outer loop
      vertex 17.1532 51.097 2.2
      vertex 17.0876 51.2 0
      vertex 17.0876 51.2 2.2
    endloop
  endfacet
  facet normal 0.843459 0.537193 0
    outer loop
      vertex 17.0876 51.2 0
      vertex 17.1532 51.097 2.2
      vertex 17.1532 51.097 0
    endloop
  endfacet
  facet normal 0.0409492 -0.999161 0
    outer loop
      vertex 18.178 115.295 0
      vertex 18.3 115.3 2.2
      vertex 18.178 115.295 2.2
    endloop
  endfacet
  facet normal 0.0409492 -0.999161 0
    outer loop
      vertex 18.3 115.3 2.2
      vertex 18.178 115.295 0
      vertex 18.3 115.3 0
    endloop
  endfacet
  facet normal 0.0434017 0.999058 -0
    outer loop
      vertex 18.3 50.5 0
      vertex 18.178 50.5053 2.2
      vertex 18.3 50.5 2.2
    endloop
  endfacet
  facet normal 0.0434017 0.999058 0
    outer loop
      vertex 18.178 50.5053 2.2
      vertex 18.3 50.5 0
      vertex 18.178 50.5053 0
    endloop
  endfacet
  facet normal -0.955424 0.295238 0
    outer loop
      vertex 103.016 51.4212 0
      vertex 103.052 51.5377 2.2
      vertex 103.052 51.5377 0
    endloop
  endfacet
  facet normal -0.955424 0.295238 0
    outer loop
      vertex 103.052 51.5377 2.2
      vertex 103.016 51.4212 0
      vertex 103.016 51.4212 2.2
    endloop
  endfacet
  facet normal -0.884918 0.465746 0
    outer loop
      vertex 102.912 51.2 0
      vertex 102.969 51.3083 2.2
      vertex 102.969 51.3083 0
    endloop
  endfacet
  facet normal -0.884918 0.465746 0
    outer loop
      vertex 102.969 51.3083 2.2
      vertex 102.912 51.2 0
      vertex 102.912 51.2 2.2
    endloop
  endfacet
  facet normal -0.923198 0.384325 0
    outer loop
      vertex 102.969 51.3083 0
      vertex 103.016 51.4212 2.2
      vertex 103.016 51.4212 0
    endloop
  endfacet
  facet normal -0.923198 0.384325 0
    outer loop
      vertex 103.016 51.4212 2.2
      vertex 102.969 51.3083 0
      vertex 102.969 51.3083 2.2
    endloop
  endfacet
  facet normal 0.300465 0.953793 -0
    outer loop
      vertex 17.9377 50.5477 0
      vertex 17.8212 50.5844 2.2
      vertex 17.9377 50.5477 2.2
    endloop
  endfacet
  facet normal 0.300465 0.953793 0
    outer loop
      vertex 17.8212 50.5844 2.2
      vertex 17.9377 50.5477 0
      vertex 17.8212 50.5844 0
    endloop
  endfacet
  facet normal 0.220914 -0.975293 0
    outer loop
      vertex 17.9377 115.252 0
      vertex 18.0569 115.279 2.2
      vertex 17.9377 115.252 2.2
    endloop
  endfacet
  facet normal 0.220914 -0.975293 0
    outer loop
      vertex 18.0569 115.279 2.2
      vertex 17.9377 115.252 0
      vertex 18.0569 115.279 0
    endloop
  endfacet
  facet normal 0.295238 -0.955424 0
    outer loop
      vertex 17.8212 115.216 0
      vertex 17.9377 115.252 2.2
      vertex 17.8212 115.216 2.2
    endloop
  endfacet
  facet normal 0.295238 -0.955424 0
    outer loop
      vertex 17.9377 115.252 2.2
      vertex 17.8212 115.216 0
      vertex 17.9377 115.252 0
    endloop
  endfacet
  facet normal 0.675725 0.737154 -0
    outer loop
      vertex 17.4001 50.8275 0
      vertex 17.3101 50.91 2.2
      vertex 17.4001 50.8275 2.2
    endloop
  endfacet
  facet normal 0.675725 0.737154 0
    outer loop
      vertex 17.3101 50.91 2.2
      vertex 17.4001 50.8275 0
      vertex 17.3101 50.91 0
    endloop
  endfacet
  facet normal 0.953793 0.300465 0
    outer loop
      vertex 16.9844 51.4212 2.2
      vertex 16.9477 51.5377 0
      vertex 16.9477 51.5377 2.2
    endloop
  endfacet
  facet normal 0.953793 0.300465 0
    outer loop
      vertex 16.9477 51.5377 0
      vertex 16.9844 51.4212 2.2
      vertex 16.9844 51.4212 0
    endloop
  endfacet
  facet normal 0.991426 0.130669 0
    outer loop
      vertex 43.7804 7.6527 2.2
      vertex 43.7576 7.82569 0.799999
      vertex 43.7576 7.82569 2.2
    endloop
  endfacet
  facet normal 0.991426 0.130669 0
    outer loop
      vertex 43.7576 7.82569 0.799999
      vertex 43.7804 7.6527 2.2
      vertex 43.7804 7.6527 0.799999
    endloop
  endfacet
  facet normal 0.976362 -0.216141 0
    outer loop
      vertex 43.7804 36.8473 2.2
      vertex 43.8181 37.0176 0.799999
      vertex 43.8181 37.0176 2.2
    endloop
  endfacet
  facet normal 0.976362 -0.216141 0
    outer loop
      vertex 43.8181 37.0176 0.799999
      vertex 43.7804 36.8473 2.2
      vertex 43.7804 36.8473 0.799999
    endloop
  endfacet
  facet normal 0.999051 0.0435591 0
    outer loop
      vertex 43.7576 7.82569 2.2
      vertex 43.75 8 0.799999
      vertex 43.75 8 2.2
    endloop
  endfacet
  facet normal 0.999051 0.0435591 0
    outer loop
      vertex 43.75 8 0.799999
      vertex 43.7576 7.82569 2.2
      vertex 43.7576 7.82569 0.799999
    endloop
  endfacet
  facet normal 0.537191 0.843461 -0
    outer loop
      vertex 44.75 6.26795 0.799999
      vertex 44.6028 6.3617 2.2
      vertex 44.75 6.26795 2.2
    endloop
  endfacet
  facet normal 0.537191 0.843461 0
    outer loop
      vertex 44.6028 6.3617 2.2
      vertex 44.75 6.26795 0.799999
      vertex 44.6028 6.3617 0.799999
    endloop
  endfacet
  facet normal -0.886924 0.461916 0
    outer loop
      vertex 75.982 7 0.799999
      vertex 76.0626 7.15476 2.2
      vertex 76.0626 7.15476 0.799999
    endloop
  endfacet
  facet normal -0.886924 0.461916 0
    outer loop
      vertex 76.0626 7.15476 2.2
      vertex 75.982 7 0.799999
      vertex 75.982 7 2.2
    endloop
  endfacet
  facet normal 0.843331 -0.537394 0
    outer loop
      vertex 44.0179 37.5 2.2
      vertex 44.1117 37.6472 0.799999
      vertex 44.1117 37.6472 2.2
    endloop
  endfacet
  facet normal 0.843331 -0.537394 0
    outer loop
      vertex 44.1117 37.6472 0.799999
      vertex 44.0179 37.5 2.2
      vertex 44.0179 37.5 0.799999
    endloop
  endfacet
  facet normal -0.675714 0.737164 0
    outer loop
      vertex 75.6642 6.58579 0.799999
      vertex 75.5356 6.46791 2.2
      vertex 75.6642 6.58579 2.2
    endloop
  endfacet
  facet normal -0.675714 0.737164 0
    outer loop
      vertex 75.5356 6.46791 2.2
      vertex 75.6642 6.58579 0.799999
      vertex 75.5356 6.46791 0.799999
    endloop
  endfacet
  facet normal -1 0 0
    outer loop
      vertex 76.25 8 0.799999
      vertex 76.25 36.5 2.2
      vertex 76.25 36.5 0.799999
    endloop
  endfacet
  facet normal -1 -0 0
    outer loop
      vertex 76.25 36.5 2.2
      vertex 76.25 8 0.799999
      vertex 76.25 8 2.2
    endloop
  endfacet
  facet normal 0 -1 0
    outer loop
      vertex 45.75 38.5 0.799999
      vertex 74.25 38.5 2.2
      vertex 45.75 38.5 2.2
    endloop
  endfacet
  facet normal 0 -1 -0
    outer loop
      vertex 74.25 38.5 2.2
      vertex 45.75 38.5 0.799999
      vertex 74.25 38.5 0.799999
    endloop
  endfacet
  facet normal 0.793412 0.608685 0
    outer loop
      vertex 44.2179 6.71442 2.2
      vertex 44.1117 6.85285 0.799999
      vertex 44.1117 6.85285 2.2
    endloop
  endfacet
  facet normal 0.793412 0.608685 0
    outer loop
      vertex 44.1117 6.85285 0.799999
      vertex 44.2179 6.71442 2.2
      vertex 44.2179 6.71442 0.799999
    endloop
  endfacet
  facet normal -0.216524 0.976277 0
    outer loop
      vertex 74.7676 6.06815 0.799999
      vertex 74.5973 6.03038 2.2
      vertex 74.7676 6.06815 2.2
    endloop
  endfacet
  facet normal -0.216524 0.976277 0
    outer loop
      vertex 74.5973 6.03038 2.2
      vertex 74.7676 6.06815 0.799999
      vertex 74.5973 6.03038 0.799999
    endloop
  endfacet
  facet normal -0.923821 -0.382824 0
    outer loop
      vertex 76.1294 37.184 0.799999
      vertex 76.0626 37.3452 2.2
      vertex 76.0626 37.3452 0.799999
    endloop
  endfacet
  facet normal -0.923821 -0.382824 0
    outer loop
      vertex 76.0626 37.3452 2.2
      vertex 76.1294 37.184 0.799999
      vertex 76.1294 37.184 2.2
    endloop
  endfacet
  facet normal 0.923821 -0.382824 0
    outer loop
      vertex 43.8706 37.184 2.2
      vertex 43.9374 37.3452 0.799999
      vertex 43.9374 37.3452 2.2
    endloop
  endfacet
  facet normal 0.923821 -0.382824 0
    outer loop
      vertex 43.9374 37.3452 0.799999
      vertex 43.8706 37.184 2.2
      vertex 43.8706 37.184 0.799999
    endloop
  endfacet
  facet normal 1 -0 0
    outer loop
      vertex 43.75 8 2.2
      vertex 43.75 36.5 0.799999
      vertex 43.75 36.5 2.2
    endloop
  endfacet
  facet normal 1 0 0
    outer loop
      vertex 43.75 36.5 0.799999
      vertex 43.75 8 2.2
      vertex 43.75 8 0.799999
    endloop
  endfacet
  facet normal 0 1 -0
    outer loop
      vertex 74.25 6 0.799999
      vertex 45.75 6 2.2
      vertex 74.25 6 2.2
    endloop
  endfacet
  facet normal 0 1 0
    outer loop
      vertex 45.75 6 2.2
      vertex 74.25 6 0.799999
      vertex 45.75 6 0.799999
    endloop
  endfacet
  facet normal -0.461822 -0.886973 0
    outer loop
      vertex 75.0952 38.3126 0.799999
      vertex 75.25 38.232 2.2
      vertex 75.0952 38.3126 2.2
    endloop
  endfacet
  facet normal -0.461822 -0.886973 -0
    outer loop
      vertex 75.25 38.232 2.2
      vertex 75.0952 38.3126 0.799999
      vertex 75.25 38.232 0.799999
    endloop
  endfacet
  facet normal -0.976362 -0.216141 0
    outer loop
      vertex 76.2196 36.8473 0.799999
      vertex 76.1819 37.0176 2.2
      vertex 76.1819 37.0176 0.799999
    endloop
  endfacet
  facet normal -0.976362 -0.216141 0
    outer loop
      vertex 76.1819 37.0176 2.2
      vertex 76.2196 36.8473 0.799999
      vertex 76.2196 36.8473 2.2
    endloop
  endfacet
  facet normal -0.130662 -0.991427 0
    outer loop
      vertex 74.4243 38.4924 0.799999
      vertex 74.5973 38.4696 2.2
      vertex 74.4243 38.4924 2.2
    endloop
  endfacet
  facet normal -0.130662 -0.991427 -0
    outer loop
      vertex 74.5973 38.4696 2.2
      vertex 74.4243 38.4924 0.799999
      vertex 74.5973 38.4696 0.799999
    endloop
  endfacet
  facet normal -0.537191 0.843461 0
    outer loop
      vertex 75.3972 6.3617 0.799999
      vertex 75.25 6.26795 2.2
      vertex 75.3972 6.3617 2.2
    endloop
  endfacet
  facet normal -0.537191 0.843461 0
    outer loop
      vertex 75.25 6.26795 2.2
      vertex 75.3972 6.3617 0.799999
      vertex 75.25 6.26795 0.799999
    endloop
  endfacet
  facet normal -0.737185 0.675691 0
    outer loop
      vertex 75.6642 6.58579 0.799999
      vertex 75.7821 6.71442 2.2
      vertex 75.7821 6.71442 0.799999
    endloop
  endfacet
  facet normal -0.737185 0.675691 0
    outer loop
      vertex 75.7821 6.71442 2.2
      vertex 75.6642 6.58579 0.799999
      vertex 75.6642 6.58579 2.2
    endloop
  endfacet
  facet normal 0 0 1
    outer loop
      vertex 74.25 38.5 0.799999
      vertex 76.25 36.5 0.799999
      vertex 76.2424 36.6743 0.799999
    endloop
  endfacet
  facet normal 0 0 1
    outer loop
      vertex 76.25 36.5 0.799999
      vertex 74.25 38.5 0.799999
      vertex 76.25 8 0.799999
    endloop
  endfacet
  facet normal 0 0 1
    outer loop
      vertex 74.25 38.5 0.799999
      vertex 76.2424 36.6743 0.799999
      vertex 76.2196 36.8473 0.799999
    endloop
  endfacet
  facet normal 0 0 1
    outer loop
      vertex 74.25 6 0.799999
      vertex 76.25 8 0.799999
      vertex 74.25 38.5 0.799999
    endloop
  endfacet
  facet normal 0 0 1
    outer loop
      vertex 74.25 38.5 0.799999
      vertex 76.2196 36.8473 0.799999
      vertex 76.1819 37.0176 0.799999
    endloop
  endfacet
  facet normal 0 0 1
    outer loop
      vertex 76.25 8 0.799999
      vertex 74.25 6 0.799999
      vertex 76.2424 7.82569 0.799999
    endloop
  endfacet
  facet normal 0 0 1
    outer loop
      vertex 74.25 38.5 0.799999
      vertex 76.1819 37.0176 0.799999
      vertex 76.1294 37.184 0.799999
    endloop
  endfacet
  facet normal 0 0 1
    outer loop
      vertex 76.2424 7.82569 0.799999
      vertex 74.25 6 0.799999
      vertex 76.2196 7.6527 0.799999
    endloop
  endfacet
  facet normal 0 0 1
    outer loop
      vertex 74.25 38.5 0.799999
      vertex 76.1294 37.184 0.799999
      vertex 76.0626 37.3452 0.799999
    endloop
  endfacet
  facet normal 0 0 1
    outer loop
      vertex 76.2196 7.6527 0.799999
      vertex 74.25 6 0.799999
      vertex 76.1819 7.48236 0.799999
    endloop
  endfacet
  facet normal 0 0 1
    outer loop
      vertex 74.25 38.5 0.799999
      vertex 76.0626 37.3452 0.799999
      vertex 75.982 37.5 0.799999
    endloop
  endfacet
  facet normal 0 0 1
    outer loop
      vertex 76.1819 7.48236 0.799999
      vertex 74.25 6 0.799999
      vertex 76.1294 7.31596 0.799999
    endloop
  endfacet
  facet normal 0 0 1
    outer loop
      vertex 74.25 38.5 0.799999
      vertex 75.982 37.5 0.799999
      vertex 75.8883 37.6472 0.799999
    endloop
  endfacet
  facet normal 0 0 1
    outer loop
      vertex 76.1294 7.31596 0.799999
      vertex 74.25 6 0.799999
      vertex 76.0626 7.15476 0.799999
    endloop
  endfacet
  facet normal 0 0 1
    outer loop
      vertex 74.25 38.5 0.799999
      vertex 75.8883 37.6472 0.799999
      vertex 75.7821 37.7856 0.799999
    endloop
  endfacet
  facet normal 0 0 1
    outer loop
      vertex 76.0626 7.15476 0.799999
      vertex 74.25 6 0.799999
      vertex 75.982 7 0.799999
    endloop
  endfacet
  facet normal 0 0 1
    outer loop
      vertex 74.25 38.5 0.799999
      vertex 75.7821 37.7856 0.799999
      vertex 75.6642 37.9142 0.799999
    endloop
  endfacet
  facet normal 0 0 1
    outer loop
      vertex 75.982 7 0.799999
      vertex 74.25 6 0.799999
      vertex 75.8883 6.85285 0.799999
    endloop
  endfacet
  facet normal 0 0 1
    outer loop
      vertex 74.25 38.5 0.799999
      vertex 75.6642 37.9142 0.799999
      vertex 75.5356 38.0321 0.799999
    endloop
  endfacet
  facet normal 0 0 1
    outer loop
      vertex 75.8883 6.85285 0.799999
      vertex 74.25 6 0.799999
      vertex 75.7821 6.71442 0.799999
    endloop
  endfacet
  facet normal 0 0 1
    outer loop
      vertex 74.25 38.5 0.799999
      vertex 75.5356 38.0321 0.799999
      vertex 75.3972 38.1383 0.799999
    endloop
  endfacet
  facet normal 0 0 1
    outer loop
      vertex 75.7821 6.71442 0.799999
      vertex 74.25 6 0.799999
      vertex 75.6642 6.58579 0.799999
    endloop
  endfacet
  facet normal 0 0 1
    outer loop
      vertex 74.25 38.5 0.799999
      vertex 75.3972 38.1383 0.799999
      vertex 75.25 38.232 0.799999
    endloop
  endfacet
  facet normal 0 0 1
    outer loop
      vertex 75.6642 6.58579 0.799999
      vertex 74.25 6 0.799999
      vertex 75.5356 6.46791 0.799999
    endloop
  endfacet
  facet normal 0 0 1
    outer loop
      vertex 74.25 38.5 0.799999
      vertex 75.25 38.232 0.799999
      vertex 75.0952 38.3126 0.799999
    endloop
  endfacet
  facet normal 0 0 1
    outer loop
      vertex 75.5356 6.46791 0.799999
      vertex 74.25 6 0.799999
      vertex 75.3972 6.3617 0.799999
    endloop
  endfacet
  facet normal 0 0 1
    outer loop
      vertex 74.25 38.5 0.799999
      vertex 75.0952 38.3126 0.799999
      vertex 74.934 38.3794 0.799999
    endloop
  endfacet
  facet normal 0 0 1
    outer loop
      vertex 75.3972 6.3617 0.799999
      vertex 74.25 6 0.799999
      vertex 75.25 6.26795 0.799999
    endloop
  endfacet
  facet normal 0 0 1
    outer loop
      vertex 74.25 38.5 0.799999
      vertex 74.934 38.3794 0.799999
      vertex 74.7676 38.4319 0.799999
    endloop
  endfacet
  facet normal 0 0 1
    outer loop
      vertex 75.25 6.26795 0.799999
      vertex 74.25 6 0.799999
      vertex 75.0952 6.18738 0.799999
    endloop
  endfacet
  facet normal 0 0 1
    outer loop
      vertex 74.25 38.5 0.799999
      vertex 74.7676 38.4319 0.799999
      vertex 74.5973 38.4696 0.799999
    endloop
  endfacet
  facet normal 0 0 1
    outer loop
      vertex 75.0952 6.18738 0.799999
      vertex 74.25 6 0.799999
      vertex 74.934 6.12061 0.799999
    endloop
  endfacet
  facet normal 0 0 1
    outer loop
      vertex 74.25 38.5 0.799999
      vertex 74.5973 38.4696 0.799999
      vertex 74.4243 38.4924 0.799999
    endloop
  endfacet
  facet normal 0 0 1
    outer loop
      vertex 74.934 6.12061 0.799999
      vertex 74.25 6 0.799999
      vertex 74.7676 6.06815 0.799999
    endloop
  endfacet
  facet normal 0 0 1
    outer loop
      vertex 74.7676 6.06815 0.799999
      vertex 74.25 6 0.799999
      vertex 74.5973 6.03038 0.799999
    endloop
  endfacet
  facet normal 0 0 1
    outer loop
      vertex 74.5973 6.03038 0.799999
      vertex 74.25 6 0.799999
      vertex 74.4243 6.00761 0.799999
    endloop
  endfacet
  facet normal -0 0 1
    outer loop
      vertex 45.75 38.5 0.799999
      vertex 74.25 6 0.799999
      vertex 74.25 38.5 0.799999
    endloop
  endfacet
  facet normal 0 0 1
    outer loop
      vertex 45.75 38.5 0.799999
      vertex 45.75 6 0.799999
      vertex 74.25 6 0.799999
    endloop
  endfacet
  facet normal 0 0 1
    outer loop
      vertex 43.75 36.5 0.799999
      vertex 45.75 38.5 0.799999
      vertex 45.5757 38.4924 0.799999
    endloop
  endfacet
  facet normal 0 0 1
    outer loop
      vertex 45.75 38.5 0.799999
      vertex 43.75 36.5 0.799999
      vertex 45.75 6 0.799999
    endloop
  endfacet
  facet normal 0 0 1
    outer loop
      vertex 43.75 36.5 0.799999
      vertex 45.5757 38.4924 0.799999
      vertex 45.4027 38.4696 0.799999
    endloop
  endfacet
  facet normal -0 0 1
    outer loop
      vertex 43.75 8 0.799999
      vertex 45.75 6 0.799999
      vertex 43.75 36.5 0.799999
    endloop
  endfacet
  facet normal 0 0 1
    outer loop
      vertex 43.75 36.5 0.799999
      vertex 45.4027 38.4696 0.799999
      vertex 45.2324 38.4319 0.799999
    endloop
  endfacet
  facet normal 0 0 1
    outer loop
      vertex 45.75 6 0.799999
      vertex 43.75 8 0.799999
      vertex 45.5757 6.00761 0.799999
    endloop
  endfacet
  facet normal 0 0 1
    outer loop
      vertex 43.75 36.5 0.799999
      vertex 45.2324 38.4319 0.799999
      vertex 45.066 38.3794 0.799999
    endloop
  endfacet
  facet normal 0 0 1
    outer loop
      vertex 45.5757 6.00761 0.799999
      vertex 43.75 8 0.799999
      vertex 45.4027 6.03038 0.799999
    endloop
  endfacet
  facet normal 0 0 1
    outer loop
      vertex 43.75 36.5 0.799999
      vertex 45.066 38.3794 0.799999
      vertex 44.9048 38.3126 0.799999
    endloop
  endfacet
  facet normal 0 0 1
    outer loop
      vertex 45.4027 6.03038 0.799999
      vertex 43.75 8 0.799999
      vertex 45.2324 6.06815 0.799999
    endloop
  endfacet
  facet normal 0 0 1
    outer loop
      vertex 43.75 36.5 0.799999
      vertex 44.9048 38.3126 0.799999
      vertex 44.75 38.232 0.799999
    endloop
  endfacet
  facet normal 0 0 1
    outer loop
      vertex 45.2324 6.06815 0.799999
      vertex 43.75 8 0.799999
      vertex 45.066 6.12061 0.799999
    endloop
  endfacet
  facet normal 0 0 1
    outer loop
      vertex 43.75 36.5 0.799999
      vertex 44.75 38.232 0.799999
      vertex 44.6028 38.1383 0.799999
    endloop
  endfacet
  facet normal 0 0 1
    outer loop
      vertex 45.066 6.12061 0.799999
      vertex 43.75 8 0.799999
      vertex 44.9048 6.18738 0.799999
    endloop
  endfacet
  facet normal 0 0 1
    outer loop
      vertex 43.75 36.5 0.799999
      vertex 44.6028 38.1383 0.799999
      vertex 44.4644 38.0321 0.799999
    endloop
  endfacet
  facet normal 0 0 1
    outer loop
      vertex 44.9048 6.18738 0.799999
      vertex 43.75 8 0.799999
      vertex 44.75 6.26795 0.799999
    endloop
  endfacet
  facet normal 0 0 1
    outer loop
      vertex 43.75 36.5 0.799999
      vertex 44.4644 38.0321 0.799999
      vertex 44.3358 37.9142 0.799999
    endloop
  endfacet
  facet normal 0 0 1
    outer loop
      vertex 44.75 6.26795 0.799999
      vertex 43.75 8 0.799999
      vertex 44.6028 6.3617 0.799999
    endloop
  endfacet
  facet normal 0 0 1
    outer loop
      vertex 43.75 36.5 0.799999
      vertex 44.3358 37.9142 0.799999
      vertex 44.2179 37.7856 0.799999
    endloop
  endfacet
  facet normal 0 0 1
    outer loop
      vertex 44.6028 6.3617 0.799999
      vertex 43.75 8 0.799999
      vertex 44.4644 6.46791 0.799999
    endloop
  endfacet
  facet normal 0 0 1
    outer loop
      vertex 43.75 36.5 0.799999
      vertex 44.2179 37.7856 0.799999
      vertex 44.1117 37.6472 0.799999
    endloop
  endfacet
  facet normal 0 0 1
    outer loop
      vertex 44.4644 6.46791 0.799999
      vertex 43.75 8 0.799999
      vertex 44.3358 6.58579 0.799999
    endloop
  endfacet
  facet normal 0 0 1
    outer loop
      vertex 43.75 36.5 0.799999
      vertex 44.1117 37.6472 0.799999
      vertex 44.0179 37.5 0.799999
    endloop
  endfacet
  facet normal 0 0 1
    outer loop
      vertex 44.3358 6.58579 0.799999
      vertex 43.75 8 0.799999
      vertex 44.2179 6.71442 0.799999
    endloop
  endfacet
  facet normal 0 0 1
    outer loop
      vertex 43.75 36.5 0.799999
      vertex 44.0179 37.5 0.799999
      vertex 43.9374 37.3452 0.799999
    endloop
  endfacet
  facet normal 0 0 1
    outer loop
      vertex 44.2179 6.71442 0.799999
      vertex 43.75 8 0.799999
      vertex 44.1117 6.85285 0.799999
    endloop
  endfacet
  facet normal 0 0 1
    outer loop
      vertex 43.75 36.5 0.799999
      vertex 43.9374 37.3452 0.799999
      vertex 43.8706 37.184 0.799999
    endloop
  endfacet
  facet normal 0 0 1
    outer loop
      vertex 44.1117 6.85285 0.799999
      vertex 43.75 8 0.799999
      vertex 44.0179 7 0.799999
    endloop
  endfacet
  facet normal 0 0 1
    outer loop
      vertex 43.75 36.5 0.799999
      vertex 43.8706 37.184 0.799999
      vertex 43.8181 37.0176 0.799999
    endloop
  endfacet
  facet normal 0 0 1
    outer loop
      vertex 44.0179 7 0.799999
      vertex 43.75 8 0.799999
      vertex 43.9374 7.15476 0.799999
    endloop
  endfacet
  facet normal 0 0 1
    outer loop
      vertex 43.75 36.5 0.799999
      vertex 43.8181 37.0176 0.799999
      vertex 43.7804 36.8473 0.799999
    endloop
  endfacet
  facet normal 0 0 1
    outer loop
      vertex 43.9374 7.15476 0.799999
      vertex 43.75 8 0.799999
      vertex 43.8706 7.31596 0.799999
    endloop
  endfacet
  facet normal 0 0 1
    outer loop
      vertex 43.75 36.5 0.799999
      vertex 43.7804 36.8473 0.799999
      vertex 43.7576 36.6743 0.799999
    endloop
  endfacet
  facet normal 0 0 1
    outer loop
      vertex 43.8706 7.31596 0.799999
      vertex 43.75 8 0.799999
      vertex 43.8181 7.48236 0.799999
    endloop
  endfacet
  facet normal 0 0 1
    outer loop
      vertex 43.8181 7.48236 0.799999
      vertex 43.75 8 0.799999
      vertex 43.7804 7.6527 0.799999
    endloop
  endfacet
  facet normal 0 0 1
    outer loop
      vertex 43.7804 7.6527 0.799999
      vertex 43.75 8 0.799999
      vertex 43.7576 7.82569 0.799999
    endloop
  endfacet
  facet normal -0.991426 0.130669 0
    outer loop
      vertex 76.2196 7.6527 0.799999
      vertex 76.2424 7.82569 2.2
      vertex 76.2424 7.82569 0.799999
    endloop
  endfacet
  facet normal -0.991426 0.130669 0
    outer loop
      vertex 76.2424 7.82569 2.2
      vertex 76.2196 7.6527 0.799999
      vertex 76.2196 7.6527 2.2
    endloop
  endfacet
  facet normal 0.130493 0.991449 -0
    outer loop
      vertex 45.5757 6.00761 0.799999
      vertex 45.4027 6.03038 2.2
      vertex 45.5757 6.00761 2.2
    endloop
  endfacet
  facet normal 0.130493 0.991449 0
    outer loop
      vertex 45.4027 6.03038 2.2
      vertex 45.5757 6.00761 0.799999
      vertex 45.4027 6.03038 0.799999
    endloop
  endfacet
  facet normal 0.675777 -0.737107 0
    outer loop
      vertex 44.3358 37.9142 0.799999
      vertex 44.4644 38.0321 2.2
      vertex 44.3358 37.9142 2.2
    endloop
  endfacet
  facet normal 0.675777 -0.737107 0
    outer loop
      vertex 44.4644 38.0321 2.2
      vertex 44.3358 37.9142 0.799999
      vertex 44.4644 38.0321 0.799999
    endloop
  endfacet
  facet normal -0.999051 -0.0435616 0
    outer loop
      vertex 76.25 36.5 0.799999
      vertex 76.2424 36.6743 2.2
      vertex 76.2424 36.6743 0.799999
    endloop
  endfacet
  facet normal -0.999051 -0.0435616 0
    outer loop
      vertex 76.2424 36.6743 2.2
      vertex 76.25 36.5 0.799999
      vertex 76.25 36.5 2.2
    endloop
  endfacet
  facet normal 0.461686 0.887043 -0
    outer loop
      vertex 44.9048 6.18738 0.799999
      vertex 44.75 6.26795 2.2
      vertex 44.9048 6.18738 2.2
    endloop
  endfacet
  facet normal 0.461686 0.887043 0
    outer loop
      vertex 44.75 6.26795 2.2
      vertex 44.9048 6.18738 0.799999
      vertex 44.75 6.26795 0.799999
    endloop
  endfacet
  facet normal 0.737107 -0.675777 0
    outer loop
      vertex 44.2179 37.7856 2.2
      vertex 44.3358 37.9142 0.799999
      vertex 44.3358 37.9142 2.2
    endloop
  endfacet
  facet normal 0.737107 -0.675777 0
    outer loop
      vertex 44.3358 37.9142 0.799999
      vertex 44.2179 37.7856 2.2
      vertex 44.2179 37.7856 0.799999
    endloop
  endfacet
  facet normal 0.536987 -0.843591 0
    outer loop
      vertex 44.6028 38.1383 0.799999
      vertex 44.75 38.232 2.2
      vertex 44.6028 38.1383 2.2
    endloop
  endfacet
  facet normal 0.536987 -0.843591 0
    outer loop
      vertex 44.75 38.232 2.2
      vertex 44.6028 38.1383 0.799999
      vertex 44.75 38.232 0.799999
    endloop
  endfacet
  facet normal -0.300885 -0.953661 0
    outer loop
      vertex 74.7676 38.4319 0.799999
      vertex 74.934 38.3794 2.2
      vertex 74.7676 38.4319 2.2
    endloop
  endfacet
  facet normal -0.300885 -0.953661 -0
    outer loop
      vertex 74.934 38.3794 2.2
      vertex 74.7676 38.4319 0.799999
      vertex 74.934 38.3794 0.799999
    endloop
  endfacet
  facet normal 0.300676 0.953726 -0
    outer loop
      vertex 45.2324 6.06815 0.799999
      vertex 45.066 6.12061 2.2
      vertex 45.2324 6.06815 2.2
    endloop
  endfacet
  facet normal 0.300676 0.953726 0
    outer loop
      vertex 45.066 6.12061 2.2
      vertex 45.2324 6.06815 0.799999
      vertex 45.066 6.12061 0.799999
    endloop
  endfacet
  facet normal -0.976373 0.216093 0
    outer loop
      vertex 76.1819 7.48236 0.799999
      vertex 76.2196 7.6527 2.2
      vertex 76.2196 7.6527 0.799999
    endloop
  endfacet
  facet normal -0.976373 0.216093 0
    outer loop
      vertex 76.2196 7.6527 2.2
      vertex 76.1819 7.48236 0.799999
      vertex 76.1819 7.48236 2.2
    endloop
  endfacet
  facet normal 0.382824 -0.923821 0
    outer loop
      vertex 44.9048 38.3126 0.799999
      vertex 45.066 38.3794 2.2
      vertex 44.9048 38.3126 2.2
    endloop
  endfacet
  facet normal 0.382824 -0.923821 0
    outer loop
      vertex 45.066 38.3794 2.2
      vertex 44.9048 38.3126 0.799999
      vertex 45.066 38.3794 0.799999
    endloop
  endfacet
  facet normal -0.0435616 -0.999051 0
    outer loop
      vertex 74.25 38.5 0.799999
      vertex 74.4243 38.4924 2.2
      vertex 74.25 38.5 2.2
    endloop
  endfacet
  facet normal -0.0435616 -0.999051 -0
    outer loop
      vertex 74.4243 38.4924 2.2
      vertex 74.25 38.5 0.799999
      vertex 74.4243 38.4924 0.799999
    endloop
  endfacet
  facet normal -0.991427 -0.130662 0
    outer loop
      vertex 76.2424 36.6743 0.799999
      vertex 76.2196 36.8473 2.2
      vertex 76.2196 36.8473 0.799999
    endloop
  endfacet
  facet normal -0.991427 -0.130662 0
    outer loop
      vertex 76.2196 36.8473 2.2
      vertex 76.2424 36.6743 0.799999
      vertex 76.2424 36.6743 2.2
    endloop
  endfacet
  facet normal -0.675777 -0.737107 0
    outer loop
      vertex 75.5356 38.0321 0.799999
      vertex 75.6642 37.9142 2.2
      vertex 75.5356 38.0321 2.2
    endloop
  endfacet
  facet normal -0.675777 -0.737107 -0
    outer loop
      vertex 75.6642 37.9142 2.2
      vertex 75.5356 38.0321 0.799999
      vertex 75.6642 37.9142 0.799999
    endloop
  endfacet
  facet normal 0.793348 -0.608768 0
    outer loop
      vertex 44.1117 37.6472 2.2
      vertex 44.2179 37.7856 0.799999
      vertex 44.2179 37.7856 2.2
    endloop
  endfacet
  facet normal 0.793348 -0.608768 0
    outer loop
      vertex 44.2179 37.7856 0.799999
      vertex 44.1117 37.6472 2.2
      vertex 44.1117 37.6472 0.799999
    endloop
  endfacet
  facet normal 0.887207 -0.461371 0
    outer loop
      vertex 43.9374 37.3452 2.2
      vertex 44.0179 37.5 0.799999
      vertex 44.0179 37.5 2.2
    endloop
  endfacet
  facet normal 0.887207 -0.461371 0
    outer loop
      vertex 44.0179 37.5 0.799999
      vertex 43.9374 37.3452 2.2
      vertex 43.9374 37.3452 0.799999
    endloop
  endfacet
  facet normal -0.999051 0.0435591 0
    outer loop
      vertex 76.2424 7.82569 0.799999
      vertex 76.25 8 2.2
      vertex 76.25 8 0.799999
    endloop
  endfacet
  facet normal -0.999051 0.0435591 0
    outer loop
      vertex 76.25 8 2.2
      vertex 76.2424 7.82569 0.799999
      vertex 76.2424 7.82569 2.2
    endloop
  endfacet
  facet normal -0.793412 0.608685 0
    outer loop
      vertex 75.7821 6.71442 0.799999
      vertex 75.8883 6.85285 2.2
      vertex 75.8883 6.85285 0.799999
    endloop
  endfacet
  facet normal -0.793412 0.608685 0
    outer loop
      vertex 75.8883 6.85285 2.2
      vertex 75.7821 6.71442 0.799999
      vertex 75.7821 6.71442 2.2
    endloop
  endfacet
  facet normal -0.953661 -0.300885 0
    outer loop
      vertex 76.1819 37.0176 0.799999
      vertex 76.1294 37.184 2.2
      vertex 76.1294 37.184 0.799999
    endloop
  endfacet
  facet normal -0.953661 -0.300885 0
    outer loop
      vertex 76.1294 37.184 2.2
      vertex 76.1819 37.0176 0.799999
      vertex 76.1819 37.0176 2.2
    endloop
  endfacet
  facet normal 0.953661 -0.300885 0
    outer loop
      vertex 43.8181 37.0176 2.2
      vertex 43.8706 37.184 0.799999
      vertex 43.8706 37.184 2.2
    endloop
  endfacet
  facet normal 0.953661 -0.300885 0
    outer loop
      vertex 43.8706 37.184 0.799999
      vertex 43.8181 37.0176 2.2
      vertex 43.8181 37.0176 0.799999
    endloop
  endfacet
  facet normal -0.886973 -0.461822 0
    outer loop
      vertex 76.0626 37.3452 0.799999
      vertex 75.982 37.5 2.2
      vertex 75.982 37.5 0.799999
    endloop
  endfacet
  facet normal -0.886973 -0.461822 0
    outer loop
      vertex 75.982 37.5 2.2
      vertex 76.0626 37.3452 0.799999
      vertex 76.0626 37.3452 2.2
    endloop
  endfacet
  facet normal 0.991427 -0.130662 0
    outer loop
      vertex 43.7576 36.6743 2.2
      vertex 43.7804 36.8473 0.799999
      vertex 43.7804 36.8473 2.2
    endloop
  endfacet
  facet normal 0.991427 -0.130662 0
    outer loop
      vertex 43.7804 36.8473 0.799999
      vertex 43.7576 36.6743 2.2
      vertex 43.7576 36.6743 0.799999
    endloop
  endfacet
  facet normal 0.999051 -0.0435616 0
    outer loop
      vertex 43.75 36.5 2.2
      vertex 43.7576 36.6743 0.799999
      vertex 43.7576 36.6743 2.2
    endloop
  endfacet
  facet normal 0.999051 -0.0435616 0
    outer loop
      vertex 43.7576 36.6743 0.799999
      vertex 43.75 36.5 2.2
      vertex 43.75 36.5 0.799999
    endloop
  endfacet
  facet normal 0.0436188 0.999048 -0
    outer loop
      vertex 45.75 6 0.799999
      vertex 45.5757 6.00761 2.2
      vertex 45.75 6 2.2
    endloop
  endfacet
  facet normal 0.0436188 0.999048 0
    outer loop
      vertex 45.5757 6.00761 2.2
      vertex 45.75 6 0.799999
      vertex 45.5757 6.00761 0.799999
    endloop
  endfacet
  facet normal -0.737107 -0.675777 0
    outer loop
      vertex 75.7821 37.7856 0.799999
      vertex 75.6642 37.9142 2.2
      vertex 75.6642 37.9142 0.799999
    endloop
  endfacet
  facet normal -0.737107 -0.675777 0
    outer loop
      vertex 75.6642 37.9142 2.2
      vertex 75.7821 37.7856 0.799999
      vertex 75.7821 37.7856 2.2
    endloop
  endfacet
  facet normal -0.382824 -0.923821 0
    outer loop
      vertex 74.934 38.3794 0.799999
      vertex 75.0952 38.3126 2.2
      vertex 74.934 38.3794 2.2
    endloop
  endfacet
  facet normal -0.382824 -0.923821 -0
    outer loop
      vertex 75.0952 38.3126 2.2
      vertex 74.934 38.3794 0.799999
      vertex 75.0952 38.3126 0.799999
    endloop
  endfacet
  facet normal -0.843591 -0.536987 0
    outer loop
      vertex 75.982 37.5 0.799999
      vertex 75.8883 37.6472 2.2
      vertex 75.8883 37.6472 0.799999
    endloop
  endfacet
  facet normal -0.843591 -0.536987 0
    outer loop
      vertex 75.8883 37.6472 2.2
      vertex 75.982 37.5 0.799999
      vertex 75.982 37.5 2.2
    endloop
  endfacet
  facet normal 0.887159 0.461465 0
    outer loop
      vertex 44.0179 7 2.2
      vertex 43.9374 7.15476 0.799999
      vertex 43.9374 7.15476 2.2
    endloop
  endfacet
  facet normal 0.887159 0.461465 0
    outer loop
      vertex 43.9374 7.15476 0.799999
      vertex 44.0179 7 2.2
      vertex 44.0179 7 0.799999
    endloop
  endfacet
  facet normal -0.608805 0.79332 0
    outer loop
      vertex 75.5356 6.46791 0.799999
      vertex 75.3972 6.3617 2.2
      vertex 75.5356 6.46791 2.2
    endloop
  endfacet
  facet normal -0.608805 0.79332 0
    outer loop
      vertex 75.3972 6.3617 2.2
      vertex 75.5356 6.46791 0.799999
      vertex 75.3972 6.3617 0.799999
    endloop
  endfacet
  facet normal -0.793348 -0.608768 0
    outer loop
      vertex 75.8883 37.6472 0.799999
      vertex 75.7821 37.7856 2.2
      vertex 75.7821 37.7856 0.799999
    endloop
  endfacet
  facet normal -0.793348 -0.608768 0
    outer loop
      vertex 75.7821 37.7856 2.2
      vertex 75.8883 37.6472 0.799999
      vertex 75.8883 37.6472 2.2
    endloop
  endfacet
  facet normal -0.843508 0.537117 0
    outer loop
      vertex 75.8883 6.85285 0.799999
      vertex 75.982 7 2.2
      vertex 75.982 7 0.799999
    endloop
  endfacet
  facet normal -0.843508 0.537117 0
    outer loop
      vertex 75.982 7 2.2
      vertex 75.8883 6.85285 0.799999
      vertex 75.8883 6.85285 2.2
    endloop
  endfacet
  facet normal -0.216141 -0.976362 0
    outer loop
      vertex 74.5973 38.4696 0.799999
      vertex 74.7676 38.4319 2.2
      vertex 74.5973 38.4696 2.2
    endloop
  endfacet
  facet normal -0.216141 -0.976362 -0
    outer loop
      vertex 74.7676 38.4319 2.2
      vertex 74.5973 38.4696 0.799999
      vertex 74.7676 38.4319 0.799999
    endloop
  endfacet
  facet normal -0.536987 -0.843591 0
    outer loop
      vertex 75.25 38.232 0.799999
      vertex 75.3972 38.1383 2.2
      vertex 75.25 38.232 2.2
    endloop
  endfacet
  facet normal -0.536987 -0.843591 -0
    outer loop
      vertex 75.3972 38.1383 2.2
      vertex 75.25 38.232 0.799999
      vertex 75.3972 38.1383 0.799999
    endloop
  endfacet
  facet normal -0.382677 0.923882 0
    outer loop
      vertex 75.0952 6.18738 0.799999
      vertex 74.934 6.12061 2.2
      vertex 75.0952 6.18738 2.2
    endloop
  endfacet
  facet normal -0.382677 0.923882 0
    outer loop
      vertex 74.934 6.12061 2.2
      vertex 75.0952 6.18738 0.799999
      vertex 74.934 6.12061 0.799999
    endloop
  endfacet
  facet normal -0.461686 0.887043 0
    outer loop
      vertex 75.25 6.26795 0.799999
      vertex 75.0952 6.18738 2.2
      vertex 75.25 6.26795 2.2
    endloop
  endfacet
  facet normal -0.461686 0.887043 0
    outer loop
      vertex 75.0952 6.18738 2.2
      vertex 75.25 6.26795 0.799999
      vertex 75.0952 6.18738 0.799999
    endloop
  endfacet
  facet normal -0.923821 0.382824 0
    outer loop
      vertex 76.0626 7.15476 0.799999
      vertex 76.1294 7.31596 2.2
      vertex 76.1294 7.31596 0.799999
    endloop
  endfacet
  facet normal -0.923821 0.382824 0
    outer loop
      vertex 76.1294 7.31596 2.2
      vertex 76.0626 7.15476 0.799999
      vertex 76.0626 7.15476 2.2
    endloop
  endfacet
  facet normal 0.461822 -0.886973 0
    outer loop
      vertex 44.75 38.232 0.799999
      vertex 44.9048 38.3126 2.2
      vertex 44.75 38.232 2.2
    endloop
  endfacet
  facet normal 0.461822 -0.886973 0
    outer loop
      vertex 44.9048 38.3126 2.2
      vertex 44.75 38.232 0.799999
      vertex 44.9048 38.3126 0.799999
    endloop
  endfacet
  facet normal -0.608768 -0.793348 0
    outer loop
      vertex 75.3972 38.1383 0.799999
      vertex 75.5356 38.0321 2.2
      vertex 75.3972 38.1383 2.2
    endloop
  endfacet
  facet normal -0.608768 -0.793348 -0
    outer loop
      vertex 75.5356 38.0321 2.2
      vertex 75.3972 38.1383 0.799999
      vertex 75.5356 38.0321 0.799999
    endloop
  endfacet
  facet normal 0.976373 0.216093 0
    outer loop
      vertex 43.8181 7.48236 2.2
      vertex 43.7804 7.6527 0.799999
      vertex 43.7804 7.6527 2.2
    endloop
  endfacet
  facet normal 0.976373 0.216093 0
    outer loop
      vertex 43.7804 7.6527 0.799999
      vertex 43.8181 7.48236 2.2
      vertex 43.8181 7.48236 0.799999
    endloop
  endfacet
  facet normal 0.0435616 -0.999051 0
    outer loop
      vertex 45.5757 38.4924 0.799999
      vertex 45.75 38.5 2.2
      vertex 45.5757 38.4924 2.2
    endloop
  endfacet
  facet normal 0.0435616 -0.999051 0
    outer loop
      vertex 45.75 38.5 2.2
      vertex 45.5757 38.4924 0.799999
      vertex 45.75 38.5 0.799999
    endloop
  endfacet
  facet normal -0.0436188 0.999048 0
    outer loop
      vertex 74.4243 6.00761 0.799999
      vertex 74.25 6 2.2
      vertex 74.4243 6.00761 2.2
    endloop
  endfacet
  facet normal -0.0436188 0.999048 0
    outer loop
      vertex 74.25 6 2.2
      vertex 74.4243 6.00761 0.799999
      vertex 74.25 6 0.799999
    endloop
  endfacet
  facet normal -0.130493 0.991449 0
    outer loop
      vertex 74.5973 6.03038 0.799999
      vertex 74.4243 6.00761 2.2
      vertex 74.5973 6.03038 2.2
    endloop
  endfacet
  facet normal -0.130493 0.991449 0
    outer loop
      vertex 74.4243 6.00761 2.2
      vertex 74.5973 6.03038 0.799999
      vertex 74.4243 6.00761 0.799999
    endloop
  endfacet
  facet normal -0.300676 0.953726 0
    outer loop
      vertex 74.934 6.12061 0.799999
      vertex 74.7676 6.06815 2.2
      vertex 74.934 6.12061 2.2
    endloop
  endfacet
  facet normal -0.300676 0.953726 0
    outer loop
      vertex 74.7676 6.06815 2.2
      vertex 74.934 6.12061 0.799999
      vertex 74.7676 6.06815 0.799999
    endloop
  endfacet
  facet normal 0.923821 0.382824 0
    outer loop
      vertex 43.9374 7.15476 2.2
      vertex 43.8706 7.31596 0.799999
      vertex 43.8706 7.31596 2.2
    endloop
  endfacet
  facet normal 0.923821 0.382824 0
    outer loop
      vertex 43.8706 7.31596 0.799999
      vertex 43.9374 7.15476 2.2
      vertex 43.9374 7.15476 0.799999
    endloop
  endfacet
  facet normal 0.382677 0.923882 -0
    outer loop
      vertex 45.066 6.12061 0.799999
      vertex 44.9048 6.18738 2.2
      vertex 45.066 6.12061 2.2
    endloop
  endfacet
  facet normal 0.382677 0.923882 0
    outer loop
      vertex 44.9048 6.18738 2.2
      vertex 45.066 6.12061 0.799999
      vertex 44.9048 6.18738 0.799999
    endloop
  endfacet
  facet normal 0.608768 -0.793348 0
    outer loop
      vertex 44.4644 38.0321 0.799999
      vertex 44.6028 38.1383 2.2
      vertex 44.4644 38.0321 2.2
    endloop
  endfacet
  facet normal 0.608768 -0.793348 0
    outer loop
      vertex 44.6028 38.1383 2.2
      vertex 44.4644 38.0321 0.799999
      vertex 44.6028 38.1383 0.799999
    endloop
  endfacet
  facet normal 0.737185 0.675691 0
    outer loop
      vertex 44.3358 6.58579 2.2
      vertex 44.2179 6.71442 0.799999
      vertex 44.2179 6.71442 2.2
    endloop
  endfacet
  facet normal 0.737185 0.675691 0
    outer loop
      vertex 44.2179 6.71442 0.799999
      vertex 44.3358 6.58579 2.2
      vertex 44.3358 6.58579 0.799999
    endloop
  endfacet
  facet normal 0.216524 0.976277 -0
    outer loop
      vertex 45.4027 6.03038 0.799999
      vertex 45.2324 6.06815 2.2
      vertex 45.4027 6.03038 2.2
    endloop
  endfacet
  facet normal 0.216524 0.976277 0
    outer loop
      vertex 45.2324 6.06815 2.2
      vertex 45.4027 6.03038 0.799999
      vertex 45.2324 6.06815 0.799999
    endloop
  endfacet
  facet normal 0.843248 0.537524 0
    outer loop
      vertex 44.1117 6.85285 2.2
      vertex 44.0179 7 0.799999
      vertex 44.0179 7 2.2
    endloop
  endfacet
  facet normal 0.843248 0.537524 0
    outer loop
      vertex 44.0179 7 0.799999
      vertex 44.1117 6.85285 2.2
      vertex 44.1117 6.85285 0.799999
    endloop
  endfacet
  facet normal 0.130662 -0.991427 0
    outer loop
      vertex 45.4027 38.4696 0.799999
      vertex 45.5757 38.4924 2.2
      vertex 45.4027 38.4696 2.2
    endloop
  endfacet
  facet normal 0.130662 -0.991427 0
    outer loop
      vertex 45.5757 38.4924 2.2
      vertex 45.4027 38.4696 0.799999
      vertex 45.5757 38.4924 0.799999
    endloop
  endfacet
  facet normal -0.953661 0.300885 0
    outer loop
      vertex 76.1294 7.31596 0.799999
      vertex 76.1819 7.48236 2.2
      vertex 76.1819 7.48236 0.799999
    endloop
  endfacet
  facet normal -0.953661 0.300885 0
    outer loop
      vertex 76.1819 7.48236 2.2
      vertex 76.1294 7.31596 0.799999
      vertex 76.1294 7.31596 2.2
    endloop
  endfacet
  facet normal 0.608805 0.79332 -0
    outer loop
      vertex 44.6028 6.3617 0.799999
      vertex 44.4644 6.46791 2.2
      vertex 44.6028 6.3617 2.2
    endloop
  endfacet
  facet normal 0.608805 0.79332 0
    outer loop
      vertex 44.4644 6.46791 2.2
      vertex 44.6028 6.3617 0.799999
      vertex 44.4644 6.46791 0.799999
    endloop
  endfacet
  facet normal 0.216141 -0.976362 0
    outer loop
      vertex 45.2324 38.4319 0.799999
      vertex 45.4027 38.4696 2.2
      vertex 45.2324 38.4319 2.2
    endloop
  endfacet
  facet normal 0.216141 -0.976362 0
    outer loop
      vertex 45.4027 38.4696 2.2
      vertex 45.2324 38.4319 0.799999
      vertex 45.4027 38.4696 0.799999
    endloop
  endfacet
  facet normal 0.300885 -0.953661 0
    outer loop
      vertex 45.066 38.3794 0.799999
      vertex 45.2324 38.4319 2.2
      vertex 45.066 38.3794 2.2
    endloop
  endfacet
  facet normal 0.300885 -0.953661 0
    outer loop
      vertex 45.2324 38.4319 2.2
      vertex 45.066 38.3794 0.799999
      vertex 45.2324 38.4319 0.799999
    endloop
  endfacet
  facet normal 0.675714 0.737164 -0
    outer loop
      vertex 44.4644 6.46791 0.799999
      vertex 44.3358 6.58579 2.2
      vertex 44.4644 6.46791 2.2
    endloop
  endfacet
  facet normal 0.675714 0.737164 0
    outer loop
      vertex 44.3358 6.58579 2.2
      vertex 44.4644 6.46791 0.799999
      vertex 44.3358 6.58579 0.799999
    endloop
  endfacet
  facet normal 0.953661 0.300885 0
    outer loop
      vertex 43.8706 7.31596 2.2
      vertex 43.8181 7.48236 0.799999
      vertex 43.8181 7.48236 2.2
    endloop
  endfacet
  facet normal 0.953661 0.300885 0
    outer loop
      vertex 43.8181 7.48236 0.799999
      vertex 43.8706 7.31596 2.2
      vertex 43.8706 7.31596 0.799999
    endloop
  endfacet
  facet normal 0 0 -1
    outer loop
      vertex 118.8 60.5 14
      vertex 120 75.5 14
      vertex 120 60.5 14
    endloop
  endfacet
  facet normal -0 0 -1
    outer loop
      vertex 120 75.5 14
      vertex 118.8 60.5 14
      vertex 118.8 75.5 14
    endloop
  endfacet
  facet normal -0 0 1
    outer loop
      vertex 117.6 75.5 7
      vertex 120 60.5 7
      vertex 120 75.5 7
    endloop
  endfacet
  facet normal 0 0 1
    outer loop
      vertex 120 60.5 7
      vertex 117.6 75.5 7
      vertex 117.6 60.5 7
    endloop
  endfacet
  facet normal 0 -1 0
    outer loop
      vertex 117.6 75.5 12.95
      vertex 117.6 75.5 7
      vertex 118.8 75.5 12.95
    endloop
  endfacet
  facet normal 0 -1 0
    outer loop
      vertex 118.8 75.5 12.95
      vertex 120 75.5 14
      vertex 118.8 75.5 14
    endloop
  endfacet
  facet normal 0 -1 0
    outer loop
      vertex 120 75.5 7
      vertex 118.8 75.5 12.95
      vertex 117.6 75.5 7
    endloop
  endfacet
  facet normal 0 -1 0
    outer loop
      vertex 118.8 75.5 12.95
      vertex 120 75.5 7
      vertex 120 75.5 14
    endloop
  endfacet
  facet normal 0 1 0
    outer loop
      vertex 120 60.5 14
      vertex 118.8 60.5 12.95
      vertex 118.8 60.5 14
    endloop
  endfacet
  facet normal 0 1 -0
    outer loop
      vertex 120 60.5 7
      vertex 118.8 60.5 12.95
      vertex 120 60.5 14
    endloop
  endfacet
  facet normal 0 1 0
    outer loop
      vertex 117.6 60.5 7
      vertex 118.8 60.5 12.95
      vertex 120 60.5 7
    endloop
  endfacet
  facet normal 0 1 0
    outer loop
      vertex 118.8 60.5 12.95
      vertex 117.6 60.5 7
      vertex 117.6 60.5 12.95
    endloop
  endfacet
  facet normal 0 0 -1
    outer loop
      vertex 67.8862 21.0645 0.36
      vertex 66.5448 21.6967 0.36
      vertex 67.6982 21.6967 0.36
    endloop
  endfacet
  facet normal 0 -0 -1
    outer loop
      vertex 66.5448 21.6967 0.36
      vertex 67.8862 21.0645 0.36
      vertex 66.3568 21.0645 0.36
    endloop
  endfacet
  facet normal 0 0 -1
    outer loop
      vertex 67.8862 21.0645 0.36
      vertex 69.0739 20.0391 0.36
      vertex 68.2423 20.0391 0.36
    endloop
  endfacet
  facet normal 0 0 -1
    outer loop
      vertex 67.6982 21.6967 0.36
      vertex 69.0739 20.0391 0.36
      vertex 67.8862 21.0645 0.36
    endloop
  endfacet
  facet normal 0 0 -1
    outer loop
      vertex 67.6982 21.6967 0.36
      vertex 67.6157 24.0521 0.36
      vertex 69.0739 20.0391 0.36
    endloop
  endfacet
  facet normal 0 0 -1
    outer loop
      vertex 67.3024 22.8502 0.36
      vertex 67.6157 24.0521 0.36
      vertex 67.6982 21.6967 0.36
    endloop
  endfacet
  facet normal 0 0 -1
    outer loop
      vertex 67.1799 23.2375 0.36
      vertex 67.6157 24.0521 0.36
      vertex 67.3024 22.8502 0.36
    endloop
  endfacet
  facet normal 0 0 -1
    outer loop
      vertex 67.1201 23.4341 0.36
      vertex 67.6157 24.0521 0.36
      vertex 67.1799 23.2375 0.36
    endloop
  endfacet
  facet normal 0 0 -1
    outer loop
      vertex 66.6245 24.0521 0.36
      vertex 67.103 23.3714 0.36
      vertex 67.0972 23.3506 0.36
    endloop
  endfacet
  facet normal 0 0 -1
    outer loop
      vertex 66.6245 24.0521 0.36
      vertex 67.0972 23.3506 0.36
      vertex 67.0912 23.3293 0.36
    endloop
  endfacet
  facet normal 0 0 -1
    outer loop
      vertex 66.6245 24.0521 0.36
      vertex 67.0912 23.3293 0.36
      vertex 67.0849 23.3073 0.36
    endloop
  endfacet
  facet normal 0 0 -1
    outer loop
      vertex 66.6245 24.0521 0.36
      vertex 67.0849 23.3073 0.36
      vertex 67.0784 23.2848 0.36
    endloop
  endfacet
  facet normal 0 0 -1
    outer loop
      vertex 66.6245 24.0521 0.36
      vertex 67.0784 23.2848 0.36
      vertex 67.0717 23.2618 0.36
    endloop
  endfacet
  facet normal 0 0 -1
    outer loop
      vertex 66.6245 24.0521 0.36
      vertex 67.0717 23.2618 0.36
      vertex 67.0575 23.2139 0.36
    endloop
  endfacet
  facet normal 0 0 -1
    outer loop
      vertex 66.6245 24.0521 0.36
      vertex 67.0575 23.2139 0.36
      vertex 67.0501 23.1891 0.36
    endloop
  endfacet
  facet normal 0 0 -1
    outer loop
      vertex 66.6245 24.0521 0.36
      vertex 67.0501 23.1891 0.36
      vertex 67.0425 23.1638 0.36
    endloop
  endfacet
  facet normal 0 0 -1
    outer loop
      vertex 66.6245 24.0521 0.36
      vertex 67.0425 23.1638 0.36
      vertex 67.0347 23.1379 0.36
    endloop
  endfacet
  facet normal 0 0 -1
    outer loop
      vertex 66.6245 24.0521 0.36
      vertex 67.0347 23.1379 0.36
      vertex 67.0226 23.0999 0.36
    endloop
  endfacet
  facet normal 0 0 -1
    outer loop
      vertex 66.6245 24.0521 0.36
      vertex 67.0226 23.0999 0.36
      vertex 67.0023 23.0383 0.36
    endloop
  endfacet
  facet normal 0 0 -1
    outer loop
      vertex 66.6245 24.0521 0.36
      vertex 67.0023 23.0383 0.36
      vertex 66.9738 22.9532 0.36
    endloop
  endfacet
  facet normal 0 0 -1
    outer loop
      vertex 66.6245 24.0521 0.36
      vertex 66.9738 22.9532 0.36
      vertex 66.9371 22.8444 0.36
    endloop
  endfacet
  facet normal 0 0 -1
    outer loop
      vertex 66.6245 24.0521 0.36
      vertex 66.9371 22.8444 0.36
      vertex 66.8922 22.7121 0.36
    endloop
  endfacet
  facet normal 0 0 -1
    outer loop
      vertex 66.6245 24.0521 0.36
      vertex 66.8922 22.7121 0.36
      vertex 66.8392 22.5562 0.36
    endloop
  endfacet
  facet normal 0 0 -1
    outer loop
      vertex 66.6245 24.0521 0.36
      vertex 66.8392 22.5562 0.36
      vertex 66.7779 22.3767 0.36
    endloop
  endfacet
  facet normal 0 0 -1
    outer loop
      vertex 66.6245 24.0521 0.36
      vertex 66.7779 22.3767 0.36
      vertex 66.7084 22.1736 0.36
    endloop
  endfacet
  facet normal 0 0 -1
    outer loop
      vertex 66.6245 24.0521 0.36
      vertex 66.7084 22.1736 0.36
      vertex 66.6307 21.947 0.36
    endloop
  endfacet
  facet normal 0 0 -1
    outer loop
      vertex 67.1201 23.4341 0.36
      vertex 66.6245 24.0521 0.36
      vertex 67.6157 24.0521 0.36
    endloop
  endfacet
  facet normal 0 0 -1
    outer loop
      vertex 67.103 23.3714 0.36
      vertex 66.6245 24.0521 0.36
      vertex 67.1201 23.4341 0.36
    endloop
  endfacet
  facet normal 0 0 -1
    outer loop
      vertex 65.1606 20.0391 0.36
      vertex 66.6307 21.947 0.36
      vertex 66.5448 21.6967 0.36
    endloop
  endfacet
  facet normal 0 0 -1
    outer loop
      vertex 65.1606 20.0391 0.36
      vertex 66.5448 21.6967 0.36
      vertex 66.3568 21.0645 0.36
    endloop
  endfacet
  facet normal 0 0 -1
    outer loop
      vertex 65.1606 20.0391 0.36
      vertex 66.3568 21.0645 0.36
      vertex 66.0008 20.0391 0.36
    endloop
  endfacet
  facet normal -0 0 -1
    outer loop
      vertex 66.6307 21.947 0.36
      vertex 65.1606 20.0391 0.36
      vertex 66.6245 24.0521 0.36
    endloop
  endfacet
  facet normal -0 0 -1
    outer loop
      vertex 63.0385 21.9404 0.36
      vertex 62.1806 21.9311 0.36
      vertex 62.1837 22.0641 0.36
    endloop
  endfacet
  facet normal 0 0 -1
    outer loop
      vertex 61.7447 20.8799 0.36
      vertex 62.26 20.344 0.36
      vertex 62.1741 20.2869 0.36
    endloop
  endfacet
  facet normal 0 0 -1
    outer loop
      vertex 62.3416 20.4056 0.36
      vertex 62.1714 21.8043 0.36
      vertex 62.1806 21.9311 0.36
    endloop
  endfacet
  facet normal 0 0 -1
    outer loop
      vertex 62.3416 20.4056 0.36
      vertex 62.1561 21.6837 0.36
      vertex 62.1714 21.8043 0.36
    endloop
  endfacet
  facet normal 0 0 -1
    outer loop
      vertex 62.3416 20.4056 0.36
      vertex 62.1347 21.5693 0.36
      vertex 62.1561 21.6837 0.36
    endloop
  endfacet
  facet normal 0 0 -1
    outer loop
      vertex 62.3416 20.4056 0.36
      vertex 62.1071 21.4611 0.36
      vertex 62.1347 21.5693 0.36
    endloop
  endfacet
  facet normal 0 0 -1
    outer loop
      vertex 61.7447 20.8799 0.36
      vertex 62.1741 20.2869 0.36
      vertex 62.084 20.2342 0.36
    endloop
  endfacet
  facet normal 0 0 -1
    outer loop
      vertex 62.3416 20.4056 0.36
      vertex 62.0734 21.3591 0.36
      vertex 62.1071 21.4611 0.36
    endloop
  endfacet
  facet normal 0 0 -1
    outer loop
      vertex 62.3416 20.4056 0.36
      vertex 62.0336 21.2633 0.36
      vertex 62.0734 21.3591 0.36
    endloop
  endfacet
  facet normal 0 0 -1
    outer loop
      vertex 61.6706 20.8244 0.36
      vertex 62.084 20.2342 0.36
      vertex 61.9902 20.1863 0.36
    endloop
  endfacet
  facet normal 0 0 -1
    outer loop
      vertex 62.3416 20.4056 0.36
      vertex 61.9877 21.1737 0.36
      vertex 62.0336 21.2633 0.36
    endloop
  endfacet
  facet normal 0 0 -1
    outer loop
      vertex 62.3416 20.4056 0.36
      vertex 61.9357 21.0904 0.36
      vertex 61.9877 21.1737 0.36
    endloop
  endfacet
  facet normal 0 0 -1
    outer loop
      vertex 61.5913 20.7762 0.36
      vertex 61.9902 20.1863 0.36
      vertex 61.8933 20.1435 0.36
    endloop
  endfacet
  facet normal 0 0 -1
    outer loop
      vertex 62.3416 20.4056 0.36
      vertex 61.8775 21.0132 0.36
      vertex 61.9357 21.0904 0.36
    endloop
  endfacet
  facet normal 0 0 -1
    outer loop
      vertex 62.3416 20.4056 0.36
      vertex 61.8137 20.9428 0.36
      vertex 61.8775 21.0132 0.36
    endloop
  endfacet
  facet normal 0 0 -1
    outer loop
      vertex 61.5913 20.7762 0.36
      vertex 61.8933 20.1435 0.36
      vertex 61.7933 20.1057 0.36
    endloop
  endfacet
  facet normal 0 0 -1
    outer loop
      vertex 62.26 20.344 0.36
      vertex 61.7447 20.8799 0.36
      vertex 61.8137 20.9428 0.36
    endloop
  endfacet
  facet normal 0 0 -1
    outer loop
      vertex 61.5069 20.7355 0.36
      vertex 61.7933 20.1057 0.36
      vertex 61.6902 20.0729 0.36
    endloop
  endfacet
  facet normal 0 0 -1
    outer loop
      vertex 62.084 20.2342 0.36
      vertex 61.6706 20.8244 0.36
      vertex 61.7447 20.8799 0.36
    endloop
  endfacet
  facet normal 0 0 -1
    outer loop
      vertex 61.9902 20.1863 0.36
      vertex 61.5913 20.7762 0.36
      vertex 61.6706 20.8244 0.36
    endloop
  endfacet
  facet normal 0 0 -1
    outer loop
      vertex 61.4173 20.7022 0.36
      vertex 61.6902 20.0729 0.36
      vertex 61.5841 20.0452 0.36
    endloop
  endfacet
  facet normal 0 0 -1
    outer loop
      vertex 61.7933 20.1057 0.36
      vertex 61.5069 20.7355 0.36
      vertex 61.5913 20.7762 0.36
    endloop
  endfacet
  facet normal 0 0 -1
    outer loop
      vertex 61.4173 20.7022 0.36
      vertex 61.5841 20.0452 0.36
      vertex 61.4749 20.0225 0.36
    endloop
  endfacet
  facet normal 0 0 -1
    outer loop
      vertex 61.6902 20.0729 0.36
      vertex 61.4173 20.7022 0.36
      vertex 61.5069 20.7355 0.36
    endloop
  endfacet
  facet normal 0 0 -1
    outer loop
      vertex 61.3225 20.6763 0.36
      vertex 61.4749 20.0225 0.36
      vertex 61.3627 20.0049 0.36
    endloop
  endfacet
  facet normal 0 0 -1
    outer loop
      vertex 61.4749 20.0225 0.36
      vertex 61.3225 20.6763 0.36
      vertex 61.4173 20.7022 0.36
    endloop
  endfacet
  facet normal 0 0 -1
    outer loop
      vertex 61.2226 20.6577 0.36
      vertex 61.3627 20.0049 0.36
      vertex 61.2473 19.9923 0.36
    endloop
  endfacet
  facet normal 0 0 -1
    outer loop
      vertex 61.3627 20.0049 0.36
      vertex 61.2226 20.6577 0.36
      vertex 61.3225 20.6763 0.36
    endloop
  endfacet
  facet normal 0 0 -1
    outer loop
      vertex 61.1176 20.6466 0.36
      vertex 61.2473 19.9923 0.36
      vertex 61.1289 19.9847 0.36
    endloop
  endfacet
  facet normal 0 0 -1
    outer loop
      vertex 61.2473 19.9923 0.36
      vertex 61.1176 20.6466 0.36
      vertex 61.2226 20.6577 0.36
    endloop
  endfacet
  facet normal 0 0 -1
    outer loop
      vertex 61.0074 20.6429 0.36
      vertex 61.1289 19.9847 0.36
      vertex 61.0074 19.9822 0.36
    endloop
  endfacet
  facet normal 0 0 -1
    outer loop
      vertex 61.1289 19.9847 0.36
      vertex 61.0074 20.6429 0.36
      vertex 61.1176 20.6466 0.36
    endloop
  endfacet
  facet normal 0 0 -1
    outer loop
      vertex 61.0074 19.9822 0.36
      vertex 60.9009 20.6467 0.36
      vertex 61.0074 20.6429 0.36
    endloop
  endfacet
  facet normal 0 0 -1
    outer loop
      vertex 60.8224 19.9877 0.36
      vertex 60.9009 20.6467 0.36
      vertex 61.0074 19.9822 0.36
    endloop
  endfacet
  facet normal 0 0 -1
    outer loop
      vertex 60.8224 19.9877 0.36
      vertex 60.799 20.6581 0.36
      vertex 60.9009 20.6467 0.36
    endloop
  endfacet
  facet normal 0 0 -1
    outer loop
      vertex 60.6455 20.0045 0.36
      vertex 60.799 20.6581 0.36
      vertex 60.8224 19.9877 0.36
    endloop
  endfacet
  facet normal -0 0 -1
    outer loop
      vertex 60.799 20.6581 0.36
      vertex 60.6455 20.0045 0.36
      vertex 60.7016 20.6771 0.36
    endloop
  endfacet
  facet normal 0 0 -1
    outer loop
      vertex 60.4768 20.0323 0.36
      vertex 60.7016 20.6771 0.36
      vertex 60.6455 20.0045 0.36
    endloop
  endfacet
  facet normal -0 0 -1
    outer loop
      vertex 60.7016 20.6771 0.36
      vertex 60.4768 20.0323 0.36
      vertex 60.6089 20.7038 0.36
    endloop
  endfacet
  facet normal 0 0 -1
    outer loop
      vertex 60.3163 20.0713 0.36
      vertex 60.6089 20.7038 0.36
      vertex 60.4768 20.0323 0.36
    endloop
  endfacet
  facet normal -0 0 -1
    outer loop
      vertex 60.6089 20.7038 0.36
      vertex 60.3163 20.0713 0.36
      vertex 60.5207 20.738 0.36
    endloop
  endfacet
  facet normal 0 0 -1
    outer loop
      vertex 60.164 20.1214 0.36
      vertex 60.5207 20.738 0.36
      vertex 60.3163 20.0713 0.36
    endloop
  endfacet
  facet normal -0 0 -1
    outer loop
      vertex 60.5207 20.738 0.36
      vertex 60.164 20.1214 0.36
      vertex 60.4371 20.7798 0.36
    endloop
  endfacet
  facet normal 0 0 -1
    outer loop
      vertex 60.0198 20.1826 0.36
      vertex 60.4371 20.7798 0.36
      vertex 60.164 20.1214 0.36
    endloop
  endfacet
  facet normal -0 0 -1
    outer loop
      vertex 60.4371 20.7798 0.36
      vertex 60.0198 20.1826 0.36
      vertex 60.3581 20.8292 0.36
    endloop
  endfacet
  facet normal 0 0 -1
    outer loop
      vertex 59.8839 20.255 0.36
      vertex 60.3581 20.8292 0.36
      vertex 60.0198 20.1826 0.36
    endloop
  endfacet
  facet normal -0 0 -1
    outer loop
      vertex 60.3581 20.8292 0.36
      vertex 59.8839 20.255 0.36
      vertex 60.2837 20.8863 0.36
    endloop
  endfacet
  facet normal 0 0 -1
    outer loop
      vertex 59.7561 20.3385 0.36
      vertex 60.2837 20.8863 0.36
      vertex 59.8839 20.255 0.36
    endloop
  endfacet
  facet normal -0 0 -1
    outer loop
      vertex 60.2837 20.8863 0.36
      vertex 59.7561 20.3385 0.36
      vertex 60.2139 20.9509 0.36
    endloop
  endfacet
  facet normal 0 0 -1
    outer loop
      vertex 59.6364 20.4332 0.36
      vertex 60.2139 20.9509 0.36
      vertex 59.7561 20.3385 0.36
    endloop
  endfacet
  facet normal -0 0 -1
    outer loop
      vertex 60.2139 20.9509 0.36
      vertex 59.6364 20.4332 0.36
      vertex 60.1487 21.0231 0.36
    endloop
  endfacet
  facet normal 0 0 -1
    outer loop
      vertex 59.525 20.539 0.36
      vertex 60.1487 21.0231 0.36
      vertex 59.6364 20.4332 0.36
    endloop
  endfacet
  facet normal -0 0 -1
    outer loop
      vertex 60.1487 21.0231 0.36
      vertex 59.525 20.539 0.36
      vertex 60.0889 21.102 0.36
    endloop
  endfacet
  facet normal 0 0 -1
    outer loop
      vertex 59.423 20.6544 0.36
      vertex 60.0889 21.102 0.36
      vertex 59.525 20.539 0.36
    endloop
  endfacet
  facet normal -0 0 -1
    outer loop
      vertex 60.0889 21.102 0.36
      vertex 59.423 20.6544 0.36
      vertex 60.0354 21.1865 0.36
    endloop
  endfacet
  facet normal 0 0 -1
    outer loop
      vertex 59.3317 20.7782 0.36
      vertex 60.0354 21.1865 0.36
      vertex 59.423 20.6544 0.36
    endloop
  endfacet
  facet normal -0 0 -1
    outer loop
      vertex 60.0354 21.1865 0.36
      vertex 59.3317 20.7782 0.36
      vertex 59.9882 21.2765 0.36
    endloop
  endfacet
  facet normal 0 0 -1
    outer loop
      vertex 59.2511 20.9101 0.36
      vertex 59.9882 21.2765 0.36
      vertex 59.3317 20.7782 0.36
    endloop
  endfacet
  facet normal 0 0 -1
    outer loop
      vertex 59.1814 21.0503 0.36
      vertex 59.9473 21.3722 0.36
      vertex 59.2511 20.9101 0.36
    endloop
  endfacet
  facet normal -0 0 -1
    outer loop
      vertex 59.9882 21.2765 0.36
      vertex 59.2511 20.9101 0.36
      vertex 59.9473 21.3722 0.36
    endloop
  endfacet
  facet normal 0 0 -1
    outer loop
      vertex 62.1837 22.0641 0.36
      vertex 63.0409 22.0641 0.36
      vertex 63.0385 21.9404 0.36
    endloop
  endfacet
  facet normal 0 0 -1
    outer loop
      vertex 62.1806 21.9311 0.36
      vertex 63.0385 21.9404 0.36
      vertex 63.031 21.8196 0.36
    endloop
  endfacet
  facet normal 0 0 -1
    outer loop
      vertex 62.1806 22.1912 0.36
      vertex 63.0409 22.0641 0.36
      vertex 62.1837 22.0641 0.36
    endloop
  endfacet
  facet normal 0 0 -1
    outer loop
      vertex 62.1806 21.9311 0.36
      vertex 63.031 21.8196 0.36
      vertex 63.0186 21.7018 0.36
    endloop
  endfacet
  facet normal 0 0 -1
    outer loop
      vertex 62.1806 21.9311 0.36
      vertex 63.0186 21.7018 0.36
      vertex 63.0013 21.587 0.36
    endloop
  endfacet
  facet normal 0 0 -1
    outer loop
      vertex 63.0409 22.0641 0.36
      vertex 62.1806 22.1912 0.36
      vertex 63.0356 22.2509 0.36
    endloop
  endfacet
  facet normal 0 0 -1
    outer loop
      vertex 62.1806 21.9311 0.36
      vertex 63.0013 21.587 0.36
      vertex 62.979 21.4753 0.36
    endloop
  endfacet
  facet normal 0 0 -1
    outer loop
      vertex 62.1714 22.3127 0.36
      vertex 63.0356 22.2509 0.36
      vertex 62.1806 22.1912 0.36
    endloop
  endfacet
  facet normal 0 0 -1
    outer loop
      vertex 62.1806 21.9311 0.36
      vertex 62.979 21.4753 0.36
      vertex 62.9517 21.3666 0.36
    endloop
  endfacet
  facet normal 0 0 -1
    outer loop
      vertex 62.1806 21.9311 0.36
      vertex 62.9517 21.3666 0.36
      vertex 62.9195 21.2609 0.36
    endloop
  endfacet
  facet normal 0 0 -1
    outer loop
      vertex 63.0356 22.2509 0.36
      vertex 62.1714 22.3127 0.36
      vertex 63.0195 22.4295 0.36
    endloop
  endfacet
  facet normal 0 0 -1
    outer loop
      vertex 62.1806 21.9311 0.36
      vertex 62.9195 21.2609 0.36
      vertex 62.8823 21.1582 0.36
    endloop
  endfacet
  facet normal 0 0 -1
    outer loop
      vertex 62.156 22.4285 0.36
      vertex 63.0195 22.4295 0.36
      vertex 62.1714 22.3127 0.36
    endloop
  endfacet
  facet normal 0 0 -1
    outer loop
      vertex 62.1806 21.9311 0.36
      vertex 62.8823 21.1582 0.36
      vertex 62.8402 21.0585 0.36
    endloop
  endfacet
  facet normal 0 0 -1
    outer loop
      vertex 62.1806 21.9311 0.36
      vertex 62.8402 21.0585 0.36
      vertex 62.7931 20.9619 0.36
    endloop
  endfacet
  facet normal -0 0 -1
    outer loop
      vertex 63.0195 22.4295 0.36
      vertex 62.156 22.4285 0.36
      vertex 62.9926 22.6 0.36
    endloop
  endfacet
  facet normal 0 0 -1
    outer loop
      vertex 62.1806 21.9311 0.36
      vertex 62.7931 20.9619 0.36
      vertex 62.7414 20.869 0.36
    endloop
  endfacet
  facet normal 0 0 -1
    outer loop
      vertex 62.1345 22.5387 0.36
      vertex 62.9926 22.6 0.36
      vertex 62.156 22.4285 0.36
    endloop
  endfacet
  facet normal 0 0 -1
    outer loop
      vertex 62.1806 21.9311 0.36
      vertex 62.7414 20.869 0.36
      vertex 62.6855 20.7806 0.36
    endloop
  endfacet
  facet normal 0 0 -1
    outer loop
      vertex 62.1806 21.9311 0.36
      vertex 62.6855 20.7806 0.36
      vertex 62.6252 20.6967 0.36
    endloop
  endfacet
  facet normal -0 0 -1
    outer loop
      vertex 62.9926 22.6 0.36
      vertex 62.1345 22.5387 0.36
      vertex 62.955 22.7623 0.36
    endloop
  endfacet
  facet normal 0 0 -1
    outer loop
      vertex 62.1806 21.9311 0.36
      vertex 62.6252 20.6967 0.36
      vertex 62.5607 20.6172 0.36
    endloop
  endfacet
  facet normal 0 0 -1
    outer loop
      vertex 62.1068 22.6434 0.36
      vertex 62.955 22.7623 0.36
      vertex 62.1345 22.5387 0.36
    endloop
  endfacet
  facet normal 0 0 -1
    outer loop
      vertex 62.1806 21.9311 0.36
      vertex 62.5607 20.6172 0.36
      vertex 62.492 20.5422 0.36
    endloop
  endfacet
  facet normal 0 0 -1
    outer loop
      vertex 62.1806 21.9311 0.36
      vertex 62.492 20.5422 0.36
      vertex 62.4189 20.4716 0.36
    endloop
  endfacet
  facet normal -0 0 -1
    outer loop
      vertex 62.955 22.7623 0.36
      vertex 62.1068 22.6434 0.36
      vertex 62.9067 22.9164 0.36
    endloop
  endfacet
  facet normal 0 0 -1
    outer loop
      vertex 62.1806 21.9311 0.36
      vertex 62.4189 20.4716 0.36
      vertex 62.3416 20.4056 0.36
    endloop
  endfacet
  facet normal -0 0 -1
    outer loop
      vertex 62.9067 22.9164 0.36
      vertex 62.1068 22.6434 0.36
      vertex 62.8477 23.0625 0.36
    endloop
  endfacet
  facet normal 0 0 -1
    outer loop
      vertex 61.8137 20.9428 0.36
      vertex 62.3416 20.4056 0.36
      vertex 62.26 20.344 0.36
    endloop
  endfacet
  facet normal 0 0 -1
    outer loop
      vertex 62.0729 22.7424 0.36
      vertex 62.8477 23.0625 0.36
      vertex 62.1068 22.6434 0.36
    endloop
  endfacet
  facet normal -0 0 -1
    outer loop
      vertex 62.8477 23.0625 0.36
      vertex 62.0729 22.7424 0.36
      vertex 62.7779 23.2003 0.36
    endloop
  endfacet
  facet normal 0 0 -1
    outer loop
      vertex 62.0329 22.8358 0.36
      vertex 62.7779 23.2003 0.36
      vertex 62.0729 22.7424 0.36
    endloop
  endfacet
  facet normal -0 0 -1
    outer loop
      vertex 62.7779 23.2003 0.36
      vertex 62.0329 22.8358 0.36
      vertex 62.6973 23.3301 0.36
    endloop
  endfacet
  facet normal 0 0 -1
    outer loop
      vertex 61.9868 22.9236 0.36
      vertex 62.6973 23.3301 0.36
      vertex 62.0329 22.8358 0.36
    endloop
  endfacet
  facet normal -0 0 -1
    outer loop
      vertex 62.6973 23.3301 0.36
      vertex 61.9868 22.9236 0.36
      vertex 62.606 23.4517 0.36
    endloop
  endfacet
  facet normal 0 0 -1
    outer loop
      vertex 61.9345 23.0058 0.36
      vertex 62.606 23.4517 0.36
      vertex 61.9868 22.9236 0.36
    endloop
  endfacet
  facet normal -0 0 -1
    outer loop
      vertex 62.606 23.4517 0.36
      vertex 61.9345 23.0058 0.36
      vertex 62.504 23.5651 0.36
    endloop
  endfacet
  facet normal 0 0 -1
    outer loop
      vertex 61.8761 23.0823 0.36
      vertex 62.504 23.5651 0.36
      vertex 61.9345 23.0058 0.36
    endloop
  endfacet
  facet normal -0 0 -1
    outer loop
      vertex 62.504 23.5651 0.36
      vertex 61.8761 23.0823 0.36
      vertex 62.3925 23.669 0.36
    endloop
  endfacet
  facet normal 0 0 -1
    outer loop
      vertex 61.8121 23.1524 0.36
      vertex 62.3925 23.669 0.36
      vertex 61.8761 23.0823 0.36
    endloop
  endfacet
  facet normal -0 0 -1
    outer loop
      vertex 62.3925 23.669 0.36
      vertex 61.8121 23.1524 0.36
      vertex 62.2726 23.762 0.36
    endloop
  endfacet
  facet normal 0 0 -1
    outer loop
      vertex 61.7431 23.2151 0.36
      vertex 62.2726 23.762 0.36
      vertex 61.8121 23.1524 0.36
    endloop
  endfacet
  facet normal -0 0 -1
    outer loop
      vertex 62.2726 23.762 0.36
      vertex 61.7431 23.2151 0.36
      vertex 62.1444 23.844 0.36
    endloop
  endfacet
  facet normal 0 0 -1
    outer loop
      vertex 61.6692 23.2704 0.36
      vertex 62.1444 23.844 0.36
      vertex 61.7431 23.2151 0.36
    endloop
  endfacet
  facet normal -0 0 -1
    outer loop
      vertex 62.1444 23.844 0.36
      vertex 61.6692 23.2704 0.36
      vertex 62.0078 23.9151 0.36
    endloop
  endfacet
  facet normal 0 0 -1
    outer loop
      vertex 61.5903 23.3184 0.36
      vertex 62.0078 23.9151 0.36
      vertex 61.6692 23.2704 0.36
    endloop
  endfacet
  facet normal -0 0 -1
    outer loop
      vertex 62.0078 23.9151 0.36
      vertex 61.5903 23.3184 0.36
      vertex 61.8629 23.9752 0.36
    endloop
  endfacet
  facet normal 0 0 -1
    outer loop
      vertex 61.5065 23.3589 0.36
      vertex 61.8629 23.9752 0.36
      vertex 61.5903 23.3184 0.36
    endloop
  endfacet
  facet normal -0 0 -1
    outer loop
      vertex 61.8629 23.9752 0.36
      vertex 61.5065 23.3589 0.36
      vertex 61.7096 24.0244 0.36
    endloop
  endfacet
  facet normal 0 0 -1
    outer loop
      vertex 61.4177 23.3921 0.36
      vertex 61.7096 24.0244 0.36
      vertex 61.5065 23.3589 0.36
    endloop
  endfacet
  facet normal -0 0 -1
    outer loop
      vertex 61.7096 24.0244 0.36
      vertex 61.4177 23.3921 0.36
      vertex 61.548 24.0627 0.36
    endloop
  endfacet
  facet normal 0 0 -1
    outer loop
      vertex 61.324 23.418 0.36
      vertex 61.548 24.0627 0.36
      vertex 61.4177 23.3921 0.36
    endloop
  endfacet
  facet normal -0 0 -1
    outer loop
      vertex 61.548 24.0627 0.36
      vertex 61.324 23.418 0.36
      vertex 61.378 24.0901 0.36
    endloop
  endfacet
  facet normal 0 0 -1
    outer loop
      vertex 61.2253 23.4364 0.36
      vertex 61.378 24.0901 0.36
      vertex 61.324 23.418 0.36
    endloop
  endfacet
  facet normal 0 0 -1
    outer loop
      vertex 61.2253 23.4364 0.36
      vertex 61.1997 24.1065 0.36
      vertex 61.378 24.0901 0.36
    endloop
  endfacet
  facet normal 0 0 -1
    outer loop
      vertex 61.1217 23.4475 0.36
      vertex 61.1997 24.1065 0.36
      vertex 61.2253 23.4364 0.36
    endloop
  endfacet
  facet normal 0 0 -1
    outer loop
      vertex 61.0131 24.1119 0.36
      vertex 61.1217 23.4475 0.36
      vertex 61.0131 23.4512 0.36
    endloop
  endfacet
  facet normal 0 0 -1
    outer loop
      vertex 61.1217 23.4475 0.36
      vertex 61.0131 24.1119 0.36
      vertex 61.1997 24.1065 0.36
    endloop
  endfacet
  facet normal 0 0 -1
    outer loop
      vertex 60.9029 23.4475 0.36
      vertex 61.0131 24.1119 0.36
      vertex 61.0131 23.4512 0.36
    endloop
  endfacet
  facet normal 0 0 -1
    outer loop
      vertex 60.9029 23.4475 0.36
      vertex 60.8264 24.1065 0.36
      vertex 61.0131 24.1119 0.36
    endloop
  endfacet
  facet normal 0 0 -1
    outer loop
      vertex 60.7978 23.4365 0.36
      vertex 60.8264 24.1065 0.36
      vertex 60.9029 23.4475 0.36
    endloop
  endfacet
  facet normal 0 0 -1
    outer loop
      vertex 60.6482 24.0903 0.36
      vertex 60.7978 23.4365 0.36
      vertex 60.6978 23.4182 0.36
    endloop
  endfacet
  facet normal 0 0 -1
    outer loop
      vertex 60.7978 23.4365 0.36
      vertex 60.6482 24.0903 0.36
      vertex 60.8264 24.1065 0.36
    endloop
  endfacet
  facet normal 0 0 -1
    outer loop
      vertex 60.4783 24.0632 0.36
      vertex 60.6978 23.4182 0.36
      vertex 60.603 23.3926 0.36
    endloop
  endfacet
  facet normal 0 0 -1
    outer loop
      vertex 60.3168 24.0254 0.36
      vertex 60.603 23.3926 0.36
      vertex 60.5132 23.3597 0.36
    endloop
  endfacet
  facet normal 0 0 -1
    outer loop
      vertex 60.6978 23.4182 0.36
      vertex 60.4783 24.0632 0.36
      vertex 60.6482 24.0903 0.36
    endloop
  endfacet
  facet normal 0 0 -1
    outer loop
      vertex 60.1636 23.9767 0.36
      vertex 60.5132 23.3597 0.36
      vertex 60.4286 23.3194 0.36
    endloop
  endfacet
  facet normal 0 0 -1
    outer loop
      vertex 60.0189 23.9171 0.36
      vertex 60.4286 23.3194 0.36
      vertex 60.3492 23.2718 0.36
    endloop
  endfacet
  facet normal 0 0 -1
    outer loop
      vertex 60.603 23.3926 0.36
      vertex 60.3168 24.0254 0.36
      vertex 60.4783 24.0632 0.36
    endloop
  endfacet
  facet normal 0 0 -1
    outer loop
      vertex 59.8825 23.8468 0.36
      vertex 60.3492 23.2718 0.36
      vertex 60.2748 23.2169 0.36
    endloop
  endfacet
  facet normal 0 0 -1
    outer loop
      vertex 59.7545 23.7656 0.36
      vertex 60.2748 23.2169 0.36
      vertex 60.2056 23.1547 0.36
    endloop
  endfacet
  facet normal 0 0 -1
    outer loop
      vertex 60.5132 23.3597 0.36
      vertex 60.1636 23.9767 0.36
      vertex 60.3168 24.0254 0.36
    endloop
  endfacet
  facet normal 0 0 -1
    outer loop
      vertex 59.6348 23.6736 0.36
      vertex 60.2056 23.1547 0.36
      vertex 60.1415 23.0852 0.36
    endloop
  endfacet
  facet normal 0 0 -1
    outer loop
      vertex 59.5235 23.5708 0.36
      vertex 60.1415 23.0852 0.36
      vertex 60.0831 23.0091 0.36
    endloop
  endfacet
  facet normal 0 0 -1
    outer loop
      vertex 59.4218 23.4583 0.36
      vertex 60.0831 23.0091 0.36
      vertex 60.0308 22.9272 0.36
    endloop
  endfacet
  facet normal 0 0 -1
    outer loop
      vertex 60.4286 23.3194 0.36
      vertex 60.0189 23.9171 0.36
      vertex 60.1636 23.9767 0.36
    endloop
  endfacet
  facet normal 0 0 -1
    outer loop
      vertex 59.3308 23.3373 0.36
      vertex 60.0308 22.9272 0.36
      vertex 59.9847 22.8396 0.36
    endloop
  endfacet
  facet normal 0 0 -1
    outer loop
      vertex 59.2504 23.2079 0.36
      vertex 59.9847 22.8396 0.36
      vertex 59.9447 22.7462 0.36
    endloop
  endfacet
  facet normal 0 0 -1
    outer loop
      vertex 59.1219 22.9236 0.36
      vertex 59.9447 22.7462 0.36
      vertex 59.9109 22.6469 0.36
    endloop
  endfacet
  facet normal 0 0 -1
    outer loop
      vertex 59.0737 22.7686 0.36
      vertex 59.9109 22.6469 0.36
      vertex 59.8832 22.5419 0.36
    endloop
  endfacet
  facet normal 0 0 -1
    outer loop
      vertex 60.3492 23.2718 0.36
      vertex 59.8825 23.8468 0.36
      vertex 60.0189 23.9171 0.36
    endloop
  endfacet
  facet normal 0 0 -1
    outer loop
      vertex 59.0363 22.6053 0.36
      vertex 59.8832 22.5419 0.36
      vertex 59.8617 22.4312 0.36
    endloop
  endfacet
  facet normal 0 0 -1
    outer loop
      vertex 59.0095 22.4334 0.36
      vertex 59.8617 22.4312 0.36
      vertex 59.8463 22.3146 0.36
    endloop
  endfacet
  facet normal 0 0 -1
    outer loop
      vertex 58.9934 22.253 0.36
      vertex 59.8463 22.3146 0.36
      vertex 59.8371 22.1923 0.36
    endloop
  endfacet
  facet normal 0 0 -1
    outer loop
      vertex 59.1223 21.1987 0.36
      vertex 59.9473 21.3722 0.36
      vertex 59.1814 21.0503 0.36
    endloop
  endfacet
  facet normal -0 0 -1
    outer loop
      vertex 59.9473 21.3722 0.36
      vertex 59.1223 21.1987 0.36
      vertex 59.9127 21.4735 0.36
    endloop
  endfacet
  facet normal 0 0 -1
    outer loop
      vertex 59.834 22.0641 0.36
      vertex 58.9881 22.0641 0.36
      vertex 59.8371 22.1923 0.36
    endloop
  endfacet
  facet normal 0 0 -1
    outer loop
      vertex 59.074 21.3553 0.36
      vertex 59.9127 21.4735 0.36
      vertex 59.1223 21.1987 0.36
    endloop
  endfacet
  facet normal 0 -0 -1
    outer loop
      vertex 58.9934 22.253 0.36
      vertex 59.8371 22.1923 0.36
      vertex 58.9881 22.0641 0.36
    endloop
  endfacet
  facet normal -0 0 -1
    outer loop
      vertex 59.9127 21.4735 0.36
      vertex 59.074 21.3553 0.36
      vertex 59.8844 21.5804 0.36
    endloop
  endfacet
  facet normal -0 0 -1
    outer loop
      vertex 59.8463 22.3146 0.36
      vertex 58.9934 22.253 0.36
      vertex 59.0095 22.4334 0.36
    endloop
  endfacet
  facet normal 0 0 -1
    outer loop
      vertex 59.0364 21.5202 0.36
      vertex 59.8844 21.5804 0.36
      vertex 59.074 21.3553 0.36
    endloop
  endfacet
  facet normal 0 0 -1
    outer loop
      vertex 59.8617 22.4312 0.36
      vertex 59.0095 22.4334 0.36
      vertex 59.0363 22.6053 0.36
    endloop
  endfacet
  facet normal -0 0 -1
    outer loop
      vertex 59.8844 21.5804 0.36
      vertex 59.0364 21.5202 0.36
      vertex 59.8623 21.6929 0.36
    endloop
  endfacet
  facet normal 0 0 -1
    outer loop
      vertex 60.2748 23.2169 0.36
      vertex 59.7545 23.7656 0.36
      vertex 59.8825 23.8468 0.36
    endloop
  endfacet
  facet normal 0 0 -1
    outer loop
      vertex 59.0096 21.6933 0.36
      vertex 59.8623 21.6929 0.36
      vertex 59.0364 21.5202 0.36
    endloop
  endfacet
  facet normal 0 0 -1
    outer loop
      vertex 60.2056 23.1547 0.36
      vertex 59.6348 23.6736 0.36
      vertex 59.7545 23.7656 0.36
    endloop
  endfacet
  facet normal 0 0 -1
    outer loop
      vertex 59.8623 21.6929 0.36
      vertex 59.0096 21.6933 0.36
      vertex 59.8466 21.8111 0.36
    endloop
  endfacet
  facet normal 0 0 -1
    outer loop
      vertex 60.1415 23.0852 0.36
      vertex 59.5235 23.5708 0.36
      vertex 59.6348 23.6736 0.36
    endloop
  endfacet
  facet normal 0 0 -1
    outer loop
      vertex 58.9934 21.8746 0.36
      vertex 59.8466 21.8111 0.36
      vertex 59.0096 21.6933 0.36
    endloop
  endfacet
  facet normal 0 0 -1
    outer loop
      vertex 60.0831 23.0091 0.36
      vertex 59.4218 23.4583 0.36
      vertex 59.5235 23.5708 0.36
    endloop
  endfacet
  facet normal 0 0 -1
    outer loop
      vertex 59.8466 21.8111 0.36
      vertex 58.9934 21.8746 0.36
      vertex 59.8371 21.9348 0.36
    endloop
  endfacet
  facet normal 0 0 -1
    outer loop
      vertex 59.8371 21.9348 0.36
      vertex 58.9881 22.0641 0.36
      vertex 59.834 22.0641 0.36
    endloop
  endfacet
  facet normal 0 0 -1
    outer loop
      vertex 58.9881 22.0641 0.36
      vertex 59.8371 21.9348 0.36
      vertex 58.9934 21.8746 0.36
    endloop
  endfacet
  facet normal 0 0 -1
    outer loop
      vertex 60.0308 22.9272 0.36
      vertex 59.3308 23.3373 0.36
      vertex 59.4218 23.4583 0.36
    endloop
  endfacet
  facet normal 0 0 -1
    outer loop
      vertex 59.9847 22.8396 0.36
      vertex 59.2504 23.2079 0.36
      vertex 59.3308 23.3373 0.36
    endloop
  endfacet
  facet normal 0 0 -1
    outer loop
      vertex 59.8832 22.5419 0.36
      vertex 59.0363 22.6053 0.36
      vertex 59.0737 22.7686 0.36
    endloop
  endfacet
  facet normal 0 0 -1
    outer loop
      vertex 59.9447 22.7462 0.36
      vertex 59.1219 22.9236 0.36
      vertex 59.1808 23.07 0.36
    endloop
  endfacet
  facet normal 0 0 -1
    outer loop
      vertex 59.9109 22.6469 0.36
      vertex 59.0737 22.7686 0.36
      vertex 59.1219 22.9236 0.36
    endloop
  endfacet
  facet normal 0 0 -1
    outer loop
      vertex 59.9447 22.7462 0.36
      vertex 59.1808 23.07 0.36
      vertex 59.2504 23.2079 0.36
    endloop
  endfacet
  facet normal 0 0 -1
    outer loop
      vertex 43.8572 20.0391 0.36
      vertex 43.017 20.0391 0.36
      vertex 43.8572 23.4028 0.36
    endloop
  endfacet
  facet normal 0 0 -1
    outer loop
      vertex 43.8572 23.4028 0.36
      vertex 45.156 24.0521 0.36
      vertex 45.156 23.4028 0.36
    endloop
  endfacet
  facet normal 0 0 -1
    outer loop
      vertex 43.017 23.4028 0.36
      vertex 43.8572 23.4028 0.36
      vertex 43.017 20.0391 0.36
    endloop
  endfacet
  facet normal 0 0 -1
    outer loop
      vertex 43.017 23.4028 0.36
      vertex 45.156 24.0521 0.36
      vertex 43.8572 23.4028 0.36
    endloop
  endfacet
  facet normal 0 0 -1
    outer loop
      vertex 41.7211 24.0521 0.36
      vertex 43.017 23.4028 0.36
      vertex 41.7211 23.4028 0.36
    endloop
  endfacet
  facet normal 0 0 -1
    outer loop
      vertex 43.017 23.4028 0.36
      vertex 41.7211 24.0521 0.36
      vertex 45.156 24.0521 0.36
    endloop
  endfacet
  facet normal 0 0 -1
    outer loop
      vertex 47.828 21.0645 0.36
      vertex 46.4865 21.6967 0.36
      vertex 47.64 21.6967 0.36
    endloop
  endfacet
  facet normal 0 -0 -1
    outer loop
      vertex 46.4865 21.6967 0.36
      vertex 47.828 21.0645 0.36
      vertex 46.2986 21.0645 0.36
    endloop
  endfacet
  facet normal 0 0 -1
    outer loop
      vertex 47.828 21.0645 0.36
      vertex 49.0157 20.0391 0.36
      vertex 48.184 20.0391 0.36
    endloop
  endfacet
  facet normal 0 0 -1
    outer loop
      vertex 47.64 21.6967 0.36
      vertex 49.0157 20.0391 0.36
      vertex 47.828 21.0645 0.36
    endloop
  endfacet
  facet normal 0 0 -1
    outer loop
      vertex 47.64 21.6967 0.36
      vertex 47.5574 24.0521 0.36
      vertex 49.0157 20.0391 0.36
    endloop
  endfacet
  facet normal 0 0 -1
    outer loop
      vertex 47.2441 22.8502 0.36
      vertex 47.5574 24.0521 0.36
      vertex 47.64 21.6967 0.36
    endloop
  endfacet
  facet normal 0 0 -1
    outer loop
      vertex 47.1217 23.2375 0.36
      vertex 47.5574 24.0521 0.36
      vertex 47.2441 22.8502 0.36
    endloop
  endfacet
  facet normal 0 0 -1
    outer loop
      vertex 47.0618 23.4341 0.36
      vertex 47.5574 24.0521 0.36
      vertex 47.1217 23.2375 0.36
    endloop
  endfacet
  facet normal 0 0 -1
    outer loop
      vertex 46.5663 24.0521 0.36
      vertex 47.0448 23.3714 0.36
      vertex 47.039 23.3506 0.36
    endloop
  endfacet
  facet normal 0 0 -1
    outer loop
      vertex 46.5663 24.0521 0.36
      vertex 47.039 23.3506 0.36
      vertex 47.0329 23.3293 0.36
    endloop
  endfacet
  facet normal 0 0 -1
    outer loop
      vertex 46.5663 24.0521 0.36
      vertex 47.0329 23.3293 0.36
      vertex 47.0267 23.3073 0.36
    endloop
  endfacet
  facet normal 0 0 -1
    outer loop
      vertex 46.5663 24.0521 0.36
      vertex 47.0267 23.3073 0.36
      vertex 47.0202 23.2848 0.36
    endloop
  endfacet
  facet normal 0 0 -1
    outer loop
      vertex 46.5663 24.0521 0.36
      vertex 47.0202 23.2848 0.36
      vertex 47.0134 23.2618 0.36
    endloop
  endfacet
  facet normal 0 0 -1
    outer loop
      vertex 46.5663 24.0521 0.36
      vertex 47.0134 23.2618 0.36
      vertex 46.9993 23.2139 0.36
    endloop
  endfacet
  facet normal 0 0 -1
    outer loop
      vertex 46.5663 24.0521 0.36
      vertex 46.9993 23.2139 0.36
      vertex 46.9919 23.1891 0.36
    endloop
  endfacet
  facet normal 0 0 -1
    outer loop
      vertex 46.5663 24.0521 0.36
      vertex 46.9919 23.1891 0.36
      vertex 46.9764 23.1379 0.36
    endloop
  endfacet
  facet normal 0 0 -1
    outer loop
      vertex 46.5663 24.0521 0.36
      vertex 46.9764 23.1379 0.36
      vertex 46.9643 23.0999 0.36
    endloop
  endfacet
  facet normal 0 0 -1
    outer loop
      vertex 46.5663 24.0521 0.36
      vertex 46.9643 23.0999 0.36
      vertex 46.9441 23.0383 0.36
    endloop
  endfacet
  facet normal 0 0 -1
    outer loop
      vertex 46.5663 24.0521 0.36
      vertex 46.9441 23.0383 0.36
      vertex 46.9156 22.9532 0.36
    endloop
  endfacet
  facet normal 0 0 -1
    outer loop
      vertex 46.5663 24.0521 0.36
      vertex 46.9156 22.9532 0.36
      vertex 46.8789 22.8444 0.36
    endloop
  endfacet
  facet normal 0 0 -1
    outer loop
      vertex 46.5663 24.0521 0.36
      vertex 46.8789 22.8444 0.36
      vertex 46.834 22.7121 0.36
    endloop
  endfacet
  facet normal 0 0 -1
    outer loop
      vertex 46.5663 24.0521 0.36
      vertex 46.834 22.7121 0.36
      vertex 46.7809 22.5562 0.36
    endloop
  endfacet
  facet normal 0 0 -1
    outer loop
      vertex 46.5663 24.0521 0.36
      vertex 46.7809 22.5562 0.36
      vertex 46.7196 22.3767 0.36
    endloop
  endfacet
  facet normal 0 0 -1
    outer loop
      vertex 46.5663 24.0521 0.36
      vertex 46.7196 22.3767 0.36
      vertex 46.6501 22.1736 0.36
    endloop
  endfacet
  facet normal 0 0 -1
    outer loop
      vertex 46.5663 24.0521 0.36
      vertex 46.6501 22.1736 0.36
      vertex 46.5724 21.947 0.36
    endloop
  endfacet
  facet normal 0 0 -1
    outer loop
      vertex 47.0618 23.4341 0.36
      vertex 46.5663 24.0521 0.36
      vertex 47.5574 24.0521 0.36
    endloop
  endfacet
  facet normal 0 0 -1
    outer loop
      vertex 47.0448 23.3714 0.36
      vertex 46.5663 24.0521 0.36
      vertex 47.0618 23.4341 0.36
    endloop
  endfacet
  facet normal 0 0 -1
    outer loop
      vertex 45.1023 20.0391 0.36
      vertex 46.5724 21.947 0.36
      vertex 46.4865 21.6967 0.36
    endloop
  endfacet
  facet normal 0 0 -1
    outer loop
      vertex 45.1023 20.0391 0.36
      vertex 46.4865 21.6967 0.36
      vertex 46.2986 21.0645 0.36
    endloop
  endfacet
  facet normal 0 0 -1
    outer loop
      vertex 45.1023 20.0391 0.36
      vertex 46.2986 21.0645 0.36
      vertex 45.9426 20.0391 0.36
    endloop
  endfacet
  facet normal -0 0 -1
    outer loop
      vertex 46.5724 21.947 0.36
      vertex 45.1023 20.0391 0.36
      vertex 46.5663 24.0521 0.36
    endloop
  endfacet
  facet normal 0 0 -1
    outer loop
      vertex 57.3035 20.0391 0.36
      vertex 56.4633 20.0391 0.36
      vertex 57.3035 23.4028 0.36
    endloop
  endfacet
  facet normal 0 0 -1
    outer loop
      vertex 57.3035 23.4028 0.36
      vertex 58.6022 24.0521 0.36
      vertex 58.6022 23.4028 0.36
    endloop
  endfacet
  facet normal 0 0 -1
    outer loop
      vertex 56.4633 23.4028 0.36
      vertex 57.3035 23.4028 0.36
      vertex 56.4633 20.0391 0.36
    endloop
  endfacet
  facet normal 0 0 -1
    outer loop
      vertex 56.4633 23.4028 0.36
      vertex 58.6022 24.0521 0.36
      vertex 57.3035 23.4028 0.36
    endloop
  endfacet
  facet normal 0 0 -1
    outer loop
      vertex 55.1674 24.0521 0.36
      vertex 56.4633 23.4028 0.36
      vertex 55.1674 23.4028 0.36
    endloop
  endfacet
  facet normal 0 0 -1
    outer loop
      vertex 56.4633 23.4028 0.36
      vertex 55.1674 24.0521 0.36
      vertex 58.6022 24.0521 0.36
    endloop
  endfacet
  facet normal 0 0 -1
    outer loop
      vertex 49.7903 20.0391 0.36
      vertex 50.6305 21.4518 0.36
      vertex 50.6305 20.0391 0.36
    endloop
  endfacet
  facet normal -0 0 -1
    outer loop
      vertex 50.6305 21.4518 0.36
      vertex 49.7903 20.0391 0.36
      vertex 50.6305 22.0983 0.36
    endloop
  endfacet
  facet normal 0 0 -1
    outer loop
      vertex 49.7903 24.0521 0.36
      vertex 50.6305 22.0983 0.36
      vertex 49.7903 20.0391 0.36
    endloop
  endfacet
  facet normal -0 0 -1
    outer loop
      vertex 53.0895 22.7052 0.36
      vertex 52.2435 22.7042 0.36
      vertex 52.2454 22.7676 0.36
    endloop
  endfacet
  facet normal 0 0 -1
    outer loop
      vertex 52.3421 21.5868 0.36
      vertex 52.2379 22.6438 0.36
      vertex 52.2435 22.7042 0.36
    endloop
  endfacet
  facet normal 0 0 -1
    outer loop
      vertex 52.3421 21.5868 0.36
      vertex 52.2285 22.5865 0.36
      vertex 52.2379 22.6438 0.36
    endloop
  endfacet
  facet normal 0 0 -1
    outer loop
      vertex 52.3421 21.5868 0.36
      vertex 52.2153 22.5323 0.36
      vertex 52.2285 22.5865 0.36
    endloop
  endfacet
  facet normal 0 0 -1
    outer loop
      vertex 51.9303 22.1827 0.36
      vertex 52.2726 21.5584 0.36
      vertex 52.2007 21.5334 0.36
    endloop
  endfacet
  facet normal 0 0 -1
    outer loop
      vertex 52.3421 21.5868 0.36
      vertex 52.1984 22.481 0.36
      vertex 52.2153 22.5323 0.36
    endloop
  endfacet
  facet normal 0 0 -1
    outer loop
      vertex 52.3421 21.5868 0.36
      vertex 52.1777 22.4328 0.36
      vertex 52.1984 22.481 0.36
    endloop
  endfacet
  facet normal 0 0 -1
    outer loop
      vertex 52.3421 21.5868 0.36
      vertex 52.1533 22.3877 0.36
      vertex 52.1777 22.4328 0.36
    endloop
  endfacet
  facet normal 0 0 -1
    outer loop
      vertex 51.9303 22.1827 0.36
      vertex 52.2007 21.5334 0.36
      vertex 52.1262 21.5118 0.36
    endloop
  endfacet
  facet normal 0 0 -1
    outer loop
      vertex 52.3421 21.5868 0.36
      vertex 52.1251 22.3456 0.36
      vertex 52.1533 22.3877 0.36
    endloop
  endfacet
  facet normal 0 0 -1
    outer loop
      vertex 52.3421 21.5868 0.36
      vertex 52.0931 22.3066 0.36
      vertex 52.1251 22.3456 0.36
    endloop
  endfacet
  facet normal 0 0 -1
    outer loop
      vertex 52.3421 21.5868 0.36
      vertex 52.0574 22.2706 0.36
      vertex 52.0931 22.3066 0.36
    endloop
  endfacet
  facet normal 0 0 -1
    outer loop
      vertex 51.8815 22.1603 0.36
      vertex 52.1262 21.5118 0.36
      vertex 52.0492 21.4935 0.36
    endloop
  endfacet
  facet normal 0 0 -1
    outer loop
      vertex 52.3421 21.5868 0.36
      vertex 52.0182 22.2379 0.36
      vertex 52.0574 22.2706 0.36
    endloop
  endfacet
  facet normal 0 0 -1
    outer loop
      vertex 52.3421 21.5868 0.36
      vertex 51.9758 22.2086 0.36
      vertex 52.0182 22.2379 0.36
    endloop
  endfacet
  facet normal 0 0 -1
    outer loop
      vertex 51.8296 22.1414 0.36
      vertex 52.0492 21.4935 0.36
      vertex 51.9698 21.4785 0.36
    endloop
  endfacet
  facet normal 0 0 -1
    outer loop
      vertex 52.2726 21.5584 0.36
      vertex 51.9303 22.1827 0.36
      vertex 51.9758 22.2086 0.36
    endloop
  endfacet
  facet normal 0 0 -1
    outer loop
      vertex 51.7744 22.1259 0.36
      vertex 51.9698 21.4785 0.36
      vertex 51.8879 21.4668 0.36
    endloop
  endfacet
  facet normal 0 0 -1
    outer loop
      vertex 52.1262 21.5118 0.36
      vertex 51.8815 22.1603 0.36
      vertex 51.9303 22.1827 0.36
    endloop
  endfacet
  facet normal 0 0 -1
    outer loop
      vertex 52.0492 21.4935 0.36
      vertex 51.8296 22.1414 0.36
      vertex 51.8815 22.1603 0.36
    endloop
  endfacet
  facet normal 0 0 -1
    outer loop
      vertex 51.7744 22.1259 0.36
      vertex 51.8879 21.4668 0.36
      vertex 51.8035 21.4585 0.36
    endloop
  endfacet
  facet normal 0 0 -1
    outer loop
      vertex 51.9698 21.4785 0.36
      vertex 51.7744 22.1259 0.36
      vertex 51.8296 22.1414 0.36
    endloop
  endfacet
  facet normal 0 0 -1
    outer loop
      vertex 51.7161 22.1138 0.36
      vertex 51.8035 21.4585 0.36
      vertex 51.7167 21.4535 0.36
    endloop
  endfacet
  facet normal 0 0 -1
    outer loop
      vertex 51.8035 21.4585 0.36
      vertex 51.7161 22.1138 0.36
      vertex 51.7744 22.1259 0.36
    endloop
  endfacet
  facet normal 0 0 -1
    outer loop
      vertex 51.7167 21.4535 0.36
      vertex 51.6546 22.1052 0.36
      vertex 51.7161 22.1138 0.36
    endloop
  endfacet
  facet normal 0 0 -1
    outer loop
      vertex 51.6273 21.4518 0.36
      vertex 51.6546 22.1052 0.36
      vertex 51.7167 21.4535 0.36
    endloop
  endfacet
  facet normal 0 0 -1
    outer loop
      vertex 51.6273 21.4518 0.36
      vertex 51.5899 22.1 0.36
      vertex 51.6546 22.1052 0.36
    endloop
  endfacet
  facet normal 0 0 -1
    outer loop
      vertex 51.6273 21.4518 0.36
      vertex 51.522 22.0983 0.36
      vertex 51.5899 22.1 0.36
    endloop
  endfacet
  facet normal 0 0 -1
    outer loop
      vertex 50.6305 21.4518 0.36
      vertex 51.522 22.0983 0.36
      vertex 51.6273 21.4518 0.36
    endloop
  endfacet
  facet normal -0 0 -1
    outer loop
      vertex 51.522 22.0983 0.36
      vertex 50.6305 21.4518 0.36
      vertex 50.6305 22.0983 0.36
    endloop
  endfacet
  facet normal 0 0 -1
    outer loop
      vertex 52.2454 22.7676 0.36
      vertex 53.0913 22.7818 0.36
      vertex 53.0895 22.7052 0.36
    endloop
  endfacet
  facet normal 0 0 -1
    outer loop
      vertex 52.2435 22.7042 0.36
      vertex 53.0895 22.7052 0.36
      vertex 53.0842 22.6302 0.36
    endloop
  endfacet
  facet normal -0 0 -1
    outer loop
      vertex 53.0913 22.7818 0.36
      vertex 52.2454 22.7676 0.36
      vertex 53.0874 22.9004 0.36
    endloop
  endfacet
  facet normal 0 0 -1
    outer loop
      vertex 52.2435 22.7042 0.36
      vertex 53.0842 22.6302 0.36
      vertex 53.0754 22.5569 0.36
    endloop
  endfacet
  facet normal 0 0 -1
    outer loop
      vertex 52.2435 22.7042 0.36
      vertex 53.0754 22.5569 0.36
      vertex 53.063 22.4852 0.36
    endloop
  endfacet
  facet normal 0 0 -1
    outer loop
      vertex 52.2379 22.8877 0.36
      vertex 53.0874 22.9004 0.36
      vertex 52.2454 22.7676 0.36
    endloop
  endfacet
  facet normal 0 0 -1
    outer loop
      vertex 52.2435 22.7042 0.36
      vertex 53.063 22.4852 0.36
      vertex 53.0471 22.4152 0.36
    endloop
  endfacet
  facet normal -0 0 -1
    outer loop
      vertex 53.0874 22.9004 0.36
      vertex 52.2379 22.8877 0.36
      vertex 53.0757 23.0135 0.36
    endloop
  endfacet
  facet normal 0 0 -1
    outer loop
      vertex 52.2435 22.7042 0.36
      vertex 53.0471 22.4152 0.36
      vertex 53.0277 22.3468 0.36
    endloop
  endfacet
  facet normal 0 0 -1
    outer loop
      vertex 52.2435 22.7042 0.36
      vertex 53.0277 22.3468 0.36
      vertex 53.0047 22.28 0.36
    endloop
  endfacet
  facet normal -0 0 -1
    outer loop
      vertex 53.0757 23.0135 0.36
      vertex 52.2379 22.8877 0.36
      vertex 53.0563 23.1211 0.36
    endloop
  endfacet
  facet normal 0 0 -1
    outer loop
      vertex 52.2435 22.7042 0.36
      vertex 53.0047 22.28 0.36
      vertex 52.9783 22.215 0.36
    endloop
  endfacet
  facet normal 0 0 -1
    outer loop
      vertex 52.2156 22.9952 0.36
      vertex 53.0563 23.1211 0.36
      vertex 52.2379 22.8877 0.36
    endloop
  endfacet
  facet normal 0 0 -1
    outer loop
      vertex 52.2435 22.7042 0.36
      vertex 52.9783 22.215 0.36
      vertex 52.9482 22.1516 0.36
    endloop
  endfacet
  facet normal 0 0 -1
    outer loop
      vertex 52.2435 22.7042 0.36
      vertex 52.9482 22.1516 0.36
      vertex 52.9147 22.0898 0.36
    endloop
  endfacet
  facet normal -0 0 -1
    outer loop
      vertex 53.0563 23.1211 0.36
      vertex 52.2156 22.9952 0.36
      vertex 53.0291 23.2232 0.36
    endloop
  endfacet
  facet normal 0 0 -1
    outer loop
      vertex 52.2435 22.7042 0.36
      vertex 52.9147 22.0898 0.36
      vertex 52.8778 22.0302 0.36
    endloop
  endfacet
  facet normal -0 0 -1
    outer loop
      vertex 53.0291 23.2232 0.36
      vertex 52.2156 22.9952 0.36
      vertex 52.9941 23.3198 0.36
    endloop
  endfacet
  facet normal 0 0 -1
    outer loop
      vertex 52.2435 22.7042 0.36
      vertex 52.8778 22.0302 0.36
      vertex 52.838 21.9734 0.36
    endloop
  endfacet
  facet normal 0 0 -1
    outer loop
      vertex 52.2435 22.7042 0.36
      vertex 52.838 21.9734 0.36
      vertex 52.795 21.9194 0.36
    endloop
  endfacet
  facet normal -0 0 -1
    outer loop
      vertex 52.9941 23.3198 0.36
      vertex 52.2156 22.9952 0.36
      vertex 52.9513 23.4109 0.36
    endloop
  endfacet
  facet normal 0 0 -1
    outer loop
      vertex 52.2435 22.7042 0.36
      vertex 52.795 21.9194 0.36
      vertex 52.749 21.8681 0.36
    endloop
  endfacet
  facet normal 0 0 -1
    outer loop
      vertex 52.1783 23.0901 0.36
      vertex 52.9513 23.4109 0.36
      vertex 52.2156 22.9952 0.36
    endloop
  endfacet
  facet normal 0 0 -1
    outer loop
      vertex 52.2435 22.7042 0.36
      vertex 52.749 21.8681 0.36
      vertex 52.7 21.8196 0.36
    endloop
  endfacet
  facet normal 0 0 -1
    outer loop
      vertex 52.2435 22.7042 0.36
      vertex 52.7 21.8196 0.36
      vertex 52.6479 21.7738 0.36
    endloop
  endfacet
  facet normal -0 0 -1
    outer loop
      vertex 52.9513 23.4109 0.36
      vertex 52.1783 23.0901 0.36
      vertex 52.9008 23.4965 0.36
    endloop
  endfacet
  facet normal 0 0 -1
    outer loop
      vertex 52.2435 22.7042 0.36
      vertex 52.6479 21.7738 0.36
      vertex 52.5928 21.7308 0.36
    endloop
  endfacet
  facet normal 0 0 -1
    outer loop
      vertex 52.2435 22.7042 0.36
      vertex 52.5928 21.7308 0.36
      vertex 52.5347 21.6906 0.36
    endloop
  endfacet
  facet normal -0 0 -1
    outer loop
      vertex 52.9008 23.4965 0.36
      vertex 52.1783 23.0901 0.36
      vertex 52.8425 23.5766 0.36
    endloop
  endfacet
  facet normal 0 0 -1
    outer loop
      vertex 52.2435 22.7042 0.36
      vertex 52.5347 21.6906 0.36
      vertex 52.4734 21.6531 0.36
    endloop
  endfacet
  facet normal -0 0 -1
    outer loop
      vertex 52.8425 23.5766 0.36
      vertex 52.1783 23.0901 0.36
      vertex 52.7764 23.6512 0.36
    endloop
  endfacet
  facet normal 0 0 -1
    outer loop
      vertex 52.2435 22.7042 0.36
      vertex 52.4734 21.6531 0.36
      vertex 52.4092 21.6184 0.36
    endloop
  endfacet
  facet normal 0 0 -1
    outer loop
      vertex 52.2435 22.7042 0.36
      vertex 52.4092 21.6184 0.36
      vertex 52.3421 21.5868 0.36
    endloop
  endfacet
  facet normal 0 0 -1
    outer loop
      vertex 52.126 23.1723 0.36
      vertex 52.7764 23.6512 0.36
      vertex 52.1783 23.0901 0.36
    endloop
  endfacet
  facet normal 0 0 -1
    outer loop
      vertex 51.9758 22.2086 0.36
      vertex 52.3421 21.5868 0.36
      vertex 52.2726 21.5584 0.36
    endloop
  endfacet
  facet normal -0 0 -1
    outer loop
      vertex 52.7764 23.6512 0.36
      vertex 52.126 23.1723 0.36
      vertex 52.7025 23.7203 0.36
    endloop
  endfacet
  facet normal -0 0 -1
    outer loop
      vertex 52.7025 23.7203 0.36
      vertex 52.126 23.1723 0.36
      vertex 52.6214 23.7834 0.36
    endloop
  endfacet
  facet normal 0 0 -1
    outer loop
      vertex 52.0589 23.2418 0.36
      vertex 52.6214 23.7834 0.36
      vertex 52.126 23.1723 0.36
    endloop
  endfacet
  facet normal -0 0 -1
    outer loop
      vertex 52.6214 23.7834 0.36
      vertex 52.0589 23.2418 0.36
      vertex 52.5337 23.8398 0.36
    endloop
  endfacet
  facet normal -0 0 -1
    outer loop
      vertex 52.5337 23.8398 0.36
      vertex 52.0589 23.2418 0.36
      vertex 52.4394 23.8896 0.36
    endloop
  endfacet
  facet normal -0 0 -1
    outer loop
      vertex 52.4394 23.8896 0.36
      vertex 52.0589 23.2418 0.36
      vertex 52.3384 23.9327 0.36
    endloop
  endfacet
  facet normal 0 0 -1
    outer loop
      vertex 51.9768 23.2988 0.36
      vertex 52.3384 23.9327 0.36
      vertex 52.0589 23.2418 0.36
    endloop
  endfacet
  facet normal -0 0 -1
    outer loop
      vertex 52.3384 23.9327 0.36
      vertex 51.9768 23.2988 0.36
      vertex 52.2308 23.9692 0.36
    endloop
  endfacet
  facet normal -0 0 -1
    outer loop
      vertex 52.2308 23.9692 0.36
      vertex 51.9768 23.2988 0.36
      vertex 52.1165 23.999 0.36
    endloop
  endfacet
  facet normal 0 0 -1
    outer loop
      vertex 51.8798 23.343 0.36
      vertex 52.1165 23.999 0.36
      vertex 51.9768 23.2988 0.36
    endloop
  endfacet
  facet normal -0 0 -1
    outer loop
      vertex 52.1165 23.999 0.36
      vertex 51.8798 23.343 0.36
      vertex 51.9957 24.0223 0.36
    endloop
  endfacet
  facet normal 0 0 -1
    outer loop
      vertex 51.7678 23.3746 0.36
      vertex 51.9957 24.0223 0.36
      vertex 51.8798 23.343 0.36
    endloop
  endfacet
  facet normal -0 0 -1
    outer loop
      vertex 51.9957 24.0223 0.36
      vertex 51.7678 23.3746 0.36
      vertex 51.8681 24.0389 0.36
    endloop
  endfacet
  facet normal 0 0 -1
    outer loop
      vertex 51.7678 23.3746 0.36
      vertex 51.734 24.0488 0.36
      vertex 51.8681 24.0389 0.36
    endloop
  endfacet
  facet normal 0 0 -1
    outer loop
      vertex 51.641 23.3936 0.36
      vertex 51.734 24.0488 0.36
      vertex 51.7678 23.3746 0.36
    endloop
  endfacet
  facet normal 0 0 -1
    outer loop
      vertex 51.641 23.3936 0.36
      vertex 51.5932 24.0521 0.36
      vertex 51.734 24.0488 0.36
    endloop
  endfacet
  facet normal 0 0 -1
    outer loop
      vertex 51.4992 23.3999 0.36
      vertex 51.5932 24.0521 0.36
      vertex 51.641 23.3936 0.36
    endloop
  endfacet
  facet normal 0 0 -1
    outer loop
      vertex 50.6305 23.3999 0.36
      vertex 51.5932 24.0521 0.36
      vertex 51.4992 23.3999 0.36
    endloop
  endfacet
  facet normal 0 0 -1
    outer loop
      vertex 50.6305 23.3999 0.36
      vertex 49.7903 24.0521 0.36
      vertex 51.5932 24.0521 0.36
    endloop
  endfacet
  facet normal 0 0 -1
    outer loop
      vertex 50.6305 22.0983 0.36
      vertex 49.7903 24.0521 0.36
      vertex 50.6305 23.3999 0.36
    endloop
  endfacet
  facet normal -0 0 -1
    outer loop
      vertex 73.4234 21.9529 0.36
      vertex 72.5767 21.9501 0.36
      vertex 72.5799 22.0755 0.36
    endloop
  endfacet
  facet normal 0 0 -1
    outer loop
      vertex 72.6632 20.3908 0.36
      vertex 72.5672 21.8299 0.36
      vertex 72.5767 21.9501 0.36
    endloop
  endfacet
  facet normal 0 0 -1
    outer loop
      vertex 72.6632 20.3908 0.36
      vertex 72.5512 21.7151 0.36
      vertex 72.5672 21.8299 0.36
    endloop
  endfacet
  facet normal 0 0 -1
    outer loop
      vertex 72.6632 20.3908 0.36
      vertex 72.5289 21.6057 0.36
      vertex 72.5512 21.7151 0.36
    endloop
  endfacet
  facet normal 0 0 -1
    outer loop
      vertex 72.6632 20.3908 0.36
      vertex 72.5002 21.5016 0.36
      vertex 72.5289 21.6057 0.36
    endloop
  endfacet
  facet normal 0 0 -1
    outer loop
      vertex 72.1244 20.9273 0.36
      vertex 72.5801 20.3353 0.36
      vertex 72.493 20.2841 0.36
    endloop
  endfacet
  facet normal 0 0 -1
    outer loop
      vertex 72.6632 20.3908 0.36
      vertex 72.4651 21.4029 0.36
      vertex 72.5002 21.5016 0.36
    endloop
  endfacet
  facet normal 0 0 -1
    outer loop
      vertex 72.6632 20.3908 0.36
      vertex 72.4236 21.3096 0.36
      vertex 72.4651 21.4029 0.36
    endloop
  endfacet
  facet normal 0 0 -1
    outer loop
      vertex 72.0495 20.8713 0.36
      vertex 72.493 20.2841 0.36
      vertex 72.4026 20.2375 0.36
    endloop
  endfacet
  facet normal 0 0 -1
    outer loop
      vertex 72.6632 20.3908 0.36
      vertex 72.3758 21.2215 0.36
      vertex 72.4236 21.3096 0.36
    endloop
  endfacet
  facet normal 0 0 -1
    outer loop
      vertex 72.6632 20.3908 0.36
      vertex 72.3215 21.1389 0.36
      vertex 72.3758 21.2215 0.36
    endloop
  endfacet
  facet normal 0 0 -1
    outer loop
      vertex 72.0495 20.8713 0.36
      vertex 72.4026 20.2375 0.36
      vertex 72.3096 20.1959 0.36
    endloop
  endfacet
  facet normal 0 0 -1
    outer loop
      vertex 72.6632 20.3908 0.36
      vertex 72.2609 21.0616 0.36
      vertex 72.3215 21.1389 0.36
    endloop
  endfacet
  facet normal 0 0 -1
    outer loop
      vertex 71.9702 20.8228 0.36
      vertex 72.3096 20.1959 0.36
      vertex 72.2139 20.1591 0.36
    endloop
  endfacet
  facet normal 0 0 -1
    outer loop
      vertex 72.6632 20.3908 0.36
      vertex 72.1949 20.9907 0.36
      vertex 72.2609 21.0616 0.36
    endloop
  endfacet
  facet normal 0 0 -1
    outer loop
      vertex 72.5801 20.3353 0.36
      vertex 72.1244 20.9273 0.36
      vertex 72.1949 20.9907 0.36
    endloop
  endfacet
  facet normal 0 0 -1
    outer loop
      vertex 71.8864 20.7818 0.36
      vertex 72.2139 20.1591 0.36
      vertex 72.1157 20.1273 0.36
    endloop
  endfacet
  facet normal 0 0 -1
    outer loop
      vertex 72.493 20.2841 0.36
      vertex 72.0495 20.8713 0.36
      vertex 72.1244 20.9273 0.36
    endloop
  endfacet
  facet normal 0 0 -1
    outer loop
      vertex 71.8864 20.7818 0.36
      vertex 72.1157 20.1273 0.36
      vertex 72.0149 20.1004 0.36
    endloop
  endfacet
  facet normal 0 0 -1
    outer loop
      vertex 72.3096 20.1959 0.36
      vertex 71.9702 20.8228 0.36
      vertex 72.0495 20.8713 0.36
    endloop
  endfacet
  facet normal 0 0 -1
    outer loop
      vertex 71.7982 20.7482 0.36
      vertex 72.0149 20.1004 0.36
      vertex 71.9115 20.0783 0.36
    endloop
  endfacet
  facet normal 0 0 -1
    outer loop
      vertex 72.2139 20.1591 0.36
      vertex 71.8864 20.7818 0.36
      vertex 71.9702 20.8228 0.36
    endloop
  endfacet
  facet normal 0 0 -1
    outer loop
      vertex 71.7055 20.7221 0.36
      vertex 71.9115 20.0783 0.36
      vertex 71.8055 20.0612 0.36
    endloop
  endfacet
  facet normal 0 0 -1
    outer loop
      vertex 72.0149 20.1004 0.36
      vertex 71.7982 20.7482 0.36
      vertex 71.8864 20.7818 0.36
    endloop
  endfacet
  facet normal 0 0 -1
    outer loop
      vertex 71.9115 20.0783 0.36
      vertex 71.7055 20.7221 0.36
      vertex 71.7982 20.7482 0.36
    endloop
  endfacet
  facet normal 0 0 -1
    outer loop
      vertex 71.6084 20.7034 0.36
      vertex 71.8055 20.0612 0.36
      vertex 71.6969 20.0489 0.36
    endloop
  endfacet
  facet normal 0 0 -1
    outer loop
      vertex 71.8055 20.0612 0.36
      vertex 71.6084 20.7034 0.36
      vertex 71.7055 20.7221 0.36
    endloop
  endfacet
  facet normal 0 0 -1
    outer loop
      vertex 71.5857 20.0416 0.36
      vertex 71.6084 20.7034 0.36
      vertex 71.6969 20.0489 0.36
    endloop
  endfacet
  facet normal 0 0 -1
    outer loop
      vertex 71.5857 20.0416 0.36
      vertex 71.5068 20.6922 0.36
      vertex 71.6084 20.7034 0.36
    endloop
  endfacet
  facet normal 0 0 -1
    outer loop
      vertex 71.472 20.0391 0.36
      vertex 71.5068 20.6922 0.36
      vertex 71.5857 20.0416 0.36
    endloop
  endfacet
  facet normal 0 0 -1
    outer loop
      vertex 71.472 20.0391 0.36
      vertex 71.4008 20.6885 0.36
      vertex 71.5068 20.6922 0.36
    endloop
  endfacet
  facet normal 0 0 -1
    outer loop
      vertex 71.472 20.0391 0.36
      vertex 70.6887 20.6885 0.36
      vertex 71.4008 20.6885 0.36
    endloop
  endfacet
  facet normal -0 0 -1
    outer loop
      vertex 70.6887 20.6885 0.36
      vertex 69.8485 20.0391 0.36
      vertex 70.6887 23.4028 0.36
    endloop
  endfacet
  facet normal 0 0 -1
    outer loop
      vertex 69.8485 20.0391 0.36
      vertex 70.6887 20.6885 0.36
      vertex 71.472 20.0391 0.36
    endloop
  endfacet
  facet normal 0 0 -1
    outer loop
      vertex 72.5799 22.0755 0.36
      vertex 73.4258 22.0755 0.36
      vertex 73.4234 21.9529 0.36
    endloop
  endfacet
  facet normal 0 0 -1
    outer loop
      vertex 72.5767 21.9501 0.36
      vertex 73.4234 21.9529 0.36
      vertex 73.4161 21.8335 0.36
    endloop
  endfacet
  facet normal 0 0 -1
    outer loop
      vertex 72.5767 21.9501 0.36
      vertex 73.4161 21.8335 0.36
      vertex 73.4039 21.7172 0.36
    endloop
  endfacet
  facet normal 0 0 -1
    outer loop
      vertex 72.5766 22.2018 0.36
      vertex 73.4258 22.0755 0.36
      vertex 72.5799 22.0755 0.36
    endloop
  endfacet
  facet normal 0 0 -1
    outer loop
      vertex 72.5767 21.9501 0.36
      vertex 73.4039 21.7172 0.36
      vertex 73.3868 21.6041 0.36
    endloop
  endfacet
  facet normal 0 0 -1
    outer loop
      vertex 73.4258 22.0755 0.36
      vertex 72.5766 22.2018 0.36
      vertex 73.4202 22.2619 0.36
    endloop
  endfacet
  facet normal 0 0 -1
    outer loop
      vertex 72.5767 21.9501 0.36
      vertex 73.3868 21.6041 0.36
      vertex 73.3649 21.4942 0.36
    endloop
  endfacet
  facet normal 0 0 -1
    outer loop
      vertex 72.5767 21.9501 0.36
      vertex 73.3649 21.4942 0.36
      vertex 73.3381 21.3874 0.36
    endloop
  endfacet
  facet normal 0 0 -1
    outer loop
      vertex 72.5665 22.3219 0.36
      vertex 73.4202 22.2619 0.36
      vertex 72.5766 22.2018 0.36
    endloop
  endfacet
  facet normal 0 0 -1
    outer loop
      vertex 72.5767 21.9501 0.36
      vertex 73.3381 21.3874 0.36
      vertex 73.3065 21.2838 0.36
    endloop
  endfacet
  facet normal 0 0 -1
    outer loop
      vertex 73.4202 22.2619 0.36
      vertex 72.5665 22.3219 0.36
      vertex 73.4036 22.4395 0.36
    endloop
  endfacet
  facet normal 0 0 -1
    outer loop
      vertex 72.5767 21.9501 0.36
      vertex 73.3065 21.2838 0.36
      vertex 73.2699 21.1833 0.36
    endloop
  endfacet
  facet normal 0 0 -1
    outer loop
      vertex 72.5767 21.9501 0.36
      vertex 73.2699 21.1833 0.36
      vertex 73.2285 21.086 0.36
    endloop
  endfacet
  facet normal 0 0 -1
    outer loop
      vertex 72.5497 22.4359 0.36
      vertex 73.4036 22.4395 0.36
      vertex 72.5665 22.3219 0.36
    endloop
  endfacet
  facet normal 0 0 -1
    outer loop
      vertex 72.5767 21.9501 0.36
      vertex 73.2285 21.086 0.36
      vertex 73.1823 20.9918 0.36
    endloop
  endfacet
  facet normal -0 0 -1
    outer loop
      vertex 73.4036 22.4395 0.36
      vertex 72.5497 22.4359 0.36
      vertex 73.3758 22.6081 0.36
    endloop
  endfacet
  facet normal 0 0 -1
    outer loop
      vertex 72.5767 21.9501 0.36
      vertex 73.1823 20.9918 0.36
      vertex 73.1316 20.9014 0.36
    endloop
  endfacet
  facet normal 0 0 -1
    outer loop
      vertex 72.5767 21.9501 0.36
      vertex 73.1316 20.9014 0.36
      vertex 73.0768 20.8154 0.36
    endloop
  endfacet
  facet normal 0 0 -1
    outer loop
      vertex 72.5261 22.5437 0.36
      vertex 73.3758 22.6081 0.36
      vertex 72.5497 22.4359 0.36
    endloop
  endfacet
  facet normal 0 0 -1
    outer loop
      vertex 72.5767 21.9501 0.36
      vertex 73.0768 20.8154 0.36
      vertex 73.018 20.7337 0.36
    endloop
  endfacet
  facet normal -0 0 -1
    outer loop
      vertex 73.3758 22.6081 0.36
      vertex 72.5261 22.5437 0.36
      vertex 73.3369 22.768 0.36
    endloop
  endfacet
  facet normal 0 0 -1
    outer loop
      vertex 72.5767 21.9501 0.36
      vertex 73.018 20.7337 0.36
      vertex 72.9551 20.6564 0.36
    endloop
  endfacet
  facet normal 0 0 -1
    outer loop
      vertex 72.5767 21.9501 0.36
      vertex 72.9551 20.6564 0.36
      vertex 72.8882 20.5835 0.36
    endloop
  endfacet
  facet normal -0 0 -1
    outer loop
      vertex 73.3369 22.768 0.36
      vertex 72.5261 22.5437 0.36
      vertex 73.2869 22.9189 0.36
    endloop
  endfacet
  facet normal 0 0 -1
    outer loop
      vertex 72.5767 21.9501 0.36
      vertex 72.8882 20.5835 0.36
      vertex 72.8173 20.5149 0.36
    endloop
  endfacet
  facet normal 0 0 -1
    outer loop
      vertex 72.4959 22.6455 0.36
      vertex 73.2869 22.9189 0.36
      vertex 72.5261 22.5437 0.36
    endloop
  endfacet
  facet normal 0 0 -1
    outer loop
      vertex 72.5767 21.9501 0.36
      vertex 72.8173 20.5149 0.36
      vertex 72.7423 20.4507 0.36
    endloop
  endfacet
  facet normal 0 0 -1
    outer loop
      vertex 72.5767 21.9501 0.36
      vertex 72.7423 20.4507 0.36
      vertex 72.6632 20.3908 0.36
    endloop
  endfacet
  facet normal -0 0 -1
    outer loop
      vertex 73.2869 22.9189 0.36
      vertex 72.4959 22.6455 0.36
      vertex 73.2258 23.061 0.36
    endloop
  endfacet
  facet normal 0 0 -1
    outer loop
      vertex 72.1949 20.9907 0.36
      vertex 72.6632 20.3908 0.36
      vertex 72.5801 20.3353 0.36
    endloop
  endfacet
  facet normal 0 0 -1
    outer loop
      vertex 72.4589 22.7411 0.36
      vertex 73.2258 23.061 0.36
      vertex 72.4959 22.6455 0.36
    endloop
  endfacet
  facet normal -0 0 -1
    outer loop
      vertex 73.2258 23.061 0.36
      vertex 72.4589 22.7411 0.36
      vertex 73.1536 23.1943 0.36
    endloop
  endfacet
  facet normal 0 0 -1
    outer loop
      vertex 72.4152 22.8306 0.36
      vertex 73.1536 23.1943 0.36
      vertex 72.4589 22.7411 0.36
    endloop
  endfacet
  facet normal -0 0 -1
    outer loop
      vertex 73.1536 23.1943 0.36
      vertex 72.4152 22.8306 0.36
      vertex 73.0703 23.3187 0.36
    endloop
  endfacet
  facet normal 0 0 -1
    outer loop
      vertex 72.3648 22.914 0.36
      vertex 73.0703 23.3187 0.36
      vertex 72.4152 22.8306 0.36
    endloop
  endfacet
  facet normal -0 0 -1
    outer loop
      vertex 73.0703 23.3187 0.36
      vertex 72.3648 22.914 0.36
      vertex 72.9759 23.4342 0.36
    endloop
  endfacet
  facet normal 0 0 -1
    outer loop
      vertex 72.3077 22.9913 0.36
      vertex 72.9759 23.4342 0.36
      vertex 72.3648 22.914 0.36
    endloop
  endfacet
  facet normal -0 0 -1
    outer loop
      vertex 72.9759 23.4342 0.36
      vertex 72.3077 22.9913 0.36
      vertex 72.8704 23.5409 0.36
    endloop
  endfacet
  facet normal 0 0 -1
    outer loop
      vertex 72.2438 23.0624 0.36
      vertex 72.8704 23.5409 0.36
      vertex 72.3077 22.9913 0.36
    endloop
  endfacet
  facet normal -0 0 -1
    outer loop
      vertex 72.8704 23.5409 0.36
      vertex 72.2438 23.0624 0.36
      vertex 72.7547 23.638 0.36
    endloop
  endfacet
  facet normal -0 0 -1
    outer loop
      vertex 72.7547 23.638 0.36
      vertex 72.2438 23.0624 0.36
      vertex 72.6299 23.7249 0.36
    endloop
  endfacet
  facet normal 0 0 -1
    outer loop
      vertex 72.1737 23.1271 0.36
      vertex 72.6299 23.7249 0.36
      vertex 72.2438 23.0624 0.36
    endloop
  endfacet
  facet normal -0 0 -1
    outer loop
      vertex 72.6299 23.7249 0.36
      vertex 72.1737 23.1271 0.36
      vertex 72.4959 23.8016 0.36
    endloop
  endfacet
  facet normal 0 0 -1
    outer loop
      vertex 72.0979 23.1849 0.36
      vertex 72.4959 23.8016 0.36
      vertex 72.1737 23.1271 0.36
    endloop
  endfacet
  facet normal -0 0 -1
    outer loop
      vertex 72.4959 23.8016 0.36
      vertex 72.0979 23.1849 0.36
      vertex 72.3527 23.8681 0.36
    endloop
  endfacet
  facet normal 0 0 -1
    outer loop
      vertex 72.0163 23.236 0.36
      vertex 72.3527 23.8681 0.36
      vertex 72.0979 23.1849 0.36
    endloop
  endfacet
  facet normal -0 0 -1
    outer loop
      vertex 72.3527 23.8681 0.36
      vertex 72.0163 23.236 0.36
      vertex 72.2004 23.9243 0.36
    endloop
  endfacet
  facet normal 0 0 -1
    outer loop
      vertex 71.9289 23.2802 0.36
      vertex 72.2004 23.9243 0.36
      vertex 72.0163 23.236 0.36
    endloop
  endfacet
  facet normal -0 0 -1
    outer loop
      vertex 72.2004 23.9243 0.36
      vertex 71.9289 23.2802 0.36
      vertex 72.0389 23.9703 0.36
    endloop
  endfacet
  facet normal 0 0 -1
    outer loop
      vertex 71.8358 23.3177 0.36
      vertex 72.0389 23.9703 0.36
      vertex 71.9289 23.2802 0.36
    endloop
  endfacet
  facet normal -0 0 -1
    outer loop
      vertex 72.0389 23.9703 0.36
      vertex 71.8358 23.3177 0.36
      vertex 71.8682 24.0061 0.36
    endloop
  endfacet
  facet normal 0 0 -1
    outer loop
      vertex 71.737 23.3483 0.36
      vertex 71.8682 24.0061 0.36
      vertex 71.8358 23.3177 0.36
    endloop
  endfacet
  facet normal 0 0 -1
    outer loop
      vertex 71.6324 23.3721 0.36
      vertex 71.8682 24.0061 0.36
      vertex 71.737 23.3483 0.36
    endloop
  endfacet
  facet normal -0 0 -1
    outer loop
      vertex 71.8682 24.0061 0.36
      vertex 71.6324 23.3721 0.36
      vertex 71.6883 24.0317 0.36
    endloop
  endfacet
  facet normal 0 0 -1
    outer loop
      vertex 71.522 23.3892 0.36
      vertex 71.6883 24.0317 0.36
      vertex 71.6324 23.3721 0.36
    endloop
  endfacet
  facet normal 0 0 -1
    outer loop
      vertex 71.522 23.3892 0.36
      vertex 71.4993 24.047 0.36
      vertex 71.6883 24.0317 0.36
    endloop
  endfacet
  facet normal 0 0 -1
    outer loop
      vertex 71.4059 23.3994 0.36
      vertex 71.4993 24.047 0.36
      vertex 71.522 23.3892 0.36
    endloop
  endfacet
  facet normal 0 0 -1
    outer loop
      vertex 71.4059 23.3994 0.36
      vertex 71.3011 24.0521 0.36
      vertex 71.4993 24.047 0.36
    endloop
  endfacet
  facet normal 0 0 -1
    outer loop
      vertex 71.284 23.4028 0.36
      vertex 71.3011 24.0521 0.36
      vertex 71.4059 23.3994 0.36
    endloop
  endfacet
  facet normal 0 0 -1
    outer loop
      vertex 70.6887 23.4028 0.36
      vertex 71.3011 24.0521 0.36
      vertex 71.284 23.4028 0.36
    endloop
  endfacet
  facet normal 0 0 -1
    outer loop
      vertex 70.6887 23.4028 0.36
      vertex 69.8485 24.0521 0.36
      vertex 71.3011 24.0521 0.36
    endloop
  endfacet
  facet normal 0 0 -1
    outer loop
      vertex 69.8485 24.0521 0.36
      vertex 70.6887 23.4028 0.36
      vertex 69.8485 20.0391 0.36
    endloop
  endfacet
  facet normal -0 0 -1
    outer loop
      vertex 77.8664 21.9529 0.36
      vertex 77.0197 21.9501 0.36
      vertex 77.0229 22.0755 0.36
    endloop
  endfacet
  facet normal 0 0 -1
    outer loop
      vertex 77.1062 20.3908 0.36
      vertex 77.0102 21.8299 0.36
      vertex 77.0197 21.9501 0.36
    endloop
  endfacet
  facet normal 0 0 -1
    outer loop
      vertex 77.1062 20.3908 0.36
      vertex 76.9942 21.7151 0.36
      vertex 77.0102 21.8299 0.36
    endloop
  endfacet
  facet normal 0 0 -1
    outer loop
      vertex 77.1062 20.3908 0.36
      vertex 76.9719 21.6057 0.36
      vertex 76.9942 21.7151 0.36
    endloop
  endfacet
  facet normal 0 0 -1
    outer loop
      vertex 77.1062 20.3908 0.36
      vertex 76.9432 21.5016 0.36
      vertex 76.9719 21.6057 0.36
    endloop
  endfacet
  facet normal 0 0 -1
    outer loop
      vertex 76.5675 20.9273 0.36
      vertex 77.0232 20.3353 0.36
      vertex 76.936 20.2841 0.36
    endloop
  endfacet
  facet normal 0 0 -1
    outer loop
      vertex 77.1062 20.3908 0.36
      vertex 76.9081 21.4029 0.36
      vertex 76.9432 21.5016 0.36
    endloop
  endfacet
  facet normal 0 0 -1
    outer loop
      vertex 77.1062 20.3908 0.36
      vertex 76.8666 21.3096 0.36
      vertex 76.9081 21.4029 0.36
    endloop
  endfacet
  facet normal 0 0 -1
    outer loop
      vertex 76.4926 20.8713 0.36
      vertex 76.936 20.2841 0.36
      vertex 76.8456 20.2375 0.36
    endloop
  endfacet
  facet normal 0 0 -1
    outer loop
      vertex 77.1062 20.3908 0.36
      vertex 76.8188 21.2215 0.36
      vertex 76.8666 21.3096 0.36
    endloop
  endfacet
  facet normal 0 0 -1
    outer loop
      vertex 77.1062 20.3908 0.36
      vertex 76.7646 21.1389 0.36
      vertex 76.8188 21.2215 0.36
    endloop
  endfacet
  facet normal 0 0 -1
    outer loop
      vertex 76.4926 20.8713 0.36
      vertex 76.8456 20.2375 0.36
      vertex 76.7526 20.1959 0.36
    endloop
  endfacet
  facet normal 0 0 -1
    outer loop
      vertex 77.1062 20.3908 0.36
      vertex 76.7039 21.0616 0.36
      vertex 76.7646 21.1389 0.36
    endloop
  endfacet
  facet normal 0 0 -1
    outer loop
      vertex 76.4132 20.8228 0.36
      vertex 76.7526 20.1959 0.36
      vertex 76.657 20.1591 0.36
    endloop
  endfacet
  facet normal 0 0 -1
    outer loop
      vertex 77.1062 20.3908 0.36
      vertex 76.6379 20.9907 0.36
      vertex 76.7039 21.0616 0.36
    endloop
  endfacet
  facet normal 0 0 -1
    outer loop
      vertex 77.0232 20.3353 0.36
      vertex 76.5675 20.9273 0.36
      vertex 76.6379 20.9907 0.36
    endloop
  endfacet
  facet normal 0 0 -1
    outer loop
      vertex 76.3294 20.7818 0.36
      vertex 76.657 20.1591 0.36
      vertex 76.5587 20.1273 0.36
    endloop
  endfacet
  facet normal 0 0 -1
    outer loop
      vertex 76.936 20.2841 0.36
      vertex 76.4926 20.8713 0.36
      vertex 76.5675 20.9273 0.36
    endloop
  endfacet
  facet normal 0 0 -1
    outer loop
      vertex 76.3294 20.7818 0.36
      vertex 76.5587 20.1273 0.36
      vertex 76.4579 20.1004 0.36
    endloop
  endfacet
  facet normal 0 0 -1
    outer loop
      vertex 76.7526 20.1959 0.36
      vertex 76.4132 20.8228 0.36
      vertex 76.4926 20.8713 0.36
    endloop
  endfacet
  facet normal 0 0 -1
    outer loop
      vertex 76.2412 20.7482 0.36
      vertex 76.4579 20.1004 0.36
      vertex 76.3545 20.0783 0.36
    endloop
  endfacet
  facet normal 0 0 -1
    outer loop
      vertex 76.657 20.1591 0.36
      vertex 76.3294 20.7818 0.36
      vertex 76.4132 20.8228 0.36
    endloop
  endfacet
  facet normal 0 0 -1
    outer loop
      vertex 76.1485 20.7221 0.36
      vertex 76.3545 20.0783 0.36
      vertex 76.2485 20.0612 0.36
    endloop
  endfacet
  facet normal 0 0 -1
    outer loop
      vertex 76.4579 20.1004 0.36
      vertex 76.2412 20.7482 0.36
      vertex 76.3294 20.7818 0.36
    endloop
  endfacet
  facet normal 0 0 -1
    outer loop
      vertex 76.3545 20.0783 0.36
      vertex 76.1485 20.7221 0.36
      vertex 76.2412 20.7482 0.36
    endloop
  endfacet
  facet normal 0 0 -1
    outer loop
      vertex 76.0514 20.7034 0.36
      vertex 76.2485 20.0612 0.36
      vertex 76.1399 20.0489 0.36
    endloop
  endfacet
  facet normal 0 0 -1
    outer loop
      vertex 76.2485 20.0612 0.36
      vertex 76.0514 20.7034 0.36
      vertex 76.1485 20.7221 0.36
    endloop
  endfacet
  facet normal 0 0 -1
    outer loop
      vertex 76.0287 20.0416 0.36
      vertex 76.0514 20.7034 0.36
      vertex 76.1399 20.0489 0.36
    endloop
  endfacet
  facet normal 0 0 -1
    outer loop
      vertex 76.0287 20.0416 0.36
      vertex 75.9498 20.6922 0.36
      vertex 76.0514 20.7034 0.36
    endloop
  endfacet
  facet normal 0 0 -1
    outer loop
      vertex 75.915 20.0391 0.36
      vertex 75.9498 20.6922 0.36
      vertex 76.0287 20.0416 0.36
    endloop
  endfacet
  facet normal 0 0 -1
    outer loop
      vertex 75.915 20.0391 0.36
      vertex 75.8438 20.6885 0.36
      vertex 75.9498 20.6922 0.36
    endloop
  endfacet
  facet normal 0 0 -1
    outer loop
      vertex 75.915 20.0391 0.36
      vertex 75.1318 20.6885 0.36
      vertex 75.8438 20.6885 0.36
    endloop
  endfacet
  facet normal -0 0 -1
    outer loop
      vertex 75.1318 20.6885 0.36
      vertex 74.2915 20.0391 0.36
      vertex 75.1318 23.4028 0.36
    endloop
  endfacet
  facet normal 0 0 -1
    outer loop
      vertex 74.2915 20.0391 0.36
      vertex 75.1318 20.6885 0.36
      vertex 75.915 20.0391 0.36
    endloop
  endfacet
  facet normal 0 0 -1
    outer loop
      vertex 77.0229 22.0755 0.36
      vertex 77.8688 22.0755 0.36
      vertex 77.8664 21.9529 0.36
    endloop
  endfacet
  facet normal 0 0 -1
    outer loop
      vertex 77.0197 21.9501 0.36
      vertex 77.8664 21.9529 0.36
      vertex 77.8591 21.8335 0.36
    endloop
  endfacet
  facet normal 0 0 -1
    outer loop
      vertex 77.0197 21.9501 0.36
      vertex 77.8591 21.8335 0.36
      vertex 77.8469 21.7172 0.36
    endloop
  endfacet
  facet normal 0 0 -1
    outer loop
      vertex 77.0196 22.2018 0.36
      vertex 77.8688 22.0755 0.36
      vertex 77.0229 22.0755 0.36
    endloop
  endfacet
  facet normal 0 0 -1
    outer loop
      vertex 77.0197 21.9501 0.36
      vertex 77.8469 21.7172 0.36
      vertex 77.8298 21.6041 0.36
    endloop
  endfacet
  facet normal 0 0 -1
    outer loop
      vertex 77.8688 22.0755 0.36
      vertex 77.0196 22.2018 0.36
      vertex 77.8633 22.2619 0.36
    endloop
  endfacet
  facet normal 0 0 -1
    outer loop
      vertex 77.0197 21.9501 0.36
      vertex 77.8298 21.6041 0.36
      vertex 77.8079 21.4942 0.36
    endloop
  endfacet
  facet normal 0 0 -1
    outer loop
      vertex 77.0197 21.9501 0.36
      vertex 77.8079 21.4942 0.36
      vertex 77.7811 21.3874 0.36
    endloop
  endfacet
  facet normal 0 0 -1
    outer loop
      vertex 77.0095 22.3219 0.36
      vertex 77.8633 22.2619 0.36
      vertex 77.0196 22.2018 0.36
    endloop
  endfacet
  facet normal 0 0 -1
    outer loop
      vertex 77.0197 21.9501 0.36
      vertex 77.7811 21.3874 0.36
      vertex 77.7495 21.2838 0.36
    endloop
  endfacet
  facet normal 0 0 -1
    outer loop
      vertex 77.8633 22.2619 0.36
      vertex 77.0095 22.3219 0.36
      vertex 77.8466 22.4395 0.36
    endloop
  endfacet
  facet normal 0 0 -1
    outer loop
      vertex 77.0197 21.9501 0.36
      vertex 77.7495 21.2838 0.36
      vertex 77.713 21.1833 0.36
    endloop
  endfacet
  facet normal 0 0 -1
    outer loop
      vertex 77.0197 21.9501 0.36
      vertex 77.713 21.1833 0.36
      vertex 77.6716 21.086 0.36
    endloop
  endfacet
  facet normal 0 0 -1
    outer loop
      vertex 76.9927 22.4359 0.36
      vertex 77.8466 22.4395 0.36
      vertex 77.0095 22.3219 0.36
    endloop
  endfacet
  facet normal 0 0 -1
    outer loop
      vertex 77.0197 21.9501 0.36
      vertex 77.6716 21.086 0.36
      vertex 77.6253 20.9918 0.36
    endloop
  endfacet
  facet normal -0 0 -1
    outer loop
      vertex 77.8466 22.4395 0.36
      vertex 76.9927 22.4359 0.36
      vertex 77.8188 22.6081 0.36
    endloop
  endfacet
  facet normal 0 0 -1
    outer loop
      vertex 77.0197 21.9501 0.36
      vertex 77.6253 20.9918 0.36
      vertex 77.5746 20.9014 0.36
    endloop
  endfacet
  facet normal 0 0 -1
    outer loop
      vertex 77.0197 21.9501 0.36
      vertex 77.5746 20.9014 0.36
      vertex 77.5198 20.8154 0.36
    endloop
  endfacet
  facet normal 0 0 -1
    outer loop
      vertex 76.9692 22.5437 0.36
      vertex 77.8188 22.6081 0.36
      vertex 76.9927 22.4359 0.36
    endloop
  endfacet
  facet normal 0 0 -1
    outer loop
      vertex 77.0197 21.9501 0.36
      vertex 77.5198 20.8154 0.36
      vertex 77.461 20.7337 0.36
    endloop
  endfacet
  facet normal -0 0 -1
    outer loop
      vertex 77.8188 22.6081 0.36
      vertex 76.9692 22.5437 0.36
      vertex 77.78 22.768 0.36
    endloop
  endfacet
  facet normal 0 0 -1
    outer loop
      vertex 77.0197 21.9501 0.36
      vertex 77.461 20.7337 0.36
      vertex 77.3981 20.6564 0.36
    endloop
  endfacet
  facet normal 0 0 -1
    outer loop
      vertex 77.0197 21.9501 0.36
      vertex 77.3981 20.6564 0.36
      vertex 77.3312 20.5835 0.36
    endloop
  endfacet
  facet normal -0 0 -1
    outer loop
      vertex 77.78 22.768 0.36
      vertex 76.9692 22.5437 0.36
      vertex 77.73 22.9189 0.36
    endloop
  endfacet
  facet normal 0 0 -1
    outer loop
      vertex 77.0197 21.9501 0.36
      vertex 77.3312 20.5835 0.36
      vertex 77.2603 20.5149 0.36
    endloop
  endfacet
  facet normal 0 0 -1
    outer loop
      vertex 76.9389 22.6455 0.36
      vertex 77.73 22.9189 0.36
      vertex 76.9692 22.5437 0.36
    endloop
  endfacet
  facet normal 0 0 -1
    outer loop
      vertex 77.0197 21.9501 0.36
      vertex 77.2603 20.5149 0.36
      vertex 77.1853 20.4507 0.36
    endloop
  endfacet
  facet normal 0 0 -1
    outer loop
      vertex 77.0197 21.9501 0.36
      vertex 77.1853 20.4507 0.36
      vertex 77.1062 20.3908 0.36
    endloop
  endfacet
  facet normal -0 0 -1
    outer loop
      vertex 77.73 22.9189 0.36
      vertex 76.9389 22.6455 0.36
      vertex 77.6689 23.061 0.36
    endloop
  endfacet
  facet normal 0 0 -1
    outer loop
      vertex 76.6379 20.9907 0.36
      vertex 77.1062 20.3908 0.36
      vertex 77.0232 20.3353 0.36
    endloop
  endfacet
  facet normal 0 0 -1
    outer loop
      vertex 76.9019 22.7411 0.36
      vertex 77.6689 23.061 0.36
      vertex 76.9389 22.6455 0.36
    endloop
  endfacet
  facet normal -0 0 -1
    outer loop
      vertex 77.6689 23.061 0.36
      vertex 76.9019 22.7411 0.36
      vertex 77.5967 23.1943 0.36
    endloop
  endfacet
  facet normal 0 0 -1
    outer loop
      vertex 76.8583 22.8306 0.36
      vertex 77.5967 23.1943 0.36
      vertex 76.9019 22.7411 0.36
    endloop
  endfacet
  facet normal -0 0 -1
    outer loop
      vertex 77.5967 23.1943 0.36
      vertex 76.8583 22.8306 0.36
      vertex 77.5134 23.3187 0.36
    endloop
  endfacet
  facet normal 0 0 -1
    outer loop
      vertex 76.8078 22.914 0.36
      vertex 77.5134 23.3187 0.36
      vertex 76.8583 22.8306 0.36
    endloop
  endfacet
  facet normal -0 0 -1
    outer loop
      vertex 77.5134 23.3187 0.36
      vertex 76.8078 22.914 0.36
      vertex 77.4189 23.4342 0.36
    endloop
  endfacet
  facet normal 0 0 -1
    outer loop
      vertex 76.7507 22.9913 0.36
      vertex 77.4189 23.4342 0.36
      vertex 76.8078 22.914 0.36
    endloop
  endfacet
  facet normal -0 0 -1
    outer loop
      vertex 77.4189 23.4342 0.36
      vertex 76.7507 22.9913 0.36
      vertex 77.3134 23.5409 0.36
    endloop
  endfacet
  facet normal 0 0 -1
    outer loop
      vertex 76.6869 23.0624 0.36
      vertex 77.3134 23.5409 0.36
      vertex 76.7507 22.9913 0.36
    endloop
  endfacet
  facet normal -0 0 -1
    outer loop
      vertex 77.3134 23.5409 0.36
      vertex 76.6869 23.0624 0.36
      vertex 77.1978 23.638 0.36
    endloop
  endfacet
  facet normal -0 0 -1
    outer loop
      vertex 77.1978 23.638 0.36
      vertex 76.6869 23.0624 0.36
      vertex 77.0729 23.7249 0.36
    endloop
  endfacet
  facet normal 0 0 -1
    outer loop
      vertex 76.6168 23.1271 0.36
      vertex 77.0729 23.7249 0.36
      vertex 76.6869 23.0624 0.36
    endloop
  endfacet
  facet normal -0 0 -1
    outer loop
      vertex 77.0729 23.7249 0.36
      vertex 76.6168 23.1271 0.36
      vertex 76.9389 23.8016 0.36
    endloop
  endfacet
  facet normal 0 0 -1
    outer loop
      vertex 76.5409 23.1849 0.36
      vertex 76.9389 23.8016 0.36
      vertex 76.6168 23.1271 0.36
    endloop
  endfacet
  facet normal -0 0 -1
    outer loop
      vertex 76.9389 23.8016 0.36
      vertex 76.5409 23.1849 0.36
      vertex 76.7957 23.8681 0.36
    endloop
  endfacet
  facet normal 0 0 -1
    outer loop
      vertex 76.4593 23.236 0.36
      vertex 76.7957 23.8681 0.36
      vertex 76.5409 23.1849 0.36
    endloop
  endfacet
  facet normal -0 0 -1
    outer loop
      vertex 76.7957 23.8681 0.36
      vertex 76.4593 23.236 0.36
      vertex 76.6434 23.9243 0.36
    endloop
  endfacet
  facet normal 0 0 -1
    outer loop
      vertex 76.372 23.2802 0.36
      vertex 76.6434 23.9243 0.36
      vertex 76.4593 23.236 0.36
    endloop
  endfacet
  facet normal -0 0 -1
    outer loop
      vertex 76.6434 23.9243 0.36
      vertex 76.372 23.2802 0.36
      vertex 76.4819 23.9703 0.36
    endloop
  endfacet
  facet normal 0 0 -1
    outer loop
      vertex 76.2789 23.3177 0.36
      vertex 76.4819 23.9703 0.36
      vertex 76.372 23.2802 0.36
    endloop
  endfacet
  facet normal -0 0 -1
    outer loop
      vertex 76.4819 23.9703 0.36
      vertex 76.2789 23.3177 0.36
      vertex 76.3112 24.0061 0.36
    endloop
  endfacet
  facet normal 0 0 -1
    outer loop
      vertex 76.18 23.3483 0.36
      vertex 76.3112 24.0061 0.36
      vertex 76.2789 23.3177 0.36
    endloop
  endfacet
  facet normal 0 0 -1
    outer loop
      vertex 76.0754 23.3721 0.36
      vertex 76.3112 24.0061 0.36
      vertex 76.18 23.3483 0.36
    endloop
  endfacet
  facet normal -0 0 -1
    outer loop
      vertex 76.3112 24.0061 0.36
      vertex 76.0754 23.3721 0.36
      vertex 76.1313 24.0317 0.36
    endloop
  endfacet
  facet normal 0 0 -1
    outer loop
      vertex 75.965 23.3892 0.36
      vertex 76.1313 24.0317 0.36
      vertex 76.0754 23.3721 0.36
    endloop
  endfacet
  facet normal 0 0 -1
    outer loop
      vertex 75.965 23.3892 0.36
      vertex 75.9423 24.047 0.36
      vertex 76.1313 24.0317 0.36
    endloop
  endfacet
  facet normal 0 0 -1
    outer loop
      vertex 75.8489 23.3994 0.36
      vertex 75.9423 24.047 0.36
      vertex 75.965 23.3892 0.36
    endloop
  endfacet
  facet normal 0 0 -1
    outer loop
      vertex 75.8489 23.3994 0.36
      vertex 75.7441 24.0521 0.36
      vertex 75.9423 24.047 0.36
    endloop
  endfacet
  facet normal 0 0 -1
    outer loop
      vertex 75.727 23.4028 0.36
      vertex 75.7441 24.0521 0.36
      vertex 75.8489 23.3994 0.36
    endloop
  endfacet
  facet normal 0 0 -1
    outer loop
      vertex 75.1318 23.4028 0.36
      vertex 75.7441 24.0521 0.36
      vertex 75.727 23.4028 0.36
    endloop
  endfacet
  facet normal 0 0 -1
    outer loop
      vertex 75.1318 23.4028 0.36
      vertex 74.2915 24.0521 0.36
      vertex 75.7441 24.0521 0.36
    endloop
  endfacet
  facet normal 0 0 -1
    outer loop
      vertex 74.2915 24.0521 0.36
      vertex 75.1318 23.4028 0.36
      vertex 74.2915 20.0391 0.36
    endloop
  endfacet
  facet normal -0.0640574 0.997946 0
    outer loop
      vertex 61.2473 19.9923 0
      vertex 61.1289 19.9847 0.36
      vertex 61.2473 19.9923 0.36
    endloop
  endfacet
  facet normal -0.0640574 0.997946 0
    outer loop
      vertex 61.1289 19.9847 0.36
      vertex 61.2473 19.9923 0
      vertex 61.1289 19.9847 0
    endloop
  endfacet
  facet normal -0.10854 0.994092 0
    outer loop
      vertex 61.3627 20.0049 0
      vertex 61.2473 19.9923 0.36
      vertex 61.3627 20.0049 0.36
    endloop
  endfacet
  facet normal -0.10854 0.994092 0
    outer loop
      vertex 61.2473 19.9923 0.36
      vertex 61.3627 20.0049 0
      vertex 61.2473 19.9923 0
    endloop
  endfacet
  facet normal -0.154968 0.98792 0
    outer loop
      vertex 61.4749 20.0225 0
      vertex 61.3627 20.0049 0.36
      vertex 61.4749 20.0225 0.36
    endloop
  endfacet
  facet normal -0.154968 0.98792 0
    outer loop
      vertex 61.3627 20.0049 0.36
      vertex 61.4749 20.0225 0
      vertex 61.3627 20.0049 0
    endloop
  endfacet
  facet normal -0.203525 0.97907 0
    outer loop
      vertex 61.5841 20.0452 0
      vertex 61.4749 20.0225 0.36
      vertex 61.5841 20.0452 0.36
    endloop
  endfacet
  facet normal -0.203525 0.97907 0
    outer loop
      vertex 61.4749 20.0225 0.36
      vertex 61.5841 20.0452 0
      vertex 61.4749 20.0225 0
    endloop
  endfacet
  facet normal -0.252608 0.967569 0
    outer loop
      vertex 61.6902 20.0729 0
      vertex 61.5841 20.0452 0.36
      vertex 61.6902 20.0729 0.36
    endloop
  endfacet
  facet normal -0.252608 0.967569 0
    outer loop
      vertex 61.5841 20.0452 0.36
      vertex 61.6902 20.0729 0
      vertex 61.5841 20.0452 0
    endloop
  endfacet
  facet normal -0.303166 0.952938 0
    outer loop
      vertex 61.7933 20.1057 0
      vertex 61.6902 20.0729 0.36
      vertex 61.7933 20.1057 0.36
    endloop
  endfacet
  facet normal -0.303166 0.952938 0
    outer loop
      vertex 61.6902 20.0729 0.36
      vertex 61.7933 20.1057 0
      vertex 61.6902 20.0729 0
    endloop
  endfacet
  facet normal -0.353582 0.935403 0
    outer loop
      vertex 61.8933 20.1435 0
      vertex 61.7933 20.1057 0.36
      vertex 61.8933 20.1435 0.36
    endloop
  endfacet
  facet normal -0.353582 0.935403 0
    outer loop
      vertex 61.7933 20.1057 0.36
      vertex 61.8933 20.1435 0
      vertex 61.7933 20.1057 0
    endloop
  endfacet
  facet normal -0.404035 0.914743 0
    outer loop
      vertex 61.9902 20.1863 0
      vertex 61.8933 20.1435 0.36
      vertex 61.9902 20.1863 0.36
    endloop
  endfacet
  facet normal -0.404035 0.914743 0
    outer loop
      vertex 61.8933 20.1435 0.36
      vertex 61.9902 20.1863 0
      vertex 61.8933 20.1435 0
    endloop
  endfacet
  facet normal -0.454793 0.890597 0
    outer loop
      vertex 62.084 20.2342 0
      vertex 61.9902 20.1863 0.36
      vertex 62.084 20.2342 0.36
    endloop
  endfacet
  facet normal -0.454793 0.890597 0
    outer loop
      vertex 61.9902 20.1863 0.36
      vertex 62.084 20.2342 0
      vertex 61.9902 20.1863 0
    endloop
  endfacet
  facet normal -0.504883 0.863188 0
    outer loop
      vertex 62.1741 20.2869 0
      vertex 62.084 20.2342 0.36
      vertex 62.1741 20.2869 0.36
    endloop
  endfacet
  facet normal -0.504883 0.863188 0
    outer loop
      vertex 62.084 20.2342 0.36
      vertex 62.1741 20.2869 0
      vertex 62.084 20.2342 0
    endloop
  endfacet
  facet normal -0.553581 0.832795 0
    outer loop
      vertex 62.26 20.344 0
      vertex 62.1741 20.2869 0.36
      vertex 62.26 20.344 0.36
    endloop
  endfacet
  facet normal -0.553581 0.832795 0
    outer loop
      vertex 62.1741 20.2869 0.36
      vertex 62.26 20.344 0
      vertex 62.1741 20.2869 0
    endloop
  endfacet
  facet normal -0.602501 0.798118 0
    outer loop
      vertex 62.3416 20.4056 0
      vertex 62.26 20.344 0.36
      vertex 62.3416 20.4056 0.36
    endloop
  endfacet
  facet normal -0.602501 0.798118 0
    outer loop
      vertex 62.26 20.344 0.36
      vertex 62.3416 20.4056 0
      vertex 62.26 20.344 0
    endloop
  endfacet
  facet normal -0.649332 0.760505 0
    outer loop
      vertex 62.4189 20.4716 0
      vertex 62.3416 20.4056 0.36
      vertex 62.4189 20.4716 0.36
    endloop
  endfacet
  facet normal -0.649332 0.760505 0
    outer loop
      vertex 62.3416 20.4056 0.36
      vertex 62.4189 20.4716 0
      vertex 62.3416 20.4056 0
    endloop
  endfacet
  facet normal -0.6947 0.7193 0
    outer loop
      vertex 62.492 20.5422 0
      vertex 62.4189 20.4716 0.36
      vertex 62.492 20.5422 0.36
    endloop
  endfacet
  facet normal -0.6947 0.7193 0
    outer loop
      vertex 62.4189 20.4716 0.36
      vertex 62.492 20.5422 0
      vertex 62.4189 20.4716 0
    endloop
  endfacet
  facet normal -0.737399 0.675457 0
    outer loop
      vertex 62.492 20.5422 0
      vertex 62.5607 20.6172 0.36
      vertex 62.5607 20.6172 0
    endloop
  endfacet
  facet normal -0.737399 0.675457 0
    outer loop
      vertex 62.5607 20.6172 0.36
      vertex 62.492 20.5422 0
      vertex 62.492 20.5422 0.36
    endloop
  endfacet
  facet normal -0.776562 0.630041 0
    outer loop
      vertex 62.5607 20.6172 0
      vertex 62.6252 20.6967 0.36
      vertex 62.6252 20.6967 0
    endloop
  endfacet
  facet normal -0.776562 0.630041 0
    outer loop
      vertex 62.6252 20.6967 0.36
      vertex 62.5607 20.6172 0
      vertex 62.5607 20.6172 0.36
    endloop
  endfacet
  facet normal -0.81203 0.583616 0
    outer loop
      vertex 62.6252 20.6967 0
      vertex 62.6855 20.7806 0.36
      vertex 62.6855 20.7806 0
    endloop
  endfacet
  facet normal -0.81203 0.583616 0
    outer loop
      vertex 62.6855 20.7806 0.36
      vertex 62.6252 20.6967 0
      vertex 62.6252 20.6967 0.36
    endloop
  endfacet
  facet normal -0.845193 0.534461 0
    outer loop
      vertex 62.6855 20.7806 0
      vertex 62.7414 20.869 0.36
      vertex 62.7414 20.869 0
    endloop
  endfacet
  facet normal -0.845193 0.534461 0
    outer loop
      vertex 62.7414 20.869 0.36
      vertex 62.6855 20.7806 0
      vertex 62.6855 20.7806 0.36
    endloop
  endfacet
  facet normal -0.873802 0.486282 0
    outer loop
      vertex 62.7414 20.869 0
      vertex 62.7931 20.9619 0.36
      vertex 62.7931 20.9619 0
    endloop
  endfacet
  facet normal -0.873802 0.486282 0
    outer loop
      vertex 62.7931 20.9619 0.36
      vertex 62.7414 20.869 0
      vertex 62.7414 20.869 0.36
    endloop
  endfacet
  facet normal -0.898849 0.438259 0
    outer loop
      vertex 62.7931 20.9619 0
      vertex 62.8402 21.0585 0.36
      vertex 62.8402 21.0585 0
    endloop
  endfacet
  facet normal -0.898849 0.438259 0
    outer loop
      vertex 62.8402 21.0585 0.36
      vertex 62.7931 20.9619 0
      vertex 62.7931 20.9619 0.36
    endloop
  endfacet
  facet normal -0.921235 0.389007 0
    outer loop
      vertex 62.8402 21.0585 0
      vertex 62.8823 21.1582 0.36
      vertex 62.8823 21.1582 0
    endloop
  endfacet
  facet normal -0.921235 0.389007 0
    outer loop
      vertex 62.8823 21.1582 0.36
      vertex 62.8402 21.0585 0
      vertex 62.8402 21.0585 0.36
    endloop
  endfacet
  facet normal -0.94022 0.340567 0
    outer loop
      vertex 62.8823 21.1582 0
      vertex 62.9195 21.2609 0.36
      vertex 62.9195 21.2609 0
    endloop
  endfacet
  facet normal -0.94022 0.340567 0
    outer loop
      vertex 62.9195 21.2609 0.36
      vertex 62.8823 21.1582 0
      vertex 62.8823 21.1582 0.36
    endloop
  endfacet
  facet normal -0.956597 0.291414 0
    outer loop
      vertex 62.9195 21.2609 0
      vertex 62.9517 21.3666 0.36
      vertex 62.9517 21.3666 0
    endloop
  endfacet
  facet normal -0.956597 0.291414 0
    outer loop
      vertex 62.9517 21.3666 0.36
      vertex 62.9195 21.2609 0
      vertex 62.9195 21.2609 0.36
    endloop
  endfacet
  facet normal -0.96988 0.243585 0
    outer loop
      vertex 62.9517 21.3666 0
      vertex 62.979 21.4753 0.36
      vertex 62.979 21.4753 0
    endloop
  endfacet
  facet normal -0.96988 0.243585 0
    outer loop
      vertex 62.979 21.4753 0.36
      vertex 62.9517 21.3666 0
      vertex 62.9517 21.3666 0.36
    endloop
  endfacet
  facet normal -0.980648 0.195778 0
    outer loop
      vertex 62.979 21.4753 0
      vertex 63.0013 21.587 0.36
      vertex 63.0013 21.587 0
    endloop
  endfacet
  facet normal -0.980648 0.195778 0
    outer loop
      vertex 63.0013 21.587 0.36
      vertex 62.979 21.4753 0
      vertex 62.979 21.4753 0.36
    endloop
  endfacet
  facet normal -0.988835 0.149014 0
    outer loop
      vertex 63.0013 21.587 0
      vertex 63.0186 21.7018 0.36
      vertex 63.0186 21.7018 0
    endloop
  endfacet
  facet normal -0.988835 0.149014 0
    outer loop
      vertex 63.0186 21.7018 0.36
      vertex 63.0013 21.587 0
      vertex 63.0013 21.587 0.36
    endloop
  endfacet
  facet normal -0.994505 0.104685 0
    outer loop
      vertex 63.0186 21.7018 0
      vertex 63.031 21.8196 0.36
      vertex 63.031 21.8196 0
    endloop
  endfacet
  facet normal -0.994505 0.104685 0
    outer loop
      vertex 63.031 21.8196 0.36
      vertex 63.0186 21.7018 0
      vertex 63.0186 21.7018 0.36
    endloop
  endfacet
  facet normal -0.998078 0.0619668 0
    outer loop
      vertex 63.031 21.8196 0
      vertex 63.0385 21.9404 0.36
      vertex 63.0385 21.9404 0
    endloop
  endfacet
  facet normal -0.998078 0.0619668 0
    outer loop
      vertex 63.0385 21.9404 0.36
      vertex 63.031 21.8196 0
      vertex 63.031 21.8196 0.36
    endloop
  endfacet
  facet normal -0.999812 0.0193981 0
    outer loop
      vertex 63.0385 21.9404 0
      vertex 63.0409 22.0641 0.36
      vertex 63.0409 22.0641 0
    endloop
  endfacet
  facet normal -0.999812 0.0193981 0
    outer loop
      vertex 63.0409 22.0641 0.36
      vertex 63.0385 21.9404 0
      vertex 63.0385 21.9404 0.36
    endloop
  endfacet
  facet normal -0.999598 -0.0283612 0
    outer loop
      vertex 63.0409 22.0641 0
      vertex 63.0356 22.2509 0.36
      vertex 63.0356 22.2509 0
    endloop
  endfacet
  facet normal -0.999598 -0.0283612 0
    outer loop
      vertex 63.0356 22.2509 0.36
      vertex 63.0409 22.0641 0
      vertex 63.0409 22.0641 0.36
    endloop
  endfacet
  facet normal -0.995961 -0.0897815 0
    outer loop
      vertex 63.0356 22.2509 0
      vertex 63.0195 22.4295 0.36
      vertex 63.0195 22.4295 0
    endloop
  endfacet
  facet normal -0.995961 -0.0897815 0
    outer loop
      vertex 63.0195 22.4295 0.36
      vertex 63.0356 22.2509 0
      vertex 63.0356 22.2509 0.36
    endloop
  endfacet
  facet normal -0.987782 -0.155844 0
    outer loop
      vertex 63.0195 22.4295 0
      vertex 62.9926 22.6 0.36
      vertex 62.9926 22.6 0
    endloop
  endfacet
  facet normal -0.987782 -0.155844 0
    outer loop
      vertex 62.9926 22.6 0.36
      vertex 63.0195 22.4295 0
      vertex 63.0195 22.4295 0.36
    endloop
  endfacet
  facet normal -0.974199 -0.225692 0
    outer loop
      vertex 62.9926 22.6 0
      vertex 62.955 22.7623 0.36
      vertex 62.955 22.7623 0
    endloop
  endfacet
  facet normal -0.974199 -0.225692 0
    outer loop
      vertex 62.955 22.7623 0.36
      vertex 62.9926 22.6 0
      vertex 62.9926 22.6 0.36
    endloop
  endfacet
  facet normal -0.954226 -0.299086 0
    outer loop
      vertex 62.955 22.7623 0
      vertex 62.9067 22.9164 0.36
      vertex 62.9067 22.9164 0
    endloop
  endfacet
  facet normal -0.954226 -0.299086 0
    outer loop
      vertex 62.9067 22.9164 0.36
      vertex 62.955 22.7623 0
      vertex 62.955 22.7623 0.36
    endloop
  endfacet
  facet normal -0.927246 -0.374453 0
    outer loop
      vertex 62.9067 22.9164 0
      vertex 62.8477 23.0625 0.36
      vertex 62.8477 23.0625 0
    endloop
  endfacet
  facet normal -0.927246 -0.374453 0
    outer loop
      vertex 62.8477 23.0625 0.36
      vertex 62.9067 22.9164 0
      vertex 62.9067 22.9164 0.36
    endloop
  endfacet
  facet normal -0.892084 -0.451869 0
    outer loop
      vertex 62.8477 23.0625 0
      vertex 62.7779 23.2003 0.36
      vertex 62.7779 23.2003 0
    endloop
  endfacet
  facet normal -0.892084 -0.451869 0
    outer loop
      vertex 62.7779 23.2003 0.36
      vertex 62.8477 23.0625 0
      vertex 62.8477 23.0625 0.36
    endloop
  endfacet
  facet normal -0.849539 -0.527526 0
    outer loop
      vertex 62.7779 23.2003 0
      vertex 62.6973 23.3301 0.36
      vertex 62.6973 23.3301 0
    endloop
  endfacet
  facet normal -0.849539 -0.527526 0
    outer loop
      vertex 62.6973 23.3301 0.36
      vertex 62.7779 23.2003 0
      vertex 62.7779 23.2003 0.36
    endloop
  endfacet
  facet normal -0.799684 -0.600421 0
    outer loop
      vertex 62.6973 23.3301 0
      vertex 62.606 23.4517 0.36
      vertex 62.606 23.4517 0
    endloop
  endfacet
  facet normal -0.799684 -0.600421 0
    outer loop
      vertex 62.606 23.4517 0.36
      vertex 62.6973 23.3301 0
      vertex 62.6973 23.3301 0.36
    endloop
  endfacet
  facet normal -0.74349 -0.668747 0
    outer loop
      vertex 62.606 23.4517 0
      vertex 62.504 23.5651 0.36
      vertex 62.504 23.5651 0
    endloop
  endfacet
  facet normal -0.74349 -0.668747 0
    outer loop
      vertex 62.504 23.5651 0.36
      vertex 62.606 23.4517 0
      vertex 62.606 23.4517 0.36
    endloop
  endfacet
  facet normal -0.681734 -0.731601 0
    outer loop
      vertex 62.3925 23.669 0
      vertex 62.504 23.5651 0.36
      vertex 62.3925 23.669 0.36
    endloop
  endfacet
  facet normal -0.681734 -0.731601 -0
    outer loop
      vertex 62.504 23.5651 0.36
      vertex 62.3925 23.669 0
      vertex 62.504 23.5651 0
    endloop
  endfacet
  facet normal -0.612891 -0.790168 0
    outer loop
      vertex 62.2726 23.762 0
      vertex 62.3925 23.669 0.36
      vertex 62.2726 23.762 0.36
    endloop
  endfacet
  facet normal -0.612891 -0.790168 -0
    outer loop
      vertex 62.3925 23.669 0.36
      vertex 62.2726 23.762 0
      vertex 62.3925 23.669 0
    endloop
  endfacet
  facet normal -0.53883 -0.842415 0
    outer loop
      vertex 62.1444 23.844 0
      vertex 62.2726 23.762 0.36
      vertex 62.1444 23.844 0.36
    endloop
  endfacet
  facet normal -0.53883 -0.842415 -0
    outer loop
      vertex 62.2726 23.762 0.36
      vertex 62.1444 23.844 0
      vertex 62.2726 23.762 0
    endloop
  endfacet
  facet normal -0.4617 -0.887036 0
    outer loop
      vertex 62.0078 23.9151 0
      vertex 62.1444 23.844 0.36
      vertex 62.0078 23.9151 0.36
    endloop
  endfacet
  facet normal -0.4617 -0.887036 -0
    outer loop
      vertex 62.1444 23.844 0.36
      vertex 62.0078 23.9151 0
      vertex 62.1444 23.844 0
    endloop
  endfacet
  facet normal -0.383121 -0.923698 0
    outer loop
      vertex 61.8629 23.9752 0
      vertex 62.0078 23.9151 0.36
      vertex 61.8629 23.9752 0.36
    endloop
  endfacet
  facet normal -0.383121 -0.923698 -0
    outer loop
      vertex 62.0078 23.9151 0.36
      vertex 61.8629 23.9752 0
      vertex 62.0078 23.9151 0
    endloop
  endfacet
  facet normal -0.305587 -0.952164 0
    outer loop
      vertex 61.7096 24.0244 0
      vertex 61.8629 23.9752 0.36
      vertex 61.7096 24.0244 0.36
    endloop
  endfacet
  facet normal -0.305587 -0.952164 -0
    outer loop
      vertex 61.8629 23.9752 0.36
      vertex 61.7096 24.0244 0
      vertex 61.8629 23.9752 0
    endloop
  endfacet
  facet normal -0.230616 -0.973045 0
    outer loop
      vertex 61.548 24.0627 0
      vertex 61.7096 24.0244 0.36
      vertex 61.548 24.0627 0.36
    endloop
  endfacet
  facet normal -0.230616 -0.973045 -0
    outer loop
      vertex 61.7096 24.0244 0.36
      vertex 61.548 24.0627 0
      vertex 61.7096 24.0244 0
    endloop
  endfacet
  facet normal -0.159123 -0.987259 0
    outer loop
      vertex 61.378 24.0901 0
      vertex 61.548 24.0627 0.36
      vertex 61.378 24.0901 0.36
    endloop
  endfacet
  facet normal -0.159123 -0.987259 -0
    outer loop
      vertex 61.548 24.0627 0.36
      vertex 61.378 24.0901 0
      vertex 61.548 24.0627 0
    endloop
  endfacet
  facet normal -0.0915932 -0.995797 0
    outer loop
      vertex 61.1997 24.1065 0
      vertex 61.378 24.0901 0.36
      vertex 61.1997 24.1065 0.36
    endloop
  endfacet
  facet normal -0.0915932 -0.995797 -0
    outer loop
      vertex 61.378 24.0901 0.36
      vertex 61.1997 24.1065 0
      vertex 61.378 24.0901 0
    endloop
  endfacet
  facet normal -0.0289268 -0.999582 0
    outer loop
      vertex 61.0131 24.1119 0
      vertex 61.1997 24.1065 0.36
      vertex 61.0131 24.1119 0.36
    endloop
  endfacet
  facet normal -0.0289268 -0.999582 -0
    outer loop
      vertex 61.1997 24.1065 0.36
      vertex 61.0131 24.1119 0
      vertex 61.1997 24.1065 0
    endloop
  endfacet
  facet normal 0.0289113 -0.999582 0
    outer loop
      vertex 60.8264 24.1065 0
      vertex 61.0131 24.1119 0.36
      vertex 60.8264 24.1065 0.36
    endloop
  endfacet
  facet normal 0.0289113 -0.999582 0
    outer loop
      vertex 61.0131 24.1119 0.36
      vertex 60.8264 24.1065 0
      vertex 61.0131 24.1119 0
    endloop
  endfacet
  facet normal 0.0905357 -0.995893 0
    outer loop
      vertex 60.6482 24.0903 0
      vertex 60.8264 24.1065 0.36
      vertex 60.6482 24.0903 0.36
    endloop
  endfacet
  facet normal 0.0905357 -0.995893 0
    outer loop
      vertex 60.8264 24.1065 0.36
      vertex 60.6482 24.0903 0
      vertex 60.8264 24.1065 0
    endloop
  endfacet
  facet normal 0.157514 -0.987517 0
    outer loop
      vertex 60.4783 24.0632 0
      vertex 60.6482 24.0903 0.36
      vertex 60.4783 24.0632 0.36
    endloop
  endfacet
  facet normal 0.157514 -0.987517 0
    outer loop
      vertex 60.6482 24.0903 0.36
      vertex 60.4783 24.0632 0
      vertex 60.6482 24.0903 0
    endloop
  endfacet
  facet normal 0.227897 -0.973685 0
    outer loop
      vertex 60.3168 24.0254 0
      vertex 60.4783 24.0632 0.36
      vertex 60.3168 24.0254 0.36
    endloop
  endfacet
  facet normal 0.227897 -0.973685 0
    outer loop
      vertex 60.4783 24.0632 0.36
      vertex 60.3168 24.0254 0
      vertex 60.4783 24.0632 0
    endloop
  endfacet
  facet normal 0.302947 -0.953007 0
    outer loop
      vertex 60.1636 23.9767 0
      vertex 60.3168 24.0254 0.36
      vertex 60.1636 23.9767 0.36
    endloop
  endfacet
  facet normal 0.302947 -0.953007 0
    outer loop
      vertex 60.3168 24.0254 0.36
      vertex 60.1636 23.9767 0
      vertex 60.3168 24.0254 0
    endloop
  endfacet
  facet normal 0.380846 -0.924638 0
    outer loop
      vertex 60.0189 23.9171 0
      vertex 60.1636 23.9767 0.36
      vertex 60.0189 23.9171 0.36
    endloop
  endfacet
  facet normal 0.380846 -0.924638 0
    outer loop
      vertex 60.1636 23.9767 0.36
      vertex 60.0189 23.9171 0
      vertex 60.1636 23.9767 0
    endloop
  endfacet
  facet normal 0.458128 -0.888886 0
    outer loop
      vertex 59.8825 23.8468 0
      vertex 60.0189 23.9171 0.36
      vertex 59.8825 23.8468 0.36
    endloop
  endfacet
  facet normal 0.458128 -0.888886 0
    outer loop
      vertex 60.0189 23.9171 0.36
      vertex 59.8825 23.8468 0
      vertex 60.0189 23.9171 0
    endloop
  endfacet
  facet normal 0.53568 -0.844421 0
    outer loop
      vertex 59.7545 23.7656 0
      vertex 59.8825 23.8468 0.36
      vertex 59.7545 23.7656 0.36
    endloop
  endfacet
  facet normal 0.53568 -0.844421 0
    outer loop
      vertex 59.8825 23.8468 0.36
      vertex 59.7545 23.7656 0
      vertex 59.8825 23.8468 0
    endloop
  endfacet
  facet normal 0.609391 -0.79287 0
    outer loop
      vertex 59.6348 23.6736 0
      vertex 59.7545 23.7656 0.36
      vertex 59.6348 23.6736 0.36
    endloop
  endfacet
  facet normal 0.609391 -0.79287 0
    outer loop
      vertex 59.7545 23.7656 0.36
      vertex 59.6348 23.6736 0
      vertex 59.7545 23.7656 0
    endloop
  endfacet
  facet normal 0.678499 -0.734601 0
    outer loop
      vertex 59.5235 23.5708 0
      vertex 59.6348 23.6736 0.36
      vertex 59.5235 23.5708 0.36
    endloop
  endfacet
  facet normal 0.678499 -0.734601 0
    outer loop
      vertex 59.6348 23.6736 0.36
      vertex 59.5235 23.5708 0
      vertex 59.6348 23.6736 0
    endloop
  endfacet
  facet normal 0.741817 -0.670602 0
    outer loop
      vertex 59.4218 23.4583 0.36
      vertex 59.5235 23.5708 0
      vertex 59.5235 23.5708 0.36
    endloop
  endfacet
  facet normal 0.741817 -0.670602 0
    outer loop
      vertex 59.5235 23.5708 0
      vertex 59.4218 23.4583 0.36
      vertex 59.4218 23.4583 0
    endloop
  endfacet
  facet normal 0.799207 -0.601056 0
    outer loop
      vertex 59.3308 23.3373 0.36
      vertex 59.4218 23.4583 0
      vertex 59.4218 23.4583 0.36
    endloop
  endfacet
  facet normal 0.799207 -0.601056 0
    outer loop
      vertex 59.4218 23.4583 0
      vertex 59.3308 23.3373 0.36
      vertex 59.3308 23.3373 0
    endloop
  endfacet
  facet normal 0.849397 -0.527755 0
    outer loop
      vertex 59.2504 23.2079 0.36
      vertex 59.3308 23.3373 0
      vertex 59.3308 23.3373 0.36
    endloop
  endfacet
  facet normal 0.849397 -0.527755 0
    outer loop
      vertex 59.3308 23.3373 0
      vertex 59.2504 23.2079 0.36
      vertex 59.2504 23.2079 0
    endloop
  endfacet
  facet normal 0.892738 -0.450577 0
    outer loop
      vertex 59.1808 23.07 0.36
      vertex 59.2504 23.2079 0
      vertex 59.2504 23.2079 0.36
    endloop
  endfacet
  facet normal 0.892738 -0.450577 0
    outer loop
      vertex 59.2504 23.2079 0
      vertex 59.1808 23.07 0.36
      vertex 59.1808 23.07 0
    endloop
  endfacet
  facet normal 0.927732 -0.373247 0
    outer loop
      vertex 59.1219 22.9236 0.36
      vertex 59.1808 23.07 0
      vertex 59.1808 23.07 0.36
    endloop
  endfacet
  facet normal 0.927732 -0.373247 0
    outer loop
      vertex 59.1808 23.07 0
      vertex 59.1219 22.9236 0.36
      vertex 59.1219 22.9236 0
    endloop
  endfacet
  facet normal 0.954896 -0.296942 0
    outer loop
      vertex 59.0737 22.7686 0.36
      vertex 59.1219 22.9236 0
      vertex 59.1219 22.9236 0.36
    endloop
  endfacet
  facet normal 0.954896 -0.296942 0
    outer loop
      vertex 59.1219 22.9236 0
      vertex 59.0737 22.7686 0.36
      vertex 59.0737 22.7686 0
    endloop
  endfacet
  facet normal 0.974762 -0.223246 0
    outer loop
      vertex 59.0363 22.6053 0.36
      vertex 59.0737 22.7686 0
      vertex 59.0737 22.7686 0.36
    endloop
  endfacet
  facet normal 0.974762 -0.223246 0
    outer loop
      vertex 59.0737 22.7686 0
      vertex 59.0363 22.6053 0.36
      vertex 59.0363 22.6053 0
    endloop
  endfacet
  facet normal 0.988064 -0.154044 0
    outer loop
      vertex 59.0095 22.4334 0.36
      vertex 59.0363 22.6053 0
      vertex 59.0363 22.6053 0.36
    endloop
  endfacet
  facet normal 0.988064 -0.154044 0
    outer loop
      vertex 59.0363 22.6053 0
      vertex 59.0095 22.4334 0.36
      vertex 59.0095 22.4334 0
    endloop
  endfacet
  facet normal 0.996041 -0.0888928 0
    outer loop
      vertex 58.9934 22.253 0.36
      vertex 59.0095 22.4334 0
      vertex 59.0095 22.4334 0.36
    endloop
  endfacet
  facet normal 0.996041 -0.0888928 0
    outer loop
      vertex 59.0095 22.4334 0
      vertex 58.9934 22.253 0.36
      vertex 58.9934 22.253 0
    endloop
  endfacet
  facet normal 0.999607 -0.0280461 0
    outer loop
      vertex 58.9881 22.0641 0.36
      vertex 58.9934 22.253 0
      vertex 58.9934 22.253 0.36
    endloop
  endfacet
  facet normal 0.999607 -0.0280461 0
    outer loop
      vertex 58.9934 22.253 0
      vertex 58.9881 22.0641 0.36
      vertex 58.9881 22.0641 0
    endloop
  endfacet
  facet normal 0.999609 0.0279574 0
    outer loop
      vertex 58.9934 21.8746 0.36
      vertex 58.9881 22.0641 0
      vertex 58.9881 22.0641 0.36
    endloop
  endfacet
  facet normal 0.999609 0.0279574 0
    outer loop
      vertex 58.9881 22.0641 0
      vertex 58.9934 21.8746 0.36
      vertex 58.9934 21.8746 0
    endloop
  endfacet
  facet normal 0.996032 0.0890001 0
    outer loop
      vertex 59.0096 21.6933 0.36
      vertex 58.9934 21.8746 0
      vertex 58.9934 21.8746 0.36
    endloop
  endfacet
  facet normal 0.996032 0.0890001 0
    outer loop
      vertex 58.9934 21.8746 0
      vertex 59.0096 21.6933 0.36
      vertex 59.0096 21.6933 0
    endloop
  endfacet
  facet normal 0.988226 0.153001 0
    outer loop
      vertex 59.0364 21.5202 0.36
      vertex 59.0096 21.6933 0
      vertex 59.0096 21.6933 0.36
    endloop
  endfacet
  facet normal 0.988226 0.153001 0
    outer loop
      vertex 59.0096 21.6933 0
      vertex 59.0364 21.5202 0.36
      vertex 59.0364 21.5202 0
    endloop
  endfacet
  facet normal 0.974976 0.222311 0
    outer loop
      vertex 59.074 21.3553 0.36
      vertex 59.0364 21.5202 0
      vertex 59.0364 21.5202 0.36
    endloop
  endfacet
  facet normal 0.974976 0.222311 0
    outer loop
      vertex 59.0364 21.5202 0
      vertex 59.074 21.3553 0.36
      vertex 59.074 21.3553 0
    endloop
  endfacet
  facet normal 0.955581 0.294729 0
    outer loop
      vertex 59.1223 21.1987 0.36
      vertex 59.074 21.3553 0
      vertex 59.074 21.3553 0.36
    endloop
  endfacet
  facet normal 0.955581 0.294729 0
    outer loop
      vertex 59.074 21.3553 0
      vertex 59.1223 21.1987 0.36
      vertex 59.1223 21.1987 0
    endloop
  endfacet
  facet normal 0.929037 0.369987 0
    outer loop
      vertex 59.1814 21.0503 0.36
      vertex 59.1223 21.1987 0
      vertex 59.1223 21.1987 0.36
    endloop
  endfacet
  facet normal 0.929037 0.369987 0
    outer loop
      vertex 59.1223 21.1987 0
      vertex 59.1814 21.0503 0.36
      vertex 59.1814 21.0503 0
    endloop
  endfacet
  facet normal 0.895447 0.445169 0
    outer loop
      vertex 59.2511 20.9101 0.36
      vertex 59.1814 21.0503 0
      vertex 59.1814 21.0503 0.36
    endloop
  endfacet
  facet normal 0.895447 0.445169 0
    outer loop
      vertex 59.1814 21.0503 0
      vertex 59.2511 20.9101 0.36
      vertex 59.2511 20.9101 0
    endloop
  endfacet
  facet normal 0.853298 0.521424 0
    outer loop
      vertex 59.3317 20.7782 0.36
      vertex 59.2511 20.9101 0
      vertex 59.2511 20.9101 0.36
    endloop
  endfacet
  facet normal 0.853298 0.521424 0
    outer loop
      vertex 59.2511 20.9101 0
      vertex 59.3317 20.7782 0.36
      vertex 59.3317 20.7782 0
    endloop
  endfacet
  facet normal 0.804811 0.593532 0
    outer loop
      vertex 59.423 20.6544 0.36
      vertex 59.3317 20.7782 0
      vertex 59.3317 20.7782 0.36
    endloop
  endfacet
  facet normal 0.804811 0.593532 0
    outer loop
      vertex 59.3317 20.7782 0
      vertex 59.423 20.6544 0.36
      vertex 59.423 20.6544 0
    endloop
  endfacet
  facet normal 0.749269 0.662266 0
    outer loop
      vertex 59.525 20.539 0.36
      vertex 59.423 20.6544 0
      vertex 59.423 20.6544 0.36
    endloop
  endfacet
  facet normal 0.749269 0.662266 0
    outer loop
      vertex 59.423 20.6544 0
      vertex 59.525 20.539 0.36
      vertex 59.525 20.539 0
    endloop
  endfacet
  facet normal 0.688647 0.725097 -0
    outer loop
      vertex 59.6364 20.4332 0
      vertex 59.525 20.539 0.36
      vertex 59.6364 20.4332 0.36
    endloop
  endfacet
  facet normal 0.688647 0.725097 0
    outer loop
      vertex 59.525 20.539 0.36
      vertex 59.6364 20.4332 0
      vertex 59.525 20.539 0
    endloop
  endfacet
  facet normal 0.620451 0.784245 -0
    outer loop
      vertex 59.7561 20.3385 0
      vertex 59.6364 20.4332 0.36
      vertex 59.7561 20.3385 0.36
    endloop
  endfacet
  facet normal 0.620451 0.784245 0
    outer loop
      vertex 59.6364 20.4332 0.36
      vertex 59.7561 20.3385 0
      vertex 59.6364 20.4332 0
    endloop
  endfacet
  facet normal 0.546967 0.837154 -0
    outer loop
      vertex 59.8839 20.255 0
      vertex 59.7561 20.3385 0.36
      vertex 59.8839 20.255 0.36
    endloop
  endfacet
  facet normal 0.546967 0.837154 0
    outer loop
      vertex 59.7561 20.3385 0.36
      vertex 59.8839 20.255 0
      vertex 59.7561 20.3385 0
    endloop
  endfacet
  facet normal 0.470184 0.882569 -0
    outer loop
      vertex 60.0198 20.1826 0
      vertex 59.8839 20.255 0.36
      vertex 60.0198 20.1826 0.36
    endloop
  endfacet
  facet normal 0.470184 0.882569 0
    outer loop
      vertex 59.8839 20.255 0.36
      vertex 60.0198 20.1826 0
      vertex 59.8839 20.255 0
    endloop
  endfacet
  facet normal 0.390681 0.920526 -0
    outer loop
      vertex 60.164 20.1214 0
      vertex 60.0198 20.1826 0.36
      vertex 60.164 20.1214 0.36
    endloop
  endfacet
  facet normal 0.390681 0.920526 0
    outer loop
      vertex 60.0198 20.1826 0.36
      vertex 60.164 20.1214 0
      vertex 60.0198 20.1826 0
    endloop
  endfacet
  facet normal 0.312483 0.949923 -0
    outer loop
      vertex 60.3163 20.0713 0
      vertex 60.164 20.1214 0.36
      vertex 60.3163 20.0713 0.36
    endloop
  endfacet
  facet normal 0.312483 0.949923 0
    outer loop
      vertex 60.164 20.1214 0.36
      vertex 60.3163 20.0713 0
      vertex 60.164 20.1214 0
    endloop
  endfacet
  facet normal 0.23612 0.971724 -0
    outer loop
      vertex 60.4768 20.0323 0
      vertex 60.3163 20.0713 0.36
      vertex 60.4768 20.0323 0.36
    endloop
  endfacet
  facet normal 0.23612 0.971724 0
    outer loop
      vertex 60.3163 20.0713 0.36
      vertex 60.4768 20.0323 0
      vertex 60.3163 20.0713 0
    endloop
  endfacet
  facet normal 0.162597 0.986693 -0
    outer loop
      vertex 60.6455 20.0045 0
      vertex 60.4768 20.0323 0.36
      vertex 60.6455 20.0045 0.36
    endloop
  endfacet
  facet normal 0.162597 0.986693 0
    outer loop
      vertex 60.4768 20.0323 0.36
      vertex 60.6455 20.0045 0
      vertex 60.4768 20.0323 0
    endloop
  endfacet
  facet normal 0.0945435 0.995521 -0
    outer loop
      vertex 60.8224 19.9877 0
      vertex 60.6455 20.0045 0.36
      vertex 60.8224 19.9877 0.36
    endloop
  endfacet
  facet normal 0.0945435 0.995521 0
    outer loop
      vertex 60.6455 20.0045 0.36
      vertex 60.8224 19.9877 0
      vertex 60.6455 20.0045 0
    endloop
  endfacet
  facet normal 0.0297166 0.999558 -0
    outer loop
      vertex 61.0074 19.9822 0
      vertex 60.8224 19.9877 0.36
      vertex 61.0074 19.9822 0.36
    endloop
  endfacet
  facet normal 0.0297166 0.999558 0
    outer loop
      vertex 60.8224 19.9877 0.36
      vertex 61.0074 19.9822 0
      vertex 60.8224 19.9877 0
    endloop
  endfacet
  facet normal -0.0205718 0.999788 0
    outer loop
      vertex 61.1289 19.9847 0
      vertex 61.0074 19.9822 0.36
      vertex 61.1289 19.9847 0.36
    endloop
  endfacet
  facet normal -0.0205718 0.999788 0
    outer loop
      vertex 61.0074 19.9822 0.36
      vertex 61.1289 19.9847 0
      vertex 61.0074 19.9822 0
    endloop
  endfacet
  facet normal -0.111181 -0.9938 0
    outer loop
      vertex 60.799 20.6581 0
      vertex 60.9009 20.6467 0.36
      vertex 60.799 20.6581 0.36
    endloop
  endfacet
  facet normal -0.111181 -0.9938 -0
    outer loop
      vertex 60.9009 20.6467 0.36
      vertex 60.799 20.6581 0
      vertex 60.9009 20.6467 0
    endloop
  endfacet
  facet normal -0.191463 -0.9815 0
    outer loop
      vertex 60.7016 20.6771 0
      vertex 60.799 20.6581 0.36
      vertex 60.7016 20.6771 0.36
    endloop
  endfacet
  facet normal -0.191463 -0.9815 -0
    outer loop
      vertex 60.799 20.6581 0.36
      vertex 60.7016 20.6771 0
      vertex 60.799 20.6581 0
    endloop
  endfacet
  facet normal -0.276774 -0.960935 0
    outer loop
      vertex 60.6089 20.7038 0
      vertex 60.7016 20.6771 0.36
      vertex 60.6089 20.7038 0.36
    endloop
  endfacet
  facet normal -0.276774 -0.960935 -0
    outer loop
      vertex 60.7016 20.6771 0.36
      vertex 60.6089 20.7038 0
      vertex 60.7016 20.6771 0
    endloop
  endfacet
  facet normal -0.361528 -0.932361 0
    outer loop
      vertex 60.5207 20.738 0
      vertex 60.6089 20.7038 0.36
      vertex 60.5207 20.738 0.36
    endloop
  endfacet
  facet normal -0.361528 -0.932361 -0
    outer loop
      vertex 60.6089 20.7038 0.36
      vertex 60.5207 20.738 0
      vertex 60.6089 20.7038 0
    endloop
  endfacet
  facet normal -0.447214 -0.894427 0
    outer loop
      vertex 60.4371 20.7798 0
      vertex 60.5207 20.738 0.36
      vertex 60.4371 20.7798 0.36
    endloop
  endfacet
  facet normal -0.447214 -0.894427 -0
    outer loop
      vertex 60.5207 20.738 0.36
      vertex 60.4371 20.7798 0
      vertex 60.5207 20.738 0
    endloop
  endfacet
  facet normal -0.530192 -0.847878 0
    outer loop
      vertex 60.3581 20.8292 0
      vertex 60.4371 20.7798 0.36
      vertex 60.3581 20.8292 0.36
    endloop
  endfacet
  facet normal -0.530192 -0.847878 -0
    outer loop
      vertex 60.4371 20.7798 0.36
      vertex 60.3581 20.8292 0
      vertex 60.4371 20.7798 0
    endloop
  endfacet
  facet normal -0.608834 -0.793297 0
    outer loop
      vertex 60.2837 20.8863 0
      vertex 60.3581 20.8292 0.36
      vertex 60.2837 20.8863 0.36
    endloop
  endfacet
  facet normal -0.608834 -0.793297 -0
    outer loop
      vertex 60.3581 20.8292 0.36
      vertex 60.2837 20.8863 0
      vertex 60.3581 20.8292 0
    endloop
  endfacet
  facet normal -0.67924 -0.733916 0
    outer loop
      vertex 60.2139 20.9509 0
      vertex 60.2837 20.8863 0.36
      vertex 60.2139 20.9509 0.36
    endloop
  endfacet
  facet normal -0.67924 -0.733916 -0
    outer loop
      vertex 60.2837 20.8863 0.36
      vertex 60.2139 20.9509 0
      vertex 60.2837 20.8863 0
    endloop
  endfacet
  facet normal -0.742169 -0.670213 0
    outer loop
      vertex 60.2139 20.9509 0
      vertex 60.1487 21.0231 0.36
      vertex 60.1487 21.0231 0
    endloop
  endfacet
  facet normal -0.742169 -0.670213 0
    outer loop
      vertex 60.1487 21.0231 0.36
      vertex 60.2139 20.9509 0
      vertex 60.2139 20.9509 0.36
    endloop
  endfacet
  facet normal -0.79696 -0.604033 0
    outer loop
      vertex 60.1487 21.0231 0
      vertex 60.0889 21.102 0.36
      vertex 60.0889 21.102 0
    endloop
  endfacet
  facet normal -0.79696 -0.604033 0
    outer loop
      vertex 60.0889 21.102 0.36
      vertex 60.1487 21.0231 0
      vertex 60.1487 21.0231 0.36
    endloop
  endfacet
  facet normal -0.844894 -0.534933 0
    outer loop
      vertex 60.0889 21.102 0
      vertex 60.0354 21.1865 0.36
      vertex 60.0354 21.1865 0
    endloop
  endfacet
  facet normal -0.844894 -0.534933 0
    outer loop
      vertex 60.0354 21.1865 0.36
      vertex 60.0889 21.102 0
      vertex 60.0889 21.102 0.36
    endloop
  endfacet
  facet normal -0.8856 -0.464448 0
    outer loop
      vertex 60.0354 21.1865 0
      vertex 59.9882 21.2765 0.36
      vertex 59.9882 21.2765 0
    endloop
  endfacet
  facet normal -0.8856 -0.464448 0
    outer loop
      vertex 59.9882 21.2765 0.36
      vertex 60.0354 21.1865 0
      vertex 60.0354 21.1865 0.36
    endloop
  endfacet
  facet normal -0.919542 -0.392991 0
    outer loop
      vertex 59.9882 21.2765 0
      vertex 59.9473 21.3722 0.36
      vertex 59.9473 21.3722 0
    endloop
  endfacet
  facet normal -0.919542 -0.392991 0
    outer loop
      vertex 59.9473 21.3722 0.36
      vertex 59.9882 21.2765 0
      vertex 59.9882 21.2765 0.36
    endloop
  endfacet
  facet normal -0.946322 -0.323225 0
    outer loop
      vertex 59.9473 21.3722 0
      vertex 59.9127 21.4735 0.36
      vertex 59.9127 21.4735 0
    endloop
  endfacet
  facet normal -0.946322 -0.323225 0
    outer loop
      vertex 59.9127 21.4735 0.36
      vertex 59.9473 21.3722 0
      vertex 59.9473 21.3722 0.36
    endloop
  endfacet
  facet normal -0.966699 -0.255917 0
    outer loop
      vertex 59.9127 21.4735 0
      vertex 59.8844 21.5804 0.36
      vertex 59.8844 21.5804 0
    endloop
  endfacet
  facet normal -0.966699 -0.255917 0
    outer loop
      vertex 59.8844 21.5804 0.36
      vertex 59.9127 21.4735 0
      vertex 59.9127 21.4735 0.36
    endloop
  endfacet
  facet normal -0.981246 -0.19276 0
    outer loop
      vertex 59.8844 21.5804 0
      vertex 59.8623 21.6929 0.36
      vertex 59.8623 21.6929 0
    endloop
  endfacet
  facet normal -0.981246 -0.19276 0
    outer loop
      vertex 59.8623 21.6929 0.36
      vertex 59.8844 21.5804 0
      vertex 59.8844 21.5804 0.36
    endloop
  endfacet
  facet normal -0.991294 -0.131669 0
    outer loop
      vertex 59.8623 21.6929 0
      vertex 59.8466 21.8111 0.36
      vertex 59.8466 21.8111 0
    endloop
  endfacet
  facet normal -0.991294 -0.131669 0
    outer loop
      vertex 59.8466 21.8111 0.36
      vertex 59.8623 21.6929 0
      vertex 59.8623 21.6929 0.36
    endloop
  endfacet
  facet normal -0.997064 -0.0765732 0
    outer loop
      vertex 59.8466 21.8111 0
      vertex 59.8371 21.9348 0.36
      vertex 59.8371 21.9348 0
    endloop
  endfacet
  facet normal -0.997064 -0.0765732 0
    outer loop
      vertex 59.8371 21.9348 0.36
      vertex 59.8466 21.8111 0
      vertex 59.8466 21.8111 0.36
    endloop
  endfacet
  facet normal -0.999713 -0.0239684 0
    outer loop
      vertex 59.8371 21.9348 0
      vertex 59.834 22.0641 0.36
      vertex 59.834 22.0641 0
    endloop
  endfacet
  facet normal -0.999713 -0.0239684 0
    outer loop
      vertex 59.834 22.0641 0.36
      vertex 59.8371 21.9348 0
      vertex 59.8371 21.9348 0.36
    endloop
  endfacet
  facet normal -0.999708 0.0241739 0
    outer loop
      vertex 59.834 22.0641 0
      vertex 59.8371 22.1923 0.36
      vertex 59.8371 22.1923 0
    endloop
  endfacet
  facet normal -0.999708 0.0241739 0
    outer loop
      vertex 59.8371 22.1923 0.36
      vertex 59.834 22.0641 0
      vertex 59.834 22.0641 0.36
    endloop
  endfacet
  facet normal -0.997183 0.0750129 0
    outer loop
      vertex 59.8371 22.1923 0
      vertex 59.8463 22.3146 0.36
      vertex 59.8463 22.3146 0
    endloop
  endfacet
  facet normal -0.997183 0.0750129 0
    outer loop
      vertex 59.8463 22.3146 0.36
      vertex 59.8371 22.1923 0
      vertex 59.8371 22.1923 0.36
    endloop
  endfacet
  facet normal -0.991391 0.130938 0
    outer loop
      vertex 59.8463 22.3146 0
      vertex 59.8617 22.4312 0.36
      vertex 59.8617 22.4312 0
    endloop
  endfacet
  facet normal -0.991391 0.130938 0
    outer loop
      vertex 59.8617 22.4312 0.36
      vertex 59.8463 22.3146 0
      vertex 59.8463 22.3146 0.36
    endloop
  endfacet
  facet normal -0.981657 0.190656 0
    outer loop
      vertex 59.8617 22.4312 0
      vertex 59.8832 22.5419 0.36
      vertex 59.8832 22.5419 0
    endloop
  endfacet
  facet normal -0.981657 0.190656 0
    outer loop
      vertex 59.8832 22.5419 0.36
      vertex 59.8617 22.4312 0
      vertex 59.8617 22.4312 0.36
    endloop
  endfacet
  facet normal -0.966919 0.255083 0
    outer loop
      vertex 59.8832 22.5419 0
      vertex 59.9109 22.6469 0.36
      vertex 59.9109 22.6469 0
    endloop
  endfacet
  facet normal -0.966919 0.255083 0
    outer loop
      vertex 59.9109 22.6469 0.36
      vertex 59.8832 22.5419 0
      vertex 59.8832 22.5419 0.36
    endloop
  endfacet
  facet normal -0.946662 0.322227 0
    outer loop
      vertex 59.9109 22.6469 0
      vertex 59.9447 22.7462 0.36
      vertex 59.9447 22.7462 0
    endloop
  endfacet
  facet normal -0.946662 0.322227 0
    outer loop
      vertex 59.9447 22.7462 0.36
      vertex 59.9109 22.6469 0
      vertex 59.9109 22.6469 0.36
    endloop
  endfacet
  facet normal -0.919247 0.393682 0
    outer loop
      vertex 59.9447 22.7462 0
      vertex 59.9847 22.8396 0.36
      vertex 59.9847 22.8396 0
    endloop
  endfacet
  facet normal -0.919247 0.393682 0
    outer loop
      vertex 59.9847 22.8396 0.36
      vertex 59.9447 22.7462 0
      vertex 59.9447 22.7462 0.36
    endloop
  endfacet
  facet normal -0.88494 0.465705 0
    outer loop
      vertex 59.9847 22.8396 0
      vertex 60.0308 22.9272 0.36
      vertex 60.0308 22.9272 0
    endloop
  endfacet
  facet normal -0.88494 0.465705 0
    outer loop
      vertex 60.0308 22.9272 0.36
      vertex 59.9847 22.8396 0
      vertex 59.9847 22.8396 0.36
    endloop
  endfacet
  facet normal -0.842813 0.538207 0
    outer loop
      vertex 60.0308 22.9272 0
      vertex 60.0831 23.0091 0.36
      vertex 60.0831 23.0091 0
    endloop
  endfacet
  facet normal -0.842813 0.538207 0
    outer loop
      vertex 60.0831 23.0091 0.36
      vertex 60.0308 22.9272 0
      vertex 60.0308 22.9272 0.36
    endloop
  endfacet
  facet normal -0.793321 0.608804 0
    outer loop
      vertex 60.0831 23.0091 0
      vertex 60.1415 23.0852 0.36
      vertex 60.1415 23.0852 0
    endloop
  endfacet
  facet normal -0.793321 0.608804 0
    outer loop
      vertex 60.1415 23.0852 0.36
      vertex 60.0831 23.0091 0
      vertex 60.0831 23.0091 0.36
    endloop
  endfacet
  facet normal -0.735087 0.677973 0
    outer loop
      vertex 60.1415 23.0852 0
      vertex 60.2056 23.1547 0.36
      vertex 60.2056 23.1547 0
    endloop
  endfacet
  facet normal -0.735087 0.677973 0
    outer loop
      vertex 60.2056 23.1547 0.36
      vertex 60.1415 23.0852 0
      vertex 60.1415 23.0852 0.36
    endloop
  endfacet
  facet normal -0.66849 0.743722 0
    outer loop
      vertex 60.2748 23.2169 0
      vertex 60.2056 23.1547 0.36
      vertex 60.2748 23.2169 0.36
    endloop
  endfacet
  facet normal -0.66849 0.743722 0
    outer loop
      vertex 60.2056 23.1547 0.36
      vertex 60.2748 23.2169 0
      vertex 60.2056 23.1547 0
    endloop
  endfacet
  facet normal -0.593752 0.804648 0
    outer loop
      vertex 60.3492 23.2718 0
      vertex 60.2748 23.2169 0.36
      vertex 60.3492 23.2718 0.36
    endloop
  endfacet
  facet normal -0.593752 0.804648 0
    outer loop
      vertex 60.2748 23.2169 0.36
      vertex 60.3492 23.2718 0
      vertex 60.2748 23.2169 0
    endloop
  endfacet
  facet normal -0.514178 0.857683 0
    outer loop
      vertex 60.4286 23.3194 0
      vertex 60.3492 23.2718 0.36
      vertex 60.4286 23.3194 0.36
    endloop
  endfacet
  facet normal -0.514178 0.857683 0
    outer loop
      vertex 60.3492 23.2718 0.36
      vertex 60.4286 23.3194 0
      vertex 60.3492 23.2718 0
    endloop
  endfacet
  facet normal -0.430058 0.902801 0
    outer loop
      vertex 60.5132 23.3597 0
      vertex 60.4286 23.3194 0.36
      vertex 60.5132 23.3597 0.36
    endloop
  endfacet
  facet normal -0.430058 0.902801 0
    outer loop
      vertex 60.4286 23.3194 0.36
      vertex 60.5132 23.3597 0
      vertex 60.4286 23.3194 0
    endloop
  endfacet
  facet normal -0.344009 0.938966 0
    outer loop
      vertex 60.603 23.3926 0
      vertex 60.5132 23.3597 0.36
      vertex 60.603 23.3926 0.36
    endloop
  endfacet
  facet normal -0.344009 0.938966 0
    outer loop
      vertex 60.5132 23.3597 0.36
      vertex 60.603 23.3926 0
      vertex 60.5132 23.3597 0
    endloop
  endfacet
  facet normal -0.260704 0.965419 0
    outer loop
      vertex 60.6978 23.4182 0
      vertex 60.603 23.3926 0.36
      vertex 60.6978 23.4182 0.36
    endloop
  endfacet
  facet normal -0.260704 0.965419 0
    outer loop
      vertex 60.603 23.3926 0.36
      vertex 60.6978 23.4182 0
      vertex 60.603 23.3926 0
    endloop
  endfacet
  facet normal -0.180011 0.983665 0
    outer loop
      vertex 60.7978 23.4365 0
      vertex 60.6978 23.4182 0.36
      vertex 60.7978 23.4365 0.36
    endloop
  endfacet
  facet normal -0.180011 0.983665 0
    outer loop
      vertex 60.6978 23.4182 0.36
      vertex 60.7978 23.4365 0
      vertex 60.6978 23.4182 0
    endloop
  endfacet
  facet normal -0.104094 0.994568 0
    outer loop
      vertex 60.9029 23.4475 0
      vertex 60.7978 23.4365 0.36
      vertex 60.9029 23.4475 0.36
    endloop
  endfacet
  facet normal -0.104094 0.994568 0
    outer loop
      vertex 60.7978 23.4365 0.36
      vertex 60.9029 23.4475 0
      vertex 60.7978 23.4365 0
    endloop
  endfacet
  facet normal -0.0335564 0.999437 0
    outer loop
      vertex 61.0131 23.4512 0
      vertex 60.9029 23.4475 0.36
      vertex 61.0131 23.4512 0.36
    endloop
  endfacet
  facet normal -0.0335564 0.999437 0
    outer loop
      vertex 60.9029 23.4475 0.36
      vertex 61.0131 23.4512 0
      vertex 60.9029 23.4475 0
    endloop
  endfacet
  facet normal 0.0340502 0.99942 -0
    outer loop
      vertex 61.1217 23.4475 0
      vertex 61.0131 23.4512 0.36
      vertex 61.1217 23.4475 0.36
    endloop
  endfacet
  facet normal 0.0340502 0.99942 0
    outer loop
      vertex 61.0131 23.4512 0.36
      vertex 61.1217 23.4475 0
      vertex 61.0131 23.4512 0
    endloop
  endfacet
  facet normal 0.106533 0.994309 -0
    outer loop
      vertex 61.2253 23.4364 0
      vertex 61.1217 23.4475 0.36
      vertex 61.2253 23.4364 0.36
    endloop
  endfacet
  facet normal 0.106533 0.994309 0
    outer loop
      vertex 61.1217 23.4475 0.36
      vertex 61.2253 23.4364 0
      vertex 61.1217 23.4475 0
    endloop
  endfacet
  facet normal 0.183266 0.983063 -0
    outer loop
      vertex 61.324 23.418 0
      vertex 61.2253 23.4364 0.36
      vertex 61.324 23.418 0.36
    endloop
  endfacet
  facet normal 0.183266 0.983063 0
    outer loop
      vertex 61.2253 23.4364 0.36
      vertex 61.324 23.418 0
      vertex 61.2253 23.4364 0
    endloop
  endfacet
  facet normal 0.266423 0.963856 -0
    outer loop
      vertex 61.4177 23.3921 0
      vertex 61.324 23.418 0.36
      vertex 61.4177 23.3921 0.36
    endloop
  endfacet
  facet normal 0.266423 0.963856 0
    outer loop
      vertex 61.324 23.418 0.36
      vertex 61.4177 23.3921 0
      vertex 61.324 23.418 0
    endloop
  endfacet
  facet normal 0.350199 0.936676 -0
    outer loop
      vertex 61.5065 23.3589 0
      vertex 61.4177 23.3921 0.36
      vertex 61.5065 23.3589 0.36
    endloop
  endfacet
  facet normal 0.350199 0.936676 0
    outer loop
      vertex 61.4177 23.3921 0.36
      vertex 61.5065 23.3589 0
      vertex 61.4177 23.3921 0
    endloop
  endfacet
  facet normal 0.43514 0.900363 -0
    outer loop
      vertex 61.5903 23.3184 0
      vertex 61.5065 23.3589 0.36
      vertex 61.5903 23.3184 0.36
    endloop
  endfacet
  facet normal 0.43514 0.900363 0
    outer loop
      vertex 61.5065 23.3589 0.36
      vertex 61.5903 23.3184 0
      vertex 61.5065 23.3589 0
    endloop
  endfacet
  facet normal 0.519741 0.854324 -0
    outer loop
      vertex 61.6692 23.2704 0
      vertex 61.5903 23.3184 0.36
      vertex 61.6692 23.2704 0.36
    endloop
  endfacet
  facet normal 0.519741 0.854324 0
    outer loop
      vertex 61.5903 23.3184 0.36
      vertex 61.6692 23.2704 0
      vertex 61.5903 23.3184 0
    endloop
  endfacet
  facet normal 0.599133 0.80065 -0
    outer loop
      vertex 61.7431 23.2151 0
      vertex 61.6692 23.2704 0.36
      vertex 61.7431 23.2151 0.36
    endloop
  endfacet
  facet normal 0.599133 0.80065 0
    outer loop
      vertex 61.6692 23.2704 0.36
      vertex 61.7431 23.2151 0
      vertex 61.6692 23.2704 0
    endloop
  endfacet
  facet normal 0.672513 0.740086 -0
    outer loop
      vertex 61.8121 23.1524 0
      vertex 61.7431 23.2151 0.36
      vertex 61.8121 23.1524 0.36
    endloop
  endfacet
  facet normal 0.672513 0.740086 0
    outer loop
      vertex 61.7431 23.2151 0.36
      vertex 61.8121 23.1524 0
      vertex 61.7431 23.2151 0
    endloop
  endfacet
  facet normal 0.738508 0.674244 0
    outer loop
      vertex 61.8761 23.0823 0.36
      vertex 61.8121 23.1524 0
      vertex 61.8121 23.1524 0.36
    endloop
  endfacet
  facet normal 0.738508 0.674244 0
    outer loop
      vertex 61.8121 23.1524 0
      vertex 61.8761 23.0823 0.36
      vertex 61.8761 23.0823 0
    endloop
  endfacet
  facet normal 0.794859 0.606794 0
    outer loop
      vertex 61.9345 23.0058 0.36
      vertex 61.8761 23.0823 0
      vertex 61.8761 23.0823 0.36
    endloop
  endfacet
  facet normal 0.794859 0.606794 0
    outer loop
      vertex 61.8761 23.0823 0
      vertex 61.9345 23.0058 0.36
      vertex 61.9345 23.0058 0
    endloop
  endfacet
  facet normal 0.843704 0.536809 0
    outer loop
      vertex 61.9868 22.9236 0.36
      vertex 61.9345 23.0058 0
      vertex 61.9345 23.0058 0.36
    endloop
  endfacet
  facet normal 0.843704 0.536809 0
    outer loop
      vertex 61.9345 23.0058 0
      vertex 61.9868 22.9236 0.36
      vertex 61.9868 22.9236 0
    endloop
  endfacet
  facet normal 0.885377 0.464873 0
    outer loop
      vertex 62.0329 22.8358 0.36
      vertex 61.9868 22.9236 0
      vertex 61.9868 22.9236 0.36
    endloop
  endfacet
  facet normal 0.885377 0.464873 0
    outer loop
      vertex 61.9868 22.9236 0
      vertex 62.0329 22.8358 0.36
      vertex 62.0329 22.8358 0
    endloop
  endfacet
  facet normal 0.919247 0.393682 0
    outer loop
      vertex 62.0729 22.7424 0.36
      vertex 62.0329 22.8358 0
      vertex 62.0329 22.8358 0.36
    endloop
  endfacet
  facet normal 0.919247 0.393682 0
    outer loop
      vertex 62.0329 22.8358 0
      vertex 62.0729 22.7424 0.36
      vertex 62.0729 22.7424 0
    endloop
  endfacet
  facet normal 0.946072 0.323958 0
    outer loop
      vertex 62.1068 22.6434 0.36
      vertex 62.0729 22.7424 0
      vertex 62.0729 22.7424 0.36
    endloop
  endfacet
  facet normal 0.946072 0.323958 0
    outer loop
      vertex 62.0729 22.7424 0
      vertex 62.1068 22.6434 0.36
      vertex 62.1068 22.6434 0
    endloop
  endfacet
  facet normal 0.966739 0.255766 0
    outer loop
      vertex 62.1345 22.5387 0.36
      vertex 62.1068 22.6434 0
      vertex 62.1068 22.6434 0.36
    endloop
  endfacet
  facet normal 0.966739 0.255766 0
    outer loop
      vertex 62.1068 22.6434 0
      vertex 62.1345 22.5387 0.36
      vertex 62.1345 22.5387 0
    endloop
  endfacet
  facet normal 0.981495 0.191489 0
    outer loop
      vertex 62.156 22.4285 0.36
      vertex 62.1345 22.5387 0
      vertex 62.1345 22.5387 0.36
    endloop
  endfacet
  facet normal 0.981495 0.191489 0
    outer loop
      vertex 62.1345 22.5387 0
      vertex 62.156 22.4285 0.36
      vertex 62.156 22.4285 0
    endloop
  endfacet
  facet normal 0.991273 0.131827 0
    outer loop
      vertex 62.1714 22.3127 0.36
      vertex 62.156 22.4285 0
      vertex 62.156 22.4285 0.36
    endloop
  endfacet
  facet normal 0.991273 0.131827 0
    outer loop
      vertex 62.156 22.4285 0
      vertex 62.1714 22.3127 0.36
      vertex 62.1714 22.3127 0
    endloop
  endfacet
  facet normal 0.997145 0.075504 0
    outer loop
      vertex 62.1806 22.1912 0.36
      vertex 62.1714 22.3127 0
      vertex 62.1714 22.3127 0.36
    endloop
  endfacet
  facet normal 0.997145 0.075504 0
    outer loop
      vertex 62.1714 22.3127 0
      vertex 62.1806 22.1912 0.36
      vertex 62.1806 22.1912 0
    endloop
  endfacet
  facet normal 0.999703 0.024383 0
    outer loop
      vertex 62.1837 22.0641 0.36
      vertex 62.1806 22.1912 0
      vertex 62.1806 22.1912 0.36
    endloop
  endfacet
  facet normal 0.999703 0.024383 0
    outer loop
      vertex 62.1806 22.1912 0
      vertex 62.1837 22.0641 0.36
      vertex 62.1837 22.0641 0
    endloop
  endfacet
  facet normal 0.999728 -0.0233019 0
    outer loop
      vertex 62.1806 21.9311 0.36
      vertex 62.1837 22.0641 0
      vertex 62.1837 22.0641 0.36
    endloop
  endfacet
  facet normal 0.999728 -0.0233019 0
    outer loop
      vertex 62.1837 22.0641 0
      vertex 62.1806 21.9311 0.36
      vertex 62.1806 21.9311 0
    endloop
  endfacet
  facet normal 0.997378 -0.072365 0
    outer loop
      vertex 62.1714 21.8043 0.36
      vertex 62.1806 21.9311 0
      vertex 62.1806 21.9311 0.36
    endloop
  endfacet
  facet normal 0.997378 -0.072365 0
    outer loop
      vertex 62.1806 21.9311 0
      vertex 62.1714 21.8043 0.36
      vertex 62.1714 21.8043 0
    endloop
  endfacet
  facet normal 0.992048 -0.125857 0
    outer loop
      vertex 62.1561 21.6837 0.36
      vertex 62.1714 21.8043 0
      vertex 62.1714 21.8043 0.36
    endloop
  endfacet
  facet normal 0.992048 -0.125857 0
    outer loop
      vertex 62.1714 21.8043 0
      vertex 62.1561 21.6837 0.36
      vertex 62.1561 21.6837 0
    endloop
  endfacet
  facet normal 0.98295 -0.183873 0
    outer loop
      vertex 62.1347 21.5693 0.36
      vertex 62.1561 21.6837 0
      vertex 62.1561 21.6837 0.36
    endloop
  endfacet
  facet normal 0.98295 -0.183873 0
    outer loop
      vertex 62.1561 21.6837 0
      vertex 62.1347 21.5693 0.36
      vertex 62.1347 21.5693 0
    endloop
  endfacet
  facet normal 0.968972 -0.247169 0
    outer loop
      vertex 62.1071 21.4611 0.36
      vertex 62.1347 21.5693 0
      vertex 62.1347 21.5693 0.36
    endloop
  endfacet
  facet normal 0.968972 -0.247169 0
    outer loop
      vertex 62.1347 21.5693 0
      vertex 62.1071 21.4611 0.36
      vertex 62.1071 21.4611 0
    endloop
  endfacet
  facet normal 0.949518 -0.313713 0
    outer loop
      vertex 62.0734 21.3591 0.36
      vertex 62.1071 21.4611 0
      vertex 62.1071 21.4611 0.36
    endloop
  endfacet
  facet normal 0.949518 -0.313713 0
    outer loop
      vertex 62.1071 21.4611 0
      vertex 62.0734 21.3591 0.36
      vertex 62.0734 21.3591 0
    endloop
  endfacet
  facet normal 0.923476 -0.383657 0
    outer loop
      vertex 62.0336 21.2633 0.36
      vertex 62.0734 21.3591 0
      vertex 62.0734 21.3591 0.36
    endloop
  endfacet
  facet normal 0.923476 -0.383657 0
    outer loop
      vertex 62.0734 21.3591 0
      vertex 62.0336 21.2633 0.36
      vertex 62.0336 21.2633 0
    endloop
  endfacet
  facet normal 0.890014 -0.455933 0
    outer loop
      vertex 61.9877 21.1737 0.36
      vertex 62.0336 21.2633 0
      vertex 62.0336 21.2633 0.36
    endloop
  endfacet
  facet normal 0.890014 -0.455933 0
    outer loop
      vertex 62.0336 21.2633 0
      vertex 61.9877 21.1737 0.36
      vertex 61.9877 21.1737 0
    endloop
  endfacet
  facet normal 0.848284 -0.529541 0
    outer loop
      vertex 61.9357 21.0904 0.36
      vertex 61.9877 21.1737 0
      vertex 61.9877 21.1737 0.36
    endloop
  endfacet
  facet normal 0.848284 -0.529541 0
    outer loop
      vertex 61.9877 21.1737 0
      vertex 61.9357 21.0904 0.36
      vertex 61.9357 21.0904 0
    endloop
  endfacet
  facet normal 0.798508 -0.601984 0
    outer loop
      vertex 61.8775 21.0132 0.36
      vertex 61.9357 21.0904 0
      vertex 61.9357 21.0904 0.36
    endloop
  endfacet
  facet normal 0.798508 -0.601984 0
    outer loop
      vertex 61.9357 21.0904 0
      vertex 61.8775 21.0132 0.36
      vertex 61.8775 21.0132 0
    endloop
  endfacet
  facet normal 0.740987 -0.671519 0
    outer loop
      vertex 61.8137 20.9428 0.36
      vertex 61.8775 21.0132 0
      vertex 61.8775 21.0132 0.36
    endloop
  endfacet
  facet normal 0.740987 -0.671519 0
    outer loop
      vertex 61.8775 21.0132 0
      vertex 61.8137 20.9428 0.36
      vertex 61.8137 20.9428 0
    endloop
  endfacet
  facet normal 0.673685 -0.739019 0
    outer loop
      vertex 61.7447 20.8799 0
      vertex 61.8137 20.9428 0.36
      vertex 61.7447 20.8799 0.36
    endloop
  endfacet
  facet normal 0.673685 -0.739019 0
    outer loop
      vertex 61.8137 20.9428 0.36
      vertex 61.7447 20.8799 0
      vertex 61.8137 20.9428 0
    endloop
  endfacet
  facet normal 0.599481 -0.800389 0
    outer loop
      vertex 61.6706 20.8244 0
      vertex 61.7447 20.8799 0.36
      vertex 61.6706 20.8244 0.36
    endloop
  endfacet
  facet normal 0.599481 -0.800389 0
    outer loop
      vertex 61.7447 20.8799 0.36
      vertex 61.6706 20.8244 0
      vertex 61.7447 20.8799 0
    endloop
  endfacet
  facet normal 0.5194 -0.854531 0
    outer loop
      vertex 61.5913 20.7762 0
      vertex 61.6706 20.8244 0.36
      vertex 61.5913 20.7762 0.36
    endloop
  endfacet
  facet normal 0.5194 -0.854531 0
    outer loop
      vertex 61.6706 20.8244 0.36
      vertex 61.5913 20.7762 0
      vertex 61.6706 20.8244 0
    endloop
  endfacet
  facet normal 0.434361 -0.900739 0
    outer loop
      vertex 61.5069 20.7355 0
      vertex 61.5913 20.7762 0.36
      vertex 61.5069 20.7355 0.36
    endloop
  endfacet
  facet normal 0.434361 -0.900739 0
    outer loop
      vertex 61.5913 20.7762 0.36
      vertex 61.5069 20.7355 0
      vertex 61.5913 20.7762 0
    endloop
  endfacet
  facet normal 0.34837 -0.937357 0
    outer loop
      vertex 61.4173 20.7022 0
      vertex 61.5069 20.7355 0.36
      vertex 61.4173 20.7022 0.36
    endloop
  endfacet
  facet normal 0.34837 -0.937357 0
    outer loop
      vertex 61.5069 20.7355 0.36
      vertex 61.4173 20.7022 0
      vertex 61.5069 20.7355 0
    endloop
  endfacet
  facet normal 0.263548 -0.964646 0
    outer loop
      vertex 61.3225 20.6763 0
      vertex 61.4173 20.7022 0.36
      vertex 61.3225 20.6763 0.36
    endloop
  endfacet
  facet normal 0.263548 -0.964646 0
    outer loop
      vertex 61.4173 20.7022 0.36
      vertex 61.3225 20.6763 0
      vertex 61.4173 20.7022 0
    endloop
  endfacet
  facet normal 0.183041 -0.983105 0
    outer loop
      vertex 61.2226 20.6577 0
      vertex 61.3225 20.6763 0.36
      vertex 61.2226 20.6577 0.36
    endloop
  endfacet
  facet normal 0.183041 -0.983105 0
    outer loop
      vertex 61.3225 20.6763 0.36
      vertex 61.2226 20.6577 0
      vertex 61.3225 20.6763 0
    endloop
  endfacet
  facet normal 0.105128 -0.994459 0
    outer loop
      vertex 61.1176 20.6466 0
      vertex 61.2226 20.6577 0.36
      vertex 61.1176 20.6466 0.36
    endloop
  endfacet
  facet normal 0.105128 -0.994459 0
    outer loop
      vertex 61.2226 20.6577 0.36
      vertex 61.1176 20.6466 0
      vertex 61.2226 20.6577 0
    endloop
  endfacet
  facet normal 0.0335564 -0.999437 0
    outer loop
      vertex 61.0074 20.6429 0
      vertex 61.1176 20.6466 0.36
      vertex 61.0074 20.6429 0.36
    endloop
  endfacet
  facet normal 0.0335564 -0.999437 0
    outer loop
      vertex 61.1176 20.6466 0.36
      vertex 61.0074 20.6429 0
      vertex 61.1176 20.6466 0
    endloop
  endfacet
  facet normal -0.0356581 -0.999364 0
    outer loop
      vertex 60.9009 20.6467 0
      vertex 61.0074 20.6429 0.36
      vertex 60.9009 20.6467 0.36
    endloop
  endfacet
  facet normal -0.0356581 -0.999364 -0
    outer loop
      vertex 61.0074 20.6429 0.36
      vertex 60.9009 20.6467 0
      vertex 61.0074 20.6429 0
    endloop
  endfacet
  facet normal 0 1 -0
    outer loop
      vertex 45.156 23.4028 0
      vertex 43.8572 23.4028 0.36
      vertex 45.156 23.4028 0.36
    endloop
  endfacet
  facet normal 0 1 0
    outer loop
      vertex 43.8572 23.4028 0.36
      vertex 45.156 23.4028 0
      vertex 43.8572 23.4028 0
    endloop
  endfacet
  facet normal -1 0 0
    outer loop
      vertex 45.156 23.4028 0
      vertex 45.156 24.0521 0.36
      vertex 45.156 24.0521 0
    endloop
  endfacet
  facet normal -1 -0 0
    outer loop
      vertex 45.156 24.0521 0.36
      vertex 45.156 23.4028 0
      vertex 45.156 23.4028 0.36
    endloop
  endfacet
  facet normal 0 -1 0
    outer loop
      vertex 41.7211 24.0521 0
      vertex 45.156 24.0521 0.36
      vertex 41.7211 24.0521 0.36
    endloop
  endfacet
  facet normal 0 -1 -0
    outer loop
      vertex 45.156 24.0521 0.36
      vertex 41.7211 24.0521 0
      vertex 45.156 24.0521 0
    endloop
  endfacet
  facet normal 1 -0 0
    outer loop
      vertex 41.7211 23.4028 0.36
      vertex 41.7211 24.0521 0
      vertex 41.7211 24.0521 0.36
    endloop
  endfacet
  facet normal 1 0 0
    outer loop
      vertex 41.7211 24.0521 0
      vertex 41.7211 23.4028 0.36
      vertex 41.7211 23.4028 0
    endloop
  endfacet
  facet normal 0 1 -0
    outer loop
      vertex 43.017 23.4028 0
      vertex 41.7211 23.4028 0.36
      vertex 43.017 23.4028 0.36
    endloop
  endfacet
  facet normal 0 1 0
    outer loop
      vertex 41.7211 23.4028 0.36
      vertex 43.017 23.4028 0
      vertex 41.7211 23.4028 0
    endloop
  endfacet
  facet normal 1 -0 0
    outer loop
      vertex 43.017 20.0391 0.36
      vertex 43.017 23.4028 0
      vertex 43.017 23.4028 0.36
    endloop
  endfacet
  facet normal 1 0 0
    outer loop
      vertex 43.017 23.4028 0
      vertex 43.017 20.0391 0.36
      vertex 43.017 20.0391 0
    endloop
  endfacet
  facet normal 0 1 -0
    outer loop
      vertex 43.8572 20.0391 0
      vertex 43.017 20.0391 0.36
      vertex 43.8572 20.0391 0.36
    endloop
  endfacet
  facet normal 0 1 0
    outer loop
      vertex 43.017 20.0391 0.36
      vertex 43.8572 20.0391 0
      vertex 43.017 20.0391 0
    endloop
  endfacet
  facet normal -1 0 0
    outer loop
      vertex 43.8572 20.0391 0
      vertex 43.8572 23.4028 0.36
      vertex 43.8572 23.4028 0
    endloop
  endfacet
  facet normal -1 -0 0
    outer loop
      vertex 43.8572 23.4028 0.36
      vertex 43.8572 20.0391 0
      vertex 43.8572 20.0391 0.36
    endloop
  endfacet
  facet normal 0 1 -0
    outer loop
      vertex 47.828 21.0645 0
      vertex 46.2986 21.0645 0.36
      vertex 47.828 21.0645 0.36
    endloop
  endfacet
  facet normal 0 1 0
    outer loop
      vertex 46.2986 21.0645 0.36
      vertex 47.828 21.0645 0
      vertex 46.2986 21.0645 0
    endloop
  endfacet
  facet normal 0.944686 0.327977 0
    outer loop
      vertex 48.184 20.0391 0.36
      vertex 47.828 21.0645 0
      vertex 47.828 21.0645 0.36
    endloop
  endfacet
  facet normal 0.944686 0.327977 0
    outer loop
      vertex 47.828 21.0645 0
      vertex 48.184 20.0391 0.36
      vertex 48.184 20.0391 0
    endloop
  endfacet
  facet normal 0 1 -0
    outer loop
      vertex 49.0157 20.0391 0
      vertex 48.184 20.0391 0.36
      vertex 49.0157 20.0391 0.36
    endloop
  endfacet
  facet normal 0 1 0
    outer loop
      vertex 48.184 20.0391 0.36
      vertex 49.0157 20.0391 0
      vertex 48.184 20.0391 0
    endloop
  endfacet
  facet normal -0.939867 -0.341542 0
    outer loop
      vertex 49.0157 20.0391 0
      vertex 47.5574 24.0521 0.36
      vertex 47.5574 24.0521 0
    endloop
  endfacet
  facet normal -0.939867 -0.341542 0
    outer loop
      vertex 47.5574 24.0521 0.36
      vertex 49.0157 20.0391 0
      vertex 49.0157 20.0391 0.36
    endloop
  endfacet
  facet normal 0 -1 0
    outer loop
      vertex 46.5663 24.0521 0
      vertex 47.5574 24.0521 0.36
      vertex 46.5663 24.0521 0.36
    endloop
  endfacet
  facet normal 0 -1 -0
    outer loop
      vertex 47.5574 24.0521 0.36
      vertex 46.5663 24.0521 0
      vertex 47.5574 24.0521 0
    endloop
  endfacet
  facet normal 0.939437 -0.34272 0
    outer loop
      vertex 45.1023 20.0391 0.36
      vertex 46.5663 24.0521 0
      vertex 46.5663 24.0521 0.36
    endloop
  endfacet
  facet normal 0.939437 -0.34272 0
    outer loop
      vertex 46.5663 24.0521 0
      vertex 45.1023 20.0391 0.36
      vertex 45.1023 20.0391 0
    endloop
  endfacet
  facet normal 0 1 -0
    outer loop
      vertex 45.9426 20.0391 0
      vertex 45.1023 20.0391 0.36
      vertex 45.9426 20.0391 0.36
    endloop
  endfacet
  facet normal 0 1 0
    outer loop
      vertex 45.1023 20.0391 0.36
      vertex 45.9426 20.0391 0
      vertex 45.1023 20.0391 0
    endloop
  endfacet
  facet normal -0.944686 0.327977 0
    outer loop
      vertex 45.9426 20.0391 0
      vertex 46.2986 21.0645 0.36
      vertex 46.2986 21.0645 0
    endloop
  endfacet
  facet normal -0.944686 0.327977 0
    outer loop
      vertex 46.2986 21.0645 0.36
      vertex 45.9426 20.0391 0
      vertex 45.9426 20.0391 0.36
    endloop
  endfacet
  facet normal -0.94585 0.324604 0
    outer loop
      vertex 46.4865 21.6967 0
      vertex 46.5724 21.947 0.36
      vertex 46.5724 21.947 0
    endloop
  endfacet
  facet normal -0.94585 0.324604 0
    outer loop
      vertex 46.5724 21.947 0.36
      vertex 46.4865 21.6967 0
      vertex 46.4865 21.6967 0.36
    endloop
  endfacet
  facet normal -0.945935 0.324356 0
    outer loop
      vertex 46.5724 21.947 0
      vertex 46.6501 22.1736 0.36
      vertex 46.6501 22.1736 0
    endloop
  endfacet
  facet normal -0.945935 0.324356 0
    outer loop
      vertex 46.6501 22.1736 0.36
      vertex 46.5724 21.947 0
      vertex 46.5724 21.947 0.36
    endloop
  endfacet
  facet normal -0.946138 0.323765 0
    outer loop
      vertex 46.6501 22.1736 0
      vertex 46.7196 22.3767 0.36
      vertex 46.7196 22.3767 0
    endloop
  endfacet
  facet normal -0.946138 0.323765 0
    outer loop
      vertex 46.7196 22.3767 0.36
      vertex 46.6501 22.1736 0
      vertex 46.6501 22.1736 0.36
    endloop
  endfacet
  facet normal -0.946338 0.323178 0
    outer loop
      vertex 46.7196 22.3767 0
      vertex 46.7809 22.5562 0.36
      vertex 46.7809 22.5562 0
    endloop
  endfacet
  facet normal -0.946338 0.323178 0
    outer loop
      vertex 46.7809 22.5562 0.36
      vertex 46.7196 22.3767 0
      vertex 46.7196 22.3767 0.36
    endloop
  endfacet
  facet normal -0.946599 0.322414 0
    outer loop
      vertex 46.7809 22.5562 0
      vertex 46.834 22.7121 0.36
      vertex 46.834 22.7121 0
    endloop
  endfacet
  facet normal -0.946599 0.322414 0
    outer loop
      vertex 46.834 22.7121 0.36
      vertex 46.7809 22.5562 0
      vertex 46.7809 22.5562 0.36
    endloop
  endfacet
  facet normal -0.946951 0.321377 0
    outer loop
      vertex 46.834 22.7121 0
      vertex 46.8789 22.8444 0.36
      vertex 46.8789 22.8444 0
    endloop
  endfacet
  facet normal -0.946951 0.321377 0
    outer loop
      vertex 46.8789 22.8444 0.36
      vertex 46.834 22.7121 0
      vertex 46.834 22.7121 0.36
    endloop
  endfacet
  facet normal -0.947545 0.319622 0
    outer loop
      vertex 46.8789 22.8444 0
      vertex 46.9156 22.9532 0.36
      vertex 46.9156 22.9532 0
    endloop
  endfacet
  facet normal -0.947545 0.319622 0
    outer loop
      vertex 46.9156 22.9532 0.36
      vertex 46.8789 22.8444 0
      vertex 46.8789 22.8444 0.36
    endloop
  endfacet
  facet normal -0.948237 0.317565 0
    outer loop
      vertex 46.9156 22.9532 0
      vertex 46.9441 23.0383 0.36
      vertex 46.9441 23.0383 0
    endloop
  endfacet
  facet normal -0.948237 0.317565 0
    outer loop
      vertex 46.9441 23.0383 0.36
      vertex 46.9156 22.9532 0
      vertex 46.9156 22.9532 0.36
    endloop
  endfacet
  facet normal -0.950215 0.311596 0
    outer loop
      vertex 46.9441 23.0383 0
      vertex 46.9643 23.0999 0.36
      vertex 46.9643 23.0999 0
    endloop
  endfacet
  facet normal -0.950215 0.311596 0
    outer loop
      vertex 46.9643 23.0999 0.36
      vertex 46.9441 23.0383 0
      vertex 46.9441 23.0383 0.36
    endloop
  endfacet
  facet normal -0.95286 0.303411 0
    outer loop
      vertex 46.9643 23.0999 0
      vertex 46.9764 23.1379 0.36
      vertex 46.9764 23.1379 0
    endloop
  endfacet
  facet normal -0.95286 0.303411 0
    outer loop
      vertex 46.9764 23.1379 0.36
      vertex 46.9643 23.0999 0
      vertex 46.9643 23.0999 0.36
    endloop
  endfacet
  facet normal -0.957103 0.289748 0
    outer loop
      vertex 46.9764 23.1379 0
      vertex 46.9919 23.1891 0.36
      vertex 46.9919 23.1891 0
    endloop
  endfacet
  facet normal -0.957103 0.289748 0
    outer loop
      vertex 46.9919 23.1891 0.36
      vertex 46.9764 23.1379 0
      vertex 46.9764 23.1379 0.36
    endloop
  endfacet
  facet normal -0.958251 0.28593 0
    outer loop
      vertex 46.9919 23.1891 0
      vertex 46.9993 23.2139 0.36
      vertex 46.9993 23.2139 0
    endloop
  endfacet
  facet normal -0.958251 0.28593 0
    outer loop
      vertex 46.9993 23.2139 0.36
      vertex 46.9919 23.1891 0
      vertex 46.9919 23.1891 0.36
    endloop
  endfacet
  facet normal -0.959302 0.282383 0
    outer loop
      vertex 46.9993 23.2139 0
      vertex 47.0134 23.2618 0.36
      vertex 47.0134 23.2618 0
    endloop
  endfacet
  facet normal -0.959302 0.282383 0
    outer loop
      vertex 47.0134 23.2618 0.36
      vertex 46.9993 23.2139 0
      vertex 46.9993 23.2139 0.36
    endloop
  endfacet
  facet normal -0.958966 0.28352 0
    outer loop
      vertex 47.0134 23.2618 0
      vertex 47.0202 23.2848 0.36
      vertex 47.0202 23.2848 0
    endloop
  endfacet
  facet normal -0.958966 0.28352 0
    outer loop
      vertex 47.0202 23.2848 0.36
      vertex 47.0134 23.2618 0
      vertex 47.0134 23.2618 0.36
    endloop
  endfacet
  facet normal -0.960714 0.27754 0
    outer loop
      vertex 47.0202 23.2848 0
      vertex 47.0267 23.3073 0.36
      vertex 47.0267 23.3073 0
    endloop
  endfacet
  facet normal -0.960714 0.27754 0
    outer loop
      vertex 47.0267 23.3073 0.36
      vertex 47.0202 23.2848 0
      vertex 47.0202 23.2848 0.36
    endloop
  endfacet
  facet normal -0.962508 0.271252 0
    outer loop
      vertex 47.0267 23.3073 0
      vertex 47.0329 23.3293 0.36
      vertex 47.0329 23.3293 0
    endloop
  endfacet
  facet normal -0.962508 0.271252 0
    outer loop
      vertex 47.0329 23.3293 0.36
      vertex 47.0267 23.3073 0
      vertex 47.0267 23.3073 0.36
    endloop
  endfacet
  facet normal -0.961353 0.275317 0
    outer loop
      vertex 47.0329 23.3293 0
      vertex 47.039 23.3506 0.36
      vertex 47.039 23.3506 0
    endloop
  endfacet
  facet normal -0.961353 0.275317 0
    outer loop
      vertex 47.039 23.3506 0.36
      vertex 47.0329 23.3293 0
      vertex 47.0329 23.3293 0.36
    endloop
  endfacet
  facet normal -0.963252 0.268599 0
    outer loop
      vertex 47.039 23.3506 0
      vertex 47.0448 23.3714 0.36
      vertex 47.0448 23.3714 0
    endloop
  endfacet
  facet normal -0.963252 0.268599 0
    outer loop
      vertex 47.0448 23.3714 0.36
      vertex 47.039 23.3506 0
      vertex 47.039 23.3506 0.36
    endloop
  endfacet
  facet normal -0.965154 0.261684 0
    outer loop
      vertex 47.0448 23.3714 0
      vertex 47.0618 23.4341 0.36
      vertex 47.0618 23.4341 0
    endloop
  endfacet
  facet normal -0.965154 0.261684 0
    outer loop
      vertex 47.0618 23.4341 0.36
      vertex 47.0448 23.3714 0
      vertex 47.0448 23.3714 0.36
    endloop
  endfacet
  facet normal 0.956585 0.291452 0
    outer loop
      vertex 47.1217 23.2375 0.36
      vertex 47.0618 23.4341 0
      vertex 47.0618 23.4341 0.36
    endloop
  endfacet
  facet normal 0.956585 0.291452 0
    outer loop
      vertex 47.0618 23.4341 0
      vertex 47.1217 23.2375 0.36
      vertex 47.1217 23.2375 0
    endloop
  endfacet
  facet normal 0.953516 0.301343 0
    outer loop
      vertex 47.2441 22.8502 0.36
      vertex 47.1217 23.2375 0
      vertex 47.1217 23.2375 0.36
    endloop
  endfacet
  facet normal 0.953516 0.301343 0
    outer loop
      vertex 47.1217 23.2375 0
      vertex 47.2441 22.8502 0.36
      vertex 47.2441 22.8502 0
    endloop
  endfacet
  facet normal 0.945842 0.324628 0
    outer loop
      vertex 47.64 21.6967 0.36
      vertex 47.2441 22.8502 0
      vertex 47.2441 22.8502 0.36
    endloop
  endfacet
  facet normal 0.945842 0.324628 0
    outer loop
      vertex 47.2441 22.8502 0
      vertex 47.64 21.6967 0.36
      vertex 47.64 21.6967 0
    endloop
  endfacet
  facet normal 0 -1 0
    outer loop
      vertex 46.4865 21.6967 0
      vertex 47.64 21.6967 0.36
      vertex 46.4865 21.6967 0.36
    endloop
  endfacet
  facet normal 0 -1 -0
    outer loop
      vertex 47.64 21.6967 0.36
      vertex 46.4865 21.6967 0
      vertex 47.64 21.6967 0
    endloop
  endfacet
  facet normal 0 1 -0
    outer loop
      vertex 51.6273 21.4518 0
      vertex 50.6305 21.4518 0.36
      vertex 51.6273 21.4518 0.36
    endloop
  endfacet
  facet normal 0 1 0
    outer loop
      vertex 50.6305 21.4518 0.36
      vertex 51.6273 21.4518 0
      vertex 50.6305 21.4518 0
    endloop
  endfacet
  facet normal -0.0190122 0.999819 0
    outer loop
      vertex 51.7167 21.4535 0
      vertex 51.6273 21.4518 0.36
      vertex 51.7167 21.4535 0.36
    endloop
  endfacet
  facet normal -0.0190122 0.999819 0
    outer loop
      vertex 51.6273 21.4518 0.36
      vertex 51.7167 21.4535 0
      vertex 51.6273 21.4518 0
    endloop
  endfacet
  facet normal -0.0575084 0.998345 0
    outer loop
      vertex 51.8035 21.4585 0
      vertex 51.7167 21.4535 0.36
      vertex 51.8035 21.4585 0.36
    endloop
  endfacet
  facet normal -0.0575084 0.998345 0
    outer loop
      vertex 51.7167 21.4535 0.36
      vertex 51.8035 21.4585 0
      vertex 51.7167 21.4535 0
    endloop
  endfacet
  facet normal -0.0978691 0.995199 0
    outer loop
      vertex 51.8879 21.4668 0
      vertex 51.8035 21.4585 0.36
      vertex 51.8879 21.4668 0.36
    endloop
  endfacet
  facet normal -0.0978691 0.995199 0
    outer loop
      vertex 51.8035 21.4585 0.36
      vertex 51.8879 21.4668 0
      vertex 51.8035 21.4585 0
    endloop
  endfacet
  facet normal -0.141421 0.989949 0
    outer loop
      vertex 51.9698 21.4785 0
      vertex 51.8879 21.4668 0.36
      vertex 51.9698 21.4785 0.36
    endloop
  endfacet
  facet normal -0.141421 0.989949 0
    outer loop
      vertex 51.8879 21.4668 0.36
      vertex 51.9698 21.4785 0
      vertex 51.8879 21.4668 0
    endloop
  endfacet
  facet normal -0.185633 0.982619 0
    outer loop
      vertex 52.0492 21.4935 0
      vertex 51.9698 21.4785 0.36
      vertex 52.0492 21.4935 0.36
    endloop
  endfacet
  facet normal -0.185633 0.982619 0
    outer loop
      vertex 51.9698 21.4785 0.36
      vertex 52.0492 21.4935 0
      vertex 51.9698 21.4785 0
    endloop
  endfacet
  facet normal -0.231222 0.972901 0
    outer loop
      vertex 52.1262 21.5118 0
      vertex 52.0492 21.4935 0.36
      vertex 52.1262 21.5118 0.36
    endloop
  endfacet
  facet normal -0.231222 0.972901 0
    outer loop
      vertex 52.0492 21.4935 0.36
      vertex 52.1262 21.5118 0
      vertex 52.0492 21.4935 0
    endloop
  endfacet
  facet normal -0.278465 0.960446 0
    outer loop
      vertex 52.2007 21.5334 0
      vertex 52.1262 21.5118 0.36
      vertex 52.2007 21.5334 0.36
    endloop
  endfacet
  facet normal -0.278465 0.960446 0
    outer loop
      vertex 52.1262 21.5118 0.36
      vertex 52.2007 21.5334 0
      vertex 52.1262 21.5118 0
    endloop
  endfacet
  facet normal -0.328419 0.944532 0
    outer loop
      vertex 52.2726 21.5584 0
      vertex 52.2007 21.5334 0.36
      vertex 52.2726 21.5584 0.36
    endloop
  endfacet
  facet normal -0.328419 0.944532 0
    outer loop
      vertex 52.2007 21.5334 0.36
      vertex 52.2726 21.5584 0
      vertex 52.2007 21.5334 0
    endloop
  endfacet
  facet normal -0.37827 0.925695 0
    outer loop
      vertex 52.3421 21.5868 0
      vertex 52.2726 21.5584 0.36
      vertex 52.3421 21.5868 0.36
    endloop
  endfacet
  facet normal -0.37827 0.925695 0
    outer loop
      vertex 52.2726 21.5584 0.36
      vertex 52.3421 21.5868 0
      vertex 52.2726 21.5584 0
    endloop
  endfacet
  facet normal -0.426057 0.904696 0
    outer loop
      vertex 52.4092 21.6184 0
      vertex 52.3421 21.5868 0.36
      vertex 52.4092 21.6184 0.36
    endloop
  endfacet
  facet normal -0.426057 0.904696 0
    outer loop
      vertex 52.3421 21.5868 0.36
      vertex 52.4092 21.6184 0
      vertex 52.3421 21.5868 0
    endloop
  endfacet
  facet normal -0.475488 0.879722 0
    outer loop
      vertex 52.4734 21.6531 0
      vertex 52.4092 21.6184 0.36
      vertex 52.4734 21.6531 0.36
    endloop
  endfacet
  facet normal -0.475488 0.879722 0
    outer loop
      vertex 52.4092 21.6184 0.36
      vertex 52.4734 21.6531 0
      vertex 52.4092 21.6184 0
    endloop
  endfacet
  facet normal -0.521844 0.853041 0
    outer loop
      vertex 52.5347 21.6906 0
      vertex 52.4734 21.6531 0.36
      vertex 52.5347 21.6906 0.36
    endloop
  endfacet
  facet normal -0.521844 0.853041 0
    outer loop
      vertex 52.4734 21.6531 0.36
      vertex 52.5347 21.6906 0
      vertex 52.4734 21.6531 0
    endloop
  endfacet
  facet normal -0.568989 0.822345 0
    outer loop
      vertex 52.5928 21.7308 0
      vertex 52.5347 21.6906 0.36
      vertex 52.5928 21.7308 0.36
    endloop
  endfacet
  facet normal -0.568989 0.822345 0
    outer loop
      vertex 52.5347 21.6906 0.36
      vertex 52.5928 21.7308 0
      vertex 52.5347 21.6906 0
    endloop
  endfacet
  facet normal -0.615227 0.78835 0
    outer loop
      vertex 52.6479 21.7738 0
      vertex 52.5928 21.7308 0.36
      vertex 52.6479 21.7738 0.36
    endloop
  endfacet
  facet normal -0.615227 0.78835 0
    outer loop
      vertex 52.5928 21.7308 0.36
      vertex 52.6479 21.7738 0
      vertex 52.5928 21.7308 0
    endloop
  endfacet
  facet normal -0.660238 0.751057 0
    outer loop
      vertex 52.7 21.8196 0
      vertex 52.6479 21.7738 0.36
      vertex 52.7 21.8196 0.36
    endloop
  endfacet
  facet normal -0.660238 0.751057 0
    outer loop
      vertex 52.6479 21.7738 0.36
      vertex 52.7 21.8196 0
      vertex 52.6479 21.7738 0
    endloop
  endfacet
  facet normal -0.703471 0.710724 0
    outer loop
      vertex 52.749 21.8681 0
      vertex 52.7 21.8196 0.36
      vertex 52.749 21.8681 0.36
    endloop
  endfacet
  facet normal -0.703471 0.710724 0
    outer loop
      vertex 52.7 21.8196 0.36
      vertex 52.749 21.8681 0
      vertex 52.7 21.8196 0
    endloop
  endfacet
  facet normal -0.74452 0.667601 0
    outer loop
      vertex 52.749 21.8681 0
      vertex 52.795 21.9194 0.36
      vertex 52.795 21.9194 0
    endloop
  endfacet
  facet normal -0.74452 0.667601 0
    outer loop
      vertex 52.795 21.9194 0.36
      vertex 52.749 21.8681 0
      vertex 52.749 21.8681 0.36
    endloop
  endfacet
  facet normal -0.78228 0.622927 0
    outer loop
      vertex 52.795 21.9194 0
      vertex 52.838 21.9734 0.36
      vertex 52.838 21.9734 0
    endloop
  endfacet
  facet normal -0.78228 0.622927 0
    outer loop
      vertex 52.838 21.9734 0.36
      vertex 52.795 21.9194 0
      vertex 52.795 21.9194 0.36
    endloop
  endfacet
  facet normal -0.818961 0.573849 0
    outer loop
      vertex 52.838 21.9734 0
      vertex 52.8778 22.0302 0.36
      vertex 52.8778 22.0302 0
    endloop
  endfacet
  facet normal -0.818961 0.573849 0
    outer loop
      vertex 52.8778 22.0302 0.36
      vertex 52.838 21.9734 0
      vertex 52.838 21.9734 0.36
    endloop
  endfacet
  facet normal -0.850235 0.526404 0
    outer loop
      vertex 52.8778 22.0302 0
      vertex 52.9147 22.0898 0.36
      vertex 52.9147 22.0898 0
    endloop
  endfacet
  facet normal -0.850235 0.526404 0
    outer loop
      vertex 52.9147 22.0898 0.36
      vertex 52.8778 22.0302 0
      vertex 52.8778 22.0302 0.36
    endloop
  endfacet
  facet normal -0.879143 0.476558 0
    outer loop
      vertex 52.9147 22.0898 0
      vertex 52.9482 22.1516 0.36
      vertex 52.9482 22.1516 0
    endloop
  endfacet
  facet normal -0.879143 0.476558 0
    outer loop
      vertex 52.9482 22.1516 0.36
      vertex 52.9147 22.0898 0
      vertex 52.9147 22.0898 0.36
    endloop
  endfacet
  facet normal -0.90336 0.428882 0
    outer loop
      vertex 52.9482 22.1516 0
      vertex 52.9783 22.215 0.36
      vertex 52.9783 22.215 0
    endloop
  endfacet
  facet normal -0.90336 0.428882 0
    outer loop
      vertex 52.9783 22.215 0.36
      vertex 52.9482 22.1516 0
      vertex 52.9482 22.1516 0.36
    endloop
  endfacet
  facet normal -0.926498 0.376301 0
    outer loop
      vertex 52.9783 22.215 0
      vertex 53.0047 22.28 0.36
      vertex 53.0047 22.28 0
    endloop
  endfacet
  facet normal -0.926498 0.376301 0
    outer loop
      vertex 53.0047 22.28 0.36
      vertex 52.9783 22.215 0
      vertex 52.9783 22.215 0.36
    endloop
  endfacet
  facet normal -0.945523 0.325554 0
    outer loop
      vertex 53.0047 22.28 0
      vertex 53.0277 22.3468 0.36
      vertex 53.0277 22.3468 0
    endloop
  endfacet
  facet normal -0.945523 0.325554 0
    outer loop
      vertex 53.0277 22.3468 0.36
      vertex 53.0047 22.28 0
      vertex 53.0047 22.28 0.36
    endloop
  endfacet
  facet normal -0.962053 0.272863 0
    outer loop
      vertex 53.0277 22.3468 0
      vertex 53.0471 22.4152 0.36
      vertex 53.0471 22.4152 0
    endloop
  endfacet
  facet normal -0.962053 0.272863 0
    outer loop
      vertex 53.0471 22.4152 0.36
      vertex 53.0277 22.3468 0
      vertex 53.0277 22.3468 0.36
    endloop
  endfacet
  facet normal -0.97516 0.221501 0
    outer loop
      vertex 53.0471 22.4152 0
      vertex 53.063 22.4852 0.36
      vertex 53.063 22.4852 0
    endloop
  endfacet
  facet normal -0.97516 0.221501 0
    outer loop
      vertex 53.063 22.4852 0.36
      vertex 53.0471 22.4152 0
      vertex 53.0471 22.4152 0.36
    endloop
  endfacet
  facet normal -0.985373 0.170413 0
    outer loop
      vertex 53.063 22.4852 0
      vertex 53.0754 22.5569 0.36
      vertex 53.0754 22.5569 0
    endloop
  endfacet
  facet normal -0.985373 0.170413 0
    outer loop
      vertex 53.0754 22.5569 0.36
      vertex 53.063 22.4852 0
      vertex 53.063 22.4852 0.36
    endloop
  endfacet
  facet normal -0.99287 0.119199 0
    outer loop
      vertex 53.0754 22.5569 0
      vertex 53.0842 22.6302 0.36
      vertex 53.0842 22.6302 0
    endloop
  endfacet
  facet normal -0.99287 0.119199 0
    outer loop
      vertex 53.0842 22.6302 0.36
      vertex 53.0754 22.5569 0
      vertex 53.0754 22.5569 0.36
    endloop
  endfacet
  facet normal -0.997512 0.0704909 0
    outer loop
      vertex 53.0842 22.6302 0
      vertex 53.0895 22.7052 0.36
      vertex 53.0895 22.7052 0
    endloop
  endfacet
  facet normal -0.997512 0.0704909 0
    outer loop
      vertex 53.0895 22.7052 0.36
      vertex 53.0842 22.6302 0
      vertex 53.0842 22.6302 0.36
    endloop
  endfacet
  facet normal -0.999724 0.0234922 0
    outer loop
      vertex 53.0895 22.7052 0
      vertex 53.0913 22.7818 0.36
      vertex 53.0913 22.7818 0
    endloop
  endfacet
  facet normal -0.999724 0.0234922 0
    outer loop
      vertex 53.0913 22.7818 0.36
      vertex 53.0895 22.7052 0
      vertex 53.0895 22.7052 0.36
    endloop
  endfacet
  facet normal -0.99946 -0.0328659 0
    outer loop
      vertex 53.0913 22.7818 0
      vertex 53.0874 22.9004 0.36
      vertex 53.0874 22.9004 0
    endloop
  endfacet
  facet normal -0.99946 -0.0328659 0
    outer loop
      vertex 53.0874 22.9004 0.36
      vertex 53.0913 22.7818 0
      vertex 53.0913 22.7818 0.36
    endloop
  endfacet
  facet normal -0.994692 -0.102899 0
    outer loop
      vertex 53.0874 22.9004 0
      vertex 53.0757 23.0135 0.36
      vertex 53.0757 23.0135 0
    endloop
  endfacet
  facet normal -0.994692 -0.102899 0
    outer loop
      vertex 53.0757 23.0135 0.36
      vertex 53.0874 22.9004 0
      vertex 53.0874 22.9004 0.36
    endloop
  endfacet
  facet normal -0.984132 -0.177436 0
    outer loop
      vertex 53.0757 23.0135 0
      vertex 53.0563 23.1211 0.36
      vertex 53.0563 23.1211 0
    endloop
  endfacet
  facet normal -0.984132 -0.177436 0
    outer loop
      vertex 53.0563 23.1211 0.36
      vertex 53.0757 23.0135 0
      vertex 53.0757 23.0135 0.36
    endloop
  endfacet
  facet normal -0.966298 -0.257427 0
    outer loop
      vertex 53.0563 23.1211 0
      vertex 53.0291 23.2232 0.36
      vertex 53.0291 23.2232 0
    endloop
  endfacet
  facet normal -0.966298 -0.257427 0
    outer loop
      vertex 53.0291 23.2232 0.36
      vertex 53.0563 23.1211 0
      vertex 53.0563 23.1211 0.36
    endloop
  endfacet
  facet normal -0.940191 -0.340649 0
    outer loop
      vertex 53.0291 23.2232 0
      vertex 52.9941 23.3198 0.36
      vertex 52.9941 23.3198 0
    endloop
  endfacet
  facet normal -0.940191 -0.340649 0
    outer loop
      vertex 52.9941 23.3198 0.36
      vertex 53.0291 23.2232 0
      vertex 53.0291 23.2232 0.36
    endloop
  endfacet
  facet normal -0.905089 -0.425223 0
    outer loop
      vertex 52.9941 23.3198 0
      vertex 52.9513 23.4109 0.36
      vertex 52.9513 23.4109 0
    endloop
  endfacet
  facet normal -0.905089 -0.425223 0
    outer loop
      vertex 52.9513 23.4109 0.36
      vertex 52.9941 23.3198 0
      vertex 52.9941 23.3198 0.36
    endloop
  endfacet
  facet normal -0.861287 -0.508119 0
    outer loop
      vertex 52.9513 23.4109 0
      vertex 52.9008 23.4965 0.36
      vertex 52.9008 23.4965 0
    endloop
  endfacet
  facet normal -0.861287 -0.508119 0
    outer loop
      vertex 52.9008 23.4965 0.36
      vertex 52.9513 23.4109 0
      vertex 52.9513 23.4109 0.36
    endloop
  endfacet
  facet normal -0.808518 -0.588472 0
    outer loop
      vertex 52.9008 23.4965 0
      vertex 52.8425 23.5766 0.36
      vertex 52.8425 23.5766 0
    endloop
  endfacet
  facet normal -0.808518 -0.588472 0
    outer loop
      vertex 52.8425 23.5766 0.36
      vertex 52.9008 23.4965 0
      vertex 52.9008 23.4965 0.36
    endloop
  endfacet
  facet normal -0.74846 -0.66318 0
    outer loop
      vertex 52.8425 23.5766 0
      vertex 52.7764 23.6512 0.36
      vertex 52.7764 23.6512 0
    endloop
  endfacet
  facet normal -0.74846 -0.66318 0
    outer loop
      vertex 52.7764 23.6512 0.36
      vertex 52.8425 23.5766 0
      vertex 52.8425 23.5766 0.36
    endloop
  endfacet
  facet normal -0.682987 -0.73043 0
    outer loop
      vertex 52.7025 23.7203 0
      vertex 52.7764 23.6512 0.36
      vertex 52.7025 23.7203 0.36
    endloop
  endfacet
  facet normal -0.682987 -0.73043 -0
    outer loop
      vertex 52.7764 23.6512 0.36
      vertex 52.7025 23.7203 0
      vertex 52.7764 23.6512 0
    endloop
  endfacet
  facet normal -0.614075 -0.789247 0
    outer loop
      vertex 52.6214 23.7834 0
      vertex 52.7025 23.7203 0.36
      vertex 52.6214 23.7834 0.36
    endloop
  endfacet
  facet normal -0.614075 -0.789247 -0
    outer loop
      vertex 52.7025 23.7203 0.36
      vertex 52.6214 23.7834 0
      vertex 52.7025 23.7203 0
    endloop
  endfacet
  facet normal -0.540903 -0.841085 0
    outer loop
      vertex 52.5337 23.8398 0
      vertex 52.6214 23.7834 0.36
      vertex 52.5337 23.8398 0.36
    endloop
  endfacet
  facet normal -0.540903 -0.841085 -0
    outer loop
      vertex 52.6214 23.7834 0.36
      vertex 52.5337 23.8398 0
      vertex 52.6214 23.7834 0
    endloop
  endfacet
  facet normal -0.466983 -0.884266 0
    outer loop
      vertex 52.4394 23.8896 0
      vertex 52.5337 23.8398 0.36
      vertex 52.4394 23.8896 0.36
    endloop
  endfacet
  facet normal -0.466983 -0.884266 -0
    outer loop
      vertex 52.5337 23.8398 0.36
      vertex 52.4394 23.8896 0
      vertex 52.5337 23.8398 0
    endloop
  endfacet
  facet normal -0.39249 -0.919756 0
    outer loop
      vertex 52.3384 23.9327 0
      vertex 52.4394 23.8896 0.36
      vertex 52.3384 23.9327 0.36
    endloop
  endfacet
  facet normal -0.39249 -0.919756 -0
    outer loop
      vertex 52.4394 23.8896 0.36
      vertex 52.3384 23.9327 0
      vertex 52.4394 23.8896 0
    endloop
  endfacet
  facet normal -0.32124 -0.946998 0
    outer loop
      vertex 52.2308 23.9692 0
      vertex 52.3384 23.9327 0.36
      vertex 52.2308 23.9692 0.36
    endloop
  endfacet
  facet normal -0.32124 -0.946998 -0
    outer loop
      vertex 52.3384 23.9327 0.36
      vertex 52.2308 23.9692 0
      vertex 52.3384 23.9327 0
    endloop
  endfacet
  facet normal -0.252284 -0.967653 0
    outer loop
      vertex 52.1165 23.999 0
      vertex 52.2308 23.9692 0.36
      vertex 52.1165 23.999 0.36
    endloop
  endfacet
  facet normal -0.252284 -0.967653 -0
    outer loop
      vertex 52.2308 23.9692 0.36
      vertex 52.1165 23.999 0
      vertex 52.2308 23.9692 0
    endloop
  endfacet
  facet normal -0.18939 -0.981902 0
    outer loop
      vertex 51.9957 24.0223 0
      vertex 52.1165 23.999 0.36
      vertex 51.9957 24.0223 0.36
    endloop
  endfacet
  facet normal -0.18939 -0.981902 -0
    outer loop
      vertex 52.1165 23.999 0.36
      vertex 51.9957 24.0223 0
      vertex 52.1165 23.999 0
    endloop
  endfacet
  facet normal -0.129007 -0.991644 0
    outer loop
      vertex 51.8681 24.0389 0
      vertex 51.9957 24.0223 0.36
      vertex 51.8681 24.0389 0.36
    endloop
  endfacet
  facet normal -0.129007 -0.991644 -0
    outer loop
      vertex 51.9957 24.0223 0.36
      vertex 51.8681 24.0389 0
      vertex 51.9957 24.0223 0
    endloop
  endfacet
  facet normal -0.0736251 -0.997286 0
    outer loop
      vertex 51.734 24.0488 0
      vertex 51.8681 24.0389 0.36
      vertex 51.734 24.0488 0.36
    endloop
  endfacet
  facet normal -0.0736251 -0.997286 -0
    outer loop
      vertex 51.8681 24.0389 0.36
      vertex 51.734 24.0488 0
      vertex 51.8681 24.0389 0
    endloop
  endfacet
  facet normal -0.0234311 -0.999725 0
    outer loop
      vertex 51.5932 24.0521 0
      vertex 51.734 24.0488 0.36
      vertex 51.5932 24.0521 0.36
    endloop
  endfacet
  facet normal -0.0234311 -0.999725 -0
    outer loop
      vertex 51.734 24.0488 0.36
      vertex 51.5932 24.0521 0
      vertex 51.734 24.0488 0
    endloop
  endfacet
  facet normal 0 -1 0
    outer loop
      vertex 49.7903 24.0521 0
      vertex 51.5932 24.0521 0.36
      vertex 49.7903 24.0521 0.36
    endloop
  endfacet
  facet normal 0 -1 -0
    outer loop
      vertex 51.5932 24.0521 0.36
      vertex 49.7903 24.0521 0
      vertex 51.5932 24.0521 0
    endloop
  endfacet
  facet normal 1 -0 0
    outer loop
      vertex 49.7903 20.0391 0.36
      vertex 49.7903 24.0521 0
      vertex 49.7903 24.0521 0.36
    endloop
  endfacet
  facet normal 1 0 0
    outer loop
      vertex 49.7903 24.0521 0
      vertex 49.7903 20.0391 0.36
      vertex 49.7903 20.0391 0
    endloop
  endfacet
  facet normal 0 1 -0
    outer loop
      vertex 50.6305 20.0391 0
      vertex 49.7903 20.0391 0.36
      vertex 50.6305 20.0391 0.36
    endloop
  endfacet
  facet normal 0 1 0
    outer loop
      vertex 49.7903 20.0391 0.36
      vertex 50.6305 20.0391 0
      vertex 49.7903 20.0391 0
    endloop
  endfacet
  facet normal -1 0 0
    outer loop
      vertex 50.6305 20.0391 0
      vertex 50.6305 21.4518 0.36
      vertex 50.6305 21.4518 0
    endloop
  endfacet
  facet normal -1 -0 0
    outer loop
      vertex 50.6305 21.4518 0.36
      vertex 50.6305 20.0391 0
      vertex 50.6305 20.0391 0.36
    endloop
  endfacet
  facet normal -1 0 0
    outer loop
      vertex 50.6305 22.0983 0
      vertex 50.6305 23.3999 0.36
      vertex 50.6305 23.3999 0
    endloop
  endfacet
  facet normal -1 -0 0
    outer loop
      vertex 50.6305 23.3999 0.36
      vertex 50.6305 22.0983 0
      vertex 50.6305 22.0983 0.36
    endloop
  endfacet
  facet normal 0 1 -0
    outer loop
      vertex 51.4992 23.3999 0
      vertex 50.6305 23.3999 0.36
      vertex 51.4992 23.3999 0.36
    endloop
  endfacet
  facet normal 0 1 0
    outer loop
      vertex 50.6305 23.3999 0.36
      vertex 51.4992 23.3999 0
      vertex 50.6305 23.3999 0
    endloop
  endfacet
  facet normal 0.044385 0.999015 -0
    outer loop
      vertex 51.641 23.3936 0
      vertex 51.4992 23.3999 0.36
      vertex 51.641 23.3936 0.36
    endloop
  endfacet
  facet normal 0.044385 0.999015 0
    outer loop
      vertex 51.4992 23.3999 0.36
      vertex 51.641 23.3936 0
      vertex 51.4992 23.3999 0
    endloop
  endfacet
  facet normal 0.148188 0.988959 -0
    outer loop
      vertex 51.7678 23.3746 0
      vertex 51.641 23.3936 0.36
      vertex 51.7678 23.3746 0.36
    endloop
  endfacet
  facet normal 0.148188 0.988959 0
    outer loop
      vertex 51.641 23.3936 0.36
      vertex 51.7678 23.3746 0
      vertex 51.641 23.3936 0
    endloop
  endfacet
  facet normal 0.271542 0.962427 -0
    outer loop
      vertex 51.8798 23.343 0
      vertex 51.7678 23.3746 0.36
      vertex 51.8798 23.343 0.36
    endloop
  endfacet
  facet normal 0.271542 0.962427 0
    outer loop
      vertex 51.7678 23.3746 0.36
      vertex 51.8798 23.343 0
      vertex 51.7678 23.3746 0
    endloop
  endfacet
  facet normal 0.414651 0.909981 -0
    outer loop
      vertex 51.9768 23.2988 0
      vertex 51.8798 23.343 0.36
      vertex 51.9768 23.2988 0.36
    endloop
  endfacet
  facet normal 0.414651 0.909981 0
    outer loop
      vertex 51.8798 23.343 0.36
      vertex 51.9768 23.2988 0
      vertex 51.8798 23.343 0
    endloop
  endfacet
  facet normal 0.570302 0.821435 -0
    outer loop
      vertex 52.0589 23.2418 0
      vertex 51.9768 23.2988 0.36
      vertex 52.0589 23.2418 0.36
    endloop
  endfacet
  facet normal 0.570302 0.821435 0
    outer loop
      vertex 51.9768 23.2988 0.36
      vertex 52.0589 23.2418 0
      vertex 51.9768 23.2988 0
    endloop
  endfacet
  facet normal 0.719419 0.694576 0
    outer loop
      vertex 52.126 23.1723 0.36
      vertex 52.0589 23.2418 0
      vertex 52.0589 23.2418 0.36
    endloop
  endfacet
  facet normal 0.719419 0.694576 0
    outer loop
      vertex 52.0589 23.2418 0
      vertex 52.126 23.1723 0.36
      vertex 52.126 23.1723 0
    endloop
  endfacet
  facet normal 0.843704 0.536809 0
    outer loop
      vertex 52.1783 23.0901 0.36
      vertex 52.126 23.1723 0
      vertex 52.126 23.1723 0.36
    endloop
  endfacet
  facet normal 0.843704 0.536809 0
    outer loop
      vertex 52.126 23.1723 0
      vertex 52.1783 23.0901 0.36
      vertex 52.1783 23.0901 0
    endloop
  endfacet
  facet normal 0.930692 0.365804 0
    outer loop
      vertex 52.2156 22.9952 0.36
      vertex 52.1783 23.0901 0
      vertex 52.1783 23.0901 0.36
    endloop
  endfacet
  facet normal 0.930692 0.365804 0
    outer loop
      vertex 52.1783 23.0901 0
      vertex 52.2156 22.9952 0.36
      vertex 52.2156 22.9952 0
    endloop
  endfacet
  facet normal 0.979154 0.203118 0
    outer loop
      vertex 52.2379 22.8877 0.36
      vertex 52.2156 22.9952 0
      vertex 52.2156 22.9952 0.36
    endloop
  endfacet
  facet normal 0.979154 0.203118 0
    outer loop
      vertex 52.2156 22.9952 0
      vertex 52.2379 22.8877 0.36
      vertex 52.2379 22.8877 0
    endloop
  endfacet
  facet normal 0.998056 0.0623265 0
    outer loop
      vertex 52.2454 22.7676 0.36
      vertex 52.2379 22.8877 0
      vertex 52.2379 22.8877 0.36
    endloop
  endfacet
  facet normal 0.998056 0.0623265 0
    outer loop
      vertex 52.2379 22.8877 0
      vertex 52.2454 22.7676 0.36
      vertex 52.2454 22.7676 0
    endloop
  endfacet
  facet normal 0.999551 -0.029955 0
    outer loop
      vertex 52.2435 22.7042 0.36
      vertex 52.2454 22.7676 0
      vertex 52.2454 22.7676 0.36
    endloop
  endfacet
  facet normal 0.999551 -0.029955 0
    outer loop
      vertex 52.2454 22.7676 0
      vertex 52.2435 22.7042 0.36
      vertex 52.2435 22.7042 0
    endloop
  endfacet
  facet normal 0.995729 -0.0923193 0
    outer loop
      vertex 52.2379 22.6438 0.36
      vertex 52.2435 22.7042 0
      vertex 52.2435 22.7042 0.36
    endloop
  endfacet
  facet normal 0.995729 -0.0923193 0
    outer loop
      vertex 52.2435 22.7042 0
      vertex 52.2379 22.6438 0.36
      vertex 52.2379 22.6438 0
    endloop
  endfacet
  facet normal 0.98681 -0.161885 0
    outer loop
      vertex 52.2285 22.5865 0.36
      vertex 52.2379 22.6438 0
      vertex 52.2379 22.6438 0.36
    endloop
  endfacet
  facet normal 0.98681 -0.161885 0
    outer loop
      vertex 52.2379 22.6438 0
      vertex 52.2285 22.5865 0.36
      vertex 52.2285 22.5865 0
    endloop
  endfacet
  facet normal 0.971601 -0.236626 0
    outer loop
      vertex 52.2153 22.5323 0.36
      vertex 52.2285 22.5865 0
      vertex 52.2285 22.5865 0.36
    endloop
  endfacet
  facet normal 0.971601 -0.236626 0
    outer loop
      vertex 52.2285 22.5865 0
      vertex 52.2153 22.5323 0.36
      vertex 52.2153 22.5323 0
    endloop
  endfacet
  facet normal 0.949788 -0.312893 0
    outer loop
      vertex 52.1984 22.481 0.36
      vertex 52.2153 22.5323 0
      vertex 52.2153 22.5323 0.36
    endloop
  endfacet
  facet normal 0.949788 -0.312893 0
    outer loop
      vertex 52.2153 22.5323 0
      vertex 52.1984 22.481 0.36
      vertex 52.1984 22.481 0
    endloop
  endfacet
  facet normal 0.918849 -0.394609 0
    outer loop
      vertex 52.1777 22.4328 0.36
      vertex 52.1984 22.481 0
      vertex 52.1984 22.481 0.36
    endloop
  endfacet
  facet normal 0.918849 -0.394609 0
    outer loop
      vertex 52.1984 22.481 0
      vertex 52.1777 22.4328 0.36
      vertex 52.1777 22.4328 0
    endloop
  endfacet
  facet normal 0.87953 -0.475843 0
    outer loop
      vertex 52.1533 22.3877 0.36
      vertex 52.1777 22.4328 0
      vertex 52.1777 22.4328 0.36
    endloop
  endfacet
  facet normal 0.87953 -0.475843 0
    outer loop
      vertex 52.1777 22.4328 0
      vertex 52.1533 22.3877 0.36
      vertex 52.1533 22.3877 0
    endloop
  endfacet
  facet normal 0.830834 -0.556521 0
    outer loop
      vertex 52.1251 22.3456 0.36
      vertex 52.1533 22.3877 0
      vertex 52.1533 22.3877 0.36
    endloop
  endfacet
  facet normal 0.830834 -0.556521 0
    outer loop
      vertex 52.1533 22.3877 0
      vertex 52.1251 22.3456 0.36
      vertex 52.1251 22.3456 0
    endloop
  endfacet
  facet normal 0.773073 -0.634317 0
    outer loop
      vertex 52.0931 22.3066 0.36
      vertex 52.1251 22.3456 0
      vertex 52.1251 22.3456 0.36
    endloop
  endfacet
  facet normal 0.773073 -0.634317 0
    outer loop
      vertex 52.1251 22.3456 0
      vertex 52.0931 22.3066 0.36
      vertex 52.0931 22.3066 0
    endloop
  endfacet
  facet normal 0.710059 -0.704142 0
    outer loop
      vertex 52.0574 22.2706 0.36
      vertex 52.0931 22.3066 0
      vertex 52.0931 22.3066 0.36
    endloop
  endfacet
  facet normal 0.710059 -0.704142 0
    outer loop
      vertex 52.0931 22.3066 0
      vertex 52.0574 22.2706 0.36
      vertex 52.0574 22.2706 0
    endloop
  endfacet
  facet normal 0.64057 -0.7679 0
    outer loop
      vertex 52.0182 22.2379 0
      vertex 52.0574 22.2706 0.36
      vertex 52.0182 22.2379 0.36
    endloop
  endfacet
  facet normal 0.64057 -0.7679 0
    outer loop
      vertex 52.0574 22.2706 0.36
      vertex 52.0182 22.2379 0
      vertex 52.0574 22.2706 0
    endloop
  endfacet
  facet normal 0.568504 -0.822681 0
    outer loop
      vertex 51.9758 22.2086 0
      vertex 52.0182 22.2379 0.36
      vertex 51.9758 22.2086 0.36
    endloop
  endfacet
  facet normal 0.568504 -0.822681 0
    outer loop
      vertex 52.0182 22.2379 0.36
      vertex 51.9758 22.2086 0
      vertex 52.0182 22.2379 0
    endloop
  endfacet
  facet normal 0.494698 -0.869065 0
    outer loop
      vertex 51.9303 22.1827 0
      vertex 51.9758 22.2086 0.36
      vertex 51.9303 22.1827 0.36
    endloop
  endfacet
  facet normal 0.494698 -0.869065 0
    outer loop
      vertex 51.9758 22.2086 0.36
      vertex 51.9303 22.1827 0
      vertex 51.9758 22.2086 0
    endloop
  endfacet
  facet normal 0.417168 -0.90883 0
    outer loop
      vertex 51.8815 22.1603 0
      vertex 51.9303 22.1827 0.36
      vertex 51.8815 22.1603 0.36
    endloop
  endfacet
  facet normal 0.417168 -0.90883 0
    outer loop
      vertex 51.9303 22.1827 0.36
      vertex 51.8815 22.1603 0
      vertex 51.9303 22.1827 0
    endloop
  endfacet
  facet normal 0.342179 -0.939635 0
    outer loop
      vertex 51.8296 22.1414 0
      vertex 51.8815 22.1603 0.36
      vertex 51.8296 22.1414 0.36
    endloop
  endfacet
  facet normal 0.342179 -0.939635 0
    outer loop
      vertex 51.8815 22.1603 0.36
      vertex 51.8296 22.1414 0
      vertex 51.8815 22.1603 0
    endloop
  endfacet
  facet normal 0.270341 -0.962765 0
    outer loop
      vertex 51.7744 22.1259 0
      vertex 51.8296 22.1414 0.36
      vertex 51.7744 22.1259 0.36
    endloop
  endfacet
  facet normal 0.270341 -0.962765 0
    outer loop
      vertex 51.8296 22.1414 0.36
      vertex 51.7744 22.1259 0
      vertex 51.8296 22.1414 0
    endloop
  endfacet
  facet normal 0.203216 -0.979134 0
    outer loop
      vertex 51.7161 22.1138 0
      vertex 51.7744 22.1259 0.36
      vertex 51.7161 22.1138 0.36
    endloop
  endfacet
  facet normal 0.203216 -0.979134 0
    outer loop
      vertex 51.7744 22.1259 0.36
      vertex 51.7161 22.1138 0
      vertex 51.7744 22.1259 0
    endloop
  endfacet
  facet normal 0.13849 -0.990364 0
    outer loop
      vertex 51.6546 22.1052 0
      vertex 51.7161 22.1138 0.36
      vertex 51.6546 22.1052 0.36
    endloop
  endfacet
  facet normal 0.13849 -0.990364 0
    outer loop
      vertex 51.7161 22.1138 0.36
      vertex 51.6546 22.1052 0
      vertex 51.7161 22.1138 0
    endloop
  endfacet
  facet normal 0.0801126 -0.996786 0
    outer loop
      vertex 51.5899 22.1 0
      vertex 51.6546 22.1052 0.36
      vertex 51.5899 22.1 0.36
    endloop
  endfacet
  facet normal 0.0801126 -0.996786 0
    outer loop
      vertex 51.6546 22.1052 0.36
      vertex 51.5899 22.1 0
      vertex 51.6546 22.1052 0
    endloop
  endfacet
  facet normal 0.025029 -0.999687 0
    outer loop
      vertex 51.522 22.0983 0
      vertex 51.5899 22.1 0.36
      vertex 51.522 22.0983 0.36
    endloop
  endfacet
  facet normal 0.025029 -0.999687 0
    outer loop
      vertex 51.5899 22.1 0.36
      vertex 51.522 22.0983 0
      vertex 51.5899 22.1 0
    endloop
  endfacet
  facet normal 0 -1 0
    outer loop
      vertex 50.6305 22.0983 0
      vertex 51.522 22.0983 0.36
      vertex 50.6305 22.0983 0.36
    endloop
  endfacet
  facet normal 0 -1 -0
    outer loop
      vertex 51.522 22.0983 0.36
      vertex 50.6305 22.0983 0
      vertex 51.522 22.0983 0
    endloop
  endfacet
  facet normal 0 1 -0
    outer loop
      vertex 58.6022 23.4028 0
      vertex 57.3035 23.4028 0.36
      vertex 58.6022 23.4028 0.36
    endloop
  endfacet
  facet normal 0 1 0
    outer loop
      vertex 57.3035 23.4028 0.36
      vertex 58.6022 23.4028 0
      vertex 57.3035 23.4028 0
    endloop
  endfacet
  facet normal -1 0 0
    outer loop
      vertex 58.6022 23.4028 0
      vertex 58.6022 24.0521 0.36
      vertex 58.6022 24.0521 0
    endloop
  endfacet
  facet normal -1 -0 0
    outer loop
      vertex 58.6022 24.0521 0.36
      vertex 58.6022 23.4028 0
      vertex 58.6022 23.4028 0.36
    endloop
  endfacet
  facet normal 0 -1 0
    outer loop
      vertex 55.1674 24.0521 0
      vertex 58.6022 24.0521 0.36
      vertex 55.1674 24.0521 0.36
    endloop
  endfacet
  facet normal 0 -1 -0
    outer loop
      vertex 58.6022 24.0521 0.36
      vertex 55.1674 24.0521 0
      vertex 58.6022 24.0521 0
    endloop
  endfacet
  facet normal 1 -0 0
    outer loop
      vertex 55.1674 23.4028 0.36
      vertex 55.1674 24.0521 0
      vertex 55.1674 24.0521 0.36
    endloop
  endfacet
  facet normal 1 0 0
    outer loop
      vertex 55.1674 24.0521 0
      vertex 55.1674 23.4028 0.36
      vertex 55.1674 23.4028 0
    endloop
  endfacet
  facet normal 0 1 -0
    outer loop
      vertex 56.4633 23.4028 0
      vertex 55.1674 23.4028 0.36
      vertex 56.4633 23.4028 0.36
    endloop
  endfacet
  facet normal 0 1 0
    outer loop
      vertex 55.1674 23.4028 0.36
      vertex 56.4633 23.4028 0
      vertex 55.1674 23.4028 0
    endloop
  endfacet
  facet normal 1 -0 0
    outer loop
      vertex 56.4633 20.0391 0.36
      vertex 56.4633 23.4028 0
      vertex 56.4633 23.4028 0.36
    endloop
  endfacet
  facet normal 1 0 0
    outer loop
      vertex 56.4633 23.4028 0
      vertex 56.4633 20.0391 0.36
      vertex 56.4633 20.0391 0
    endloop
  endfacet
  facet normal 0 1 -0
    outer loop
      vertex 57.3035 20.0391 0
      vertex 56.4633 20.0391 0.36
      vertex 57.3035 20.0391 0.36
    endloop
  endfacet
  facet normal 0 1 0
    outer loop
      vertex 56.4633 20.0391 0.36
      vertex 57.3035 20.0391 0
      vertex 56.4633 20.0391 0
    endloop
  endfacet
  facet normal -1 0 0
    outer loop
      vertex 57.3035 20.0391 0
      vertex 57.3035 23.4028 0.36
      vertex 57.3035 23.4028 0
    endloop
  endfacet
  facet normal -1 -0 0
    outer loop
      vertex 57.3035 23.4028 0.36
      vertex 57.3035 20.0391 0
      vertex 57.3035 20.0391 0.36
    endloop
  endfacet
  facet normal 0 1 -0
    outer loop
      vertex 67.8862 21.0645 0
      vertex 66.3568 21.0645 0.36
      vertex 67.8862 21.0645 0.36
    endloop
  endfacet
  facet normal 0 1 0
    outer loop
      vertex 66.3568 21.0645 0.36
      vertex 67.8862 21.0645 0
      vertex 66.3568 21.0645 0
    endloop
  endfacet
  facet normal 0.944657 0.32806 0
    outer loop
      vertex 68.2423 20.0391 0.36
      vertex 67.8862 21.0645 0
      vertex 67.8862 21.0645 0.36
    endloop
  endfacet
  facet normal 0.944657 0.32806 0
    outer loop
      vertex 67.8862 21.0645 0
      vertex 68.2423 20.0391 0.36
      vertex 68.2423 20.0391 0
    endloop
  endfacet
  facet normal 0 1 -0
    outer loop
      vertex 69.0739 20.0391 0
      vertex 68.2423 20.0391 0.36
      vertex 69.0739 20.0391 0.36
    endloop
  endfacet
  facet normal 0 1 0
    outer loop
      vertex 68.2423 20.0391 0.36
      vertex 69.0739 20.0391 0
      vertex 68.2423 20.0391 0
    endloop
  endfacet
  facet normal -0.939874 -0.341521 0
    outer loop
      vertex 69.0739 20.0391 0
      vertex 67.6157 24.0521 0.36
      vertex 67.6157 24.0521 0
    endloop
  endfacet
  facet normal -0.939874 -0.341521 0
    outer loop
      vertex 67.6157 24.0521 0.36
      vertex 69.0739 20.0391 0
      vertex 69.0739 20.0391 0.36
    endloop
  endfacet
  facet normal 0 -1 0
    outer loop
      vertex 66.6245 24.0521 0
      vertex 67.6157 24.0521 0.36
      vertex 66.6245 24.0521 0.36
    endloop
  endfacet
  facet normal 0 -1 -0
    outer loop
      vertex 67.6157 24.0521 0.36
      vertex 66.6245 24.0521 0
      vertex 67.6157 24.0521 0
    endloop
  endfacet
  facet normal 0.939445 -0.3427 0
    outer loop
      vertex 65.1606 20.0391 0.36
      vertex 66.6245 24.0521 0
      vertex 66.6245 24.0521 0.36
    endloop
  endfacet
  facet normal 0.939445 -0.3427 0
    outer loop
      vertex 66.6245 24.0521 0
      vertex 65.1606 20.0391 0.36
      vertex 65.1606 20.0391 0
    endloop
  endfacet
  facet normal 0 1 -0
    outer loop
      vertex 66.0008 20.0391 0
      vertex 65.1606 20.0391 0.36
      vertex 66.0008 20.0391 0.36
    endloop
  endfacet
  facet normal 0 1 0
    outer loop
      vertex 65.1606 20.0391 0.36
      vertex 66.0008 20.0391 0
      vertex 65.1606 20.0391 0
    endloop
  endfacet
  facet normal -0.944686 0.327977 0
    outer loop
      vertex 66.0008 20.0391 0
      vertex 66.3568 21.0645 0.36
      vertex 66.3568 21.0645 0
    endloop
  endfacet
  facet normal -0.944686 0.327977 0
    outer loop
      vertex 66.3568 21.0645 0.36
      vertex 66.0008 20.0391 0
      vertex 66.0008 20.0391 0.36
    endloop
  endfacet
  facet normal -0.94585 0.324604 0
    outer loop
      vertex 66.5448 21.6967 0
      vertex 66.6307 21.947 0.36
      vertex 66.6307 21.947 0
    endloop
  endfacet
  facet normal -0.94585 0.324604 0
    outer loop
      vertex 66.6307 21.947 0.36
      vertex 66.5448 21.6967 0
      vertex 66.5448 21.6967 0.36
    endloop
  endfacet
  facet normal -0.945935 0.324356 0
    outer loop
      vertex 66.6307 21.947 0
      vertex 66.7084 22.1736 0.36
      vertex 66.7084 22.1736 0
    endloop
  endfacet
  facet normal -0.945935 0.324356 0
    outer loop
      vertex 66.7084 22.1736 0.36
      vertex 66.6307 21.947 0
      vertex 66.6307 21.947 0.36
    endloop
  endfacet
  facet normal -0.946138 0.323765 0
    outer loop
      vertex 66.7084 22.1736 0
      vertex 66.7779 22.3767 0.36
      vertex 66.7779 22.3767 0
    endloop
  endfacet
  facet normal -0.946138 0.323765 0
    outer loop
      vertex 66.7779 22.3767 0.36
      vertex 66.7084 22.1736 0
      vertex 66.7084 22.1736 0.36
    endloop
  endfacet
  facet normal -0.946338 0.323178 0
    outer loop
      vertex 66.7779 22.3767 0
      vertex 66.8392 22.5562 0.36
      vertex 66.8392 22.5562 0
    endloop
  endfacet
  facet normal -0.946338 0.323178 0
    outer loop
      vertex 66.8392 22.5562 0.36
      vertex 66.7779 22.3767 0
      vertex 66.7779 22.3767 0.36
    endloop
  endfacet
  facet normal -0.946784 0.32187 0
    outer loop
      vertex 66.8392 22.5562 0
      vertex 66.8922 22.7121 0.36
      vertex 66.8922 22.7121 0
    endloop
  endfacet
  facet normal -0.946784 0.32187 0
    outer loop
      vertex 66.8922 22.7121 0.36
      vertex 66.8392 22.5562 0
      vertex 66.8392 22.5562 0.36
    endloop
  endfacet
  facet normal -0.946951 0.321377 0
    outer loop
      vertex 66.8922 22.7121 0
      vertex 66.9371 22.8444 0.36
      vertex 66.9371 22.8444 0
    endloop
  endfacet
  facet normal -0.946951 0.321377 0
    outer loop
      vertex 66.9371 22.8444 0.36
      vertex 66.8922 22.7121 0
      vertex 66.8922 22.7121 0.36
    endloop
  endfacet
  facet normal -0.947545 0.319622 0
    outer loop
      vertex 66.9371 22.8444 0
      vertex 66.9738 22.9532 0.36
      vertex 66.9738 22.9532 0
    endloop
  endfacet
  facet normal -0.947545 0.319622 0
    outer loop
      vertex 66.9738 22.9532 0.36
      vertex 66.9371 22.8444 0
      vertex 66.9371 22.8444 0.36
    endloop
  endfacet
  facet normal -0.948237 0.317565 0
    outer loop
      vertex 66.9738 22.9532 0
      vertex 67.0023 23.0383 0.36
      vertex 67.0023 23.0383 0
    endloop
  endfacet
  facet normal -0.948237 0.317565 0
    outer loop
      vertex 67.0023 23.0383 0.36
      vertex 66.9738 22.9532 0
      vertex 66.9738 22.9532 0.36
    endloop
  endfacet
  facet normal -0.949757 0.312988 0
    outer loop
      vertex 67.0023 23.0383 0
      vertex 67.0226 23.0999 0.36
      vertex 67.0226 23.0999 0
    endloop
  endfacet
  facet normal -0.949757 0.312988 0
    outer loop
      vertex 67.0226 23.0999 0.36
      vertex 67.0023 23.0383 0
      vertex 67.0023 23.0383 0.36
    endloop
  endfacet
  facet normal -0.95286 0.303411 0
    outer loop
      vertex 67.0226 23.0999 0
      vertex 67.0347 23.1379 0.36
      vertex 67.0347 23.1379 0
    endloop
  endfacet
  facet normal -0.95286 0.303411 0
    outer loop
      vertex 67.0347 23.1379 0.36
      vertex 67.0226 23.0999 0
      vertex 67.0226 23.0999 0.36
    endloop
  endfacet
  facet normal -0.95752 0.288365 0
    outer loop
      vertex 67.0347 23.1379 0
      vertex 67.0425 23.1638 0.36
      vertex 67.0425 23.1638 0
    endloop
  endfacet
  facet normal -0.95752 0.288365 0
    outer loop
      vertex 67.0425 23.1638 0.36
      vertex 67.0347 23.1379 0
      vertex 67.0347 23.1379 0.36
    endloop
  endfacet
  facet normal -0.957722 0.287695 0
    outer loop
      vertex 67.0425 23.1638 0
      vertex 67.0501 23.1891 0.36
      vertex 67.0501 23.1891 0
    endloop
  endfacet
  facet normal -0.957722 0.287695 0
    outer loop
      vertex 67.0501 23.1891 0.36
      vertex 67.0425 23.1638 0
      vertex 67.0425 23.1638 0.36
    endloop
  endfacet
  facet normal -0.958251 0.28593 0
    outer loop
      vertex 67.0501 23.1891 0
      vertex 67.0575 23.2139 0.36
      vertex 67.0575 23.2139 0
    endloop
  endfacet
  facet normal -0.958251 0.28593 0
    outer loop
      vertex 67.0575 23.2139 0.36
      vertex 67.0501 23.1891 0
      vertex 67.0501 23.1891 0.36
    endloop
  endfacet
  facet normal -0.958758 0.284225 0
    outer loop
      vertex 67.0575 23.2139 0
      vertex 67.0717 23.2618 0.36
      vertex 67.0717 23.2618 0
    endloop
  endfacet
  facet normal -0.958758 0.284225 0
    outer loop
      vertex 67.0717 23.2618 0.36
      vertex 67.0575 23.2139 0
      vertex 67.0575 23.2139 0.36
    endloop
  endfacet
  facet normal -0.960093 0.279679 0
    outer loop
      vertex 67.0717 23.2618 0
      vertex 67.0784 23.2848 0.36
      vertex 67.0784 23.2848 0
    endloop
  endfacet
  facet normal -0.960093 0.279679 0
    outer loop
      vertex 67.0784 23.2848 0.36
      vertex 67.0717 23.2618 0
      vertex 67.0717 23.2618 0.36
    endloop
  endfacet
  facet normal -0.960714 0.27754 0
    outer loop
      vertex 67.0784 23.2848 0
      vertex 67.0849 23.3073 0.36
      vertex 67.0849 23.3073 0
    endloop
  endfacet
  facet normal -0.960714 0.27754 0
    outer loop
      vertex 67.0849 23.3073 0.36
      vertex 67.0784 23.2848 0
      vertex 67.0784 23.2848 0.36
    endloop
  endfacet
  facet normal -0.961359 0.275298 0
    outer loop
      vertex 67.0849 23.3073 0
      vertex 67.0912 23.3293 0.36
      vertex 67.0912 23.3293 0
    endloop
  endfacet
  facet normal -0.961359 0.275298 0
    outer loop
      vertex 67.0912 23.3293 0.36
      vertex 67.0849 23.3073 0
      vertex 67.0849 23.3073 0.36
    endloop
  endfacet
  facet normal -0.96254 0.271138 0
    outer loop
      vertex 67.0912 23.3293 0
      vertex 67.0972 23.3506 0.36
      vertex 67.0972 23.3506 0
    endloop
  endfacet
  facet normal -0.96254 0.271138 0
    outer loop
      vertex 67.0972 23.3506 0.36
      vertex 67.0912 23.3293 0
      vertex 67.0912 23.3293 0.36
    endloop
  endfacet
  facet normal -0.963252 0.268599 0
    outer loop
      vertex 67.0972 23.3506 0
      vertex 67.103 23.3714 0.36
      vertex 67.103 23.3714 0
    endloop
  endfacet
  facet normal -0.963252 0.268599 0
    outer loop
      vertex 67.103 23.3714 0.36
      vertex 67.0972 23.3506 0
      vertex 67.0972 23.3506 0.36
    endloop
  endfacet
  facet normal -0.964764 0.263117 0
    outer loop
      vertex 67.103 23.3714 0
      vertex 67.1201 23.4341 0.36
      vertex 67.1201 23.4341 0
    endloop
  endfacet
  facet normal -0.964764 0.263117 0
    outer loop
      vertex 67.1201 23.4341 0.36
      vertex 67.103 23.3714 0
      vertex 67.103 23.3714 0.36
    endloop
  endfacet
  facet normal 0.956721 0.291007 0
    outer loop
      vertex 67.1799 23.2375 0.36
      vertex 67.1201 23.4341 0
      vertex 67.1201 23.4341 0.36
    endloop
  endfacet
  facet normal 0.956721 0.291007 0
    outer loop
      vertex 67.1201 23.4341 0
      vertex 67.1799 23.2375 0.36
      vertex 67.1799 23.2375 0
    endloop
  endfacet
  facet normal 0.953445 0.301567 0
    outer loop
      vertex 67.3024 22.8502 0.36
      vertex 67.1799 23.2375 0
      vertex 67.1799 23.2375 0.36
    endloop
  endfacet
  facet normal 0.953445 0.301567 0
    outer loop
      vertex 67.1799 23.2375 0
      vertex 67.3024 22.8502 0.36
      vertex 67.3024 22.8502 0
    endloop
  endfacet
  facet normal 0.945867 0.324555 0
    outer loop
      vertex 67.6982 21.6967 0.36
      vertex 67.3024 22.8502 0
      vertex 67.3024 22.8502 0.36
    endloop
  endfacet
  facet normal 0.945867 0.324555 0
    outer loop
      vertex 67.3024 22.8502 0
      vertex 67.6982 21.6967 0.36
      vertex 67.6982 21.6967 0
    endloop
  endfacet
  facet normal 0 -1 0
    outer loop
      vertex 66.5448 21.6967 0
      vertex 67.6982 21.6967 0.36
      vertex 66.5448 21.6967 0.36
    endloop
  endfacet
  facet normal 0 -1 -0
    outer loop
      vertex 67.6982 21.6967 0.36
      vertex 66.5448 21.6967 0
      vertex 67.6982 21.6967 0
    endloop
  endfacet
  facet normal -0.0655065 0.997852 0
    outer loop
      vertex 71.6969 20.0489 0
      vertex 71.5857 20.0416 0.36
      vertex 71.6969 20.0489 0.36
    endloop
  endfacet
  facet normal -0.0655065 0.997852 0
    outer loop
      vertex 71.5857 20.0416 0.36
      vertex 71.6969 20.0489 0
      vertex 71.5857 20.0416 0
    endloop
  endfacet
  facet normal -0.11254 0.993647 0
    outer loop
      vertex 71.8055 20.0612 0
      vertex 71.6969 20.0489 0.36
      vertex 71.8055 20.0612 0.36
    endloop
  endfacet
  facet normal -0.11254 0.993647 0
    outer loop
      vertex 71.6969 20.0489 0.36
      vertex 71.8055 20.0612 0
      vertex 71.6969 20.0489 0
    endloop
  endfacet
  facet normal -0.159262 0.987236 0
    outer loop
      vertex 71.9115 20.0783 0
      vertex 71.8055 20.0612 0.36
      vertex 71.9115 20.0783 0.36
    endloop
  endfacet
  facet normal -0.159262 0.987236 0
    outer loop
      vertex 71.8055 20.0612 0.36
      vertex 71.9115 20.0783 0
      vertex 71.8055 20.0612 0
    endloop
  endfacet
  facet normal -0.209012 0.977913 0
    outer loop
      vertex 72.0149 20.1004 0
      vertex 71.9115 20.0783 0.36
      vertex 72.0149 20.1004 0.36
    endloop
  endfacet
  facet normal -0.209012 0.977913 0
    outer loop
      vertex 71.9115 20.0783 0.36
      vertex 72.0149 20.1004 0
      vertex 71.9115 20.0783 0
    endloop
  endfacet
  facet normal -0.257842 0.966187 0
    outer loop
      vertex 72.1157 20.1273 0
      vertex 72.0149 20.1004 0.36
      vertex 72.1157 20.1273 0.36
    endloop
  endfacet
  facet normal -0.257842 0.966187 0
    outer loop
      vertex 72.0149 20.1004 0.36
      vertex 72.1157 20.1273 0
      vertex 72.0149 20.1004 0
    endloop
  endfacet
  facet normal -0.308078 0.951361 0
    outer loop
      vertex 72.2139 20.1591 0
      vertex 72.1157 20.1273 0.36
      vertex 72.2139 20.1591 0.36
    endloop
  endfacet
  facet normal -0.308078 0.951361 0
    outer loop
      vertex 72.1157 20.1273 0.36
      vertex 72.2139 20.1591 0
      vertex 72.1157 20.1273 0
    endloop
  endfacet
  facet normal -0.358914 0.933371 0
    outer loop
      vertex 72.3096 20.1959 0
      vertex 72.2139 20.1591 0.36
      vertex 72.3096 20.1959 0.36
    endloop
  endfacet
  facet normal -0.358914 0.933371 0
    outer loop
      vertex 72.2139 20.1591 0.36
      vertex 72.3096 20.1959 0
      vertex 72.2139 20.1591 0
    endloop
  endfacet
  facet normal -0.408323 0.912838 0
    outer loop
      vertex 72.4026 20.2375 0
      vertex 72.3096 20.1959 0.36
      vertex 72.4026 20.2375 0.36
    endloop
  endfacet
  facet normal -0.408323 0.912838 0
    outer loop
      vertex 72.3096 20.1959 0.36
      vertex 72.4026 20.2375 0
      vertex 72.3096 20.1959 0
    endloop
  endfacet
  facet normal -0.458192 0.888853 0
    outer loop
      vertex 72.493 20.2841 0
      vertex 72.4026 20.2375 0.36
      vertex 72.493 20.2841 0.36
    endloop
  endfacet
  facet normal -0.458192 0.888853 0
    outer loop
      vertex 72.4026 20.2375 0.36
      vertex 72.493 20.2841 0
      vertex 72.4026 20.2375 0
    endloop
  endfacet
  facet normal -0.506761 0.862087 0
    outer loop
      vertex 72.5801 20.3353 0
      vertex 72.493 20.2841 0.36
      vertex 72.5801 20.3353 0.36
    endloop
  endfacet
  facet normal -0.506761 0.862087 0
    outer loop
      vertex 72.493 20.2841 0.36
      vertex 72.5801 20.3353 0
      vertex 72.493 20.2841 0
    endloop
  endfacet
  facet normal -0.555393 0.831588 0
    outer loop
      vertex 72.6632 20.3908 0
      vertex 72.5801 20.3353 0.36
      vertex 72.6632 20.3908 0.36
    endloop
  endfacet
  facet normal -0.555393 0.831588 0
    outer loop
      vertex 72.5801 20.3353 0.36
      vertex 72.6632 20.3908 0
      vertex 72.5801 20.3353 0
    endloop
  endfacet
  facet normal -0.603702 0.79721 0
    outer loop
      vertex 72.7423 20.4507 0
      vertex 72.6632 20.3908 0.36
      vertex 72.7423 20.4507 0.36
    endloop
  endfacet
  facet normal -0.603702 0.79721 0
    outer loop
      vertex 72.6632 20.3908 0.36
      vertex 72.7423 20.4507 0
      vertex 72.6632 20.3908 0
    endloop
  endfacet
  facet normal -0.650291 0.759685 0
    outer loop
      vertex 72.8173 20.5149 0
      vertex 72.7423 20.4507 0.36
      vertex 72.8173 20.5149 0.36
    endloop
  endfacet
  facet normal -0.650291 0.759685 0
    outer loop
      vertex 72.7423 20.4507 0.36
      vertex 72.8173 20.5149 0
      vertex 72.7423 20.4507 0
    endloop
  endfacet
  facet normal -0.695354 0.718667 0
    outer loop
      vertex 72.8882 20.5835 0
      vertex 72.8173 20.5149 0.36
      vertex 72.8882 20.5835 0.36
    endloop
  endfacet
  facet normal -0.695354 0.718667 0
    outer loop
      vertex 72.8173 20.5149 0.36
      vertex 72.8882 20.5835 0
      vertex 72.8173 20.5149 0
    endloop
  endfacet
  facet normal -0.736776 0.676136 0
    outer loop
      vertex 72.8882 20.5835 0
      vertex 72.9551 20.6564 0.36
      vertex 72.9551 20.6564 0
    endloop
  endfacet
  facet normal -0.736776 0.676136 0
    outer loop
      vertex 72.9551 20.6564 0.36
      vertex 72.8882 20.5835 0
      vertex 72.8882 20.5835 0.36
    endloop
  endfacet
  facet normal -0.775653 0.631159 0
    outer loop
      vertex 72.9551 20.6564 0
      vertex 73.018 20.7337 0.36
      vertex 73.018 20.7337 0
    endloop
  endfacet
  facet normal -0.775653 0.631159 0
    outer loop
      vertex 73.018 20.7337 0.36
      vertex 72.9551 20.6564 0
      vertex 72.9551 20.6564 0.36
    endloop
  endfacet
  facet normal -0.811647 0.584148 0
    outer loop
      vertex 73.018 20.7337 0
      vertex 73.0768 20.8154 0.36
      vertex 73.0768 20.8154 0
    endloop
  endfacet
  facet normal -0.811647 0.584148 0
    outer loop
      vertex 73.0768 20.8154 0.36
      vertex 73.018 20.7337 0
      vertex 73.018 20.7337 0.36
    endloop
  endfacet
  facet normal -0.843338 0.537383 0
    outer loop
      vertex 73.0768 20.8154 0
      vertex 73.1316 20.9014 0.36
      vertex 73.1316 20.9014 0
    endloop
  endfacet
  facet normal -0.843338 0.537383 0
    outer loop
      vertex 73.1316 20.9014 0.36
      vertex 73.0768 20.8154 0
      vertex 73.0768 20.8154 0.36
    endloop
  endfacet
  facet normal -0.872193 0.489161 0
    outer loop
      vertex 73.1316 20.9014 0
      vertex 73.1823 20.9918 0.36
      vertex 73.1823 20.9918 0
    endloop
  endfacet
  facet normal -0.872193 0.489161 0
    outer loop
      vertex 73.1823 20.9918 0.36
      vertex 73.1316 20.9014 0
      vertex 73.1316 20.9014 0.36
    endloop
  endfacet
  facet normal -0.897832 0.440338 0
    outer loop
      vertex 73.1823 20.9918 0
      vertex 73.2285 21.086 0.36
      vertex 73.2285 21.086 0
    endloop
  endfacet
  facet normal -0.897832 0.440338 0
    outer loop
      vertex 73.2285 21.086 0.36
      vertex 73.1823 20.9918 0
      vertex 73.1823 20.9918 0.36
    endloop
  endfacet
  facet normal -0.920169 0.391521 0
    outer loop
      vertex 73.2285 21.086 0
      vertex 73.2699 21.1833 0.36
      vertex 73.2699 21.1833 0
    endloop
  endfacet
  facet normal -0.920169 0.391521 0
    outer loop
      vertex 73.2699 21.1833 0.36
      vertex 73.2285 21.086 0
      vertex 73.2285 21.086 0.36
    endloop
  endfacet
  facet normal -0.93963 0.342193 0
    outer loop
      vertex 73.2699 21.1833 0
      vertex 73.3065 21.2838 0.36
      vertex 73.3065 21.2838 0
    endloop
  endfacet
  facet normal -0.93963 0.342193 0
    outer loop
      vertex 73.3065 21.2838 0.36
      vertex 73.2699 21.1833 0
      vertex 73.2699 21.1833 0.36
    endloop
  endfacet
  facet normal -0.956495 0.291749 0
    outer loop
      vertex 73.3065 21.2838 0
      vertex 73.3381 21.3874 0.36
      vertex 73.3381 21.3874 0
    endloop
  endfacet
  facet normal -0.956495 0.291749 0
    outer loop
      vertex 73.3381 21.3874 0.36
      vertex 73.3065 21.2838 0
      vertex 73.3065 21.2838 0.36
    endloop
  endfacet
  facet normal -0.969928 0.24339 0
    outer loop
      vertex 73.3381 21.3874 0
      vertex 73.3649 21.4942 0.36
      vertex 73.3649 21.4942 0
    endloop
  endfacet
  facet normal -0.969928 0.24339 0
    outer loop
      vertex 73.3649 21.4942 0.36
      vertex 73.3381 21.3874 0
      vertex 73.3381 21.3874 0.36
    endloop
  endfacet
  facet normal -0.980718 0.19543 0
    outer loop
      vertex 73.3649 21.4942 0
      vertex 73.3868 21.6041 0.36
      vertex 73.3868 21.6041 0
    endloop
  endfacet
  facet normal -0.980718 0.19543 0
    outer loop
      vertex 73.3868 21.6041 0.36
      vertex 73.3649 21.4942 0
      vertex 73.3649 21.4942 0.36
    endloop
  endfacet
  facet normal -0.988763 0.149495 0
    outer loop
      vertex 73.3868 21.6041 0
      vertex 73.4039 21.7172 0.36
      vertex 73.4039 21.7172 0
    endloop
  endfacet
  facet normal -0.988763 0.149495 0
    outer loop
      vertex 73.4039 21.7172 0.36
      vertex 73.3868 21.6041 0
      vertex 73.3868 21.6041 0.36
    endloop
  endfacet
  facet normal -0.994543 0.104329 0
    outer loop
      vertex 73.4039 21.7172 0
      vertex 73.4161 21.8335 0.36
      vertex 73.4161 21.8335 0
    endloop
  endfacet
  facet normal -0.994543 0.104329 0
    outer loop
      vertex 73.4161 21.8335 0.36
      vertex 73.4039 21.7172 0
      vertex 73.4039 21.7172 0.36
    endloop
  endfacet
  facet normal -0.998136 0.0610251 0
    outer loop
      vertex 73.4161 21.8335 0
      vertex 73.4234 21.9529 0.36
      vertex 73.4234 21.9529 0
    endloop
  endfacet
  facet normal -0.998136 0.0610251 0
    outer loop
      vertex 73.4234 21.9529 0.36
      vertex 73.4161 21.8335 0
      vertex 73.4161 21.8335 0.36
    endloop
  endfacet
  facet normal -0.999808 0.0195721 0
    outer loop
      vertex 73.4234 21.9529 0
      vertex 73.4258 22.0755 0.36
      vertex 73.4258 22.0755 0
    endloop
  endfacet
  facet normal -0.999808 0.0195721 0
    outer loop
      vertex 73.4258 22.0755 0.36
      vertex 73.4234 21.9529 0
      vertex 73.4234 21.9529 0.36
    endloop
  endfacet
  facet normal -0.999549 -0.0300294 0
    outer loop
      vertex 73.4258 22.0755 0
      vertex 73.4202 22.2619 0.36
      vertex 73.4202 22.2619 0
    endloop
  endfacet
  facet normal -0.999549 -0.0300294 0
    outer loop
      vertex 73.4202 22.2619 0.36
      vertex 73.4258 22.0755 0
      vertex 73.4258 22.0755 0.36
    endloop
  endfacet
  facet normal -0.99566 -0.0930628 0
    outer loop
      vertex 73.4202 22.2619 0
      vertex 73.4036 22.4395 0.36
      vertex 73.4036 22.4395 0
    endloop
  endfacet
  facet normal -0.99566 -0.0930628 0
    outer loop
      vertex 73.4036 22.4395 0.36
      vertex 73.4202 22.2619 0
      vertex 73.4202 22.2619 0.36
    endloop
  endfacet
  facet normal -0.986677 -0.162691 0
    outer loop
      vertex 73.4036 22.4395 0
      vertex 73.3758 22.6081 0.36
      vertex 73.3758 22.6081 0
    endloop
  endfacet
  facet normal -0.986677 -0.162691 0
    outer loop
      vertex 73.3758 22.6081 0.36
      vertex 73.4036 22.4395 0
      vertex 73.4036 22.4395 0.36
    endloop
  endfacet
  facet normal -0.97166 -0.236383 0
    outer loop
      vertex 73.3758 22.6081 0
      vertex 73.3369 22.768 0.36
      vertex 73.3369 22.768 0
    endloop
  endfacet
  facet normal -0.97166 -0.236383 0
    outer loop
      vertex 73.3369 22.768 0.36
      vertex 73.3758 22.6081 0
      vertex 73.3758 22.6081 0.36
    endloop
  endfacet
  facet normal -0.949248 -0.314529 0
    outer loop
      vertex 73.3369 22.768 0
      vertex 73.2869 22.9189 0.36
      vertex 73.2869 22.9189 0
    endloop
  endfacet
  facet normal -0.949248 -0.314529 0
    outer loop
      vertex 73.2869 22.9189 0.36
      vertex 73.3369 22.768 0
      vertex 73.3369 22.768 0.36
    endloop
  endfacet
  facet normal -0.918676 -0.395011 0
    outer loop
      vertex 73.2869 22.9189 0
      vertex 73.2258 23.061 0.36
      vertex 73.2258 23.061 0
    endloop
  endfacet
  facet normal -0.918676 -0.395011 0
    outer loop
      vertex 73.2258 23.061 0.36
      vertex 73.2869 22.9189 0
      vertex 73.2869 22.9189 0.36
    endloop
  endfacet
  facet normal -0.879303 -0.476262 0
    outer loop
      vertex 73.2258 23.061 0
      vertex 73.1536 23.1943 0.36
      vertex 73.1536 23.1943 0
    endloop
  endfacet
  facet normal -0.879303 -0.476262 0
    outer loop
      vertex 73.1536 23.1943 0.36
      vertex 73.2258 23.061 0
      vertex 73.2258 23.061 0.36
    endloop
  endfacet
  facet normal -0.830918 -0.556395 0
    outer loop
      vertex 73.1536 23.1943 0
      vertex 73.0703 23.3187 0.36
      vertex 73.0703 23.3187 0
    endloop
  endfacet
  facet normal -0.830918 -0.556395 0
    outer loop
      vertex 73.0703 23.3187 0.36
      vertex 73.1536 23.1943 0
      vertex 73.1536 23.1943 0.36
    endloop
  endfacet
  facet normal -0.774286 -0.632836 0
    outer loop
      vertex 73.0703 23.3187 0
      vertex 72.9759 23.4342 0.36
      vertex 72.9759 23.4342 0
    endloop
  endfacet
  facet normal -0.774286 -0.632836 0
    outer loop
      vertex 72.9759 23.4342 0.36
      vertex 73.0703 23.3187 0
      vertex 73.0703 23.3187 0.36
    endloop
  endfacet
  facet normal -0.711094 -0.703097 0
    outer loop
      vertex 72.9759 23.4342 0
      vertex 72.8704 23.5409 0.36
      vertex 72.8704 23.5409 0
    endloop
  endfacet
  facet normal -0.711094 -0.703097 0
    outer loop
      vertex 72.8704 23.5409 0.36
      vertex 72.9759 23.4342 0
      vertex 72.9759 23.4342 0.36
    endloop
  endfacet
  facet normal -0.64285 -0.765992 0
    outer loop
      vertex 72.7547 23.638 0
      vertex 72.8704 23.5409 0.36
      vertex 72.7547 23.638 0.36
    endloop
  endfacet
  facet normal -0.64285 -0.765992 -0
    outer loop
      vertex 72.8704 23.5409 0.36
      vertex 72.7547 23.638 0
      vertex 72.8704 23.5409 0
    endloop
  endfacet
  facet normal -0.57143 -0.82065 0
    outer loop
      vertex 72.6299 23.7249 0
      vertex 72.7547 23.638 0.36
      vertex 72.6299 23.7249 0.36
    endloop
  endfacet
  facet normal -0.57143 -0.82065 -0
    outer loop
      vertex 72.7547 23.638 0.36
      vertex 72.6299 23.7249 0
      vertex 72.7547 23.638 0
    endloop
  endfacet
  facet normal -0.496767 -0.867884 0
    outer loop
      vertex 72.4959 23.8016 0
      vertex 72.6299 23.7249 0.36
      vertex 72.4959 23.8016 0.36
    endloop
  endfacet
  facet normal -0.496767 -0.867884 -0
    outer loop
      vertex 72.6299 23.7249 0.36
      vertex 72.4959 23.8016 0
      vertex 72.6299 23.7249 0
    endloop
  endfacet
  facet normal -0.421186 -0.906974 0
    outer loop
      vertex 72.3527 23.8681 0
      vertex 72.4959 23.8016 0.36
      vertex 72.3527 23.8681 0.36
    endloop
  endfacet
  facet normal -0.421186 -0.906974 -0
    outer loop
      vertex 72.4959 23.8016 0.36
      vertex 72.3527 23.8681 0
      vertex 72.4959 23.8016 0
    endloop
  endfacet
  facet normal -0.346191 -0.938164 0
    outer loop
      vertex 72.2004 23.9243 0
      vertex 72.3527 23.8681 0.36
      vertex 72.2004 23.9243 0.36
    endloop
  endfacet
  facet normal -0.346191 -0.938164 -0
    outer loop
      vertex 72.3527 23.8681 0.36
      vertex 72.2004 23.9243 0
      vertex 72.3527 23.8681 0
    endloop
  endfacet
  facet normal -0.273935 -0.961748 0
    outer loop
      vertex 72.0389 23.9703 0
      vertex 72.2004 23.9243 0.36
      vertex 72.0389 23.9703 0.36
    endloop
  endfacet
  facet normal -0.273935 -0.961748 -0
    outer loop
      vertex 72.2004 23.9243 0.36
      vertex 72.0389 23.9703 0
      vertex 72.2004 23.9243 0
    endloop
  endfacet
  facet normal -0.205259 -0.978708 0
    outer loop
      vertex 71.8682 24.0061 0
      vertex 72.0389 23.9703 0.36
      vertex 71.8682 24.0061 0.36
    endloop
  endfacet
  facet normal -0.205259 -0.978708 -0
    outer loop
      vertex 72.0389 23.9703 0.36
      vertex 71.8682 24.0061 0
      vertex 72.0389 23.9703 0
    endloop
  endfacet
  facet normal -0.140882 -0.990026 0
    outer loop
      vertex 71.6883 24.0317 0
      vertex 71.8682 24.0061 0.36
      vertex 71.6883 24.0317 0.36
    endloop
  endfacet
  facet normal -0.140882 -0.990026 -0
    outer loop
      vertex 71.8682 24.0061 0.36
      vertex 71.6883 24.0317 0
      vertex 71.8682 24.0061 0
    endloop
  endfacet
  facet normal -0.0806884 -0.996739 0
    outer loop
      vertex 71.4993 24.047 0
      vertex 71.6883 24.0317 0.36
      vertex 71.4993 24.047 0.36
    endloop
  endfacet
  facet normal -0.0806884 -0.996739 -0
    outer loop
      vertex 71.6883 24.0317 0.36
      vertex 71.4993 24.047 0
      vertex 71.6883 24.0317 0
    endloop
  endfacet
  facet normal -0.0257231 -0.999669 0
    outer loop
      vertex 71.3011 24.0521 0
      vertex 71.4993 24.047 0.36
      vertex 71.3011 24.0521 0.36
    endloop
  endfacet
  facet normal -0.0257231 -0.999669 -0
    outer loop
      vertex 71.4993 24.047 0.36
      vertex 71.3011 24.0521 0
      vertex 71.4993 24.047 0
    endloop
  endfacet
  facet normal 0 -1 0
    outer loop
      vertex 69.8485 24.0521 0
      vertex 71.3011 24.0521 0.36
      vertex 69.8485 24.0521 0.36
    endloop
  endfacet
  facet normal 0 -1 -0
    outer loop
      vertex 71.3011 24.0521 0.36
      vertex 69.8485 24.0521 0
      vertex 71.3011 24.0521 0
    endloop
  endfacet
  facet normal 1 -0 0
    outer loop
      vertex 69.8485 20.0391 0.36
      vertex 69.8485 24.0521 0
      vertex 69.8485 24.0521 0.36
    endloop
  endfacet
  facet normal 1 0 0
    outer loop
      vertex 69.8485 24.0521 0
      vertex 69.8485 20.0391 0.36
      vertex 69.8485 20.0391 0
    endloop
  endfacet
  facet normal 0 1 -0
    outer loop
      vertex 71.472 20.0391 0
      vertex 69.8485 20.0391 0.36
      vertex 71.472 20.0391 0.36
    endloop
  endfacet
  facet normal 0 1 0
    outer loop
      vertex 69.8485 20.0391 0.36
      vertex 71.472 20.0391 0
      vertex 69.8485 20.0391 0
    endloop
  endfacet
  facet normal -0.0219824 0.999758 0
    outer loop
      vertex 71.5857 20.0416 0
      vertex 71.472 20.0391 0.36
      vertex 71.5857 20.0416 0.36
    endloop
  endfacet
  facet normal -0.0219824 0.999758 0
    outer loop
      vertex 71.472 20.0391 0.36
      vertex 71.5857 20.0416 0
      vertex 71.472 20.0391 0
    endloop
  endfacet
  facet normal -1 0 0
    outer loop
      vertex 70.6887 20.6885 0
      vertex 70.6887 23.4028 0.36
      vertex 70.6887 23.4028 0
    endloop
  endfacet
  facet normal -1 -0 0
    outer loop
      vertex 70.6887 23.4028 0.36
      vertex 70.6887 20.6885 0
      vertex 70.6887 20.6885 0.36
    endloop
  endfacet
  facet normal 0 1 -0
    outer loop
      vertex 71.284 23.4028 0
      vertex 70.6887 23.4028 0.36
      vertex 71.284 23.4028 0.36
    endloop
  endfacet
  facet normal 0 1 0
    outer loop
      vertex 70.6887 23.4028 0.36
      vertex 71.284 23.4028 0
      vertex 70.6887 23.4028 0
    endloop
  endfacet
  facet normal 0.0278809 0.999611 -0
    outer loop
      vertex 71.4059 23.3994 0
      vertex 71.284 23.4028 0.36
      vertex 71.4059 23.3994 0.36
    endloop
  endfacet
  facet normal 0.0278809 0.999611 0
    outer loop
      vertex 71.284 23.4028 0.36
      vertex 71.4059 23.3994 0
      vertex 71.284 23.4028 0
    endloop
  endfacet
  facet normal 0.0875182 0.996163 -0
    outer loop
      vertex 71.522 23.3892 0
      vertex 71.4059 23.3994 0.36
      vertex 71.522 23.3892 0.36
    endloop
  endfacet
  facet normal 0.0875182 0.996163 0
    outer loop
      vertex 71.4059 23.3994 0.36
      vertex 71.522 23.3892 0
      vertex 71.4059 23.3994 0
    endloop
  endfacet
  facet normal 0.153066 0.988216 -0
    outer loop
      vertex 71.6324 23.3721 0
      vertex 71.522 23.3892 0.36
      vertex 71.6324 23.3721 0.36
    endloop
  endfacet
  facet normal 0.153066 0.988216 0
    outer loop
      vertex 71.522 23.3892 0.36
      vertex 71.6324 23.3721 0
      vertex 71.522 23.3892 0
    endloop
  endfacet
  facet normal 0.221863 0.975078 -0
    outer loop
      vertex 71.737 23.3483 0
      vertex 71.6324 23.3721 0.36
      vertex 71.737 23.3483 0.36
    endloop
  endfacet
  facet normal 0.221863 0.975078 0
    outer loop
      vertex 71.6324 23.3721 0.36
      vertex 71.737 23.3483 0
      vertex 71.6324 23.3721 0
    endloop
  endfacet
  facet normal 0.295852 0.955234 -0
    outer loop
      vertex 71.8358 23.3177 0
      vertex 71.737 23.3483 0.36
      vertex 71.8358 23.3177 0.36
    endloop
  endfacet
  facet normal 0.295852 0.955234 0
    outer loop
      vertex 71.737 23.3483 0.36
      vertex 71.8358 23.3177 0
      vertex 71.737 23.3483 0
    endloop
  endfacet
  facet normal 0.373623 0.927581 -0
    outer loop
      vertex 71.9289 23.2802 0
      vertex 71.8358 23.3177 0.36
      vertex 71.9289 23.2802 0.36
    endloop
  endfacet
  facet normal 0.373623 0.927581 0
    outer loop
      vertex 71.8358 23.3177 0.36
      vertex 71.9289 23.2802 0
      vertex 71.8358 23.3177 0
    endloop
  endfacet
  facet normal 0.451293 0.892376 -0
    outer loop
      vertex 72.0163 23.236 0
      vertex 71.9289 23.2802 0.36
      vertex 72.0163 23.236 0.36
    endloop
  endfacet
  facet normal 0.451293 0.892376 0
    outer loop
      vertex 71.9289 23.2802 0.36
      vertex 72.0163 23.236 0
      vertex 71.9289 23.2802 0
    endloop
  endfacet
  facet normal 0.530746 0.847531 -0
    outer loop
      vertex 72.0979 23.1849 0
      vertex 72.0163 23.236 0.36
      vertex 72.0979 23.1849 0.36
    endloop
  endfacet
  facet normal 0.530746 0.847531 0
    outer loop
      vertex 72.0163 23.236 0.36
      vertex 72.0979 23.1849 0
      vertex 72.0163 23.236 0
    endloop
  endfacet
  facet normal 0.606359 0.795191 -0
    outer loop
      vertex 72.1737 23.1271 0
      vertex 72.0979 23.1849 0.36
      vertex 72.1737 23.1271 0.36
    endloop
  endfacet
  facet normal 0.606359 0.795191 0
    outer loop
      vertex 72.0979 23.1849 0.36
      vertex 72.1737 23.1271 0
      vertex 72.0979 23.1849 0
    endloop
  endfacet
  facet normal 0.678237 0.734844 -0
    outer loop
      vertex 72.2438 23.0624 0
      vertex 72.1737 23.1271 0.36
      vertex 72.2438 23.0624 0.36
    endloop
  endfacet
  facet normal 0.678237 0.734844 0
    outer loop
      vertex 72.1737 23.1271 0.36
      vertex 72.2438 23.0624 0
      vertex 72.1737 23.1271 0
    endloop
  endfacet
  facet normal 0.743762 0.668444 0
    outer loop
      vertex 72.3077 22.9913 0.36
      vertex 72.2438 23.0624 0
      vertex 72.2438 23.0624 0.36
    endloop
  endfacet
  facet normal 0.743762 0.668444 0
    outer loop
      vertex 72.2438 23.0624 0
      vertex 72.3077 22.9913 0.36
      vertex 72.3077 22.9913 0
    endloop
  endfacet
  facet normal 0.804349 0.594157 0
    outer loop
      vertex 72.3648 22.914 0.36
      vertex 72.3077 22.9913 0
      vertex 72.3077 22.9913 0.36
    endloop
  endfacet
  facet normal 0.804349 0.594157 0
    outer loop
      vertex 72.3077 22.9913 0
      vertex 72.3648 22.914 0.36
      vertex 72.3648 22.914 0
    endloop
  endfacet
  facet normal 0.855859 0.51721 0
    outer loop
      vertex 72.4152 22.8306 0.36
      vertex 72.3648 22.914 0
      vertex 72.3648 22.914 0.36
    endloop
  endfacet
  facet normal 0.855859 0.51721 0
    outer loop
      vertex 72.3648 22.914 0
      vertex 72.4152 22.8306 0.36
      vertex 72.4152 22.8306 0
    endloop
  endfacet
  facet normal 0.898604 0.43876 0
    outer loop
      vertex 72.4589 22.7411 0.36
      vertex 72.4152 22.8306 0
      vertex 72.4152 22.8306 0.36
    endloop
  endfacet
  facet normal 0.898604 0.43876 0
    outer loop
      vertex 72.4152 22.8306 0
      vertex 72.4589 22.7411 0.36
      vertex 72.4589 22.7411 0
    endloop
  endfacet
  facet normal 0.932589 0.360939 0
    outer loop
      vertex 72.4959 22.6455 0.36
      vertex 72.4589 22.7411 0
      vertex 72.4589 22.7411 0.36
    endloop
  endfacet
  facet normal 0.932589 0.360939 0
    outer loop
      vertex 72.4589 22.7411 0
      vertex 72.4959 22.6455 0.36
      vertex 72.4959 22.6455 0
    endloop
  endfacet
  facet normal 0.958703 0.284409 0
    outer loop
      vertex 72.5261 22.5437 0.36
      vertex 72.4959 22.6455 0
      vertex 72.4959 22.6455 0.36
    endloop
  endfacet
  facet normal 0.958703 0.284409 0
    outer loop
      vertex 72.4959 22.6455 0
      vertex 72.5261 22.5437 0.36
      vertex 72.5261 22.5437 0
    endloop
  endfacet
  facet normal 0.976865 0.213859 0
    outer loop
      vertex 72.5497 22.4359 0.36
      vertex 72.5261 22.5437 0
      vertex 72.5261 22.5437 0.36
    endloop
  endfacet
  facet normal 0.976865 0.213859 0
    outer loop
      vertex 72.5261 22.5437 0
      vertex 72.5497 22.4359 0.36
      vertex 72.5497 22.4359 0
    endloop
  endfacet
  facet normal 0.989315 0.145794 0
    outer loop
      vertex 72.5665 22.3219 0.36
      vertex 72.5497 22.4359 0
      vertex 72.5497 22.4359 0.36
    endloop
  endfacet
  facet normal 0.989315 0.145794 0
    outer loop
      vertex 72.5497 22.4359 0
      vertex 72.5665 22.3219 0.36
      vertex 72.5665 22.3219 0
    endloop
  endfacet
  facet normal 0.996483 0.0838008 0
    outer loop
      vertex 72.5766 22.2018 0.36
      vertex 72.5665 22.3219 0
      vertex 72.5665 22.3219 0.36
    endloop
  endfacet
  facet normal 0.996483 0.0838008 0
    outer loop
      vertex 72.5665 22.3219 0
      vertex 72.5766 22.2018 0.36
      vertex 72.5766 22.2018 0
    endloop
  endfacet
  facet normal 0.999659 0.0261194 0
    outer loop
      vertex 72.5799 22.0755 0.36
      vertex 72.5766 22.2018 0
      vertex 72.5766 22.2018 0.36
    endloop
  endfacet
  facet normal 0.999659 0.0261194 0
    outer loop
      vertex 72.5766 22.2018 0
      vertex 72.5799 22.0755 0.36
      vertex 72.5799 22.0755 0
    endloop
  endfacet
  facet normal 0.999675 -0.02551 0
    outer loop
      vertex 72.5767 21.9501 0.36
      vertex 72.5799 22.0755 0
      vertex 72.5799 22.0755 0.36
    endloop
  endfacet
  facet normal 0.999675 -0.02551 0
    outer loop
      vertex 72.5799 22.0755 0
      vertex 72.5767 21.9501 0.36
      vertex 72.5767 21.9501 0
    endloop
  endfacet
  facet normal 0.996891 -0.0787892 0
    outer loop
      vertex 72.5672 21.8299 0.36
      vertex 72.5767 21.9501 0
      vertex 72.5767 21.9501 0.36
    endloop
  endfacet
  facet normal 0.996891 -0.0787892 0
    outer loop
      vertex 72.5767 21.9501 0
      vertex 72.5672 21.8299 0.36
      vertex 72.5672 21.8299 0
    endloop
  endfacet
  facet normal 0.990427 -0.138039 0
    outer loop
      vertex 72.5512 21.7151 0.36
      vertex 72.5672 21.8299 0
      vertex 72.5672 21.8299 0.36
    endloop
  endfacet
  facet normal 0.990427 -0.138039 0
    outer loop
      vertex 72.5672 21.8299 0
      vertex 72.5512 21.7151 0.36
      vertex 72.5512 21.7151 0
    endloop
  endfacet
  facet normal 0.979851 -0.199732 0
    outer loop
      vertex 72.5289 21.6057 0.36
      vertex 72.5512 21.7151 0
      vertex 72.5512 21.7151 0.36
    endloop
  endfacet
  facet normal 0.979851 -0.199732 0
    outer loop
      vertex 72.5512 21.7151 0
      vertex 72.5289 21.6057 0.36
      vertex 72.5289 21.6057 0
    endloop
  endfacet
  facet normal 0.964034 -0.265781 0
    outer loop
      vertex 72.5002 21.5016 0.36
      vertex 72.5289 21.6057 0
      vertex 72.5289 21.6057 0.36
    endloop
  endfacet
  facet normal 0.964034 -0.265781 0
    outer loop
      vertex 72.5289 21.6057 0
      vertex 72.5002 21.5016 0.36
      vertex 72.5002 21.5016 0
    endloop
  endfacet
  facet normal 0.942195 -0.335066 0
    outer loop
      vertex 72.4651 21.4029 0.36
      vertex 72.5002 21.5016 0
      vertex 72.5002 21.5016 0.36
    endloop
  endfacet
  facet normal 0.942195 -0.335066 0
    outer loop
      vertex 72.5002 21.5016 0
      vertex 72.4651 21.4029 0.36
      vertex 72.4651 21.4029 0
    endloop
  endfacet
  facet normal 0.91369 -0.406411 0
    outer loop
      vertex 72.4236 21.3096 0.36
      vertex 72.4651 21.4029 0
      vertex 72.4651 21.4029 0.36
    endloop
  endfacet
  facet normal 0.91369 -0.406411 0
    outer loop
      vertex 72.4651 21.4029 0
      vertex 72.4236 21.3096 0.36
      vertex 72.4236 21.3096 0
    endloop
  endfacet
  facet normal 0.878961 -0.476894 0
    outer loop
      vertex 72.3758 21.2215 0.36
      vertex 72.4236 21.3096 0
      vertex 72.4236 21.3096 0.36
    endloop
  endfacet
  facet normal 0.878961 -0.476894 0
    outer loop
      vertex 72.4236 21.3096 0
      vertex 72.3758 21.2215 0.36
      vertex 72.3758 21.2215 0
    endloop
  endfacet
  facet normal 0.835613 -0.549319 0
    outer loop
      vertex 72.3215 21.1389 0.36
      vertex 72.3758 21.2215 0
      vertex 72.3758 21.2215 0.36
    endloop
  endfacet
  facet normal 0.835613 -0.549319 0
    outer loop
      vertex 72.3758 21.2215 0
      vertex 72.3215 21.1389 0.36
      vertex 72.3215 21.1389 0
    endloop
  endfacet
  facet normal 0.786989 -0.616967 0
    outer loop
      vertex 72.2609 21.0616 0.36
      vertex 72.3215 21.1389 0
      vertex 72.3215 21.1389 0.36
    endloop
  endfacet
  facet normal 0.786989 -0.616967 0
    outer loop
      vertex 72.3215 21.1389 0
      vertex 72.2609 21.0616 0.36
      vertex 72.2609 21.0616 0
    endloop
  endfacet
  facet normal 0.731947 -0.681361 0
    outer loop
      vertex 72.1949 20.9907 0.36
      vertex 72.2609 21.0616 0
      vertex 72.2609 21.0616 0.36
    endloop
  endfacet
  facet normal 0.731947 -0.681361 0
    outer loop
      vertex 72.2609 21.0616 0
      vertex 72.1949 20.9907 0.36
      vertex 72.1949 20.9907 0
    endloop
  endfacet
  facet normal 0.668673 -0.743556 0
    outer loop
      vertex 72.1244 20.9273 0
      vertex 72.1949 20.9907 0.36
      vertex 72.1244 20.9273 0.36
    endloop
  endfacet
  facet normal 0.668673 -0.743556 0
    outer loop
      vertex 72.1949 20.9907 0.36
      vertex 72.1244 20.9273 0
      vertex 72.1949 20.9907 0
    endloop
  endfacet
  facet normal 0.598802 -0.800897 0
    outer loop
      vertex 72.0495 20.8713 0
      vertex 72.1244 20.9273 0.36
      vertex 72.0495 20.8713 0.36
    endloop
  endfacet
  facet normal 0.598802 -0.800897 0
    outer loop
      vertex 72.1244 20.9273 0.36
      vertex 72.0495 20.8713 0
      vertex 72.1244 20.9273 0
    endloop
  endfacet
  facet normal 0.521755 -0.853096 0
    outer loop
      vertex 71.9702 20.8228 0
      vertex 72.0495 20.8713 0.36
      vertex 71.9702 20.8228 0.36
    endloop
  endfacet
  facet normal 0.521755 -0.853096 0
    outer loop
      vertex 72.0495 20.8713 0.36
      vertex 71.9702 20.8228 0
      vertex 72.0495 20.8713 0
    endloop
  endfacet
  facet normal 0.439479 -0.898253 0
    outer loop
      vertex 71.8864 20.7818 0
      vertex 71.9702 20.8228 0.36
      vertex 71.8864 20.7818 0.36
    endloop
  endfacet
  facet normal 0.439479 -0.898253 0
    outer loop
      vertex 71.9702 20.8228 0.36
      vertex 71.8864 20.7818 0
      vertex 71.9702 20.8228 0
    endloop
  endfacet
  facet normal 0.355995 -0.934488 0
    outer loop
      vertex 71.7982 20.7482 0
      vertex 71.8864 20.7818 0.36
      vertex 71.7982 20.7482 0.36
    endloop
  endfacet
  facet normal 0.355995 -0.934488 0
    outer loop
      vertex 71.8864 20.7818 0.36
      vertex 71.7982 20.7482 0
      vertex 71.8864 20.7818 0
    endloop
  endfacet
  facet normal 0.271016 -0.962575 0
    outer loop
      vertex 71.7055 20.7221 0
      vertex 71.7982 20.7482 0.36
      vertex 71.7055 20.7221 0.36
    endloop
  endfacet
  facet normal 0.271016 -0.962575 0
    outer loop
      vertex 71.7982 20.7482 0.36
      vertex 71.7055 20.7221 0
      vertex 71.7982 20.7482 0
    endloop
  endfacet
  facet normal 0.18911 -0.981956 0
    outer loop
      vertex 71.6084 20.7034 0
      vertex 71.7055 20.7221 0.36
      vertex 71.6084 20.7034 0.36
    endloop
  endfacet
  facet normal 0.18911 -0.981956 0
    outer loop
      vertex 71.7055 20.7221 0.36
      vertex 71.6084 20.7034 0
      vertex 71.7055 20.7221 0
    endloop
  endfacet
  facet normal 0.109572 -0.993979 0
    outer loop
      vertex 71.5068 20.6922 0
      vertex 71.6084 20.7034 0.36
      vertex 71.5068 20.6922 0.36
    endloop
  endfacet
  facet normal 0.109572 -0.993979 0
    outer loop
      vertex 71.6084 20.7034 0.36
      vertex 71.5068 20.6922 0
      vertex 71.6084 20.7034 0
    endloop
  endfacet
  facet normal 0.0348844 -0.999391 0
    outer loop
      vertex 71.4008 20.6885 0
      vertex 71.5068 20.6922 0.36
      vertex 71.4008 20.6885 0.36
    endloop
  endfacet
  facet normal 0.0348844 -0.999391 0
    outer loop
      vertex 71.5068 20.6922 0.36
      vertex 71.4008 20.6885 0
      vertex 71.5068 20.6922 0
    endloop
  endfacet
  facet normal 0 -1 0
    outer loop
      vertex 70.6887 20.6885 0
      vertex 71.4008 20.6885 0.36
      vertex 70.6887 20.6885 0.36
    endloop
  endfacet
  facet normal 0 -1 -0
    outer loop
      vertex 71.4008 20.6885 0.36
      vertex 70.6887 20.6885 0
      vertex 71.4008 20.6885 0
    endloop
  endfacet
  facet normal -0.0655065 0.997852 0
    outer loop
      vertex 76.1399 20.0489 0
      vertex 76.0287 20.0416 0.36
      vertex 76.1399 20.0489 0.36
    endloop
  endfacet
  facet normal -0.0655065 0.997852 0
    outer loop
      vertex 76.0287 20.0416 0.36
      vertex 76.1399 20.0489 0
      vertex 76.0287 20.0416 0
    endloop
  endfacet
  facet normal -0.11254 0.993647 0
    outer loop
      vertex 76.2485 20.0612 0
      vertex 76.1399 20.0489 0.36
      vertex 76.2485 20.0612 0.36
    endloop
  endfacet
  facet normal -0.11254 0.993647 0
    outer loop
      vertex 76.1399 20.0489 0.36
      vertex 76.2485 20.0612 0
      vertex 76.1399 20.0489 0
    endloop
  endfacet
  facet normal -0.159262 0.987236 0
    outer loop
      vertex 76.3545 20.0783 0
      vertex 76.2485 20.0612 0.36
      vertex 76.3545 20.0783 0.36
    endloop
  endfacet
  facet normal -0.159262 0.987236 0
    outer loop
      vertex 76.2485 20.0612 0.36
      vertex 76.3545 20.0783 0
      vertex 76.2485 20.0612 0
    endloop
  endfacet
  facet normal -0.209012 0.977913 0
    outer loop
      vertex 76.4579 20.1004 0
      vertex 76.3545 20.0783 0.36
      vertex 76.4579 20.1004 0.36
    endloop
  endfacet
  facet normal -0.209012 0.977913 0
    outer loop
      vertex 76.3545 20.0783 0.36
      vertex 76.4579 20.1004 0
      vertex 76.3545 20.0783 0
    endloop
  endfacet
  facet normal -0.257842 0.966187 0
    outer loop
      vertex 76.5587 20.1273 0
      vertex 76.4579 20.1004 0.36
      vertex 76.5587 20.1273 0.36
    endloop
  endfacet
  facet normal -0.257842 0.966187 0
    outer loop
      vertex 76.4579 20.1004 0.36
      vertex 76.5587 20.1273 0
      vertex 76.4579 20.1004 0
    endloop
  endfacet
  facet normal -0.307795 0.951453 0
    outer loop
      vertex 76.657 20.1591 0
      vertex 76.5587 20.1273 0.36
      vertex 76.657 20.1591 0.36
    endloop
  endfacet
  facet normal -0.307795 0.951453 0
    outer loop
      vertex 76.5587 20.1273 0.36
      vertex 76.657 20.1591 0
      vertex 76.5587 20.1273 0
    endloop
  endfacet
  facet normal -0.359241 0.933245 0
    outer loop
      vertex 76.7526 20.1959 0
      vertex 76.657 20.1591 0.36
      vertex 76.7526 20.1959 0.36
    endloop
  endfacet
  facet normal -0.359241 0.933245 0
    outer loop
      vertex 76.657 20.1591 0.36
      vertex 76.7526 20.1959 0
      vertex 76.657 20.1591 0
    endloop
  endfacet
  facet normal -0.408323 0.912838 0
    outer loop
      vertex 76.8456 20.2375 0
      vertex 76.7526 20.1959 0.36
      vertex 76.8456 20.2375 0.36
    endloop
  endfacet
  facet normal -0.408323 0.912838 0
    outer loop
      vertex 76.7526 20.1959 0.36
      vertex 76.8456 20.2375 0
      vertex 76.7526 20.1959 0
    endloop
  endfacet
  facet normal -0.458192 0.888853 0
    outer loop
      vertex 76.936 20.2841 0
      vertex 76.8456 20.2375 0.36
      vertex 76.936 20.2841 0.36
    endloop
  endfacet
  facet normal -0.458192 0.888853 0
    outer loop
      vertex 76.8456 20.2375 0.36
      vertex 76.936 20.2841 0
      vertex 76.8456 20.2375 0
    endloop
  endfacet
  facet normal -0.506328 0.862341 0
    outer loop
      vertex 77.0232 20.3353 0
      vertex 76.936 20.2841 0.36
      vertex 77.0232 20.3353 0.36
    endloop
  endfacet
  facet normal -0.506328 0.862341 0
    outer loop
      vertex 76.936 20.2841 0.36
      vertex 77.0232 20.3353 0
      vertex 76.936 20.2841 0
    endloop
  endfacet
  facet normal -0.555855 0.831279 0
    outer loop
      vertex 77.1062 20.3908 0
      vertex 77.0232 20.3353 0.36
      vertex 77.1062 20.3908 0.36
    endloop
  endfacet
  facet normal -0.555855 0.831279 0
    outer loop
      vertex 77.0232 20.3353 0.36
      vertex 77.1062 20.3908 0
      vertex 77.0232 20.3353 0
    endloop
  endfacet
  facet normal -0.603702 0.79721 0
    outer loop
      vertex 77.1853 20.4507 0
      vertex 77.1062 20.3908 0.36
      vertex 77.1853 20.4507 0.36
    endloop
  endfacet
  facet normal -0.603702 0.79721 0
    outer loop
      vertex 77.1062 20.3908 0.36
      vertex 77.1853 20.4507 0
      vertex 77.1062 20.3908 0
    endloop
  endfacet
  facet normal -0.650291 0.759685 0
    outer loop
      vertex 77.2603 20.5149 0
      vertex 77.1853 20.4507 0.36
      vertex 77.2603 20.5149 0.36
    endloop
  endfacet
  facet normal -0.650291 0.759685 0
    outer loop
      vertex 77.1853 20.4507 0.36
      vertex 77.2603 20.5149 0
      vertex 77.1853 20.4507 0
    endloop
  endfacet
  facet normal -0.695354 0.718667 0
    outer loop
      vertex 77.3312 20.5835 0
      vertex 77.2603 20.5149 0.36
      vertex 77.3312 20.5835 0.36
    endloop
  endfacet
  facet normal -0.695354 0.718667 0
    outer loop
      vertex 77.2603 20.5149 0.36
      vertex 77.3312 20.5835 0
      vertex 77.2603 20.5149 0
    endloop
  endfacet
  facet normal -0.736776 0.676136 0
    outer loop
      vertex 77.3312 20.5835 0
      vertex 77.3981 20.6564 0.36
      vertex 77.3981 20.6564 0
    endloop
  endfacet
  facet normal -0.736776 0.676136 0
    outer loop
      vertex 77.3981 20.6564 0.36
      vertex 77.3312 20.5835 0
      vertex 77.3312 20.5835 0.36
    endloop
  endfacet
  facet normal -0.775653 0.631159 0
    outer loop
      vertex 77.3981 20.6564 0
      vertex 77.461 20.7337 0.36
      vertex 77.461 20.7337 0
    endloop
  endfacet
  facet normal -0.775653 0.631159 0
    outer loop
      vertex 77.461 20.7337 0.36
      vertex 77.3981 20.6564 0
      vertex 77.3981 20.6564 0.36
    endloop
  endfacet
  facet normal -0.811647 0.584148 0
    outer loop
      vertex 77.461 20.7337 0
      vertex 77.5198 20.8154 0.36
      vertex 77.5198 20.8154 0
    endloop
  endfacet
  facet normal -0.811647 0.584148 0
    outer loop
      vertex 77.5198 20.8154 0.36
      vertex 77.461 20.7337 0
      vertex 77.461 20.7337 0.36
    endloop
  endfacet
  facet normal -0.843338 0.537383 0
    outer loop
      vertex 77.5198 20.8154 0
      vertex 77.5746 20.9014 0.36
      vertex 77.5746 20.9014 0
    endloop
  endfacet
  facet normal -0.843338 0.537383 0
    outer loop
      vertex 77.5746 20.9014 0.36
      vertex 77.5198 20.8154 0
      vertex 77.5198 20.8154 0.36
    endloop
  endfacet
  facet normal -0.872193 0.489161 0
    outer loop
      vertex 77.5746 20.9014 0
      vertex 77.6253 20.9918 0.36
      vertex 77.6253 20.9918 0
    endloop
  endfacet
  facet normal -0.872193 0.489161 0
    outer loop
      vertex 77.6253 20.9918 0.36
      vertex 77.5746 20.9014 0
      vertex 77.5746 20.9014 0.36
    endloop
  endfacet
  facet normal -0.897455 0.441106 0
    outer loop
      vertex 77.6253 20.9918 0
      vertex 77.6716 21.086 0.36
      vertex 77.6716 21.086 0
    endloop
  endfacet
  facet normal -0.897455 0.441106 0
    outer loop
      vertex 77.6716 21.086 0.36
      vertex 77.6253 20.9918 0
      vertex 77.6253 20.9918 0.36
    endloop
  endfacet
  facet normal -0.920169 0.391521 0
    outer loop
      vertex 77.6716 21.086 0
      vertex 77.713 21.1833 0.36
      vertex 77.713 21.1833 0
    endloop
  endfacet
  facet normal -0.920169 0.391521 0
    outer loop
      vertex 77.713 21.1833 0.36
      vertex 77.6716 21.086 0
      vertex 77.6716 21.086 0.36
    endloop
  endfacet
  facet normal -0.93993 0.341368 0
    outer loop
      vertex 77.713 21.1833 0
      vertex 77.7495 21.2838 0.36
      vertex 77.7495 21.2838 0
    endloop
  endfacet
  facet normal -0.93993 0.341368 0
    outer loop
      vertex 77.7495 21.2838 0.36
      vertex 77.713 21.1833 0
      vertex 77.713 21.1833 0.36
    endloop
  endfacet
  facet normal -0.956495 0.291749 0
    outer loop
      vertex 77.7495 21.2838 0
      vertex 77.7811 21.3874 0.36
      vertex 77.7811 21.3874 0
    endloop
  endfacet
  facet normal -0.956495 0.291749 0
    outer loop
      vertex 77.7811 21.3874 0.36
      vertex 77.7495 21.2838 0
      vertex 77.7495 21.2838 0.36
    endloop
  endfacet
  facet normal -0.969928 0.24339 0
    outer loop
      vertex 77.7811 21.3874 0
      vertex 77.8079 21.4942 0.36
      vertex 77.8079 21.4942 0
    endloop
  endfacet
  facet normal -0.969928 0.24339 0
    outer loop
      vertex 77.8079 21.4942 0.36
      vertex 77.7811 21.3874 0
      vertex 77.7811 21.3874 0.36
    endloop
  endfacet
  facet normal -0.980718 0.19543 0
    outer loop
      vertex 77.8079 21.4942 0
      vertex 77.8298 21.6041 0.36
      vertex 77.8298 21.6041 0
    endloop
  endfacet
  facet normal -0.980718 0.19543 0
    outer loop
      vertex 77.8298 21.6041 0.36
      vertex 77.8079 21.4942 0
      vertex 77.8079 21.4942 0.36
    endloop
  endfacet
  facet normal -0.988763 0.149495 0
    outer loop
      vertex 77.8298 21.6041 0
      vertex 77.8469 21.7172 0.36
      vertex 77.8469 21.7172 0
    endloop
  endfacet
  facet normal -0.988763 0.149495 0
    outer loop
      vertex 77.8469 21.7172 0.36
      vertex 77.8298 21.6041 0
      vertex 77.8298 21.6041 0.36
    endloop
  endfacet
  facet normal -0.994543 0.104329 0
    outer loop
      vertex 77.8469 21.7172 0
      vertex 77.8591 21.8335 0.36
      vertex 77.8591 21.8335 0
    endloop
  endfacet
  facet normal -0.994543 0.104329 0
    outer loop
      vertex 77.8591 21.8335 0.36
      vertex 77.8469 21.7172 0
      vertex 77.8469 21.7172 0.36
    endloop
  endfacet
  facet normal -0.998136 0.0610251 0
    outer loop
      vertex 77.8591 21.8335 0
      vertex 77.8664 21.9529 0.36
      vertex 77.8664 21.9529 0
    endloop
  endfacet
  facet normal -0.998136 0.0610251 0
    outer loop
      vertex 77.8664 21.9529 0.36
      vertex 77.8591 21.8335 0
      vertex 77.8591 21.8335 0.36
    endloop
  endfacet
  facet normal -0.999808 0.0195721 0
    outer loop
      vertex 77.8664 21.9529 0
      vertex 77.8688 22.0755 0.36
      vertex 77.8688 22.0755 0
    endloop
  endfacet
  facet normal -0.999808 0.0195721 0
    outer loop
      vertex 77.8688 22.0755 0.36
      vertex 77.8664 21.9529 0
      vertex 77.8664 21.9529 0.36
    endloop
  endfacet
  facet normal -0.999565 -0.0294936 0
    outer loop
      vertex 77.8688 22.0755 0
      vertex 77.8633 22.2619 0.36
      vertex 77.8633 22.2619 0
    endloop
  endfacet
  facet normal -0.999565 -0.0294936 0
    outer loop
      vertex 77.8633 22.2619 0.36
      vertex 77.8688 22.0755 0
      vertex 77.8688 22.0755 0.36
    endloop
  endfacet
  facet normal -0.995608 -0.0936186 0
    outer loop
      vertex 77.8633 22.2619 0
      vertex 77.8466 22.4395 0.36
      vertex 77.8466 22.4395 0
    endloop
  endfacet
  facet normal -0.995608 -0.0936186 0
    outer loop
      vertex 77.8466 22.4395 0.36
      vertex 77.8633 22.2619 0
      vertex 77.8633 22.2619 0.36
    endloop
  endfacet
  facet normal -0.986677 -0.162691 0
    outer loop
      vertex 77.8466 22.4395 0
      vertex 77.8188 22.6081 0.36
      vertex 77.8188 22.6081 0
    endloop
  endfacet
  facet normal -0.986677 -0.162691 0
    outer loop
      vertex 77.8188 22.6081 0.36
      vertex 77.8466 22.4395 0
      vertex 77.8466 22.4395 0.36
    endloop
  endfacet
  facet normal -0.971799 -0.235809 0
    outer loop
      vertex 77.8188 22.6081 0
      vertex 77.78 22.768 0.36
      vertex 77.78 22.768 0
    endloop
  endfacet
  facet normal -0.971799 -0.235809 0
    outer loop
      vertex 77.78 22.768 0.36
      vertex 77.8188 22.6081 0
      vertex 77.8188 22.6081 0.36
    endloop
  endfacet
  facet normal -0.949248 -0.314529 0
    outer loop
      vertex 77.78 22.768 0
      vertex 77.73 22.9189 0.36
      vertex 77.73 22.9189 0
    endloop
  endfacet
  facet normal -0.949248 -0.314529 0
    outer loop
      vertex 77.73 22.9189 0.36
      vertex 77.78 22.768 0
      vertex 77.78 22.768 0.36
    endloop
  endfacet
  facet normal -0.918676 -0.395011 0
    outer loop
      vertex 77.73 22.9189 0
      vertex 77.6689 23.061 0.36
      vertex 77.6689 23.061 0
    endloop
  endfacet
  facet normal -0.918676 -0.395011 0
    outer loop
      vertex 77.6689 23.061 0.36
      vertex 77.73 22.9189 0
      vertex 77.73 22.9189 0.36
    endloop
  endfacet
  facet normal -0.879303 -0.476262 0
    outer loop
      vertex 77.6689 23.061 0
      vertex 77.5967 23.1943 0.36
      vertex 77.5967 23.1943 0
    endloop
  endfacet
  facet normal -0.879303 -0.476262 0
    outer loop
      vertex 77.5967 23.1943 0.36
      vertex 77.6689 23.061 0
      vertex 77.6689 23.061 0.36
    endloop
  endfacet
  facet normal -0.830918 -0.556395 0
    outer loop
      vertex 77.5967 23.1943 0
      vertex 77.5134 23.3187 0.36
      vertex 77.5134 23.3187 0
    endloop
  endfacet
  facet normal -0.830918 -0.556395 0
    outer loop
      vertex 77.5134 23.3187 0.36
      vertex 77.5967 23.1943 0
      vertex 77.5967 23.1943 0.36
    endloop
  endfacet
  facet normal -0.773957 -0.633238 0
    outer loop
      vertex 77.5134 23.3187 0
      vertex 77.4189 23.4342 0.36
      vertex 77.4189 23.4342 0
    endloop
  endfacet
  facet normal -0.773957 -0.633238 0
    outer loop
      vertex 77.4189 23.4342 0.36
      vertex 77.5134 23.3187 0
      vertex 77.5134 23.3187 0.36
    endloop
  endfacet
  facet normal -0.711094 -0.703097 0
    outer loop
      vertex 77.4189 23.4342 0
      vertex 77.3134 23.5409 0.36
      vertex 77.3134 23.5409 0
    endloop
  endfacet
  facet normal -0.711094 -0.703097 0
    outer loop
      vertex 77.3134 23.5409 0.36
      vertex 77.4189 23.4342 0
      vertex 77.4189 23.4342 0.36
    endloop
  endfacet
  facet normal -0.643177 -0.765718 0
    outer loop
      vertex 77.1978 23.638 0
      vertex 77.3134 23.5409 0.36
      vertex 77.1978 23.638 0.36
    endloop
  endfacet
  facet normal -0.643177 -0.765718 -0
    outer loop
      vertex 77.3134 23.5409 0.36
      vertex 77.1978 23.638 0
      vertex 77.3134 23.5409 0
    endloop
  endfacet
  facet normal -0.571122 -0.820865 0
    outer loop
      vertex 77.0729 23.7249 0
      vertex 77.1978 23.638 0.36
      vertex 77.0729 23.7249 0.36
    endloop
  endfacet
  facet normal -0.571122 -0.820865 -0
    outer loop
      vertex 77.1978 23.638 0.36
      vertex 77.0729 23.7249 0
      vertex 77.1978 23.638 0
    endloop
  endfacet
  facet normal -0.496767 -0.867884 0
    outer loop
      vertex 76.9389 23.8016 0
      vertex 77.0729 23.7249 0.36
      vertex 76.9389 23.8016 0.36
    endloop
  endfacet
  facet normal -0.496767 -0.867884 -0
    outer loop
      vertex 77.0729 23.7249 0.36
      vertex 76.9389 23.8016 0
      vertex 77.0729 23.7249 0
    endloop
  endfacet
  facet normal -0.421186 -0.906974 0
    outer loop
      vertex 76.7957 23.8681 0
      vertex 76.9389 23.8016 0.36
      vertex 76.7957 23.8681 0.36
    endloop
  endfacet
  facet normal -0.421186 -0.906974 -0
    outer loop
      vertex 76.9389 23.8016 0.36
      vertex 76.7957 23.8681 0
      vertex 76.9389 23.8016 0
    endloop
  endfacet
  facet normal -0.346191 -0.938164 0
    outer loop
      vertex 76.6434 23.9243 0
      vertex 76.7957 23.8681 0.36
      vertex 76.6434 23.9243 0.36
    endloop
  endfacet
  facet normal -0.346191 -0.938164 -0
    outer loop
      vertex 76.7957 23.8681 0.36
      vertex 76.6434 23.9243 0
      vertex 76.7957 23.8681 0
    endloop
  endfacet
  facet normal -0.273935 -0.961748 0
    outer loop
      vertex 76.4819 23.9703 0
      vertex 76.6434 23.9243 0.36
      vertex 76.4819 23.9703 0.36
    endloop
  endfacet
  facet normal -0.273935 -0.961748 -0
    outer loop
      vertex 76.6434 23.9243 0.36
      vertex 76.4819 23.9703 0
      vertex 76.6434 23.9243 0
    endloop
  endfacet
  facet normal -0.205259 -0.978708 0
    outer loop
      vertex 76.3112 24.0061 0
      vertex 76.4819 23.9703 0.36
      vertex 76.3112 24.0061 0.36
    endloop
  endfacet
  facet normal -0.205259 -0.978708 -0
    outer loop
      vertex 76.4819 23.9703 0.36
      vertex 76.3112 24.0061 0
      vertex 76.4819 23.9703 0
    endloop
  endfacet
  facet normal -0.140882 -0.990026 0
    outer loop
      vertex 76.1313 24.0317 0
      vertex 76.3112 24.0061 0.36
      vertex 76.1313 24.0317 0.36
    endloop
  endfacet
  facet normal -0.140882 -0.990026 -0
    outer loop
      vertex 76.3112 24.0061 0.36
      vertex 76.1313 24.0317 0
      vertex 76.3112 24.0061 0
    endloop
  endfacet
  facet normal -0.0806884 -0.996739 0
    outer loop
      vertex 75.9423 24.047 0
      vertex 76.1313 24.0317 0.36
      vertex 75.9423 24.047 0.36
    endloop
  endfacet
  facet normal -0.0806884 -0.996739 -0
    outer loop
      vertex 76.1313 24.0317 0.36
      vertex 75.9423 24.047 0
      vertex 76.1313 24.0317 0
    endloop
  endfacet
  facet normal -0.0257231 -0.999669 0
    outer loop
      vertex 75.7441 24.0521 0
      vertex 75.9423 24.047 0.36
      vertex 75.7441 24.0521 0.36
    endloop
  endfacet
  facet normal -0.0257231 -0.999669 -0
    outer loop
      vertex 75.9423 24.047 0.36
      vertex 75.7441 24.0521 0
      vertex 75.9423 24.047 0
    endloop
  endfacet
  facet normal 0 -1 0
    outer loop
      vertex 74.2915 24.0521 0
      vertex 75.7441 24.0521 0.36
      vertex 74.2915 24.0521 0.36
    endloop
  endfacet
  facet normal 0 -1 -0
    outer loop
      vertex 75.7441 24.0521 0.36
      vertex 74.2915 24.0521 0
      vertex 75.7441 24.0521 0
    endloop
  endfacet
  facet normal 1 -0 0
    outer loop
      vertex 74.2915 20.0391 0.36
      vertex 74.2915 24.0521 0
      vertex 74.2915 24.0521 0.36
    endloop
  endfacet
  facet normal 1 0 0
    outer loop
      vertex 74.2915 24.0521 0
      vertex 74.2915 20.0391 0.36
      vertex 74.2915 20.0391 0
    endloop
  endfacet
  facet normal 0 1 -0
    outer loop
      vertex 75.915 20.0391 0
      vertex 74.2915 20.0391 0.36
      vertex 75.915 20.0391 0.36
    endloop
  endfacet
  facet normal 0 1 0
    outer loop
      vertex 74.2915 20.0391 0.36
      vertex 75.915 20.0391 0
      vertex 74.2915 20.0391 0
    endloop
  endfacet
  facet normal -0.0219824 0.999758 0
    outer loop
      vertex 76.0287 20.0416 0
      vertex 75.915 20.0391 0.36
      vertex 76.0287 20.0416 0.36
    endloop
  endfacet
  facet normal -0.0219824 0.999758 0
    outer loop
      vertex 75.915 20.0391 0.36
      vertex 76.0287 20.0416 0
      vertex 75.915 20.0391 0
    endloop
  endfacet
  facet normal -1 0 0
    outer loop
      vertex 75.1318 20.6885 0
      vertex 75.1318 23.4028 0.36
      vertex 75.1318 23.4028 0
    endloop
  endfacet
  facet normal -1 -0 0
    outer loop
      vertex 75.1318 23.4028 0.36
      vertex 75.1318 20.6885 0
      vertex 75.1318 20.6885 0.36
    endloop
  endfacet
  facet normal 0 1 -0
    outer loop
      vertex 75.727 23.4028 0
      vertex 75.1318 23.4028 0.36
      vertex 75.727 23.4028 0.36
    endloop
  endfacet
  facet normal 0 1 0
    outer loop
      vertex 75.1318 23.4028 0.36
      vertex 75.727 23.4028 0
      vertex 75.1318 23.4028 0
    endloop
  endfacet
  facet normal 0.0278809 0.999611 -0
    outer loop
      vertex 75.8489 23.3994 0
      vertex 75.727 23.4028 0.36
      vertex 75.8489 23.3994 0.36
    endloop
  endfacet
  facet normal 0.0278809 0.999611 0
    outer loop
      vertex 75.727 23.4028 0.36
      vertex 75.8489 23.3994 0
      vertex 75.727 23.4028 0
    endloop
  endfacet
  facet normal 0.0875182 0.996163 -0
    outer loop
      vertex 75.965 23.3892 0
      vertex 75.8489 23.3994 0.36
      vertex 75.965 23.3892 0.36
    endloop
  endfacet
  facet normal 0.0875182 0.996163 0
    outer loop
      vertex 75.8489 23.3994 0.36
      vertex 75.965 23.3892 0
      vertex 75.8489 23.3994 0
    endloop
  endfacet
  facet normal 0.153066 0.988216 -0
    outer loop
      vertex 76.0754 23.3721 0
      vertex 75.965 23.3892 0.36
      vertex 76.0754 23.3721 0.36
    endloop
  endfacet
  facet normal 0.153066 0.988216 0
    outer loop
      vertex 75.965 23.3892 0.36
      vertex 76.0754 23.3721 0
      vertex 75.965 23.3892 0
    endloop
  endfacet
  facet normal 0.221863 0.975078 -0
    outer loop
      vertex 76.18 23.3483 0
      vertex 76.0754 23.3721 0.36
      vertex 76.18 23.3483 0.36
    endloop
  endfacet
  facet normal 0.221863 0.975078 0
    outer loop
      vertex 76.0754 23.3721 0.36
      vertex 76.18 23.3483 0
      vertex 76.0754 23.3721 0
    endloop
  endfacet
  facet normal 0.295579 0.955318 -0
    outer loop
      vertex 76.2789 23.3177 0
      vertex 76.18 23.3483 0.36
      vertex 76.2789 23.3177 0.36
    endloop
  endfacet
  facet normal 0.295579 0.955318 0
    outer loop
      vertex 76.18 23.3483 0.36
      vertex 76.2789 23.3177 0
      vertex 76.18 23.3483 0
    endloop
  endfacet
  facet normal 0.373623 0.927581 -0
    outer loop
      vertex 76.372 23.2802 0
      vertex 76.2789 23.3177 0.36
      vertex 76.372 23.2802 0.36
    endloop
  endfacet
  facet normal 0.373623 0.927581 0
    outer loop
      vertex 76.2789 23.3177 0.36
      vertex 76.372 23.2802 0
      vertex 76.2789 23.3177 0
    endloop
  endfacet
  facet normal 0.451705 0.892168 -0
    outer loop
      vertex 76.4593 23.236 0
      vertex 76.372 23.2802 0.36
      vertex 76.4593 23.236 0.36
    endloop
  endfacet
  facet normal 0.451705 0.892168 0
    outer loop
      vertex 76.372 23.2802 0.36
      vertex 76.4593 23.236 0
      vertex 76.372 23.2802 0
    endloop
  endfacet
  facet normal 0.530746 0.847531 -0
    outer loop
      vertex 76.5409 23.1849 0
      vertex 76.4593 23.236 0.36
      vertex 76.5409 23.1849 0.36
    endloop
  endfacet
  facet normal 0.530746 0.847531 0
    outer loop
      vertex 76.4593 23.236 0.36
      vertex 76.5409 23.1849 0
      vertex 76.4593 23.236 0
    endloop
  endfacet
  facet normal 0.605854 0.795576 -0
    outer loop
      vertex 76.6168 23.1271 0
      vertex 76.5409 23.1849 0.36
      vertex 76.6168 23.1271 0.36
    endloop
  endfacet
  facet normal 0.605854 0.795576 0
    outer loop
      vertex 76.5409 23.1849 0.36
      vertex 76.6168 23.1271 0
      vertex 76.5409 23.1849 0
    endloop
  endfacet
  facet normal 0.678237 0.734844 -0
    outer loop
      vertex 76.6869 23.0624 0
      vertex 76.6168 23.1271 0.36
      vertex 76.6869 23.0624 0.36
    endloop
  endfacet
  facet normal 0.678237 0.734844 0
    outer loop
      vertex 76.6168 23.1271 0.36
      vertex 76.6869 23.0624 0
      vertex 76.6168 23.1271 0
    endloop
  endfacet
  facet normal 0.744282 0.667865 0
    outer loop
      vertex 76.7507 22.9913 0.36
      vertex 76.6869 23.0624 0
      vertex 76.6869 23.0624 0.36
    endloop
  endfacet
  facet normal 0.744282 0.667865 0
    outer loop
      vertex 76.6869 23.0624 0
      vertex 76.7507 22.9913 0.36
      vertex 76.7507 22.9913 0
    endloop
  endfacet
  facet normal 0.804349 0.594157 0
    outer loop
      vertex 76.8078 22.914 0.36
      vertex 76.7507 22.9913 0
      vertex 76.7507 22.9913 0.36
    endloop
  endfacet
  facet normal 0.804349 0.594157 0
    outer loop
      vertex 76.7507 22.9913 0
      vertex 76.8078 22.914 0.36
      vertex 76.8078 22.914 0
    endloop
  endfacet
  facet normal 0.855404 0.517961 0
    outer loop
      vertex 76.8583 22.8306 0.36
      vertex 76.8078 22.914 0
      vertex 76.8078 22.914 0.36
    endloop
  endfacet
  facet normal 0.855404 0.517961 0
    outer loop
      vertex 76.8078 22.914 0
      vertex 76.8583 22.8306 0.36
      vertex 76.8583 22.8306 0
    endloop
  endfacet
  facet normal 0.899 0.437949 0
    outer loop
      vertex 76.9019 22.7411 0.36
      vertex 76.8583 22.8306 0
      vertex 76.8583 22.8306 0.36
    endloop
  endfacet
  facet normal 0.899 0.437949 0
    outer loop
      vertex 76.8583 22.8306 0
      vertex 76.9019 22.7411 0.36
      vertex 76.9019 22.7411 0
    endloop
  endfacet
  facet normal 0.932589 0.360939 0
    outer loop
      vertex 76.9389 22.6455 0.36
      vertex 76.9019 22.7411 0
      vertex 76.9019 22.7411 0.36
    endloop
  endfacet
  facet normal 0.932589 0.360939 0
    outer loop
      vertex 76.9019 22.7411 0
      vertex 76.9389 22.6455 0.36
      vertex 76.9389 22.6455 0
    endloop
  endfacet
  facet normal 0.958446 0.285274 0
    outer loop
      vertex 76.9692 22.5437 0.36
      vertex 76.9389 22.6455 0
      vertex 76.9389 22.6455 0.36
    endloop
  endfacet
  facet normal 0.958446 0.285274 0
    outer loop
      vertex 76.9389 22.6455 0
      vertex 76.9692 22.5437 0.36
      vertex 76.9692 22.5437 0
    endloop
  endfacet
  facet normal 0.977053 0.212994 0
    outer loop
      vertex 76.9927 22.4359 0.36
      vertex 76.9692 22.5437 0
      vertex 76.9692 22.5437 0.36
    endloop
  endfacet
  facet normal 0.977053 0.212994 0
    outer loop
      vertex 76.9692 22.5437 0
      vertex 76.9927 22.4359 0.36
      vertex 76.9927 22.4359 0
    endloop
  endfacet
  facet normal 0.989315 0.145794 0
    outer loop
      vertex 77.0095 22.3219 0.36
      vertex 76.9927 22.4359 0
      vertex 76.9927 22.4359 0.36
    endloop
  endfacet
  facet normal 0.989315 0.145794 0
    outer loop
      vertex 76.9927 22.4359 0
      vertex 77.0095 22.3219 0.36
      vertex 77.0095 22.3219 0
    endloop
  endfacet
  facet normal 0.996483 0.0838008 0
    outer loop
      vertex 77.0196 22.2018 0.36
      vertex 77.0095 22.3219 0
      vertex 77.0095 22.3219 0.36
    endloop
  endfacet
  facet normal 0.996483 0.0838008 0
    outer loop
      vertex 77.0095 22.3219 0
      vertex 77.0196 22.2018 0.36
      vertex 77.0196 22.2018 0
    endloop
  endfacet
  facet normal 0.999659 0.0261194 0
    outer loop
      vertex 77.0229 22.0755 0.36
      vertex 77.0196 22.2018 0
      vertex 77.0196 22.2018 0.36
    endloop
  endfacet
  facet normal 0.999659 0.0261194 0
    outer loop
      vertex 77.0196 22.2018 0
      vertex 77.0229 22.0755 0.36
      vertex 77.0229 22.0755 0
    endloop
  endfacet
  facet normal 0.999675 -0.02551 0
    outer loop
      vertex 77.0197 21.9501 0.36
      vertex 77.0229 22.0755 0
      vertex 77.0229 22.0755 0.36
    endloop
  endfacet
  facet normal 0.999675 -0.02551 0
    outer loop
      vertex 77.0229 22.0755 0
      vertex 77.0197 21.9501 0.36
      vertex 77.0197 21.9501 0
    endloop
  endfacet
  facet normal 0.996891 -0.0787892 0
    outer loop
      vertex 77.0102 21.8299 0.36
      vertex 77.0197 21.9501 0
      vertex 77.0197 21.9501 0.36
    endloop
  endfacet
  facet normal 0.996891 -0.0787892 0
    outer loop
      vertex 77.0197 21.9501 0
      vertex 77.0102 21.8299 0.36
      vertex 77.0102 21.8299 0
    endloop
  endfacet
  facet normal 0.990427 -0.138039 0
    outer loop
      vertex 76.9942 21.7151 0.36
      vertex 77.0102 21.8299 0
      vertex 77.0102 21.8299 0.36
    endloop
  endfacet
  facet normal 0.990427 -0.138039 0
    outer loop
      vertex 77.0102 21.8299 0
      vertex 76.9942 21.7151 0.36
      vertex 76.9942 21.7151 0
    endloop
  endfacet
  facet normal 0.979851 -0.199732 0
    outer loop
      vertex 76.9719 21.6057 0.36
      vertex 76.9942 21.7151 0
      vertex 76.9942 21.7151 0.36
    endloop
  endfacet
  facet normal 0.979851 -0.199732 0
    outer loop
      vertex 76.9942 21.7151 0
      vertex 76.9719 21.6057 0.36
      vertex 76.9719 21.6057 0
    endloop
  endfacet
  facet normal 0.964034 -0.265781 0
    outer loop
      vertex 76.9432 21.5016 0.36
      vertex 76.9719 21.6057 0
      vertex 76.9719 21.6057 0.36
    endloop
  endfacet
  facet normal 0.964034 -0.265781 0
    outer loop
      vertex 76.9719 21.6057 0
      vertex 76.9432 21.5016 0.36
      vertex 76.9432 21.5016 0
    endloop
  endfacet
  facet normal 0.942195 -0.335066 0
    outer loop
      vertex 76.9081 21.4029 0.36
      vertex 76.9432 21.5016 0
      vertex 76.9432 21.5016 0.36
    endloop
  endfacet
  facet normal 0.942195 -0.335066 0
    outer loop
      vertex 76.9432 21.5016 0
      vertex 76.9081 21.4029 0.36
      vertex 76.9081 21.4029 0
    endloop
  endfacet
  facet normal 0.91369 -0.406411 0
    outer loop
      vertex 76.8666 21.3096 0.36
      vertex 76.9081 21.4029 0
      vertex 76.9081 21.4029 0.36
    endloop
  endfacet
  facet normal 0.91369 -0.406411 0
    outer loop
      vertex 76.9081 21.4029 0
      vertex 76.8666 21.3096 0.36
      vertex 76.8666 21.3096 0
    endloop
  endfacet
  facet normal 0.878961 -0.476894 0
    outer loop
      vertex 76.8188 21.2215 0.36
      vertex 76.8666 21.3096 0
      vertex 76.8666 21.3096 0.36
    endloop
  endfacet
  facet normal 0.878961 -0.476894 0
    outer loop
      vertex 76.8666 21.3096 0
      vertex 76.8188 21.2215 0.36
      vertex 76.8188 21.2215 0
    endloop
  endfacet
  facet normal 0.836077 -0.548612 0
    outer loop
      vertex 76.7646 21.1389 0.36
      vertex 76.8188 21.2215 0
      vertex 76.8188 21.2215 0.36
    endloop
  endfacet
  facet normal 0.836077 -0.548612 0
    outer loop
      vertex 76.8188 21.2215 0
      vertex 76.7646 21.1389 0.36
      vertex 76.7646 21.1389 0
    endloop
  endfacet
  facet normal 0.786495 -0.617597 0
    outer loop
      vertex 76.7039 21.0616 0.36
      vertex 76.7646 21.1389 0
      vertex 76.7646 21.1389 0.36
    endloop
  endfacet
  facet normal 0.786495 -0.617597 0
    outer loop
      vertex 76.7646 21.1389 0
      vertex 76.7039 21.0616 0.36
      vertex 76.7039 21.0616 0
    endloop
  endfacet
  facet normal 0.731947 -0.681361 0
    outer loop
      vertex 76.6379 20.9907 0.36
      vertex 76.7039 21.0616 0
      vertex 76.7039 21.0616 0.36
    endloop
  endfacet
  facet normal 0.731947 -0.681361 0
    outer loop
      vertex 76.7039 21.0616 0
      vertex 76.6379 20.9907 0.36
      vertex 76.6379 20.9907 0
    endloop
  endfacet
  facet normal 0.669198 -0.743084 0
    outer loop
      vertex 76.5675 20.9273 0
      vertex 76.6379 20.9907 0.36
      vertex 76.5675 20.9273 0.36
    endloop
  endfacet
  facet normal 0.669198 -0.743084 0
    outer loop
      vertex 76.6379 20.9907 0.36
      vertex 76.5675 20.9273 0
      vertex 76.6379 20.9907 0
    endloop
  endfacet
  facet normal 0.598802 -0.800897 0
    outer loop
      vertex 76.4926 20.8713 0
      vertex 76.5675 20.9273 0.36
      vertex 76.4926 20.8713 0.36
    endloop
  endfacet
  facet normal 0.598802 -0.800897 0
    outer loop
      vertex 76.5675 20.9273 0.36
      vertex 76.4926 20.8713 0
      vertex 76.5675 20.9273 0
    endloop
  endfacet
  facet normal 0.521276 -0.853388 0
    outer loop
      vertex 76.4132 20.8228 0
      vertex 76.4926 20.8713 0.36
      vertex 76.4132 20.8228 0.36
    endloop
  endfacet
  facet normal 0.521276 -0.853388 0
    outer loop
      vertex 76.4926 20.8713 0.36
      vertex 76.4132 20.8228 0
      vertex 76.4926 20.8713 0
    endloop
  endfacet
  facet normal 0.439479 -0.898253 0
    outer loop
      vertex 76.3294 20.7818 0
      vertex 76.4132 20.8228 0.36
      vertex 76.3294 20.7818 0.36
    endloop
  endfacet
  facet normal 0.439479 -0.898253 0
    outer loop
      vertex 76.4132 20.8228 0.36
      vertex 76.3294 20.7818 0
      vertex 76.4132 20.8228 0
    endloop
  endfacet
  facet normal 0.355995 -0.934488 0
    outer loop
      vertex 76.2412 20.7482 0
      vertex 76.3294 20.7818 0.36
      vertex 76.2412 20.7482 0.36
    endloop
  endfacet
  facet normal 0.355995 -0.934488 0
    outer loop
      vertex 76.3294 20.7818 0.36
      vertex 76.2412 20.7482 0
      vertex 76.3294 20.7818 0
    endloop
  endfacet
  facet normal 0.271016 -0.962575 0
    outer loop
      vertex 76.1485 20.7221 0
      vertex 76.2412 20.7482 0.36
      vertex 76.1485 20.7221 0.36
    endloop
  endfacet
  facet normal 0.271016 -0.962575 0
    outer loop
      vertex 76.2412 20.7482 0.36
      vertex 76.1485 20.7221 0
      vertex 76.2412 20.7482 0
    endloop
  endfacet
  facet normal 0.18911 -0.981956 0
    outer loop
      vertex 76.0514 20.7034 0
      vertex 76.1485 20.7221 0.36
      vertex 76.0514 20.7034 0.36
    endloop
  endfacet
  facet normal 0.18911 -0.981956 0
    outer loop
      vertex 76.1485 20.7221 0.36
      vertex 76.0514 20.7034 0
      vertex 76.1485 20.7221 0
    endloop
  endfacet
  facet normal 0.109572 -0.993979 0
    outer loop
      vertex 75.9498 20.6922 0
      vertex 76.0514 20.7034 0.36
      vertex 75.9498 20.6922 0.36
    endloop
  endfacet
  facet normal 0.109572 -0.993979 0
    outer loop
      vertex 76.0514 20.7034 0.36
      vertex 75.9498 20.6922 0
      vertex 76.0514 20.7034 0
    endloop
  endfacet
  facet normal 0.0348844 -0.999391 0
    outer loop
      vertex 75.8438 20.6885 0
      vertex 75.9498 20.6922 0.36
      vertex 75.8438 20.6885 0.36
    endloop
  endfacet
  facet normal 0.0348844 -0.999391 0
    outer loop
      vertex 75.9498 20.6922 0.36
      vertex 75.8438 20.6885 0
      vertex 75.9498 20.6922 0
    endloop
  endfacet
  facet normal 0 -1 0
    outer loop
      vertex 75.1318 20.6885 0
      vertex 75.8438 20.6885 0.36
      vertex 75.1318 20.6885 0.36
    endloop
  endfacet
  facet normal 0 -1 -0
    outer loop
      vertex 75.8438 20.6885 0.36
      vertex 75.1318 20.6885 0
      vertex 75.8438 20.6885 0
    endloop
  endfacet
  facet normal 1 -0 0
    outer loop
      vertex 8.225 96.3646 5.3
      vertex 8.225 109 2.2
      vertex 8.225 109 5.3
    endloop
  endfacet
  facet normal 1 0 0
    outer loop
      vertex 8.225 109 2.2
      vertex 8.225 96.3646 5.3
      vertex 8.225 96.3646 2.2
    endloop
  endfacet
  facet normal 1 -0 0
    outer loop
      vertex 8.225 54.5 5.3
      vertex 8.225 95.6354 2.2
      vertex 8.225 95.6354 5.3
    endloop
  endfacet
  facet normal 1 0 0
    outer loop
      vertex 8.225 95.6354 2.2
      vertex 8.225 54.5 5.3
      vertex 8.225 54.5 2.2
    endloop
  endfacet
  facet normal 0 0 1
    outer loop
      vertex 8.225 109 5.3
      vertex 8.20442 96.5209 5.3
      vertex 8.225 96.3646 5.3
    endloop
  endfacet
  facet normal 0 0 1
    outer loop
      vertex 8.225 109 5.3
      vertex 8.14778 96.7765 5.3
      vertex 8.20442 96.5209 5.3
    endloop
  endfacet
  facet normal 0 0 1
    outer loop
      vertex 8.225 109 5.3
      vertex 8.06908 97.0261 5.3
      vertex 8.14778 96.7765 5.3
    endloop
  endfacet
  facet normal 0 0 1
    outer loop
      vertex 8.225 109 5.3
      vertex 7.96892 97.2679 5.3
      vertex 8.06908 97.0261 5.3
    endloop
  endfacet
  facet normal 0 0 1
    outer loop
      vertex 8.225 109 5.3
      vertex 7.84808 97.5 5.3
      vertex 7.96892 97.2679 5.3
    endloop
  endfacet
  facet normal 0 0 1
    outer loop
      vertex 8.225 109 5.3
      vertex 7.70746 97.7207 5.3
      vertex 7.84808 97.5 5.3
    endloop
  endfacet
  facet normal 0 0 1
    outer loop
      vertex 8.225 109 5.3
      vertex 7.54813 97.9284 5.3
      vertex 7.70746 97.7207 5.3
    endloop
  endfacet
  facet normal 0 0 1
    outer loop
      vertex 8.225 109 5.3
      vertex 7.37132 98.1213 5.3
      vertex 7.54813 97.9284 5.3
    endloop
  endfacet
  facet normal 0 0 1
    outer loop
      vertex 7.325 98.1638 5.3
      vertex 8.225 109 5.3
      vertex 7.325 109 5.3
    endloop
  endfacet
  facet normal 0 0 1
    outer loop
      vertex 8.225 109 5.3
      vertex 7.325 98.1638 5.3
      vertex 7.37132 98.1213 5.3
    endloop
  endfacet
  facet normal -0 0 1
    outer loop
      vertex 8.20442 95.4791 5.3
      vertex 8.225 54.5 5.3
      vertex 8.225 95.6354 5.3
    endloop
  endfacet
  facet normal -0 0 1
    outer loop
      vertex 8.14778 95.2235 5.3
      vertex 8.225 54.5 5.3
      vertex 8.20442 95.4791 5.3
    endloop
  endfacet
  facet normal -0 0 1
    outer loop
      vertex 8.06908 94.9739 5.3
      vertex 8.225 54.5 5.3
      vertex 8.14778 95.2235 5.3
    endloop
  endfacet
  facet normal -0 0 1
    outer loop
      vertex 7.96892 94.7321 5.3
      vertex 8.225 54.5 5.3
      vertex 8.06908 94.9739 5.3
    endloop
  endfacet
  facet normal -0 0 1
    outer loop
      vertex 7.84808 94.5 5.3
      vertex 8.225 54.5 5.3
      vertex 7.96892 94.7321 5.3
    endloop
  endfacet
  facet normal -0 0 1
    outer loop
      vertex 7.70746 94.2793 5.3
      vertex 8.225 54.5 5.3
      vertex 7.84808 94.5 5.3
    endloop
  endfacet
  facet normal -0 0 1
    outer loop
      vertex 7.54813 94.0716 5.3
      vertex 8.225 54.5 5.3
      vertex 7.70746 94.2793 5.3
    endloop
  endfacet
  facet normal -0 0 1
    outer loop
      vertex 7.37132 93.8787 5.3
      vertex 8.225 54.5 5.3
      vertex 7.54813 94.0716 5.3
    endloop
  endfacet
  facet normal -0 0 1
    outer loop
      vertex 7.325 93.8362 5.3
      vertex 8.225 54.5 5.3
      vertex 7.37132 93.8787 5.3
    endloop
  endfacet
  facet normal 0 0 1
    outer loop
      vertex 8.225 54.5 5.3
      vertex 7.325 93.8362 5.3
      vertex 7.325 54.5 5.3
    endloop
  endfacet
  facet normal -1 0 0
    outer loop
      vertex 7.325 98.1638 2.2
      vertex 7.325 109 5.3
      vertex 7.325 109 2.2
    endloop
  endfacet
  facet normal -1 -0 0
    outer loop
      vertex 7.325 109 5.3
      vertex 7.325 98.1638 2.2
      vertex 7.325 98.1638 5.3
    endloop
  endfacet
  facet normal -1 0 0
    outer loop
      vertex 7.325 54.5 2.2
      vertex 7.325 93.8362 5.3
      vertex 7.325 93.8362 2.2
    endloop
  endfacet
  facet normal -1 -0 0
    outer loop
      vertex 7.325 93.8362 5.3
      vertex 7.325 54.5 2.2
      vertex 7.325 54.5 5.3
    endloop
  endfacet
  facet normal 0 1 -0
    outer loop
      vertex 8.225 109 2.2
      vertex 7.325 109 5.3
      vertex 8.225 109 5.3
    endloop
  endfacet
  facet normal 0 1 0
    outer loop
      vertex 7.325 109 5.3
      vertex 8.225 109 2.2
      vertex 7.325 109 2.2
    endloop
  endfacet
  facet normal 0 -1 0
    outer loop
      vertex 7.325 54.5 2.2
      vertex 8.225 54.5 5.3
      vertex 7.325 54.5 5.3
    endloop
  endfacet
  facet normal 0 -1 -0
    outer loop
      vertex 8.225 54.5 5.3
      vertex 7.325 54.5 2.2
      vertex 8.225 54.5 2.2
    endloop
  endfacet
  facet normal 1 -0 0
    outer loop
      vertex 112.675 98.1638 5.3
      vertex 112.675 109 2.2
      vertex 112.675 109 5.3
    endloop
  endfacet
  facet normal 1 0 0
    outer loop
      vertex 112.675 109 2.2
      vertex 112.675 98.1638 5.3
      vertex 112.675 98.1638 2.2
    endloop
  endfacet
  facet normal 1 -0 0
    outer loop
      vertex 112.675 54.5 5.3
      vertex 112.675 93.8362 2.2
      vertex 112.675 93.8362 5.3
    endloop
  endfacet
  facet normal 1 0 0
    outer loop
      vertex 112.675 93.8362 2.2
      vertex 112.675 54.5 5.3
      vertex 112.675 54.5 2.2
    endloop
  endfacet
  facet normal -0 0 1
    outer loop
      vertex 111.775 109 5.3
      vertex 112.675 98.1638 5.3
      vertex 112.675 109 5.3
    endloop
  endfacet
  facet normal 0 0 1
    outer loop
      vertex 112.675 98.1638 5.3
      vertex 111.775 109 5.3
      vertex 112.629 98.1213 5.3
    endloop
  endfacet
  facet normal 0 0 1
    outer loop
      vertex 112.629 98.1213 5.3
      vertex 111.775 109 5.3
      vertex 112.452 97.9284 5.3
    endloop
  endfacet
  facet normal 0 0 1
    outer loop
      vertex 112.452 97.9284 5.3
      vertex 111.775 109 5.3
      vertex 112.293 97.7207 5.3
    endloop
  endfacet
  facet normal 0 0 1
    outer loop
      vertex 112.293 97.7207 5.3
      vertex 111.775 109 5.3
      vertex 112.152 97.5 5.3
    endloop
  endfacet
  facet normal 0 0 1
    outer loop
      vertex 112.152 97.5 5.3
      vertex 111.775 109 5.3
      vertex 112.031 97.2679 5.3
    endloop
  endfacet
  facet normal 0 0 1
    outer loop
      vertex 112.031 97.2679 5.3
      vertex 111.775 109 5.3
      vertex 111.931 97.0261 5.3
    endloop
  endfacet
  facet normal 0 0 1
    outer loop
      vertex 111.931 97.0261 5.3
      vertex 111.775 109 5.3
      vertex 111.852 96.7765 5.3
    endloop
  endfacet
  facet normal 0 0 1
    outer loop
      vertex 111.852 96.7765 5.3
      vertex 111.775 109 5.3
      vertex 111.796 96.5209 5.3
    endloop
  endfacet
  facet normal 0 0 1
    outer loop
      vertex 111.796 96.5209 5.3
      vertex 111.775 109 5.3
      vertex 111.775 96.3646 5.3
    endloop
  endfacet
  facet normal 0 0 1
    outer loop
      vertex 111.775 54.5 5.3
      vertex 112.675 93.8362 5.3
      vertex 112.629 93.8787 5.3
    endloop
  endfacet
  facet normal 0 0 1
    outer loop
      vertex 111.775 54.5 5.3
      vertex 112.629 93.8787 5.3
      vertex 112.452 94.0716 5.3
    endloop
  endfacet
  facet normal 0 0 1
    outer loop
      vertex 111.775 54.5 5.3
      vertex 112.452 94.0716 5.3
      vertex 112.293 94.2793 5.3
    endloop
  endfacet
  facet normal 0 0 1
    outer loop
      vertex 111.775 54.5 5.3
      vertex 112.293 94.2793 5.3
      vertex 112.152 94.5 5.3
    endloop
  endfacet
  facet normal 0 0 1
    outer loop
      vertex 111.775 54.5 5.3
      vertex 112.152 94.5 5.3
      vertex 112.031 94.7321 5.3
    endloop
  endfacet
  facet normal 0 0 1
    outer loop
      vertex 111.775 54.5 5.3
      vertex 112.031 94.7321 5.3
      vertex 111.931 94.9739 5.3
    endloop
  endfacet
  facet normal 0 0 1
    outer loop
      vertex 111.775 54.5 5.3
      vertex 111.931 94.9739 5.3
      vertex 111.852 95.2235 5.3
    endloop
  endfacet
  facet normal 0 0 1
    outer loop
      vertex 111.775 54.5 5.3
      vertex 111.852 95.2235 5.3
      vertex 111.796 95.4791 5.3
    endloop
  endfacet
  facet normal 0 0 1
    outer loop
      vertex 111.775 54.5 5.3
      vertex 111.796 95.4791 5.3
      vertex 111.775 95.6354 5.3
    endloop
  endfacet
  facet normal 0 0 1
    outer loop
      vertex 112.675 93.8362 5.3
      vertex 111.775 54.5 5.3
      vertex 112.675 54.5 5.3
    endloop
  endfacet
  facet normal -1 0 0
    outer loop
      vertex 111.775 96.3646 2.2
      vertex 111.775 109 5.3
      vertex 111.775 109 2.2
    endloop
  endfacet
  facet normal -1 -0 0
    outer loop
      vertex 111.775 109 5.3
      vertex 111.775 96.3646 2.2
      vertex 111.775 96.3646 5.3
    endloop
  endfacet
  facet normal -1 0 0
    outer loop
      vertex 111.775 54.5 2.2
      vertex 111.775 95.6354 5.3
      vertex 111.775 95.6354 2.2
    endloop
  endfacet
  facet normal -1 -0 0
    outer loop
      vertex 111.775 95.6354 5.3
      vertex 111.775 54.5 2.2
      vertex 111.775 54.5 5.3
    endloop
  endfacet
  facet normal 0 1 -0
    outer loop
      vertex 112.675 109 2.2
      vertex 111.775 109 5.3
      vertex 112.675 109 5.3
    endloop
  endfacet
  facet normal 0 1 0
    outer loop
      vertex 111.775 109 5.3
      vertex 112.675 109 2.2
      vertex 111.775 109 2.2
    endloop
  endfacet
  facet normal 0 -1 0
    outer loop
      vertex 111.775 54.5 2.2
      vertex 112.675 54.5 5.3
      vertex 111.775 54.5 5.3
    endloop
  endfacet
  facet normal 0 -1 -0
    outer loop
      vertex 112.675 54.5 5.3
      vertex 111.775 54.5 2.2
      vertex 112.675 54.5 2.2
    endloop
  endfacet
  facet normal 1 -0 0
    outer loop
      vertex 96.5 41.325 5.3
      vertex 96.5 42.225 2.2
      vertex 96.5 42.225 5.3
    endloop
  endfacet
  facet normal 1 0 0
    outer loop
      vertex 96.5 42.225 2.2
      vertex 96.5 41.325 5.3
      vertex 96.5 41.325 2.2
    endloop
  endfacet
  facet normal -0 0 1
    outer loop
      vertex 23.5 42.225 5.3
      vertex 96.5 41.325 5.3
      vertex 96.5 42.225 5.3
    endloop
  endfacet
  facet normal 0 0 1
    outer loop
      vertex 96.5 41.325 5.3
      vertex 23.5 42.225 5.3
      vertex 23.5 41.325 5.3
    endloop
  endfacet
  facet normal -1 0 0
    outer loop
      vertex 23.5 41.325 2.2
      vertex 23.5 42.225 5.3
      vertex 23.5 42.225 2.2
    endloop
  endfacet
  facet normal -1 -0 0
    outer loop
      vertex 23.5 42.225 5.3
      vertex 23.5 41.325 2.2
      vertex 23.5 41.325 5.3
    endloop
  endfacet
  facet normal 0 1 -0
    outer loop
      vertex 96.5 42.225 2.2
      vertex 23.5 42.225 5.3
      vertex 96.5 42.225 5.3
    endloop
  endfacet
  facet normal 0 1 0
    outer loop
      vertex 23.5 42.225 5.3
      vertex 96.5 42.225 2.2
      vertex 23.5 42.225 2.2
    endloop
  endfacet
  facet normal 0 -1 0
    outer loop
      vertex 23.5 41.325 2.2
      vertex 96.5 41.325 5.3
      vertex 23.5 41.325 5.3
    endloop
  endfacet
  facet normal 0 -1 -0
    outer loop
      vertex 96.5 41.325 5.3
      vertex 23.5 41.325 2.2
      vertex 96.5 41.325 2.2
    endloop
  endfacet
  facet normal 1 -0 0
    outer loop
      vertex 96.5 121.275 5.3
      vertex 96.5 122.175 2.2
      vertex 96.5 122.175 5.3
    endloop
  endfacet
  facet normal 1 0 0
    outer loop
      vertex 96.5 122.175 2.2
      vertex 96.5 121.275 5.3
      vertex 96.5 121.275 2.2
    endloop
  endfacet
  facet normal -0 0 1
    outer loop
      vertex 23.5 122.175 5.3
      vertex 96.5 121.275 5.3
      vertex 96.5 122.175 5.3
    endloop
  endfacet
  facet normal 0 0 1
    outer loop
      vertex 96.5 121.275 5.3
      vertex 23.5 122.175 5.3
      vertex 23.5 121.275 5.3
    endloop
  endfacet
  facet normal -1 0 0
    outer loop
      vertex 23.5 121.275 2.2
      vertex 23.5 122.175 5.3
      vertex 23.5 122.175 2.2
    endloop
  endfacet
  facet normal -1 -0 0
    outer loop
      vertex 23.5 122.175 5.3
      vertex 23.5 121.275 2.2
      vertex 23.5 121.275 5.3
    endloop
  endfacet
  facet normal 0 1 -0
    outer loop
      vertex 96.5 122.175 2.2
      vertex 23.5 122.175 5.3
      vertex 96.5 122.175 5.3
    endloop
  endfacet
  facet normal 0 1 0
    outer loop
      vertex 23.5 122.175 5.3
      vertex 96.5 122.175 2.2
      vertex 23.5 122.175 2.2
    endloop
  endfacet
  facet normal 0 -1 0
    outer loop
      vertex 23.5 121.275 2.2
      vertex 96.5 121.275 5.3
      vertex 23.5 121.275 5.3
    endloop
  endfacet
  facet normal 0 -1 -0
    outer loop
      vertex 96.5 121.275 5.3
      vertex 23.5 121.275 2.2
      vertex 96.5 121.275 2.2
    endloop
  endfacet
  facet normal 0.999048 0.0436295 0
    outer loop
      vertex 8.25 48 13.2
      vertex 8.23858 48.2615 2.2
      vertex 8.23858 48.2615 13.2
    endloop
  endfacet
  facet normal 0.999048 0.0436295 0
    outer loop
      vertex 8.23858 48.2615 2.2
      vertex 8.25 48 13.2
      vertex 8.25 48 2.2
    endloop
  endfacet
  facet normal 0.130677 0.991425 -0
    outer loop
      vertex 5.77094 50.9544 2.2
      vertex 5.51147 50.9886 13.2
      vertex 5.77094 50.9544 13.2
    endloop
  endfacet
  facet normal 0.130677 0.991425 0
    outer loop
      vertex 5.51147 50.9886 13.2
      vertex 5.77094 50.9544 2.2
      vertex 5.51147 50.9886 2.2
    endloop
  endfacet
  facet normal -0.675559 -0.737306 0
    outer loop
      vertex 3.12868 45.8787 2.2
      vertex 3.32164 45.7019 13.2
      vertex 3.12868 45.8787 13.2
    endloop
  endfacet
  facet normal -0.675559 -0.737306 -0
    outer loop
      vertex 3.32164 45.7019 13.2
      vertex 3.12868 45.8787 2.2
      vertex 3.32164 45.7019 2.2
    endloop
  endfacet
  facet normal 0.99144 0.130561 0
    outer loop
      vertex 8.23858 48.2615 13.2
      vertex 8.20442 48.5209 2.2
      vertex 8.20442 48.5209 13.2
    endloop
  endfacet
  facet normal 0.99144 0.130561 0
    outer loop
      vertex 8.20442 48.5209 2.2
      vertex 8.23858 48.2615 13.2
      vertex 8.23858 48.2615 2.2
    endloop
  endfacet
  facet normal -0.843359 -0.53735 0
    outer loop
      vertex 2.79254 46.2793 2.2
      vertex 2.65192 46.5 13.2
      vertex 2.65192 46.5 2.2
    endloop
  endfacet
  facet normal -0.843359 -0.53735 0
    outer loop
      vertex 2.65192 46.5 13.2
      vertex 2.79254 46.2793 2.2
      vertex 2.79254 46.2793 13.2
    endloop
  endfacet
  facet normal -0.793434 0.608656 0
    outer loop
      vertex 2.79254 49.7207 2.2
      vertex 2.95187 49.9284 13.2
      vertex 2.95187 49.9284 2.2
    endloop
  endfacet
  facet normal -0.793434 0.608656 0
    outer loop
      vertex 2.95187 49.9284 13.2
      vertex 2.79254 49.7207 2.2
      vertex 2.79254 49.7207 13.2
    endloop
  endfacet
  facet normal 0.976316 0.216348 0
    outer loop
      vertex 8.20442 48.5209 13.2
      vertex 8.14778 48.7765 2.2
      vertex 8.14778 48.7765 13.2
    endloop
  endfacet
  facet normal 0.976316 0.216348 0
    outer loop
      vertex 8.14778 48.7765 2.2
      vertex 8.20442 48.5209 13.2
      vertex 8.20442 48.5209 2.2
    endloop
  endfacet
  facet normal 0.461599 0.887089 -0
    outer loop
      vertex 6.75 50.5981 2.2
      vertex 6.51785 50.7189 13.2
      vertex 6.75 50.5981 13.2
    endloop
  endfacet
  facet normal 0.461599 0.887089 0
    outer loop
      vertex 6.51785 50.7189 13.2
      vertex 6.75 50.5981 2.2
      vertex 6.51785 50.7189 2.2
    endloop
  endfacet
  facet normal 0.216267 -0.976334 0
    outer loop
      vertex 5.77094 45.0456 2.2
      vertex 6.02646 45.1022 13.2
      vertex 5.77094 45.0456 13.2
    endloop
  endfacet
  facet normal 0.216267 -0.976334 0
    outer loop
      vertex 6.02646 45.1022 13.2
      vertex 5.77094 45.0456 2.2
      vertex 6.02646 45.1022 2.2
    endloop
  endfacet
  facet normal 0.382838 -0.923816 0
    outer loop
      vertex 6.27606 45.1809 2.2
      vertex 6.51785 45.2811 13.2
      vertex 6.27606 45.1809 13.2
    endloop
  endfacet
  facet normal 0.382838 -0.923816 0
    outer loop
      vertex 6.51785 45.2811 13.2
      vertex 6.27606 45.1809 2.2
      vertex 6.51785 45.2811 2.2
    endloop
  endfacet
  facet normal 0.976316 -0.216348 0
    outer loop
      vertex 8.14778 47.2235 13.2
      vertex 8.20442 47.4791 2.2
      vertex 8.20442 47.4791 13.2
    endloop
  endfacet
  facet normal 0.976316 -0.216348 0
    outer loop
      vertex 8.20442 47.4791 2.2
      vertex 8.14778 47.2235 13.2
      vertex 8.14778 47.2235 2.2
    endloop
  endfacet
  facet normal -0.300711 0.953715 0
    outer loop
      vertex 4.47354 50.8978 2.2
      vertex 4.22394 50.8191 13.2
      vertex 4.47354 50.8978 13.2
    endloop
  endfacet
  facet normal -0.300711 0.953715 0
    outer loop
      vertex 4.22394 50.8191 13.2
      vertex 4.47354 50.8978 2.2
      vertex 4.22394 50.8191 2.2
    endloop
  endfacet
  facet normal -0.99144 -0.130561 0
    outer loop
      vertex 2.29558 47.4791 12.95
      vertex 2.26142 47.7385 13.2
      vertex 2.26142 47.7385 12.95
    endloop
  endfacet
  facet normal -0.99144 -0.130561 0
    outer loop
      vertex 2.26142 47.7385 13.2
      vertex 2.29558 47.4791 12.95
      vertex 2.29558 47.4791 13.2
    endloop
  endfacet
  facet normal 0.793434 0.608656 0
    outer loop
      vertex 7.70746 49.7207 13.2
      vertex 7.54813 49.9284 2.2
      vertex 7.54813 49.9284 13.2
    endloop
  endfacet
  facet normal 0.793434 0.608656 0
    outer loop
      vertex 7.54813 49.9284 2.2
      vertex 7.70746 49.7207 13.2
      vertex 7.70746 49.7207 2.2
    endloop
  endfacet
  facet normal 0.537244 0.843427 -0
    outer loop
      vertex 6.97073 50.4575 2.2
      vertex 6.75 50.5981 13.2
      vertex 6.97073 50.4575 13.2
    endloop
  endfacet
  facet normal 0.537244 0.843427 0
    outer loop
      vertex 6.75 50.5981 13.2
      vertex 6.97073 50.4575 2.2
      vertex 6.75 50.5981 2.2
    endloop
  endfacet
  facet normal 0.953715 -0.300711 0
    outer loop
      vertex 8.06908 46.9739 13.2
      vertex 8.14778 47.2235 2.2
      vertex 8.14778 47.2235 13.2
    endloop
  endfacet
  facet normal 0.953715 -0.300711 0
    outer loop
      vertex 8.14778 47.2235 2.2
      vertex 8.06908 46.9739 13.2
      vertex 8.06908 46.9739 2.2
    endloop
  endfacet
  facet normal -0.953747 -0.30061 0
    outer loop
      vertex 2.4 47.072 2.2
      vertex 2.43092 46.9739 2.2
      vertex 2.4 47.072 12.95
    endloop
  endfacet
  facet normal -0.953695 -0.300776 0
    outer loop
      vertex 2.4 47.072 12.95
      vertex 2.35222 47.2235 13.2
      vertex 2.35222 47.2235 12.95
    endloop
  endfacet
  facet normal -0.953715 -0.300711 -4.33757e-05
    outer loop
      vertex 2.4 47.072 12.95
      vertex 2.43092 46.9739 13.2
      vertex 2.35222 47.2235 13.2
    endloop
  endfacet
  facet normal -0.953747 -0.30061 -0
    outer loop
      vertex 2.43092 46.9739 13.2
      vertex 2.4 47.072 12.95
      vertex 2.43092 46.9739 2.2
    endloop
  endfacet
  facet normal -0.737183 -0.675693 0
    outer loop
      vertex 3.12868 45.8787 2.2
      vertex 2.95187 46.0716 13.2
      vertex 2.95187 46.0716 2.2
    endloop
  endfacet
  facet normal -0.737183 -0.675693 0
    outer loop
      vertex 2.95187 46.0716 13.2
      vertex 3.12868 45.8787 2.2
      vertex 3.12868 45.8787 13.2
    endloop
  endfacet
  facet normal 0.99144 -0.130561 0
    outer loop
      vertex 8.20442 47.4791 13.2
      vertex 8.23858 47.7385 2.2
      vertex 8.23858 47.7385 13.2
    endloop
  endfacet
  facet normal 0.99144 -0.130561 0
    outer loop
      vertex 8.23858 47.7385 2.2
      vertex 8.20442 47.4791 13.2
      vertex 8.20442 47.4791 2.2
    endloop
  endfacet
  facet normal -0.976316 -0.216348 0
    outer loop
      vertex 2.35222 47.2235 12.95
      vertex 2.29558 47.4791 13.2
      vertex 2.29558 47.4791 12.95
    endloop
  endfacet
  facet normal -0.976316 -0.216348 0
    outer loop
      vertex 2.29558 47.4791 13.2
      vertex 2.35222 47.2235 12.95
      vertex 2.35222 47.2235 13.2
    endloop
  endfacet
  facet normal -0.300711 -0.953715 0
    outer loop
      vertex 4.22394 45.1809 2.2
      vertex 4.47354 45.1022 13.2
      vertex 4.22394 45.1809 13.2
    endloop
  endfacet
  facet normal -0.300711 -0.953715 -0
    outer loop
      vertex 4.47354 45.1022 13.2
      vertex 4.22394 45.1809 2.2
      vertex 4.47354 45.1022 2.2
    endloop
  endfacet
  facet normal -0.537244 0.843427 0
    outer loop
      vertex 3.75 50.5981 2.2
      vertex 3.52927 50.4575 13.2
      vertex 3.75 50.5981 13.2
    endloop
  endfacet
  facet normal -0.537244 0.843427 0
    outer loop
      vertex 3.52927 50.4575 13.2
      vertex 3.75 50.5981 2.2
      vertex 3.52927 50.4575 2.2
    endloop
  endfacet
  facet normal 0.675559 0.737306 -0
    outer loop
      vertex 7.37132 50.1213 2.2
      vertex 7.17836 50.2981 13.2
      vertex 7.37132 50.1213 13.2
    endloop
  endfacet
  facet normal 0.675559 0.737306 0
    outer loop
      vertex 7.17836 50.2981 13.2
      vertex 7.37132 50.1213 2.2
      vertex 7.17836 50.2981 2.2
    endloop
  endfacet
  facet normal 0.843359 0.53735 0
    outer loop
      vertex 7.84808 49.5 13.2
      vertex 7.70746 49.7207 2.2
      vertex 7.70746 49.7207 13.2
    endloop
  endfacet
  facet normal 0.843359 0.53735 0
    outer loop
      vertex 7.70746 49.7207 2.2
      vertex 7.84808 49.5 13.2
      vertex 7.84808 49.5 2.2
    endloop
  endfacet
  facet normal 0.886985 0.461798 0
    outer loop
      vertex 7.96892 49.2679 13.2
      vertex 7.84808 49.5 2.2
      vertex 7.84808 49.5 13.2
    endloop
  endfacet
  facet normal 0.886985 0.461798 0
    outer loop
      vertex 7.84808 49.5 2.2
      vertex 7.96892 49.2679 13.2
      vertex 7.96892 49.2679 2.2
    endloop
  endfacet
  facet normal -0.130677 -0.991425 0
    outer loop
      vertex 4.72906 45.0456 2.2
      vertex 4.98853 45.0114 13.2
      vertex 4.72906 45.0456 13.2
    endloop
  endfacet
  facet normal -0.130677 -0.991425 -0
    outer loop
      vertex 4.98853 45.0114 13.2
      vertex 4.72906 45.0456 2.2
      vertex 4.98853 45.0114 2.2
    endloop
  endfacet
  facet normal 0.923875 -0.382694 0
    outer loop
      vertex 7.96892 46.7321 13.2
      vertex 8.06908 46.9739 2.2
      vertex 8.06908 46.9739 13.2
    endloop
  endfacet
  facet normal 0.923875 -0.382694 0
    outer loop
      vertex 8.06908 46.9739 2.2
      vertex 7.96892 46.7321 13.2
      vertex 7.96892 46.7321 2.2
    endloop
  endfacet
  facet normal -0.537244 -0.843427 0
    outer loop
      vertex 3.52927 45.5425 2.2
      vertex 3.75 45.4019 13.2
      vertex 3.52927 45.5425 13.2
    endloop
  endfacet
  facet normal -0.537244 -0.843427 -0
    outer loop
      vertex 3.75 45.4019 13.2
      vertex 3.52927 45.5425 2.2
      vertex 3.75 45.4019 2.2
    endloop
  endfacet
  facet normal 0.0435583 0.999051 -0
    outer loop
      vertex 5.51147 50.9886 2.2
      vertex 5.25 51 13.2
      vertex 5.51147 50.9886 13.2
    endloop
  endfacet
  facet normal 0.0435583 0.999051 0
    outer loop
      vertex 5.25 51 13.2
      vertex 5.51147 50.9886 2.2
      vertex 5.25 51 2.2
    endloop
  endfacet
  facet normal 0.923875 0.382694 0
    outer loop
      vertex 8.06908 49.0261 13.2
      vertex 7.96892 49.2679 2.2
      vertex 7.96892 49.2679 13.2
    endloop
  endfacet
  facet normal 0.923875 0.382694 0
    outer loop
      vertex 7.96892 49.2679 2.2
      vertex 8.06908 49.0261 13.2
      vertex 8.06908 49.0261 2.2
    endloop
  endfacet
  facet normal -0.130677 0.991425 0
    outer loop
      vertex 4.98853 50.9886 2.2
      vertex 4.72906 50.9544 13.2
      vertex 4.98853 50.9886 13.2
    endloop
  endfacet
  facet normal -0.130677 0.991425 0
    outer loop
      vertex 4.72906 50.9544 13.2
      vertex 4.98853 50.9886 2.2
      vertex 4.72906 50.9544 2.2
    endloop
  endfacet
  facet normal -0.608954 0.793206 0
    outer loop
      vertex 3.52927 50.4575 2.2
      vertex 3.32164 50.2981 13.2
      vertex 3.52927 50.4575 13.2
    endloop
  endfacet
  facet normal -0.608954 0.793206 0
    outer loop
      vertex 3.32164 50.2981 13.2
      vertex 3.52927 50.4575 2.2
      vertex 3.32164 50.2981 2.2
    endloop
  endfacet
  facet normal 0.130677 -0.991425 0
    outer loop
      vertex 5.51147 45.0114 2.2
      vertex 5.77094 45.0456 13.2
      vertex 5.51147 45.0114 13.2
    endloop
  endfacet
  facet normal 0.130677 -0.991425 0
    outer loop
      vertex 5.77094 45.0456 13.2
      vertex 5.51147 45.0114 2.2
      vertex 5.77094 45.0456 2.2
    endloop
  endfacet
  facet normal 0.793434 -0.608656 0
    outer loop
      vertex 7.54813 46.0716 13.2
      vertex 7.70746 46.2793 2.2
      vertex 7.70746 46.2793 13.2
    endloop
  endfacet
  facet normal 0.793434 -0.608656 0
    outer loop
      vertex 7.70746 46.2793 2.2
      vertex 7.54813 46.0716 13.2
      vertex 7.54813 46.0716 2.2
    endloop
  endfacet
  facet normal 0.843359 -0.53735 0
    outer loop
      vertex 7.70746 46.2793 13.2
      vertex 7.84808 46.5 2.2
      vertex 7.84808 46.5 13.2
    endloop
  endfacet
  facet normal 0.843359 -0.53735 0
    outer loop
      vertex 7.84808 46.5 2.2
      vertex 7.70746 46.2793 13.2
      vertex 7.70746 46.2793 2.2
    endloop
  endfacet
  facet normal 0.382838 0.923816 -0
    outer loop
      vertex 6.51785 50.7189 2.2
      vertex 6.27606 50.8191 13.2
      vertex 6.51785 50.7189 13.2
    endloop
  endfacet
  facet normal 0.382838 0.923816 0
    outer loop
      vertex 6.27606 50.8191 13.2
      vertex 6.51785 50.7189 2.2
      vertex 6.27606 50.8191 2.2
    endloop
  endfacet
  facet normal -0.976316 0.216348 0
    outer loop
      vertex 2.29558 48.5209 12.95
      vertex 2.35222 48.7765 13.2
      vertex 2.35222 48.7765 12.95
    endloop
  endfacet
  facet normal -0.976316 0.216348 0
    outer loop
      vertex 2.35222 48.7765 13.2
      vertex 2.29558 48.5209 12.95
      vertex 2.29558 48.5209 13.2
    endloop
  endfacet
  facet normal -0.737183 0.675693 0
    outer loop
      vertex 2.95187 49.9284 2.2
      vertex 3.12868 50.1213 13.2
      vertex 3.12868 50.1213 2.2
    endloop
  endfacet
  facet normal -0.737183 0.675693 0
    outer loop
      vertex 3.12868 50.1213 13.2
      vertex 2.95187 49.9284 2.2
      vertex 2.95187 49.9284 13.2
    endloop
  endfacet
  facet normal 0.216267 0.976334 -0
    outer loop
      vertex 6.02646 50.8978 2.2
      vertex 5.77094 50.9544 13.2
      vertex 6.02646 50.8978 13.2
    endloop
  endfacet
  facet normal 0.216267 0.976334 0
    outer loop
      vertex 5.77094 50.9544 13.2
      vertex 6.02646 50.8978 2.2
      vertex 5.77094 50.9544 2.2
    endloop
  endfacet
  facet normal -0.793434 -0.608656 0
    outer loop
      vertex 2.95187 46.0716 2.2
      vertex 2.79254 46.2793 13.2
      vertex 2.79254 46.2793 2.2
    endloop
  endfacet
  facet normal -0.793434 -0.608656 0
    outer loop
      vertex 2.79254 46.2793 13.2
      vertex 2.95187 46.0716 2.2
      vertex 2.95187 46.0716 13.2
    endloop
  endfacet
  facet normal -0.461615 -0.88708 0
    outer loop
      vertex 3.75 45.4019 2.2
      vertex 3.98214 45.2811 13.2
      vertex 3.75 45.4019 13.2
    endloop
  endfacet
  facet normal -0.461615 -0.88708 -0
    outer loop
      vertex 3.98214 45.2811 13.2
      vertex 3.75 45.4019 2.2
      vertex 3.98214 45.2811 2.2
    endloop
  endfacet
  facet normal -0.382824 0.923821 0
    outer loop
      vertex 4.22394 50.8191 2.2
      vertex 3.98214 50.7189 13.2
      vertex 4.22394 50.8191 13.2
    endloop
  endfacet
  facet normal -0.382824 0.923821 0
    outer loop
      vertex 3.98214 50.7189 13.2
      vertex 4.22394 50.8191 2.2
      vertex 3.98214 50.7189 2.2
    endloop
  endfacet
  facet normal -0.461615 0.88708 0
    outer loop
      vertex 3.98214 50.7189 2.2
      vertex 3.75 50.5981 13.2
      vertex 3.98214 50.7189 13.2
    endloop
  endfacet
  facet normal -0.461615 0.88708 0
    outer loop
      vertex 3.75 50.5981 13.2
      vertex 3.98214 50.7189 2.2
      vertex 3.75 50.5981 2.2
    endloop
  endfacet
  facet normal 0.461599 -0.887089 0
    outer loop
      vertex 6.51785 45.2811 2.2
      vertex 6.75 45.4019 13.2
      vertex 6.51785 45.2811 13.2
    endloop
  endfacet
  facet normal 0.461599 -0.887089 0
    outer loop
      vertex 6.75 45.4019 13.2
      vertex 6.51785 45.2811 2.2
      vertex 6.75 45.4019 2.2
    endloop
  endfacet
  facet normal 0.953715 0.300711 0
    outer loop
      vertex 8.14778 48.7765 13.2
      vertex 8.06908 49.0261 2.2
      vertex 8.06908 49.0261 13.2
    endloop
  endfacet
  facet normal 0.953715 0.300711 0
    outer loop
      vertex 8.06908 49.0261 2.2
      vertex 8.14778 48.7765 13.2
      vertex 8.14778 48.7765 2.2
    endloop
  endfacet
  facet normal 0.608954 0.793206 -0
    outer loop
      vertex 7.17836 50.2981 2.2
      vertex 6.97073 50.4575 13.2
      vertex 7.17836 50.2981 13.2
    endloop
  endfacet
  facet normal 0.608954 0.793206 0
    outer loop
      vertex 6.97073 50.4575 13.2
      vertex 7.17836 50.2981 2.2
      vertex 6.97073 50.4575 2.2
    endloop
  endfacet
  facet normal -0.675559 0.737306 0
    outer loop
      vertex 3.32164 50.2981 2.2
      vertex 3.12868 50.1213 13.2
      vertex 3.32164 50.2981 13.2
    endloop
  endfacet
  facet normal -0.675559 0.737306 0
    outer loop
      vertex 3.12868 50.1213 13.2
      vertex 3.32164 50.2981 2.2
      vertex 3.12868 50.1213 2.2
    endloop
  endfacet
  facet normal 0.737183 0.675693 0
    outer loop
      vertex 7.54813 49.9284 13.2
      vertex 7.37132 50.1213 2.2
      vertex 7.37132 50.1213 13.2
    endloop
  endfacet
  facet normal 0.737183 0.675693 0
    outer loop
      vertex 7.37132 50.1213 2.2
      vertex 7.54813 49.9284 13.2
      vertex 7.54813 49.9284 2.2
    endloop
  endfacet
  facet normal -0.923875 -0.382694 0
    outer loop
      vertex 2.53108 46.7321 2.2
      vertex 2.43092 46.9739 13.2
      vertex 2.43092 46.9739 2.2
    endloop
  endfacet
  facet normal -0.923875 -0.382694 0
    outer loop
      vertex 2.43092 46.9739 13.2
      vertex 2.53108 46.7321 2.2
      vertex 2.53108 46.7321 13.2
    endloop
  endfacet
  facet normal -0.886985 -0.461798 0
    outer loop
      vertex 2.65192 46.5 2.2
      vertex 2.53108 46.7321 13.2
      vertex 2.53108 46.7321 2.2
    endloop
  endfacet
  facet normal -0.886985 -0.461798 0
    outer loop
      vertex 2.53108 46.7321 13.2
      vertex 2.65192 46.5 2.2
      vertex 2.65192 46.5 13.2
    endloop
  endfacet
  facet normal 0.999048 -0.0436295 0
    outer loop
      vertex 8.23858 47.7385 13.2
      vertex 8.25 48 2.2
      vertex 8.25 48 13.2
    endloop
  endfacet
  facet normal 0.999048 -0.0436295 0
    outer loop
      vertex 8.25 48 2.2
      vertex 8.23858 47.7385 13.2
      vertex 8.23858 47.7385 2.2
    endloop
  endfacet
  facet normal -0.999048 -0.0436295 0
    outer loop
      vertex 2.26142 47.7385 12.95
      vertex 2.25 48 13.2
      vertex 2.25 48 12.95
    endloop
  endfacet
  facet normal -0.999048 -0.0436295 0
    outer loop
      vertex 2.25 48 13.2
      vertex 2.26142 47.7385 12.95
      vertex 2.26142 47.7385 13.2
    endloop
  endfacet
  facet normal 0.608954 -0.793206 0
    outer loop
      vertex 6.97073 45.5425 2.2
      vertex 7.17836 45.7019 13.2
      vertex 6.97073 45.5425 13.2
    endloop
  endfacet
  facet normal 0.608954 -0.793206 0
    outer loop
      vertex 7.17836 45.7019 13.2
      vertex 6.97073 45.5425 2.2
      vertex 7.17836 45.7019 2.2
    endloop
  endfacet
  facet normal 0.537244 -0.843427 0
    outer loop
      vertex 6.75 45.4019 2.2
      vertex 6.97073 45.5425 13.2
      vertex 6.75 45.4019 13.2
    endloop
  endfacet
  facet normal 0.537244 -0.843427 0
    outer loop
      vertex 6.97073 45.5425 13.2
      vertex 6.75 45.4019 2.2
      vertex 6.97073 45.5425 2.2
    endloop
  endfacet
  facet normal 0.675559 -0.737306 0
    outer loop
      vertex 7.17836 45.7019 2.2
      vertex 7.37132 45.8787 13.2
      vertex 7.17836 45.7019 13.2
    endloop
  endfacet
  facet normal 0.675559 -0.737306 0
    outer loop
      vertex 7.37132 45.8787 13.2
      vertex 7.17836 45.7019 2.2
      vertex 7.37132 45.8787 2.2
    endloop
  endfacet
  facet normal 0.737183 -0.675693 0
    outer loop
      vertex 7.37132 45.8787 13.2
      vertex 7.54813 46.0716 2.2
      vertex 7.54813 46.0716 13.2
    endloop
  endfacet
  facet normal 0.737183 -0.675693 0
    outer loop
      vertex 7.54813 46.0716 2.2
      vertex 7.37132 45.8787 13.2
      vertex 7.37132 45.8787 2.2
    endloop
  endfacet
  facet normal 0.300711 -0.953715 0
    outer loop
      vertex 6.02646 45.1022 2.2
      vertex 6.27606 45.1809 13.2
      vertex 6.02646 45.1022 13.2
    endloop
  endfacet
  facet normal 0.300711 -0.953715 0
    outer loop
      vertex 6.27606 45.1809 13.2
      vertex 6.02646 45.1022 2.2
      vertex 6.27606 45.1809 2.2
    endloop
  endfacet
  facet normal -0.382824 -0.923821 0
    outer loop
      vertex 3.98214 45.2811 2.2
      vertex 4.22394 45.1809 13.2
      vertex 3.98214 45.2811 13.2
    endloop
  endfacet
  facet normal -0.382824 -0.923821 -0
    outer loop
      vertex 4.22394 45.1809 13.2
      vertex 3.98214 45.2811 2.2
      vertex 4.22394 45.1809 2.2
    endloop
  endfacet
  facet normal -0.0435583 0.999051 0
    outer loop
      vertex 5.25 51 2.2
      vertex 4.98853 50.9886 13.2
      vertex 5.25 51 13.2
    endloop
  endfacet
  facet normal -0.0435583 0.999051 0
    outer loop
      vertex 4.98853 50.9886 13.2
      vertex 5.25 51 2.2
      vertex 4.98853 50.9886 2.2
    endloop
  endfacet
  facet normal 0.300711 0.953715 -0
    outer loop
      vertex 6.27606 50.8191 2.2
      vertex 6.02646 50.8978 13.2
      vertex 6.27606 50.8191 13.2
    endloop
  endfacet
  facet normal 0.300711 0.953715 0
    outer loop
      vertex 6.02646 50.8978 13.2
      vertex 6.27606 50.8191 2.2
      vertex 6.02646 50.8978 2.2
    endloop
  endfacet
  facet normal -0.999048 0.0436295 0
    outer loop
      vertex 2.25 48 12.95
      vertex 2.26142 48.2615 13.2
      vertex 2.26142 48.2615 12.95
    endloop
  endfacet
  facet normal -0.999048 0.0436295 0
    outer loop
      vertex 2.26142 48.2615 13.2
      vertex 2.25 48 12.95
      vertex 2.25 48 13.2
    endloop
  endfacet
  facet normal 0.886985 -0.461798 0
    outer loop
      vertex 7.84808 46.5 13.2
      vertex 7.96892 46.7321 2.2
      vertex 7.96892 46.7321 13.2
    endloop
  endfacet
  facet normal 0.886985 -0.461798 0
    outer loop
      vertex 7.96892 46.7321 2.2
      vertex 7.84808 46.5 13.2
      vertex 7.84808 46.5 2.2
    endloop
  endfacet
  facet normal -0.216267 -0.976334 0
    outer loop
      vertex 4.47354 45.1022 2.2
      vertex 4.72906 45.0456 13.2
      vertex 4.47354 45.1022 13.2
    endloop
  endfacet
  facet normal -0.216267 -0.976334 -0
    outer loop
      vertex 4.72906 45.0456 13.2
      vertex 4.47354 45.1022 2.2
      vertex 4.72906 45.0456 2.2
    endloop
  endfacet
  facet normal -0.216267 0.976334 0
    outer loop
      vertex 4.72906 50.9544 2.2
      vertex 4.47354 50.8978 13.2
      vertex 4.72906 50.9544 13.2
    endloop
  endfacet
  facet normal -0.216267 0.976334 0
    outer loop
      vertex 4.47354 50.8978 13.2
      vertex 4.72906 50.9544 2.2
      vertex 4.47354 50.8978 2.2
    endloop
  endfacet
  facet normal -0.99144 0.130561 0
    outer loop
      vertex 2.26142 48.2615 12.95
      vertex 2.29558 48.5209 13.2
      vertex 2.29558 48.5209 12.95
    endloop
  endfacet
  facet normal -0.99144 0.130561 0
    outer loop
      vertex 2.29558 48.5209 13.2
      vertex 2.26142 48.2615 12.95
      vertex 2.26142 48.2615 13.2
    endloop
  endfacet
  facet normal -0.953747 0.30061 0
    outer loop
      vertex 2.4 48.928 12.95
      vertex 2.43092 49.0261 2.2
      vertex 2.4 48.928 2.2
    endloop
  endfacet
  facet normal -0.953747 0.30061 0
    outer loop
      vertex 2.43092 49.0261 2.2
      vertex 2.4 48.928 12.95
      vertex 2.43092 49.0261 13.2
    endloop
  endfacet
  facet normal -0.953695 0.300776 0
    outer loop
      vertex 2.35222 48.7765 13.2
      vertex 2.4 48.928 12.95
      vertex 2.35222 48.7765 12.95
    endloop
  endfacet
  facet normal -0.953715 0.300711 -4.33757e-05
    outer loop
      vertex 2.4 48.928 12.95
      vertex 2.35222 48.7765 13.2
      vertex 2.43092 49.0261 13.2
    endloop
  endfacet
  facet normal -0.886985 0.461798 0
    outer loop
      vertex 2.53108 49.2679 2.2
      vertex 2.65192 49.5 13.2
      vertex 2.65192 49.5 2.2
    endloop
  endfacet
  facet normal -0.886985 0.461798 0
    outer loop
      vertex 2.65192 49.5 13.2
      vertex 2.53108 49.2679 2.2
      vertex 2.53108 49.2679 13.2
    endloop
  endfacet
  facet normal -0.608954 -0.793206 0
    outer loop
      vertex 3.32164 45.7019 2.2
      vertex 3.52927 45.5425 13.2
      vertex 3.32164 45.7019 13.2
    endloop
  endfacet
  facet normal -0.608954 -0.793206 -0
    outer loop
      vertex 3.52927 45.5425 13.2
      vertex 3.32164 45.7019 2.2
      vertex 3.52927 45.5425 2.2
    endloop
  endfacet
  facet normal -0.0435583 -0.999051 0
    outer loop
      vertex 4.98853 45.0114 2.2
      vertex 5.25 45 13.2
      vertex 4.98853 45.0114 13.2
    endloop
  endfacet
  facet normal -0.0435583 -0.999051 -0
    outer loop
      vertex 5.25 45 13.2
      vertex 4.98853 45.0114 2.2
      vertex 5.25 45 2.2
    endloop
  endfacet
  facet normal 0.0435583 -0.999051 0
    outer loop
      vertex 5.25 45 2.2
      vertex 5.51147 45.0114 13.2
      vertex 5.25 45 13.2
    endloop
  endfacet
  facet normal 0.0435583 -0.999051 0
    outer loop
      vertex 5.51147 45.0114 13.2
      vertex 5.25 45 2.2
      vertex 5.51147 45.0114 2.2
    endloop
  endfacet
  facet normal -0.843359 0.53735 0
    outer loop
      vertex 2.65192 49.5 2.2
      vertex 2.79254 49.7207 13.2
      vertex 2.79254 49.7207 2.2
    endloop
  endfacet
  facet normal -0.843359 0.53735 0
    outer loop
      vertex 2.79254 49.7207 13.2
      vertex 2.65192 49.5 2.2
      vertex 2.65192 49.5 13.2
    endloop
  endfacet
  facet normal -0.923875 0.382694 0
    outer loop
      vertex 2.43092 49.0261 2.2
      vertex 2.53108 49.2679 13.2
      vertex 2.53108 49.2679 2.2
    endloop
  endfacet
  facet normal -0.923875 0.382694 0
    outer loop
      vertex 2.53108 49.2679 13.2
      vertex 2.43092 49.0261 2.2
      vertex 2.43092 49.0261 13.2
    endloop
  endfacet
  facet normal 0 0 1
    outer loop
      vertex 6.275 48 13.2
      vertex 8.25 48 13.2
      vertex 8.23858 48.2615 13.2
    endloop
  endfacet
  facet normal 0 0 1
    outer loop
      vertex 6.2711 48.0893 13.2
      vertex 8.23858 48.2615 13.2
      vertex 8.20442 48.5209 13.2
    endloop
  endfacet
  facet normal 0 0 1
    outer loop
      vertex 8.25 48 13.2
      vertex 6.275 48 13.2
      vertex 8.23858 47.7385 13.2
    endloop
  endfacet
  facet normal 0 0 1
    outer loop
      vertex 6.25943 48.178 13.2
      vertex 8.20442 48.5209 13.2
      vertex 8.14778 48.7765 13.2
    endloop
  endfacet
  facet normal -0 0 1
    outer loop
      vertex 6.2711 47.9107 13.2
      vertex 8.23858 47.7385 13.2
      vertex 6.275 48 13.2
    endloop
  endfacet
  facet normal 0 0 1
    outer loop
      vertex 6.24007 48.2653 13.2
      vertex 8.14778 48.7765 13.2
      vertex 8.06908 49.0261 13.2
    endloop
  endfacet
  facet normal 0 0 1
    outer loop
      vertex 8.23858 47.7385 13.2
      vertex 6.2711 47.9107 13.2
      vertex 8.20442 47.4791 13.2
    endloop
  endfacet
  facet normal 0 0 1
    outer loop
      vertex 6.21318 48.3506 13.2
      vertex 8.06908 49.0261 13.2
      vertex 7.96892 49.2679 13.2
    endloop
  endfacet
  facet normal -0 0 1
    outer loop
      vertex 6.25943 47.822 13.2
      vertex 8.20442 47.4791 13.2
      vertex 6.2711 47.9107 13.2
    endloop
  endfacet
  facet normal 0 0 1
    outer loop
      vertex 6.17896 48.4332 13.2
      vertex 7.96892 49.2679 13.2
      vertex 7.84808 49.5 13.2
    endloop
  endfacet
  facet normal 0 0 1
    outer loop
      vertex 8.20442 47.4791 13.2
      vertex 6.25943 47.822 13.2
      vertex 8.14778 47.2235 13.2
    endloop
  endfacet
  facet normal 0 0 1
    outer loop
      vertex 6.13768 48.5125 13.2
      vertex 7.84808 49.5 13.2
      vertex 7.70746 49.7207 13.2
    endloop
  endfacet
  facet normal -0 0 1
    outer loop
      vertex 6.24007 47.7347 13.2
      vertex 8.14778 47.2235 13.2
      vertex 6.25943 47.822 13.2
    endloop
  endfacet
  facet normal 0 0 1
    outer loop
      vertex 6.08963 48.5879 13.2
      vertex 7.70746 49.7207 13.2
      vertex 7.54813 49.9284 13.2
    endloop
  endfacet
  facet normal 0 0 1
    outer loop
      vertex 8.14778 47.2235 13.2
      vertex 6.24007 47.7347 13.2
      vertex 8.06908 46.9739 13.2
    endloop
  endfacet
  facet normal 0 0 1
    outer loop
      vertex 6.0352 48.6589 13.2
      vertex 7.54813 49.9284 13.2
      vertex 7.37132 50.1213 13.2
    endloop
  endfacet
  facet normal -0 0 1
    outer loop
      vertex 6.21318 47.6494 13.2
      vertex 8.06908 46.9739 13.2
      vertex 6.24007 47.7347 13.2
    endloop
  endfacet
  facet normal 0 0 1
    outer loop
      vertex 5.97478 48.7248 13.2
      vertex 7.37132 50.1213 13.2
      vertex 7.17836 50.2981 13.2
    endloop
  endfacet
  facet normal 0 0 1
    outer loop
      vertex 8.06908 46.9739 13.2
      vertex 6.21318 47.6494 13.2
      vertex 7.96892 46.7321 13.2
    endloop
  endfacet
  facet normal 0 0 1
    outer loop
      vertex 5.90886 48.7852 13.2
      vertex 7.17836 50.2981 13.2
      vertex 6.97073 50.4575 13.2
    endloop
  endfacet
  facet normal -0 0 1
    outer loop
      vertex 6.17896 47.5668 13.2
      vertex 7.96892 46.7321 13.2
      vertex 6.21318 47.6494 13.2
    endloop
  endfacet
  facet normal 0 0 1
    outer loop
      vertex 5.83792 48.8396 13.2
      vertex 6.97073 50.4575 13.2
      vertex 6.75 50.5981 13.2
    endloop
  endfacet
  facet normal 0 0 1
    outer loop
      vertex 7.96892 46.7321 13.2
      vertex 6.17896 47.5668 13.2
      vertex 7.84808 46.5 13.2
    endloop
  endfacet
  facet normal 0 0 1
    outer loop
      vertex 5.7625 48.8877 13.2
      vertex 6.75 50.5981 13.2
      vertex 6.51785 50.7189 13.2
    endloop
  endfacet
  facet normal -0 0 1
    outer loop
      vertex 6.13768 47.4875 13.2
      vertex 7.84808 46.5 13.2
      vertex 6.17896 47.5668 13.2
    endloop
  endfacet
  facet normal 0 0 1
    outer loop
      vertex 5.68318 48.929 13.2
      vertex 6.51785 50.7189 13.2
      vertex 6.27606 50.8191 13.2
    endloop
  endfacet
  facet normal 0 0 1
    outer loop
      vertex 7.84808 46.5 13.2
      vertex 6.13768 47.4875 13.2
      vertex 7.70746 46.2793 13.2
    endloop
  endfacet
  facet normal -0 0 1
    outer loop
      vertex 6.08963 47.4121 13.2
      vertex 7.70746 46.2793 13.2
      vertex 6.13768 47.4875 13.2
    endloop
  endfacet
  facet normal 0 0 1
    outer loop
      vertex 8.23858 48.2615 13.2
      vertex 6.2711 48.0893 13.2
      vertex 6.275 48 13.2
    endloop
  endfacet
  facet normal 0 0 1
    outer loop
      vertex 8.20442 48.5209 13.2
      vertex 6.25943 48.178 13.2
      vertex 6.2711 48.0893 13.2
    endloop
  endfacet
  facet normal 0 0 1
    outer loop
      vertex 8.14778 48.7765 13.2
      vertex 6.24007 48.2653 13.2
      vertex 6.25943 48.178 13.2
    endloop
  endfacet
  facet normal 0 0 1
    outer loop
      vertex 8.06908 49.0261 13.2
      vertex 6.21318 48.3506 13.2
      vertex 6.24007 48.2653 13.2
    endloop
  endfacet
  facet normal 0 0 1
    outer loop
      vertex 7.96892 49.2679 13.2
      vertex 6.17896 48.4332 13.2
      vertex 6.21318 48.3506 13.2
    endloop
  endfacet
  facet normal 0 0 1
    outer loop
      vertex 7.84808 49.5 13.2
      vertex 6.13768 48.5125 13.2
      vertex 6.17896 48.4332 13.2
    endloop
  endfacet
  facet normal 0 0 1
    outer loop
      vertex 7.70746 49.7207 13.2
      vertex 6.08963 48.5879 13.2
      vertex 6.13768 48.5125 13.2
    endloop
  endfacet
  facet normal 0 0 1
    outer loop
      vertex 7.54813 49.9284 13.2
      vertex 6.0352 48.6589 13.2
      vertex 6.08963 48.5879 13.2
    endloop
  endfacet
  facet normal 0 0 1
    outer loop
      vertex 5.60057 48.9632 13.2
      vertex 6.27606 50.8191 13.2
      vertex 6.02646 50.8978 13.2
    endloop
  endfacet
  facet normal 0 0 1
    outer loop
      vertex 7.37132 50.1213 13.2
      vertex 5.97478 48.7248 13.2
      vertex 6.0352 48.6589 13.2
    endloop
  endfacet
  facet normal 0 0 1
    outer loop
      vertex 7.17836 50.2981 13.2
      vertex 5.90886 48.7852 13.2
      vertex 5.97478 48.7248 13.2
    endloop
  endfacet
  facet normal 0 0 1
    outer loop
      vertex 6.97073 50.4575 13.2
      vertex 5.83792 48.8396 13.2
      vertex 5.90886 48.7852 13.2
    endloop
  endfacet
  facet normal 0 0 1
    outer loop
      vertex 5.51529 48.9901 13.2
      vertex 6.02646 50.8978 13.2
      vertex 5.77094 50.9544 13.2
    endloop
  endfacet
  facet normal 0 0 1
    outer loop
      vertex 6.75 50.5981 13.2
      vertex 5.7625 48.8877 13.2
      vertex 5.83792 48.8396 13.2
    endloop
  endfacet
  facet normal 0 0 1
    outer loop
      vertex 6.51785 50.7189 13.2
      vertex 5.68318 48.929 13.2
      vertex 5.7625 48.8877 13.2
    endloop
  endfacet
  facet normal 0 0 1
    outer loop
      vertex 6.27606 50.8191 13.2
      vertex 5.60057 48.9632 13.2
      vertex 5.68318 48.929 13.2
    endloop
  endfacet
  facet normal 0 0 1
    outer loop
      vertex 6.02646 50.8978 13.2
      vertex 5.51529 48.9901 13.2
      vertex 5.60057 48.9632 13.2
    endloop
  endfacet
  facet normal 0 0 1
    outer loop
      vertex 5.42799 49.0094 13.2
      vertex 5.77094 50.9544 13.2
      vertex 5.51147 50.9886 13.2
    endloop
  endfacet
  facet normal 0 0 1
    outer loop
      vertex 5.77094 50.9544 13.2
      vertex 5.42799 49.0094 13.2
      vertex 5.51529 48.9901 13.2
    endloop
  endfacet
  facet normal 0 0 1
    outer loop
      vertex 5.51147 50.9886 13.2
      vertex 5.33933 49.0211 13.2
      vertex 5.42799 49.0094 13.2
    endloop
  endfacet
  facet normal 0 0 1
    outer loop
      vertex 5.25 51 13.2
      vertex 5.33933 49.0211 13.2
      vertex 5.51147 50.9886 13.2
    endloop
  endfacet
  facet normal 0 0 1
    outer loop
      vertex 5.25 51 13.2
      vertex 5.25 49.025 13.2
      vertex 5.33933 49.0211 13.2
    endloop
  endfacet
  facet normal 0 0 1
    outer loop
      vertex 5.25 51 13.2
      vertex 5.16066 49.0211 13.2
      vertex 5.25 49.025 13.2
    endloop
  endfacet
  facet normal -0 0 1
    outer loop
      vertex 4.98853 50.9886 13.2
      vertex 5.16066 49.0211 13.2
      vertex 5.25 51 13.2
    endloop
  endfacet
  facet normal 0 0 1
    outer loop
      vertex 5.16066 49.0211 13.2
      vertex 4.98853 50.9886 13.2
      vertex 5.07201 49.0094 13.2
    endloop
  endfacet
  facet normal -0 0 1
    outer loop
      vertex 4.72906 50.9544 13.2
      vertex 5.07201 49.0094 13.2
      vertex 4.98853 50.9886 13.2
    endloop
  endfacet
  facet normal 0 0 1
    outer loop
      vertex 5.07201 49.0094 13.2
      vertex 4.72906 50.9544 13.2
      vertex 4.98471 48.9901 13.2
    endloop
  endfacet
  facet normal -0 0 1
    outer loop
      vertex 4.47354 50.8978 13.2
      vertex 4.98471 48.9901 13.2
      vertex 4.72906 50.9544 13.2
    endloop
  endfacet
  facet normal 0 0 1
    outer loop
      vertex 4.98471 48.9901 13.2
      vertex 4.47354 50.8978 13.2
      vertex 4.89943 48.9632 13.2
    endloop
  endfacet
  facet normal -0 0 1
    outer loop
      vertex 4.22394 50.8191 13.2
      vertex 4.89943 48.9632 13.2
      vertex 4.47354 50.8978 13.2
    endloop
  endfacet
  facet normal 0 0 1
    outer loop
      vertex 4.89943 48.9632 13.2
      vertex 4.22394 50.8191 13.2
      vertex 4.81682 48.929 13.2
    endloop
  endfacet
  facet normal -0 0 1
    outer loop
      vertex 3.98214 50.7189 13.2
      vertex 4.81682 48.929 13.2
      vertex 4.22394 50.8191 13.2
    endloop
  endfacet
  facet normal 0 0 1
    outer loop
      vertex 4.81682 48.929 13.2
      vertex 3.98214 50.7189 13.2
      vertex 4.7375 48.8877 13.2
    endloop
  endfacet
  facet normal -0 0 1
    outer loop
      vertex 3.75 50.5981 13.2
      vertex 4.7375 48.8877 13.2
      vertex 3.98214 50.7189 13.2
    endloop
  endfacet
  facet normal 0 0 1
    outer loop
      vertex 4.7375 48.8877 13.2
      vertex 3.75 50.5981 13.2
      vertex 4.66208 48.8396 13.2
    endloop
  endfacet
  facet normal -0 0 1
    outer loop
      vertex 3.52927 50.4575 13.2
      vertex 4.66208 48.8396 13.2
      vertex 3.75 50.5981 13.2
    endloop
  endfacet
  facet normal 0 0 1
    outer loop
      vertex 4.66208 48.8396 13.2
      vertex 3.52927 50.4575 13.2
      vertex 4.59114 48.7852 13.2
    endloop
  endfacet
  facet normal -0 0 1
    outer loop
      vertex 3.32164 50.2981 13.2
      vertex 4.59114 48.7852 13.2
      vertex 3.52927 50.4575 13.2
    endloop
  endfacet
  facet normal 0 0 1
    outer loop
      vertex 4.59114 48.7852 13.2
      vertex 3.32164 50.2981 13.2
      vertex 4.52522 48.7248 13.2
    endloop
  endfacet
  facet normal -0 0 1
    outer loop
      vertex 3.12868 50.1213 13.2
      vertex 4.52522 48.7248 13.2
      vertex 3.32164 50.2981 13.2
    endloop
  endfacet
  facet normal 0 0 1
    outer loop
      vertex 4.52522 48.7248 13.2
      vertex 3.12868 50.1213 13.2
      vertex 4.4648 48.6589 13.2
    endloop
  endfacet
  facet normal -0 0 1
    outer loop
      vertex 2.95187 49.9284 13.2
      vertex 4.4648 48.6589 13.2
      vertex 3.12868 50.1213 13.2
    endloop
  endfacet
  facet normal -0 0 1
    outer loop
      vertex 2.79254 49.7207 13.2
      vertex 4.41037 48.5879 13.2
      vertex 2.95187 49.9284 13.2
    endloop
  endfacet
  facet normal 0 0 1
    outer loop
      vertex 4.4648 48.6589 13.2
      vertex 2.95187 49.9284 13.2
      vertex 4.41037 48.5879 13.2
    endloop
  endfacet
  facet normal 0 0 1
    outer loop
      vertex 7.70746 46.2793 13.2
      vertex 6.08963 47.4121 13.2
      vertex 7.54813 46.0716 13.2
    endloop
  endfacet
  facet normal -0 0 1
    outer loop
      vertex 6.0352 47.3411 13.2
      vertex 7.54813 46.0716 13.2
      vertex 6.08963 47.4121 13.2
    endloop
  endfacet
  facet normal 0 0 1
    outer loop
      vertex 7.54813 46.0716 13.2
      vertex 6.0352 47.3411 13.2
      vertex 7.37132 45.8787 13.2
    endloop
  endfacet
  facet normal -0 0 1
    outer loop
      vertex 5.97478 47.2752 13.2
      vertex 7.37132 45.8787 13.2
      vertex 6.0352 47.3411 13.2
    endloop
  endfacet
  facet normal 0 0 1
    outer loop
      vertex 7.37132 45.8787 13.2
      vertex 5.97478 47.2752 13.2
      vertex 7.17836 45.7019 13.2
    endloop
  endfacet
  facet normal -0 0 1
    outer loop
      vertex 5.90886 47.2148 13.2
      vertex 7.17836 45.7019 13.2
      vertex 5.97478 47.2752 13.2
    endloop
  endfacet
  facet normal 0 0 1
    outer loop
      vertex 7.17836 45.7019 13.2
      vertex 5.90886 47.2148 13.2
      vertex 6.97073 45.5425 13.2
    endloop
  endfacet
  facet normal -0 0 1
    outer loop
      vertex 5.83792 47.1604 13.2
      vertex 6.97073 45.5425 13.2
      vertex 5.90886 47.2148 13.2
    endloop
  endfacet
  facet normal 0 0 1
    outer loop
      vertex 6.97073 45.5425 13.2
      vertex 5.83792 47.1604 13.2
      vertex 6.75 45.4019 13.2
    endloop
  endfacet
  facet normal -0 0 1
    outer loop
      vertex 5.7625 47.1123 13.2
      vertex 6.75 45.4019 13.2
      vertex 5.83792 47.1604 13.2
    endloop
  endfacet
  facet normal 0 0 1
    outer loop
      vertex 6.75 45.4019 13.2
      vertex 5.7625 47.1123 13.2
      vertex 6.51785 45.2811 13.2
    endloop
  endfacet
  facet normal -0 0 1
    outer loop
      vertex 5.68318 47.071 13.2
      vertex 6.51785 45.2811 13.2
      vertex 5.7625 47.1123 13.2
    endloop
  endfacet
  facet normal 0 0 1
    outer loop
      vertex 6.51785 45.2811 13.2
      vertex 5.68318 47.071 13.2
      vertex 6.27606 45.1809 13.2
    endloop
  endfacet
  facet normal -0 0 1
    outer loop
      vertex 5.60057 47.0368 13.2
      vertex 6.27606 45.1809 13.2
      vertex 5.68318 47.071 13.2
    endloop
  endfacet
  facet normal 0 0 1
    outer loop
      vertex 6.27606 45.1809 13.2
      vertex 5.60057 47.0368 13.2
      vertex 6.02646 45.1022 13.2
    endloop
  endfacet
  facet normal -0 0 1
    outer loop
      vertex 5.51529 47.0099 13.2
      vertex 6.02646 45.1022 13.2
      vertex 5.60057 47.0368 13.2
    endloop
  endfacet
  facet normal 0 0 1
    outer loop
      vertex 6.02646 45.1022 13.2
      vertex 5.51529 47.0099 13.2
      vertex 5.77094 45.0456 13.2
    endloop
  endfacet
  facet normal -0 0 1
    outer loop
      vertex 5.42799 46.9906 13.2
      vertex 5.77094 45.0456 13.2
      vertex 5.51529 47.0099 13.2
    endloop
  endfacet
  facet normal 0 0 1
    outer loop
      vertex 5.77094 45.0456 13.2
      vertex 5.42799 46.9906 13.2
      vertex 5.51147 45.0114 13.2
    endloop
  endfacet
  facet normal -0 0 1
    outer loop
      vertex 5.33933 46.9789 13.2
      vertex 5.51147 45.0114 13.2
      vertex 5.42799 46.9906 13.2
    endloop
  endfacet
  facet normal -0 0 1
    outer loop
      vertex 5.25 46.975 13.2
      vertex 5.51147 45.0114 13.2
      vertex 5.33933 46.9789 13.2
    endloop
  endfacet
  facet normal 0 0 1
    outer loop
      vertex 5.25 46.975 13.2
      vertex 5.25 45 13.2
      vertex 5.51147 45.0114 13.2
    endloop
  endfacet
  facet normal 0 0 1
    outer loop
      vertex 5.16066 46.9789 13.2
      vertex 5.25 45 13.2
      vertex 5.25 46.975 13.2
    endloop
  endfacet
  facet normal 0 0 1
    outer loop
      vertex 4.98853 45.0114 13.2
      vertex 5.16066 46.9789 13.2
      vertex 5.07201 46.9906 13.2
    endloop
  endfacet
  facet normal 0 0 1
    outer loop
      vertex 5.16066 46.9789 13.2
      vertex 4.98853 45.0114 13.2
      vertex 5.25 45 13.2
    endloop
  endfacet
  facet normal 0 0 1
    outer loop
      vertex 4.72906 45.0456 13.2
      vertex 5.07201 46.9906 13.2
      vertex 4.98471 47.0099 13.2
    endloop
  endfacet
  facet normal 0 0 1
    outer loop
      vertex 4.47354 45.1022 13.2
      vertex 4.98471 47.0099 13.2
      vertex 4.89943 47.0368 13.2
    endloop
  endfacet
  facet normal 0 0 1
    outer loop
      vertex 4.22394 45.1809 13.2
      vertex 4.89943 47.0368 13.2
      vertex 4.81682 47.071 13.2
    endloop
  endfacet
  facet normal 0 0 1
    outer loop
      vertex 3.98214 45.2811 13.2
      vertex 4.81682 47.071 13.2
      vertex 4.7375 47.1123 13.2
    endloop
  endfacet
  facet normal 0 0 1
    outer loop
      vertex 5.07201 46.9906 13.2
      vertex 4.72906 45.0456 13.2
      vertex 4.98853 45.0114 13.2
    endloop
  endfacet
  facet normal 0 0 1
    outer loop
      vertex 3.75 45.4019 13.2
      vertex 4.7375 47.1123 13.2
      vertex 4.66208 47.1604 13.2
    endloop
  endfacet
  facet normal 0 0 1
    outer loop
      vertex 3.52927 45.5425 13.2
      vertex 4.66208 47.1604 13.2
      vertex 4.59114 47.2148 13.2
    endloop
  endfacet
  facet normal 0 0 1
    outer loop
      vertex 3.32164 45.7019 13.2
      vertex 4.59114 47.2148 13.2
      vertex 4.52522 47.2752 13.2
    endloop
  endfacet
  facet normal 0 0 1
    outer loop
      vertex 4.98471 47.0099 13.2
      vertex 4.47354 45.1022 13.2
      vertex 4.72906 45.0456 13.2
    endloop
  endfacet
  facet normal 0 0 1
    outer loop
      vertex 3.12868 45.8787 13.2
      vertex 4.52522 47.2752 13.2
      vertex 4.4648 47.3411 13.2
    endloop
  endfacet
  facet normal 0 0 1
    outer loop
      vertex 2.95187 46.0716 13.2
      vertex 4.4648 47.3411 13.2
      vertex 4.41037 47.4121 13.2
    endloop
  endfacet
  facet normal 0 0 1
    outer loop
      vertex 2.79254 46.2793 13.2
      vertex 4.41037 47.4121 13.2
      vertex 4.36232 47.4875 13.2
    endloop
  endfacet
  facet normal 0 0 1
    outer loop
      vertex 2.65192 46.5 13.2
      vertex 4.36232 47.4875 13.2
      vertex 4.32103 47.5668 13.2
    endloop
  endfacet
  facet normal 0 0 1
    outer loop
      vertex 2.53108 46.7321 13.2
      vertex 4.32103 47.5668 13.2
      vertex 4.28681 47.6494 13.2
    endloop
  endfacet
  facet normal 0 0 1
    outer loop
      vertex 2.43092 46.9739 13.2
      vertex 4.28681 47.6494 13.2
      vertex 4.25993 47.7347 13.2
    endloop
  endfacet
  facet normal 0 0 1
    outer loop
      vertex 2.35222 47.2235 13.2
      vertex 4.25993 47.7347 13.2
      vertex 4.24057 47.822 13.2
    endloop
  endfacet
  facet normal 0 0 1
    outer loop
      vertex 2.29558 47.4791 13.2
      vertex 4.24057 47.822 13.2
      vertex 4.2289 47.9107 13.2
    endloop
  endfacet
  facet normal 0 0 1
    outer loop
      vertex 4.89943 47.0368 13.2
      vertex 4.22394 45.1809 13.2
      vertex 4.47354 45.1022 13.2
    endloop
  endfacet
  facet normal 0 0 1
    outer loop
      vertex 2.26142 47.7385 13.2
      vertex 4.2289 47.9107 13.2
      vertex 4.225 48 13.2
    endloop
  endfacet
  facet normal 0 0 1
    outer loop
      vertex 4.41037 48.5879 13.2
      vertex 2.79254 49.7207 13.2
      vertex 4.36232 48.5125 13.2
    endloop
  endfacet
  facet normal -0 0 1
    outer loop
      vertex 2.65192 49.5 13.2
      vertex 4.36232 48.5125 13.2
      vertex 2.79254 49.7207 13.2
    endloop
  endfacet
  facet normal 0 0 1
    outer loop
      vertex 4.81682 47.071 13.2
      vertex 3.98214 45.2811 13.2
      vertex 4.22394 45.1809 13.2
    endloop
  endfacet
  facet normal 0 0 1
    outer loop
      vertex 4.36232 48.5125 13.2
      vertex 2.65192 49.5 13.2
      vertex 4.32103 48.4332 13.2
    endloop
  endfacet
  facet normal 0 0 1
    outer loop
      vertex 4.7375 47.1123 13.2
      vertex 3.75 45.4019 13.2
      vertex 3.98214 45.2811 13.2
    endloop
  endfacet
  facet normal -0 0 1
    outer loop
      vertex 2.53108 49.2679 13.2
      vertex 4.32103 48.4332 13.2
      vertex 2.65192 49.5 13.2
    endloop
  endfacet
  facet normal 0 0 1
    outer loop
      vertex 4.66208 47.1604 13.2
      vertex 3.52927 45.5425 13.2
      vertex 3.75 45.4019 13.2
    endloop
  endfacet
  facet normal 0 0 1
    outer loop
      vertex 4.32103 48.4332 13.2
      vertex 2.53108 49.2679 13.2
      vertex 4.28681 48.3506 13.2
    endloop
  endfacet
  facet normal 0 0 1
    outer loop
      vertex 4.59114 47.2148 13.2
      vertex 3.32164 45.7019 13.2
      vertex 3.52927 45.5425 13.2
    endloop
  endfacet
  facet normal -0 0 1
    outer loop
      vertex 2.43092 49.0261 13.2
      vertex 4.28681 48.3506 13.2
      vertex 2.53108 49.2679 13.2
    endloop
  endfacet
  facet normal 0 0 1
    outer loop
      vertex 4.52522 47.2752 13.2
      vertex 3.12868 45.8787 13.2
      vertex 3.32164 45.7019 13.2
    endloop
  endfacet
  facet normal 0 0 1
    outer loop
      vertex 4.28681 48.3506 13.2
      vertex 2.43092 49.0261 13.2
      vertex 4.25993 48.2653 13.2
    endloop
  endfacet
  facet normal 0 0 1
    outer loop
      vertex 4.4648 47.3411 13.2
      vertex 2.95187 46.0716 13.2
      vertex 3.12868 45.8787 13.2
    endloop
  endfacet
  facet normal -0 0 1
    outer loop
      vertex 2.35222 48.7765 13.2
      vertex 4.25993 48.2653 13.2
      vertex 2.43092 49.0261 13.2
    endloop
  endfacet
  facet normal 0 0 1
    outer loop
      vertex 4.41037 47.4121 13.2
      vertex 2.79254 46.2793 13.2
      vertex 2.95187 46.0716 13.2
    endloop
  endfacet
  facet normal 0 0 1
    outer loop
      vertex 4.25993 48.2653 13.2
      vertex 2.35222 48.7765 13.2
      vertex 4.24057 48.178 13.2
    endloop
  endfacet
  facet normal 0 0 1
    outer loop
      vertex 4.36232 47.4875 13.2
      vertex 2.65192 46.5 13.2
      vertex 2.79254 46.2793 13.2
    endloop
  endfacet
  facet normal -0 0 1
    outer loop
      vertex 2.29558 48.5209 13.2
      vertex 4.24057 48.178 13.2
      vertex 2.35222 48.7765 13.2
    endloop
  endfacet
  facet normal 0 0 1
    outer loop
      vertex 4.32103 47.5668 13.2
      vertex 2.53108 46.7321 13.2
      vertex 2.65192 46.5 13.2
    endloop
  endfacet
  facet normal 0 0 1
    outer loop
      vertex 4.24057 48.178 13.2
      vertex 2.29558 48.5209 13.2
      vertex 4.2289 48.0893 13.2
    endloop
  endfacet
  facet normal 0 0 1
    outer loop
      vertex 4.28681 47.6494 13.2
      vertex 2.43092 46.9739 13.2
      vertex 2.53108 46.7321 13.2
    endloop
  endfacet
  facet normal -0 0 1
    outer loop
      vertex 2.26142 48.2615 13.2
      vertex 4.2289 48.0893 13.2
      vertex 2.29558 48.5209 13.2
    endloop
  endfacet
  facet normal 0 0 1
    outer loop
      vertex 4.25993 47.7347 13.2
      vertex 2.35222 47.2235 13.2
      vertex 2.43092 46.9739 13.2
    endloop
  endfacet
  facet normal 0 0 1
    outer loop
      vertex 4.2289 48.0893 13.2
      vertex 2.26142 48.2615 13.2
      vertex 4.225 48 13.2
    endloop
  endfacet
  facet normal 0 0 1
    outer loop
      vertex 4.24057 47.822 13.2
      vertex 2.29558 47.4791 13.2
      vertex 2.35222 47.2235 13.2
    endloop
  endfacet
  facet normal 0 0 1
    outer loop
      vertex 2.25 48 13.2
      vertex 4.225 48 13.2
      vertex 2.26142 48.2615 13.2
    endloop
  endfacet
  facet normal 0 0 1
    outer loop
      vertex 4.2289 47.9107 13.2
      vertex 2.26142 47.7385 13.2
      vertex 2.29558 47.4791 13.2
    endloop
  endfacet
  facet normal 0 0 1
    outer loop
      vertex 4.225 48 13.2
      vertex 2.25 48 13.2
      vertex 2.26142 47.7385 13.2
    endloop
  endfacet
  facet normal -0.537714 -0.843127 0
    outer loop
      vertex 5.7625 48.8877 5.95
      vertex 5.83792 48.8396 13.2
      vertex 5.7625 48.8877 13.2
    endloop
  endfacet
  facet normal -0.537714 -0.843127 -0
    outer loop
      vertex 5.83792 48.8396 13.2
      vertex 5.7625 48.8877 5.95
      vertex 5.83792 48.8396 5.95
    endloop
  endfacet
  facet normal -0.991456 -0.130443 0
    outer loop
      vertex 6.2711 48.0893 5.95
      vertex 6.25943 48.178 13.2
      vertex 6.25943 48.178 5.95
    endloop
  endfacet
  facet normal -0.991456 -0.130443 0
    outer loop
      vertex 6.25943 48.178 13.2
      vertex 6.2711 48.0893 5.95
      vertex 6.2711 48.0893 13.2
    endloop
  endfacet
  facet normal -0.999048 -0.0436314 0
    outer loop
      vertex 6.275 48 5.95
      vertex 6.2711 48.0893 13.2
      vertex 6.2711 48.0893 5.95
    endloop
  endfacet
  facet normal -0.999048 -0.0436314 0
    outer loop
      vertex 6.2711 48.0893 13.2
      vertex 6.275 48 5.95
      vertex 6.275 48 13.2
    endloop
  endfacet
  facet normal -0.976282 -0.216504 0
    outer loop
      vertex 6.25943 48.178 5.95
      vertex 6.24007 48.2653 13.2
      vertex 6.24007 48.2653 5.95
    endloop
  endfacet
  facet normal -0.976282 -0.216504 0
    outer loop
      vertex 6.24007 48.2653 13.2
      vertex 6.25943 48.178 5.95
      vertex 6.25943 48.178 13.2
    endloop
  endfacet
  facet normal -0.953733 -0.300655 0
    outer loop
      vertex 6.24007 48.2653 5.95
      vertex 6.21318 48.3506 13.2
      vertex 6.21318 48.3506 5.95
    endloop
  endfacet
  facet normal -0.953733 -0.300655 0
    outer loop
      vertex 6.21318 48.3506 13.2
      vertex 6.24007 48.2653 5.95
      vertex 6.24007 48.2653 13.2
    endloop
  endfacet
  facet normal -0.38251 0.923951 0
    outer loop
      vertex 5.68318 47.071 5.95
      vertex 5.60057 47.0368 13.2
      vertex 5.68318 47.071 13.2
    endloop
  endfacet
  facet normal -0.38251 0.923951 0
    outer loop
      vertex 5.60057 47.0368 13.2
      vertex 5.68318 47.071 5.95
      vertex 5.60057 47.0368 5.95
    endloop
  endfacet
  facet normal -0.843316 -0.537418 0
    outer loop
      vertex 6.13768 48.5125 5.95
      vertex 6.08963 48.5879 13.2
      vertex 6.08963 48.5879 5.95
    endloop
  endfacet
  facet normal -0.843316 -0.537418 0
    outer loop
      vertex 6.08963 48.5879 13.2
      vertex 6.13768 48.5125 5.95
      vertex 6.13768 48.5125 13.2
    endloop
  endfacet
  facet normal -0.38251 -0.923951 0
    outer loop
      vertex 5.60057 48.9632 5.95
      vertex 5.68318 48.929 13.2
      vertex 5.60057 48.9632 13.2
    endloop
  endfacet
  facet normal -0.38251 -0.923951 -0
    outer loop
      vertex 5.68318 48.929 13.2
      vertex 5.60057 48.9632 5.95
      vertex 5.68318 48.929 5.95
    endloop
  endfacet
  facet normal 0.38251 -0.923951 0
    outer loop
      vertex 4.81682 48.929 5.95
      vertex 4.89943 48.9632 13.2
      vertex 4.81682 48.929 13.2
    endloop
  endfacet
  facet normal 0.38251 -0.923951 0
    outer loop
      vertex 4.89943 48.9632 13.2
      vertex 4.81682 48.929 5.95
      vertex 4.89943 48.9632 5.95
    endloop
  endfacet
  facet normal -0.999048 0.0436314 0
    outer loop
      vertex 6.2711 47.9107 5.95
      vertex 6.275 48 13.2
      vertex 6.275 48 5.95
    endloop
  endfacet
  facet normal -0.999048 0.0436314 0
    outer loop
      vertex 6.275 48 13.2
      vertex 6.2711 47.9107 5.95
      vertex 6.2711 47.9107 13.2
    endloop
  endfacet
  facet normal -0.608521 -0.793538 0
    outer loop
      vertex 5.83792 48.8396 5.95
      vertex 5.90886 48.7852 13.2
      vertex 5.83792 48.8396 13.2
    endloop
  endfacet
  facet normal -0.608521 -0.793538 -0
    outer loop
      vertex 5.90886 48.7852 13.2
      vertex 5.83792 48.8396 5.95
      vertex 5.90886 48.7852 5.95
    endloop
  endfacet
  facet normal 0.300821 -0.953681 0
    outer loop
      vertex 4.89943 48.9632 5.95
      vertex 4.98471 48.9901 13.2
      vertex 4.89943 48.9632 13.2
    endloop
  endfacet
  facet normal 0.300821 -0.953681 0
    outer loop
      vertex 4.98471 48.9901 13.2
      vertex 4.89943 48.9632 5.95
      vertex 4.98471 48.9901 5.95
    endloop
  endfacet
  facet normal 0.999048 -0.0436314 0
    outer loop
      vertex 4.225 48 13.2
      vertex 4.2289 48.0893 5.95
      vertex 4.2289 48.0893 13.2
    endloop
  endfacet
  facet normal 0.999048 -0.0436314 0
    outer loop
      vertex 4.2289 48.0893 5.95
      vertex 4.225 48 13.2
      vertex 4.225 48 5.95
    endloop
  endfacet
  facet normal -0.461824 0.886971 0
    outer loop
      vertex 5.7625 47.1123 5.95
      vertex 5.68318 47.071 13.2
      vertex 5.7625 47.1123 13.2
    endloop
  endfacet
  facet normal -0.461824 0.886971 0
    outer loop
      vertex 5.68318 47.071 13.2
      vertex 5.7625 47.1123 5.95
      vertex 5.68318 47.071 5.95
    endloop
  endfacet
  facet normal -0.923856 0.38274 0
    outer loop
      vertex 6.17896 47.5668 5.95
      vertex 6.21318 47.6494 13.2
      vertex 6.21318 47.6494 5.95
    endloop
  endfacet
  facet normal -0.923856 0.38274 0
    outer loop
      vertex 6.21318 47.6494 13.2
      vertex 6.17896 47.5668 5.95
      vertex 6.17896 47.5668 13.2
    endloop
  endfacet
  facet normal 0.843316 0.537418 0
    outer loop
      vertex 4.41037 47.4121 13.2
      vertex 4.36232 47.4875 5.95
      vertex 4.36232 47.4875 13.2
    endloop
  endfacet
  facet normal 0.843316 0.537418 0
    outer loop
      vertex 4.36232 47.4875 5.95
      vertex 4.41037 47.4121 13.2
      vertex 4.41037 47.4121 5.95
    endloop
  endfacet
  facet normal -0.300821 -0.953681 0
    outer loop
      vertex 5.51529 48.9901 5.95
      vertex 5.60057 48.9632 13.2
      vertex 5.51529 48.9901 13.2
    endloop
  endfacet
  facet normal -0.300821 -0.953681 -0
    outer loop
      vertex 5.60057 48.9632 13.2
      vertex 5.51529 48.9901 5.95
      vertex 5.60057 48.9632 5.95
    endloop
  endfacet
  facet normal -0.737089 -0.675796 0
    outer loop
      vertex 6.0352 48.6589 5.95
      vertex 5.97478 48.7248 13.2
      vertex 5.97478 48.7248 5.95
    endloop
  endfacet
  facet normal -0.737089 -0.675796 0
    outer loop
      vertex 5.97478 48.7248 13.2
      vertex 6.0352 48.6589 5.95
      vertex 6.0352 48.6589 13.2
    endloop
  endfacet
  facet normal -0.793624 -0.608408 0
    outer loop
      vertex 6.08963 48.5879 5.95
      vertex 6.0352 48.6589 13.2
      vertex 6.0352 48.6589 5.95
    endloop
  endfacet
  facet normal -0.793624 -0.608408 0
    outer loop
      vertex 6.0352 48.6589 13.2
      vertex 6.08963 48.5879 5.95
      vertex 6.08963 48.5879 13.2
    endloop
  endfacet
  facet normal 0.793624 0.608408 0
    outer loop
      vertex 4.4648 47.3411 13.2
      vertex 4.41037 47.4121 5.95
      vertex 4.41037 47.4121 13.2
    endloop
  endfacet
  facet normal 0.793624 0.608408 0
    outer loop
      vertex 4.41037 47.4121 5.95
      vertex 4.4648 47.3411 13.2
      vertex 4.4648 47.3411 5.95
    endloop
  endfacet
  facet normal -0.461824 -0.886971 0
    outer loop
      vertex 5.68318 48.929 5.95
      vertex 5.7625 48.8877 13.2
      vertex 5.68318 48.929 13.2
    endloop
  endfacet
  facet normal -0.461824 -0.886971 -0
    outer loop
      vertex 5.7625 48.8877 13.2
      vertex 5.68318 48.929 5.95
      vertex 5.7625 48.8877 5.95
    endloop
  endfacet
  facet normal -0.843316 0.537418 0
    outer loop
      vertex 6.08963 47.4121 5.95
      vertex 6.13768 47.4875 13.2
      vertex 6.13768 47.4875 5.95
    endloop
  endfacet
  facet normal -0.843316 0.537418 0
    outer loop
      vertex 6.13768 47.4875 13.2
      vertex 6.08963 47.4121 5.95
      vertex 6.08963 47.4121 13.2
    endloop
  endfacet
  facet normal 0.999048 0.0436314 0
    outer loop
      vertex 4.2289 47.9107 13.2
      vertex 4.225 48 5.95
      vertex 4.225 48 13.2
    endloop
  endfacet
  facet normal 0.999048 0.0436314 0
    outer loop
      vertex 4.225 48 5.95
      vertex 4.2289 47.9107 13.2
      vertex 4.2289 47.9107 5.95
    endloop
  endfacet
  facet normal -0.887015 -0.46174 0
    outer loop
      vertex 6.17896 48.4332 5.95
      vertex 6.13768 48.5125 13.2
      vertex 6.13768 48.5125 5.95
    endloop
  endfacet
  facet normal -0.887015 -0.46174 0
    outer loop
      vertex 6.13768 48.5125 13.2
      vertex 6.17896 48.4332 5.95
      vertex 6.17896 48.4332 13.2
    endloop
  endfacet
  facet normal 0.675563 -0.737303 0
    outer loop
      vertex 4.52522 48.7248 5.95
      vertex 4.59114 48.7852 13.2
      vertex 4.52522 48.7248 13.2
    endloop
  endfacet
  facet normal 0.675563 -0.737303 0
    outer loop
      vertex 4.59114 48.7852 13.2
      vertex 4.52522 48.7248 5.95
      vertex 4.59114 48.7852 5.95
    endloop
  endfacet
  facet normal 0.608521 0.793538 -0
    outer loop
      vertex 4.66208 47.1604 5.95
      vertex 4.59114 47.2148 13.2
      vertex 4.66208 47.1604 13.2
    endloop
  endfacet
  facet normal 0.608521 0.793538 0
    outer loop
      vertex 4.59114 47.2148 13.2
      vertex 4.66208 47.1604 5.95
      vertex 4.59114 47.2148 5.95
    endloop
  endfacet
  facet normal 0.461824 -0.886971 0
    outer loop
      vertex 4.7375 48.8877 5.95
      vertex 4.81682 48.929 13.2
      vertex 4.7375 48.8877 13.2
    endloop
  endfacet
  facet normal 0.461824 -0.886971 0
    outer loop
      vertex 4.81682 48.929 13.2
      vertex 4.7375 48.8877 5.95
      vertex 4.81682 48.929 5.95
    endloop
  endfacet
  facet normal 0.953765 0.300553 0
    outer loop
      vertex 4.28681 47.6494 13.2
      vertex 4.25993 47.7347 5.95
      vertex 4.25993 47.7347 13.2
    endloop
  endfacet
  facet normal 0.953765 0.300553 0
    outer loop
      vertex 4.25993 47.7347 5.95
      vertex 4.28681 47.6494 13.2
      vertex 4.28681 47.6494 5.95
    endloop
  endfacet
  facet normal -0.923856 -0.38274 0
    outer loop
      vertex 6.21318 48.3506 5.95
      vertex 6.17896 48.4332 13.2
      vertex 6.17896 48.4332 5.95
    endloop
  endfacet
  facet normal -0.923856 -0.38274 0
    outer loop
      vertex 6.17896 48.4332 13.2
      vertex 6.21318 48.3506 5.95
      vertex 6.21318 48.3506 13.2
    endloop
  endfacet
  facet normal -0.675563 0.737303 0
    outer loop
      vertex 5.97478 47.2752 5.95
      vertex 5.90886 47.2148 13.2
      vertex 5.97478 47.2752 13.2
    endloop
  endfacet
  facet normal -0.675563 0.737303 0
    outer loop
      vertex 5.90886 47.2148 13.2
      vertex 5.97478 47.2752 5.95
      vertex 5.90886 47.2148 5.95
    endloop
  endfacet
  facet normal 0.215864 -0.976423 0
    outer loop
      vertex 4.98471 48.9901 5.95
      vertex 5.07201 49.0094 13.2
      vertex 4.98471 48.9901 13.2
    endloop
  endfacet
  facet normal 0.215864 -0.976423 0
    outer loop
      vertex 5.07201 49.0094 13.2
      vertex 4.98471 48.9901 5.95
      vertex 5.07201 49.0094 5.95
    endloop
  endfacet
  facet normal 0.991456 0.130443 0
    outer loop
      vertex 4.24057 47.822 13.2
      vertex 4.2289 47.9107 5.95
      vertex 4.2289 47.9107 13.2
    endloop
  endfacet
  facet normal 0.991456 0.130443 0
    outer loop
      vertex 4.2289 47.9107 5.95
      vertex 4.24057 47.822 13.2
      vertex 4.24057 47.822 5.95
    endloop
  endfacet
  facet normal 0.0436119 0.999049 -0
    outer loop
      vertex 5.25 46.975 5.95
      vertex 5.16066 46.9789 13.2
      vertex 5.25 46.975 13.2
    endloop
  endfacet
  facet normal 0.0436119 0.999049 0
    outer loop
      vertex 5.16066 46.9789 13.2
      vertex 5.25 46.975 5.95
      vertex 5.16066 46.9789 5.95
    endloop
  endfacet
  facet normal -0.991456 0.130443 0
    outer loop
      vertex 6.25943 47.822 5.95
      vertex 6.2711 47.9107 13.2
      vertex 6.2711 47.9107 5.95
    endloop
  endfacet
  facet normal -0.991456 0.130443 0
    outer loop
      vertex 6.2711 47.9107 13.2
      vertex 6.25943 47.822 5.95
      vertex 6.25943 47.822 13.2
    endloop
  endfacet
  facet normal 0.923856 0.38274 0
    outer loop
      vertex 4.32103 47.5668 13.2
      vertex 4.28681 47.6494 5.95
      vertex 4.28681 47.6494 13.2
    endloop
  endfacet
  facet normal 0.923856 0.38274 0
    outer loop
      vertex 4.28681 47.6494 5.95
      vertex 4.32103 47.5668 13.2
      vertex 4.32103 47.5668 5.95
    endloop
  endfacet
  facet normal -0.976282 0.216504 0
    outer loop
      vertex 6.24007 47.7347 5.95
      vertex 6.25943 47.822 13.2
      vertex 6.25943 47.822 5.95
    endloop
  endfacet
  facet normal -0.976282 0.216504 0
    outer loop
      vertex 6.25943 47.822 13.2
      vertex 6.24007 47.7347 5.95
      vertex 6.24007 47.7347 13.2
    endloop
  endfacet
  facet normal 0.675563 0.737303 -0
    outer loop
      vertex 4.59114 47.2148 5.95
      vertex 4.52522 47.2752 13.2
      vertex 4.59114 47.2148 13.2
    endloop
  endfacet
  facet normal 0.675563 0.737303 0
    outer loop
      vertex 4.52522 47.2752 13.2
      vertex 4.59114 47.2148 5.95
      vertex 4.52522 47.2752 5.95
    endloop
  endfacet
  facet normal -0.793624 0.608408 0
    outer loop
      vertex 6.0352 47.3411 5.95
      vertex 6.08963 47.4121 13.2
      vertex 6.08963 47.4121 5.95
    endloop
  endfacet
  facet normal -0.793624 0.608408 0
    outer loop
      vertex 6.08963 47.4121 13.2
      vertex 6.0352 47.3411 5.95
      vertex 6.0352 47.3411 13.2
    endloop
  endfacet
  facet normal -0.887015 0.46174 0
    outer loop
      vertex 6.13768 47.4875 5.95
      vertex 6.17896 47.5668 13.2
      vertex 6.17896 47.5668 5.95
    endloop
  endfacet
  facet normal -0.887015 0.46174 0
    outer loop
      vertex 6.17896 47.5668 13.2
      vertex 6.13768 47.4875 5.95
      vertex 6.13768 47.4875 13.2
    endloop
  endfacet
  facet normal 0.991456 -0.130443 0
    outer loop
      vertex 4.2289 48.0893 13.2
      vertex 4.24057 48.178 5.95
      vertex 4.24057 48.178 13.2
    endloop
  endfacet
  facet normal 0.991456 -0.130443 0
    outer loop
      vertex 4.24057 48.178 5.95
      vertex 4.2289 48.0893 13.2
      vertex 4.2289 48.0893 5.95
    endloop
  endfacet
  facet normal 0.976282 0.216504 0
    outer loop
      vertex 4.25993 47.7347 13.2
      vertex 4.24057 47.822 5.95
      vertex 4.24057 47.822 13.2
    endloop
  endfacet
  facet normal 0.976282 0.216504 0
    outer loop
      vertex 4.24057 47.822 5.95
      vertex 4.25993 47.7347 13.2
      vertex 4.25993 47.7347 5.95
    endloop
  endfacet
  facet normal 0.215864 0.976423 -0
    outer loop
      vertex 5.07201 46.9906 5.95
      vertex 4.98471 47.0099 13.2
      vertex 5.07201 46.9906 13.2
    endloop
  endfacet
  facet normal 0.215864 0.976423 0
    outer loop
      vertex 4.98471 47.0099 13.2
      vertex 5.07201 46.9906 5.95
      vertex 4.98471 47.0099 5.95
    endloop
  endfacet
  facet normal -0.737089 0.675796 0
    outer loop
      vertex 5.97478 47.2752 5.95
      vertex 6.0352 47.3411 13.2
      vertex 6.0352 47.3411 5.95
    endloop
  endfacet
  facet normal -0.737089 0.675796 0
    outer loop
      vertex 6.0352 47.3411 13.2
      vertex 5.97478 47.2752 5.95
      vertex 5.97478 47.2752 13.2
    endloop
  endfacet
  facet normal -0.130831 0.991405 0
    outer loop
      vertex 5.42799 46.9906 5.95
      vertex 5.33933 46.9789 13.2
      vertex 5.42799 46.9906 13.2
    endloop
  endfacet
  facet normal -0.130831 0.991405 0
    outer loop
      vertex 5.33933 46.9789 13.2
      vertex 5.42799 46.9906 5.95
      vertex 5.33933 46.9789 5.95
    endloop
  endfacet
  facet normal 0.608521 -0.793538 0
    outer loop
      vertex 4.59114 48.7852 5.95
      vertex 4.66208 48.8396 13.2
      vertex 4.59114 48.7852 13.2
    endloop
  endfacet
  facet normal 0.608521 -0.793538 0
    outer loop
      vertex 4.66208 48.8396 13.2
      vertex 4.59114 48.7852 5.95
      vertex 4.66208 48.8396 5.95
    endloop
  endfacet
  facet normal -0.0436168 -0.999048 0
    outer loop
      vertex 5.25 49.025 5.95
      vertex 5.33933 49.0211 13.2
      vertex 5.25 49.025 13.2
    endloop
  endfacet
  facet normal -0.0436168 -0.999048 -0
    outer loop
      vertex 5.33933 49.0211 13.2
      vertex 5.25 49.025 5.95
      vertex 5.33933 49.0211 5.95
    endloop
  endfacet
  facet normal 0.737089 0.675796 0
    outer loop
      vertex 4.52522 47.2752 13.2
      vertex 4.4648 47.3411 5.95
      vertex 4.4648 47.3411 13.2
    endloop
  endfacet
  facet normal 0.737089 0.675796 0
    outer loop
      vertex 4.4648 47.3411 5.95
      vertex 4.52522 47.2752 13.2
      vertex 4.52522 47.2752 5.95
    endloop
  endfacet
  facet normal -0.215864 0.976423 0
    outer loop
      vertex 5.51529 47.0099 5.95
      vertex 5.42799 46.9906 13.2
      vertex 5.51529 47.0099 13.2
    endloop
  endfacet
  facet normal -0.215864 0.976423 0
    outer loop
      vertex 5.42799 46.9906 13.2
      vertex 5.51529 47.0099 5.95
      vertex 5.42799 46.9906 5.95
    endloop
  endfacet
  facet normal -0.215864 -0.976423 0
    outer loop
      vertex 5.42799 49.0094 5.95
      vertex 5.51529 48.9901 13.2
      vertex 5.42799 49.0094 13.2
    endloop
  endfacet
  facet normal -0.215864 -0.976423 -0
    outer loop
      vertex 5.51529 48.9901 13.2
      vertex 5.42799 49.0094 5.95
      vertex 5.51529 48.9901 5.95
    endloop
  endfacet
  facet normal 0.737089 -0.675796 0
    outer loop
      vertex 4.4648 48.6589 13.2
      vertex 4.52522 48.7248 5.95
      vertex 4.52522 48.7248 13.2
    endloop
  endfacet
  facet normal 0.737089 -0.675796 0
    outer loop
      vertex 4.52522 48.7248 5.95
      vertex 4.4648 48.6589 13.2
      vertex 4.4648 48.6589 5.95
    endloop
  endfacet
  facet normal 0.976282 -0.216504 0
    outer loop
      vertex 4.24057 48.178 13.2
      vertex 4.25993 48.2653 5.95
      vertex 4.25993 48.2653 13.2
    endloop
  endfacet
  facet normal 0.976282 -0.216504 0
    outer loop
      vertex 4.25993 48.2653 5.95
      vertex 4.24057 48.178 13.2
      vertex 4.24057 48.178 5.95
    endloop
  endfacet
  facet normal 0.843316 -0.537418 0
    outer loop
      vertex 4.36232 48.5125 13.2
      vertex 4.41037 48.5879 5.95
      vertex 4.41037 48.5879 13.2
    endloop
  endfacet
  facet normal 0.843316 -0.537418 0
    outer loop
      vertex 4.41037 48.5879 5.95
      vertex 4.36232 48.5125 13.2
      vertex 4.36232 48.5125 5.95
    endloop
  endfacet
  facet normal -0.0436168 0.999048 0
    outer loop
      vertex 5.33933 46.9789 5.95
      vertex 5.25 46.975 13.2
      vertex 5.33933 46.9789 13.2
    endloop
  endfacet
  facet normal -0.0436168 0.999048 0
    outer loop
      vertex 5.25 46.975 13.2
      vertex 5.33933 46.9789 5.95
      vertex 5.25 46.975 5.95
    endloop
  endfacet
  facet normal 0.461824 0.886971 -0
    outer loop
      vertex 4.81682 47.071 5.95
      vertex 4.7375 47.1123 13.2
      vertex 4.81682 47.071 13.2
    endloop
  endfacet
  facet normal 0.461824 0.886971 0
    outer loop
      vertex 4.7375 47.1123 13.2
      vertex 4.81682 47.071 5.95
      vertex 4.7375 47.1123 5.95
    endloop
  endfacet
  facet normal 0.886969 0.461828 0
    outer loop
      vertex 4.36232 47.4875 13.2
      vertex 4.32103 47.5668 5.95
      vertex 4.32103 47.5668 13.2
    endloop
  endfacet
  facet normal 0.886969 0.461828 0
    outer loop
      vertex 4.32103 47.5668 5.95
      vertex 4.36232 47.4875 13.2
      vertex 4.36232 47.4875 5.95
    endloop
  endfacet
  facet normal -0.675563 -0.737303 0
    outer loop
      vertex 5.90886 48.7852 5.95
      vertex 5.97478 48.7248 13.2
      vertex 5.90886 48.7852 13.2
    endloop
  endfacet
  facet normal -0.675563 -0.737303 -0
    outer loop
      vertex 5.97478 48.7248 13.2
      vertex 5.90886 48.7852 5.95
      vertex 5.97478 48.7248 5.95
    endloop
  endfacet
  facet normal 0.300821 0.953681 -0
    outer loop
      vertex 4.98471 47.0099 5.95
      vertex 4.89943 47.0368 13.2
      vertex 4.98471 47.0099 13.2
    endloop
  endfacet
  facet normal 0.300821 0.953681 0
    outer loop
      vertex 4.89943 47.0368 13.2
      vertex 4.98471 47.0099 5.95
      vertex 4.89943 47.0368 5.95
    endloop
  endfacet
  facet normal 0.953765 -0.300553 0
    outer loop
      vertex 4.25993 48.2653 13.2
      vertex 4.28681 48.3506 5.95
      vertex 4.28681 48.3506 13.2
    endloop
  endfacet
  facet normal 0.953765 -0.300553 0
    outer loop
      vertex 4.28681 48.3506 5.95
      vertex 4.25993 48.2653 13.2
      vertex 4.25993 48.2653 5.95
    endloop
  endfacet
  facet normal 0.130845 0.991403 -0
    outer loop
      vertex 5.16066 46.9789 5.95
      vertex 5.07201 46.9906 13.2
      vertex 5.16066 46.9789 13.2
    endloop
  endfacet
  facet normal 0.130845 0.991403 0
    outer loop
      vertex 5.07201 46.9906 13.2
      vertex 5.16066 46.9789 5.95
      vertex 5.07201 46.9906 5.95
    endloop
  endfacet
  facet normal 0.886969 -0.461828 0
    outer loop
      vertex 4.32103 48.4332 13.2
      vertex 4.36232 48.5125 5.95
      vertex 4.36232 48.5125 13.2
    endloop
  endfacet
  facet normal 0.886969 -0.461828 0
    outer loop
      vertex 4.36232 48.5125 5.95
      vertex 4.32103 48.4332 13.2
      vertex 4.32103 48.4332 5.95
    endloop
  endfacet
  facet normal 0 0 1
    outer loop
      vertex 6.2711 48.0893 5.95
      vertex 6.2711 47.9107 5.95
      vertex 6.275 48 5.95
    endloop
  endfacet
  facet normal 0 0 1
    outer loop
      vertex 6.25943 48.178 5.95
      vertex 6.2711 47.9107 5.95
      vertex 6.2711 48.0893 5.95
    endloop
  endfacet
  facet normal 0 0 1
    outer loop
      vertex 6.25943 48.178 5.95
      vertex 6.25943 47.822 5.95
      vertex 6.2711 47.9107 5.95
    endloop
  endfacet
  facet normal 0 0 1
    outer loop
      vertex 6.24007 48.2653 5.95
      vertex 6.25943 47.822 5.95
      vertex 6.25943 48.178 5.95
    endloop
  endfacet
  facet normal 0 0 1
    outer loop
      vertex 6.24007 48.2653 5.95
      vertex 6.24007 47.7347 5.95
      vertex 6.25943 47.822 5.95
    endloop
  endfacet
  facet normal 0 0 1
    outer loop
      vertex 6.21318 48.3506 5.95
      vertex 6.24007 47.7347 5.95
      vertex 6.24007 48.2653 5.95
    endloop
  endfacet
  facet normal 0 0 1
    outer loop
      vertex 6.21318 48.3506 5.95
      vertex 6.21318 47.6494 5.95
      vertex 6.24007 47.7347 5.95
    endloop
  endfacet
  facet normal 0 0 1
    outer loop
      vertex 6.17896 48.4332 5.95
      vertex 6.21318 47.6494 5.95
      vertex 6.21318 48.3506 5.95
    endloop
  endfacet
  facet normal 0 0 1
    outer loop
      vertex 6.17896 48.4332 5.95
      vertex 6.17896 47.5668 5.95
      vertex 6.21318 47.6494 5.95
    endloop
  endfacet
  facet normal 0 0 1
    outer loop
      vertex 6.13768 48.5125 5.95
      vertex 6.17896 47.5668 5.95
      vertex 6.17896 48.4332 5.95
    endloop
  endfacet
  facet normal 0 0 1
    outer loop
      vertex 6.13768 48.5125 5.95
      vertex 6.13768 47.4875 5.95
      vertex 6.17896 47.5668 5.95
    endloop
  endfacet
  facet normal 0 0 1
    outer loop
      vertex 6.08963 48.5879 5.95
      vertex 6.13768 47.4875 5.95
      vertex 6.13768 48.5125 5.95
    endloop
  endfacet
  facet normal 0 0 1
    outer loop
      vertex 6.08963 48.5879 5.95
      vertex 6.08963 47.4121 5.95
      vertex 6.13768 47.4875 5.95
    endloop
  endfacet
  facet normal 0 0 1
    outer loop
      vertex 6.0352 48.6589 5.95
      vertex 6.08963 47.4121 5.95
      vertex 6.08963 48.5879 5.95
    endloop
  endfacet
  facet normal 0 0 1
    outer loop
      vertex 6.0352 48.6589 5.95
      vertex 6.0352 47.3411 5.95
      vertex 6.08963 47.4121 5.95
    endloop
  endfacet
  facet normal 0 0 1
    outer loop
      vertex 5.97478 48.7248 5.95
      vertex 6.0352 47.3411 5.95
      vertex 6.0352 48.6589 5.95
    endloop
  endfacet
  facet normal 0 0 1
    outer loop
      vertex 5.97478 48.7248 5.95
      vertex 5.97478 47.2752 5.95
      vertex 6.0352 47.3411 5.95
    endloop
  endfacet
  facet normal 0 0 1
    outer loop
      vertex 5.90886 48.7852 5.95
      vertex 5.97478 47.2752 5.95
      vertex 5.97478 48.7248 5.95
    endloop
  endfacet
  facet normal 0 0 1
    outer loop
      vertex 5.90886 48.7852 5.95
      vertex 5.90886 47.2148 5.95
      vertex 5.97478 47.2752 5.95
    endloop
  endfacet
  facet normal 0 0 1
    outer loop
      vertex 5.83792 48.8396 5.95
      vertex 5.90886 47.2148 5.95
      vertex 5.90886 48.7852 5.95
    endloop
  endfacet
  facet normal 0 0 1
    outer loop
      vertex 5.83792 48.8396 5.95
      vertex 5.83792 47.1604 5.95
      vertex 5.90886 47.2148 5.95
    endloop
  endfacet
  facet normal 0 0 1
    outer loop
      vertex 5.7625 48.8877 5.95
      vertex 5.83792 47.1604 5.95
      vertex 5.83792 48.8396 5.95
    endloop
  endfacet
  facet normal 0 0 1
    outer loop
      vertex 5.7625 48.8877 5.95
      vertex 5.7625 47.1123 5.95
      vertex 5.83792 47.1604 5.95
    endloop
  endfacet
  facet normal 0 0 1
    outer loop
      vertex 5.68318 48.929 5.95
      vertex 5.7625 47.1123 5.95
      vertex 5.7625 48.8877 5.95
    endloop
  endfacet
  facet normal 0 0 1
    outer loop
      vertex 5.68318 48.929 5.95
      vertex 5.68318 47.071 5.95
      vertex 5.7625 47.1123 5.95
    endloop
  endfacet
  facet normal 0 0 1
    outer loop
      vertex 5.60057 48.9632 5.95
      vertex 5.68318 47.071 5.95
      vertex 5.68318 48.929 5.95
    endloop
  endfacet
  facet normal 0 0 1
    outer loop
      vertex 5.60057 48.9632 5.95
      vertex 5.60057 47.0368 5.95
      vertex 5.68318 47.071 5.95
    endloop
  endfacet
  facet normal 0 0 1
    outer loop
      vertex 5.51529 48.9901 5.95
      vertex 5.60057 47.0368 5.95
      vertex 5.60057 48.9632 5.95
    endloop
  endfacet
  facet normal 0 0 1
    outer loop
      vertex 5.51529 48.9901 5.95
      vertex 5.51529 47.0099 5.95
      vertex 5.60057 47.0368 5.95
    endloop
  endfacet
  facet normal 0 0 1
    outer loop
      vertex 5.42799 49.0094 5.95
      vertex 5.51529 47.0099 5.95
      vertex 5.51529 48.9901 5.95
    endloop
  endfacet
  facet normal 0 0 1
    outer loop
      vertex 5.42799 49.0094 5.95
      vertex 5.42799 46.9906 5.95
      vertex 5.51529 47.0099 5.95
    endloop
  endfacet
  facet normal 0 0 1
    outer loop
      vertex 5.33933 49.0211 5.95
      vertex 5.42799 46.9906 5.95
      vertex 5.42799 49.0094 5.95
    endloop
  endfacet
  facet normal 0 0 1
    outer loop
      vertex 5.33933 49.0211 5.95
      vertex 5.33933 46.9789 5.95
      vertex 5.42799 46.9906 5.95
    endloop
  endfacet
  facet normal 0 0 1
    outer loop
      vertex 5.25 49.025 5.95
      vertex 5.33933 46.9789 5.95
      vertex 5.33933 49.0211 5.95
    endloop
  endfacet
  facet normal 0 0 1
    outer loop
      vertex 5.25 49.025 5.95
      vertex 5.25 46.975 5.95
      vertex 5.33933 46.9789 5.95
    endloop
  endfacet
  facet normal -0 0 1
    outer loop
      vertex 5.16066 49.0211 5.95
      vertex 5.25 46.975 5.95
      vertex 5.25 49.025 5.95
    endloop
  endfacet
  facet normal 0 0 1
    outer loop
      vertex 5.16066 49.0211 5.95
      vertex 5.16066 46.9789 5.95
      vertex 5.25 46.975 5.95
    endloop
  endfacet
  facet normal -0 0 1
    outer loop
      vertex 5.07201 49.0094 5.95
      vertex 5.16066 46.9789 5.95
      vertex 5.16066 49.0211 5.95
    endloop
  endfacet
  facet normal 0 0 1
    outer loop
      vertex 5.07201 49.0094 5.95
      vertex 5.07201 46.9906 5.95
      vertex 5.16066 46.9789 5.95
    endloop
  endfacet
  facet normal -0 0 1
    outer loop
      vertex 4.98471 48.9901 5.95
      vertex 5.07201 46.9906 5.95
      vertex 5.07201 49.0094 5.95
    endloop
  endfacet
  facet normal 0 0 1
    outer loop
      vertex 4.98471 48.9901 5.95
      vertex 4.98471 47.0099 5.95
      vertex 5.07201 46.9906 5.95
    endloop
  endfacet
  facet normal -0 0 1
    outer loop
      vertex 4.89943 48.9632 5.95
      vertex 4.98471 47.0099 5.95
      vertex 4.98471 48.9901 5.95
    endloop
  endfacet
  facet normal 0 0 1
    outer loop
      vertex 4.89943 48.9632 5.95
      vertex 4.89943 47.0368 5.95
      vertex 4.98471 47.0099 5.95
    endloop
  endfacet
  facet normal -0 0 1
    outer loop
      vertex 4.81682 48.929 5.95
      vertex 4.89943 47.0368 5.95
      vertex 4.89943 48.9632 5.95
    endloop
  endfacet
  facet normal 0 0 1
    outer loop
      vertex 4.81682 48.929 5.95
      vertex 4.81682 47.071 5.95
      vertex 4.89943 47.0368 5.95
    endloop
  endfacet
  facet normal -0 0 1
    outer loop
      vertex 4.7375 48.8877 5.95
      vertex 4.81682 47.071 5.95
      vertex 4.81682 48.929 5.95
    endloop
  endfacet
  facet normal 0 0 1
    outer loop
      vertex 4.7375 48.8877 5.95
      vertex 4.7375 47.1123 5.95
      vertex 4.81682 47.071 5.95
    endloop
  endfacet
  facet normal -0 0 1
    outer loop
      vertex 4.66208 48.8396 5.95
      vertex 4.7375 47.1123 5.95
      vertex 4.7375 48.8877 5.95
    endloop
  endfacet
  facet normal 0 0 1
    outer loop
      vertex 4.66208 48.8396 5.95
      vertex 4.66208 47.1604 5.95
      vertex 4.7375 47.1123 5.95
    endloop
  endfacet
  facet normal -0 0 1
    outer loop
      vertex 4.59114 48.7852 5.95
      vertex 4.66208 47.1604 5.95
      vertex 4.66208 48.8396 5.95
    endloop
  endfacet
  facet normal 0 0 1
    outer loop
      vertex 4.59114 48.7852 5.95
      vertex 4.59114 47.2148 5.95
      vertex 4.66208 47.1604 5.95
    endloop
  endfacet
  facet normal -0 0 1
    outer loop
      vertex 4.52522 48.7248 5.95
      vertex 4.59114 47.2148 5.95
      vertex 4.59114 48.7852 5.95
    endloop
  endfacet
  facet normal 0 0 1
    outer loop
      vertex 4.52522 48.7248 5.95
      vertex 4.52522 47.2752 5.95
      vertex 4.59114 47.2148 5.95
    endloop
  endfacet
  facet normal -0 0 1
    outer loop
      vertex 4.4648 48.6589 5.95
      vertex 4.52522 47.2752 5.95
      vertex 4.52522 48.7248 5.95
    endloop
  endfacet
  facet normal 0 0 1
    outer loop
      vertex 4.4648 48.6589 5.95
      vertex 4.4648 47.3411 5.95
      vertex 4.52522 47.2752 5.95
    endloop
  endfacet
  facet normal -0 0 1
    outer loop
      vertex 4.41037 48.5879 5.95
      vertex 4.4648 47.3411 5.95
      vertex 4.4648 48.6589 5.95
    endloop
  endfacet
  facet normal 0 0 1
    outer loop
      vertex 4.41037 48.5879 5.95
      vertex 4.41037 47.4121 5.95
      vertex 4.4648 47.3411 5.95
    endloop
  endfacet
  facet normal -0 0 1
    outer loop
      vertex 4.36232 48.5125 5.95
      vertex 4.41037 47.4121 5.95
      vertex 4.41037 48.5879 5.95
    endloop
  endfacet
  facet normal 0 0 1
    outer loop
      vertex 4.36232 48.5125 5.95
      vertex 4.36232 47.4875 5.95
      vertex 4.41037 47.4121 5.95
    endloop
  endfacet
  facet normal -0 0 1
    outer loop
      vertex 4.32103 48.4332 5.95
      vertex 4.36232 47.4875 5.95
      vertex 4.36232 48.5125 5.95
    endloop
  endfacet
  facet normal 0 0 1
    outer loop
      vertex 4.32103 48.4332 5.95
      vertex 4.32103 47.5668 5.95
      vertex 4.36232 47.4875 5.95
    endloop
  endfacet
  facet normal -0 0 1
    outer loop
      vertex 4.28681 48.3506 5.95
      vertex 4.32103 47.5668 5.95
      vertex 4.32103 48.4332 5.95
    endloop
  endfacet
  facet normal 0 0 1
    outer loop
      vertex 4.28681 48.3506 5.95
      vertex 4.28681 47.6494 5.95
      vertex 4.32103 47.5668 5.95
    endloop
  endfacet
  facet normal -0 0 1
    outer loop
      vertex 4.25993 48.2653 5.95
      vertex 4.28681 47.6494 5.95
      vertex 4.28681 48.3506 5.95
    endloop
  endfacet
  facet normal 0 0 1
    outer loop
      vertex 4.25993 48.2653 5.95
      vertex 4.25993 47.7347 5.95
      vertex 4.28681 47.6494 5.95
    endloop
  endfacet
  facet normal -0 0 1
    outer loop
      vertex 4.24057 48.178 5.95
      vertex 4.25993 47.7347 5.95
      vertex 4.25993 48.2653 5.95
    endloop
  endfacet
  facet normal 0 0 1
    outer loop
      vertex 4.24057 48.178 5.95
      vertex 4.24057 47.822 5.95
      vertex 4.25993 47.7347 5.95
    endloop
  endfacet
  facet normal -0 0 1
    outer loop
      vertex 4.2289 48.0893 5.95
      vertex 4.24057 47.822 5.95
      vertex 4.24057 48.178 5.95
    endloop
  endfacet
  facet normal 0 0 1
    outer loop
      vertex 4.2289 48.0893 5.95
      vertex 4.2289 47.9107 5.95
      vertex 4.24057 47.822 5.95
    endloop
  endfacet
  facet normal 0 -0 1
    outer loop
      vertex 4.2289 47.9107 5.95
      vertex 4.2289 48.0893 5.95
      vertex 4.225 48 5.95
    endloop
  endfacet
  facet normal 0.537714 0.843127 -0
    outer loop
      vertex 4.7375 47.1123 5.95
      vertex 4.66208 47.1604 13.2
      vertex 4.7375 47.1123 13.2
    endloop
  endfacet
  facet normal 0.537714 0.843127 0
    outer loop
      vertex 4.66208 47.1604 13.2
      vertex 4.7375 47.1123 5.95
      vertex 4.66208 47.1604 5.95
    endloop
  endfacet
  facet normal 0.0436119 -0.999049 0
    outer loop
      vertex 5.16066 49.0211 5.95
      vertex 5.25 49.025 13.2
      vertex 5.16066 49.0211 13.2
    endloop
  endfacet
  facet normal 0.0436119 -0.999049 0
    outer loop
      vertex 5.25 49.025 13.2
      vertex 5.16066 49.0211 5.95
      vertex 5.25 49.025 5.95
    endloop
  endfacet
  facet normal -0.300821 0.953681 0
    outer loop
      vertex 5.60057 47.0368 5.95
      vertex 5.51529 47.0099 13.2
      vertex 5.60057 47.0368 13.2
    endloop
  endfacet
  facet normal -0.300821 0.953681 0
    outer loop
      vertex 5.51529 47.0099 13.2
      vertex 5.60057 47.0368 5.95
      vertex 5.51529 47.0099 5.95
    endloop
  endfacet
  facet normal 0.130845 -0.991403 0
    outer loop
      vertex 5.07201 49.0094 5.95
      vertex 5.16066 49.0211 13.2
      vertex 5.07201 49.0094 13.2
    endloop
  endfacet
  facet normal 0.130845 -0.991403 0
    outer loop
      vertex 5.16066 49.0211 13.2
      vertex 5.07201 49.0094 5.95
      vertex 5.16066 49.0211 5.95
    endloop
  endfacet
  facet normal -0.953733 0.300655 0
    outer loop
      vertex 6.21318 47.6494 5.95
      vertex 6.24007 47.7347 13.2
      vertex 6.24007 47.7347 5.95
    endloop
  endfacet
  facet normal -0.953733 0.300655 0
    outer loop
      vertex 6.24007 47.7347 13.2
      vertex 6.21318 47.6494 5.95
      vertex 6.21318 47.6494 13.2
    endloop
  endfacet
  facet normal 0.537714 -0.843127 0
    outer loop
      vertex 4.66208 48.8396 5.95
      vertex 4.7375 48.8877 13.2
      vertex 4.66208 48.8396 13.2
    endloop
  endfacet
  facet normal 0.537714 -0.843127 0
    outer loop
      vertex 4.7375 48.8877 13.2
      vertex 4.66208 48.8396 5.95
      vertex 4.7375 48.8877 5.95
    endloop
  endfacet
  facet normal -0.608521 0.793538 0
    outer loop
      vertex 5.90886 47.2148 5.95
      vertex 5.83792 47.1604 13.2
      vertex 5.90886 47.2148 13.2
    endloop
  endfacet
  facet normal -0.608521 0.793538 0
    outer loop
      vertex 5.83792 47.1604 13.2
      vertex 5.90886 47.2148 5.95
      vertex 5.83792 47.1604 5.95
    endloop
  endfacet
  facet normal -0.537714 0.843127 0
    outer loop
      vertex 5.83792 47.1604 5.95
      vertex 5.7625 47.1123 13.2
      vertex 5.83792 47.1604 13.2
    endloop
  endfacet
  facet normal -0.537714 0.843127 0
    outer loop
      vertex 5.7625 47.1123 13.2
      vertex 5.83792 47.1604 5.95
      vertex 5.7625 47.1123 5.95
    endloop
  endfacet
  facet normal 0.923856 -0.38274 0
    outer loop
      vertex 4.28681 48.3506 13.2
      vertex 4.32103 48.4332 5.95
      vertex 4.32103 48.4332 13.2
    endloop
  endfacet
  facet normal 0.923856 -0.38274 0
    outer loop
      vertex 4.32103 48.4332 5.95
      vertex 4.28681 48.3506 13.2
      vertex 4.28681 48.3506 5.95
    endloop
  endfacet
  facet normal -0.130831 -0.991405 0
    outer loop
      vertex 5.33933 49.0211 5.95
      vertex 5.42799 49.0094 13.2
      vertex 5.33933 49.0211 13.2
    endloop
  endfacet
  facet normal -0.130831 -0.991405 -0
    outer loop
      vertex 5.42799 49.0094 13.2
      vertex 5.33933 49.0211 5.95
      vertex 5.42799 49.0094 5.95
    endloop
  endfacet
  facet normal 0.38251 0.923951 -0
    outer loop
      vertex 4.89943 47.0368 5.95
      vertex 4.81682 47.071 13.2
      vertex 4.89943 47.0368 13.2
    endloop
  endfacet
  facet normal 0.38251 0.923951 0
    outer loop
      vertex 4.81682 47.071 13.2
      vertex 4.89943 47.0368 5.95
      vertex 4.81682 47.071 5.95
    endloop
  endfacet
  facet normal 0.793624 -0.608408 0
    outer loop
      vertex 4.41037 48.5879 13.2
      vertex 4.4648 48.6589 5.95
      vertex 4.4648 48.6589 13.2
    endloop
  endfacet
  facet normal 0.793624 -0.608408 0
    outer loop
      vertex 4.4648 48.6589 5.95
      vertex 4.41037 48.5879 13.2
      vertex 4.41037 48.5879 5.95
    endloop
  endfacet
  facet normal 0.991443 0.130543 0
    outer loop
      vertex 8.20442 96.5209 13.2
      vertex 8.225 96.3646 5.3
      vertex 8.20442 96.5209 5.3
    endloop
  endfacet
  facet normal 0.99144 0.130561 -3.65756e-07
    outer loop
      vertex 8.23858 96.2615 13.2
      vertex 8.225 96.3646 5.3
      vertex 8.20442 96.5209 13.2
    endloop
  endfacet
  facet normal 0.991437 0.130589 -0
    outer loop
      vertex 8.23858 96.2615 2.2
      vertex 8.225 96.3646 5.3
      vertex 8.23858 96.2615 13.2
    endloop
  endfacet
  facet normal 0.991437 0.130589 0
    outer loop
      vertex 8.225 96.3646 5.3
      vertex 8.23858 96.2615 2.2
      vertex 8.225 96.3646 2.2
    endloop
  endfacet
  facet normal 0.999048 0.0436295 0
    outer loop
      vertex 8.25 96 13.2
      vertex 8.23858 96.2615 2.2
      vertex 8.23858 96.2615 13.2
    endloop
  endfacet
  facet normal 0.999048 0.0436295 0
    outer loop
      vertex 8.23858 96.2615 2.2
      vertex 8.25 96 13.2
      vertex 8.25 96 2.2
    endloop
  endfacet
  facet normal -0.737183 0.675693 0
    outer loop
      vertex 2.95187 97.9284 2.2
      vertex 3.12868 98.1213 13.2
      vertex 3.12868 98.1213 2.2
    endloop
  endfacet
  facet normal -0.737183 0.675693 0
    outer loop
      vertex 3.12868 98.1213 13.2
      vertex 2.95187 97.9284 2.2
      vertex 2.95187 97.9284 13.2
    endloop
  endfacet
  facet normal 0.0435583 0.999051 -0
    outer loop
      vertex 5.51147 98.9886 2.2
      vertex 5.25 99 13.2
      vertex 5.51147 98.9886 13.2
    endloop
  endfacet
  facet normal 0.0435583 0.999051 0
    outer loop
      vertex 5.25 99 13.2
      vertex 5.51147 98.9886 2.2
      vertex 5.25 99 2.2
    endloop
  endfacet
  facet normal -0.300711 0.953715 0
    outer loop
      vertex 4.47354 98.8978 2.2
      vertex 4.22394 98.8191 13.2
      vertex 4.47354 98.8978 13.2
    endloop
  endfacet
  facet normal -0.300711 0.953715 0
    outer loop
      vertex 4.22394 98.8191 13.2
      vertex 4.47354 98.8978 2.2
      vertex 4.22394 98.8191 2.2
    endloop
  endfacet
  facet normal 0.991437 -0.130589 0
    outer loop
      vertex 8.23858 95.7385 13.2
      vertex 8.225 95.6354 5.3
      vertex 8.23858 95.7385 2.2
    endloop
  endfacet
  facet normal 0.99144 -0.130561 -3.65756e-07
    outer loop
      vertex 8.20442 95.4791 13.2
      vertex 8.225 95.6354 5.3
      vertex 8.23858 95.7385 13.2
    endloop
  endfacet
  facet normal 0.991443 -0.130543 0
    outer loop
      vertex 8.225 95.6354 5.3
      vertex 8.20442 95.4791 13.2
      vertex 8.20442 95.4791 5.3
    endloop
  endfacet
  facet normal 0.991437 -0.130589 0
    outer loop
      vertex 8.23858 95.7385 2.2
      vertex 8.225 95.6354 5.3
      vertex 8.225 95.6354 2.2
    endloop
  endfacet
  facet normal 0.216267 -0.976334 0
    outer loop
      vertex 5.77094 93.0456 2.2
      vertex 6.02646 93.1022 13.2
      vertex 5.77094 93.0456 13.2
    endloop
  endfacet
  facet normal 0.216267 -0.976334 0
    outer loop
      vertex 6.02646 93.1022 13.2
      vertex 5.77094 93.0456 2.2
      vertex 6.02646 93.1022 2.2
    endloop
  endfacet
  facet normal -0.976316 -0.216348 0
    outer loop
      vertex 2.35222 95.2235 12.95
      vertex 2.29558 95.4791 13.2
      vertex 2.29558 95.4791 12.95
    endloop
  endfacet
  facet normal -0.976316 -0.216348 0
    outer loop
      vertex 2.29558 95.4791 13.2
      vertex 2.35222 95.2235 12.95
      vertex 2.35222 95.2235 13.2
    endloop
  endfacet
  facet normal 0.953715 0.300711 0
    outer loop
      vertex 8.14778 96.7765 13.2
      vertex 8.06908 97.0261 5.3
      vertex 8.06908 97.0261 13.2
    endloop
  endfacet
  facet normal 0.953715 0.300711 0
    outer loop
      vertex 8.06908 97.0261 5.3
      vertex 8.14778 96.7765 13.2
      vertex 8.14778 96.7765 5.3
    endloop
  endfacet
  facet normal -0.130677 0.991425 0
    outer loop
      vertex 4.98853 98.9886 2.2
      vertex 4.72906 98.9544 13.2
      vertex 4.98853 98.9886 13.2
    endloop
  endfacet
  facet normal -0.130677 0.991425 0
    outer loop
      vertex 4.72906 98.9544 13.2
      vertex 4.98853 98.9886 2.2
      vertex 4.72906 98.9544 2.2
    endloop
  endfacet
  facet normal -0.461615 0.88708 0
    outer loop
      vertex 3.98214 98.7189 2.2
      vertex 3.75 98.5981 13.2
      vertex 3.98214 98.7189 13.2
    endloop
  endfacet
  facet normal -0.461615 0.88708 0
    outer loop
      vertex 3.75 98.5981 13.2
      vertex 3.98214 98.7189 2.2
      vertex 3.75 98.5981 2.2
    endloop
  endfacet
  facet normal -0.382824 -0.923821 0
    outer loop
      vertex 3.98214 93.2811 2.2
      vertex 4.22394 93.1809 13.2
      vertex 3.98214 93.2811 13.2
    endloop
  endfacet
  facet normal -0.382824 -0.923821 -0
    outer loop
      vertex 4.22394 93.1809 13.2
      vertex 3.98214 93.2811 2.2
      vertex 4.22394 93.1809 2.2
    endloop
  endfacet
  facet normal 0.608954 0.793206 -0
    outer loop
      vertex 7.17836 98.2981 2.2
      vertex 6.97073 98.4575 13.2
      vertex 7.17836 98.2981 13.2
    endloop
  endfacet
  facet normal 0.608954 0.793206 0
    outer loop
      vertex 6.97073 98.4575 13.2
      vertex 7.17836 98.2981 2.2
      vertex 6.97073 98.4575 2.2
    endloop
  endfacet
  facet normal -0.793434 -0.608656 0
    outer loop
      vertex 2.95187 94.0716 2.2
      vertex 2.79254 94.2793 13.2
      vertex 2.79254 94.2793 2.2
    endloop
  endfacet
  facet normal -0.793434 -0.608656 0
    outer loop
      vertex 2.79254 94.2793 13.2
      vertex 2.95187 94.0716 2.2
      vertex 2.95187 94.0716 13.2
    endloop
  endfacet
  facet normal 0.793434 -0.608656 0
    outer loop
      vertex 7.54813 94.0716 13.2
      vertex 7.70746 94.2793 5.3
      vertex 7.70746 94.2793 13.2
    endloop
  endfacet
  facet normal 0.793434 -0.608656 0
    outer loop
      vertex 7.70746 94.2793 5.3
      vertex 7.54813 94.0716 13.2
      vertex 7.54813 94.0716 5.3
    endloop
  endfacet
  facet normal 0.793434 0.608656 0
    outer loop
      vertex 7.70746 97.7207 13.2
      vertex 7.54813 97.9284 5.3
      vertex 7.54813 97.9284 13.2
    endloop
  endfacet
  facet normal 0.793434 0.608656 0
    outer loop
      vertex 7.54813 97.9284 5.3
      vertex 7.70746 97.7207 13.2
      vertex 7.70746 97.7207 5.3
    endloop
  endfacet
  facet normal 0.843359 0.53735 0
    outer loop
      vertex 7.84808 97.5 13.2
      vertex 7.70746 97.7207 5.3
      vertex 7.70746 97.7207 13.2
    endloop
  endfacet
  facet normal 0.843359 0.53735 0
    outer loop
      vertex 7.70746 97.7207 5.3
      vertex 7.84808 97.5 13.2
      vertex 7.84808 97.5 5.3
    endloop
  endfacet
  facet normal 0.923875 -0.382694 0
    outer loop
      vertex 7.96892 94.7321 13.2
      vertex 8.06908 94.9739 5.3
      vertex 8.06908 94.9739 13.2
    endloop
  endfacet
  facet normal 0.923875 -0.382694 0
    outer loop
      vertex 8.06908 94.9739 5.3
      vertex 7.96892 94.7321 13.2
      vertex 7.96892 94.7321 5.3
    endloop
  endfacet
  facet normal 0.976316 0.216348 0
    outer loop
      vertex 8.20442 96.5209 13.2
      vertex 8.14778 96.7765 5.3
      vertex 8.14778 96.7765 13.2
    endloop
  endfacet
  facet normal 0.976316 0.216348 0
    outer loop
      vertex 8.14778 96.7765 5.3
      vertex 8.20442 96.5209 13.2
      vertex 8.20442 96.5209 5.3
    endloop
  endfacet
  facet normal -0.300711 -0.953715 0
    outer loop
      vertex 4.22394 93.1809 2.2
      vertex 4.47354 93.1022 13.2
      vertex 4.22394 93.1809 13.2
    endloop
  endfacet
  facet normal -0.300711 -0.953715 -0
    outer loop
      vertex 4.47354 93.1022 13.2
      vertex 4.22394 93.1809 2.2
      vertex 4.47354 93.1022 2.2
    endloop
  endfacet
  facet normal 0.976316 -0.216348 0
    outer loop
      vertex 8.14778 95.2235 13.2
      vertex 8.20442 95.4791 5.3
      vertex 8.20442 95.4791 13.2
    endloop
  endfacet
  facet normal 0.976316 -0.216348 0
    outer loop
      vertex 8.20442 95.4791 5.3
      vertex 8.14778 95.2235 13.2
      vertex 8.14778 95.2235 5.3
    endloop
  endfacet
  facet normal -0.793434 0.608656 0
    outer loop
      vertex 2.79254 97.7207 2.2
      vertex 2.95187 97.9284 13.2
      vertex 2.95187 97.9284 2.2
    endloop
  endfacet
  facet normal -0.793434 0.608656 0
    outer loop
      vertex 2.95187 97.9284 13.2
      vertex 2.79254 97.7207 2.2
      vertex 2.79254 97.7207 13.2
    endloop
  endfacet
  facet normal 0.675559 -0.737306 5.5255e-06
    outer loop
      vertex 7.17836 93.7019 13.2
      vertex 7.325 93.8362 5.3
      vertex 7.37132 93.8787 13.2
    endloop
  endfacet
  facet normal 0.675397 -0.737455 0
    outer loop
      vertex 7.17836 93.7019 2.2
      vertex 7.325 93.8362 5.3
      vertex 7.17836 93.7019 13.2
    endloop
  endfacet
  facet normal 0.675397 -0.737455 0
    outer loop
      vertex 7.325 93.8362 5.3
      vertex 7.17836 93.7019 2.2
      vertex 7.325 93.8362 2.2
    endloop
  endfacet
  facet normal 0.67607 -0.736837 0
    outer loop
      vertex 7.37132 93.8787 13.2
      vertex 7.325 93.8362 5.3
      vertex 7.37132 93.8787 5.3
    endloop
  endfacet
  facet normal 0.461599 0.887089 -0
    outer loop
      vertex 6.75 98.5981 2.2
      vertex 6.51785 98.7189 13.2
      vertex 6.75 98.5981 13.2
    endloop
  endfacet
  facet normal 0.461599 0.887089 0
    outer loop
      vertex 6.51785 98.7189 13.2
      vertex 6.75 98.5981 2.2
      vertex 6.51785 98.7189 2.2
    endloop
  endfacet
  facet normal 0.537244 0.843427 -0
    outer loop
      vertex 6.97073 98.4575 2.2
      vertex 6.75 98.5981 13.2
      vertex 6.97073 98.4575 13.2
    endloop
  endfacet
  facet normal 0.537244 0.843427 0
    outer loop
      vertex 6.75 98.5981 13.2
      vertex 6.97073 98.4575 2.2
      vertex 6.75 98.5981 2.2
    endloop
  endfacet
  facet normal 0.923875 0.382694 0
    outer loop
      vertex 8.06908 97.0261 13.2
      vertex 7.96892 97.2679 5.3
      vertex 7.96892 97.2679 13.2
    endloop
  endfacet
  facet normal 0.923875 0.382694 0
    outer loop
      vertex 7.96892 97.2679 5.3
      vertex 8.06908 97.0261 13.2
      vertex 8.06908 97.0261 5.3
    endloop
  endfacet
  facet normal -0.382824 0.923821 0
    outer loop
      vertex 4.22394 98.8191 2.2
      vertex 3.98214 98.7189 13.2
      vertex 4.22394 98.8191 13.2
    endloop
  endfacet
  facet normal -0.382824 0.923821 0
    outer loop
      vertex 3.98214 98.7189 13.2
      vertex 4.22394 98.8191 2.2
      vertex 3.98214 98.7189 2.2
    endloop
  endfacet
  facet normal 0.382838 0.923816 -0
    outer loop
      vertex 6.51785 98.7189 2.2
      vertex 6.27606 98.8191 13.2
      vertex 6.51785 98.7189 13.2
    endloop
  endfacet
  facet normal 0.382838 0.923816 0
    outer loop
      vertex 6.27606 98.8191 13.2
      vertex 6.51785 98.7189 2.2
      vertex 6.27606 98.8191 2.2
    endloop
  endfacet
  facet normal 0.67607 0.736837 0
    outer loop
      vertex 7.325 98.1638 5.3
      vertex 7.37132 98.1213 13.2
      vertex 7.37132 98.1213 5.3
    endloop
  endfacet
  facet normal 0.675559 0.737306 5.5255e-06
    outer loop
      vertex 7.37132 98.1213 13.2
      vertex 7.325 98.1638 5.3
      vertex 7.17836 98.2981 13.2
    endloop
  endfacet
  facet normal 0.675397 0.737455 0
    outer loop
      vertex 7.17836 98.2981 2.2
      vertex 7.325 98.1638 5.3
      vertex 7.325 98.1638 2.2
    endloop
  endfacet
  facet normal 0.675397 0.737455 0
    outer loop
      vertex 7.325 98.1638 5.3
      vertex 7.17836 98.2981 2.2
      vertex 7.17836 98.2981 13.2
    endloop
  endfacet
  facet normal 0.216267 0.976334 -0
    outer loop
      vertex 6.02646 98.8978 2.2
      vertex 5.77094 98.9544 13.2
      vertex 6.02646 98.8978 13.2
    endloop
  endfacet
  facet normal 0.216267 0.976334 0
    outer loop
      vertex 5.77094 98.9544 13.2
      vertex 6.02646 98.8978 2.2
      vertex 5.77094 98.9544 2.2
    endloop
  endfacet
  facet normal 0.130677 0.991425 -0
    outer loop
      vertex 5.77094 98.9544 2.2
      vertex 5.51147 98.9886 13.2
      vertex 5.77094 98.9544 13.2
    endloop
  endfacet
  facet normal 0.130677 0.991425 0
    outer loop
      vertex 5.51147 98.9886 13.2
      vertex 5.77094 98.9544 2.2
      vertex 5.51147 98.9886 2.2
    endloop
  endfacet
  facet normal 0.461599 -0.887089 0
    outer loop
      vertex 6.51785 93.2811 2.2
      vertex 6.75 93.4019 13.2
      vertex 6.51785 93.2811 13.2
    endloop
  endfacet
  facet normal 0.461599 -0.887089 0
    outer loop
      vertex 6.75 93.4019 13.2
      vertex 6.51785 93.2811 2.2
      vertex 6.75 93.4019 2.2
    endloop
  endfacet
  facet normal 0.130677 -0.991425 0
    outer loop
      vertex 5.51147 93.0114 2.2
      vertex 5.77094 93.0456 13.2
      vertex 5.51147 93.0114 13.2
    endloop
  endfacet
  facet normal 0.130677 -0.991425 0
    outer loop
      vertex 5.77094 93.0456 13.2
      vertex 5.51147 93.0114 2.2
      vertex 5.77094 93.0456 2.2
    endloop
  endfacet
  facet normal -0.953747 -0.30061 0
    outer loop
      vertex 2.4 95.072 2.2
      vertex 2.43092 94.9739 2.2
      vertex 2.4 95.072 12.95
    endloop
  endfacet
  facet normal -0.953695 -0.300776 0
    outer loop
      vertex 2.4 95.072 12.95
      vertex 2.35222 95.2235 13.2
      vertex 2.35222 95.2235 12.95
    endloop
  endfacet
  facet normal -0.953715 -0.300711 -4.33757e-05
    outer loop
      vertex 2.4 95.072 12.95
      vertex 2.43092 94.9739 13.2
      vertex 2.35222 95.2235 13.2
    endloop
  endfacet
  facet normal -0.953747 -0.30061 -0
    outer loop
      vertex 2.43092 94.9739 13.2
      vertex 2.4 95.072 12.95
      vertex 2.43092 94.9739 2.2
    endloop
  endfacet
  facet normal 0.953715 -0.300711 0
    outer loop
      vertex 8.06908 94.9739 13.2
      vertex 8.14778 95.2235 5.3
      vertex 8.14778 95.2235 13.2
    endloop
  endfacet
  facet normal 0.953715 -0.300711 0
    outer loop
      vertex 8.14778 95.2235 5.3
      vertex 8.06908 94.9739 13.2
      vertex 8.06908 94.9739 5.3
    endloop
  endfacet
  facet normal 0.843359 -0.53735 0
    outer loop
      vertex 7.70746 94.2793 13.2
      vertex 7.84808 94.5 5.3
      vertex 7.84808 94.5 13.2
    endloop
  endfacet
  facet normal 0.843359 -0.53735 0
    outer loop
      vertex 7.84808 94.5 5.3
      vertex 7.70746 94.2793 13.2
      vertex 7.70746 94.2793 5.3
    endloop
  endfacet
  facet normal -0.0435583 0.999051 0
    outer loop
      vertex 5.25 99 2.2
      vertex 4.98853 98.9886 13.2
      vertex 5.25 99 13.2
    endloop
  endfacet
  facet normal -0.0435583 0.999051 0
    outer loop
      vertex 4.98853 98.9886 13.2
      vertex 5.25 99 2.2
      vertex 4.98853 98.9886 2.2
    endloop
  endfacet
  facet normal 0.886985 0.461798 0
    outer loop
      vertex 7.96892 97.2679 13.2
      vertex 7.84808 97.5 5.3
      vertex 7.84808 97.5 13.2
    endloop
  endfacet
  facet normal 0.886985 0.461798 0
    outer loop
      vertex 7.84808 97.5 5.3
      vertex 7.96892 97.2679 13.2
      vertex 7.96892 97.2679 5.3
    endloop
  endfacet
  facet normal -0.537244 0.843427 0
    outer loop
      vertex 3.75 98.5981 2.2
      vertex 3.52927 98.4575 13.2
      vertex 3.75 98.5981 13.2
    endloop
  endfacet
  facet normal -0.537244 0.843427 0
    outer loop
      vertex 3.52927 98.4575 13.2
      vertex 3.75 98.5981 2.2
      vertex 3.52927 98.4575 2.2
    endloop
  endfacet
  facet normal 0.300711 -0.953715 0
    outer loop
      vertex 6.02646 93.1022 2.2
      vertex 6.27606 93.1809 13.2
      vertex 6.02646 93.1022 13.2
    endloop
  endfacet
  facet normal 0.300711 -0.953715 0
    outer loop
      vertex 6.27606 93.1809 13.2
      vertex 6.02646 93.1022 2.2
      vertex 6.27606 93.1809 2.2
    endloop
  endfacet
  facet normal -0.675559 0.737306 0
    outer loop
      vertex 3.32164 98.2981 2.2
      vertex 3.12868 98.1213 13.2
      vertex 3.32164 98.2981 13.2
    endloop
  endfacet
  facet normal -0.675559 0.737306 0
    outer loop
      vertex 3.12868 98.1213 13.2
      vertex 3.32164 98.2981 2.2
      vertex 3.12868 98.1213 2.2
    endloop
  endfacet
  facet normal -0.976316 0.216348 0
    outer loop
      vertex 2.29558 96.5209 12.95
      vertex 2.35222 96.7765 13.2
      vertex 2.35222 96.7765 12.95
    endloop
  endfacet
  facet normal -0.976316 0.216348 0
    outer loop
      vertex 2.35222 96.7765 13.2
      vertex 2.29558 96.5209 12.95
      vertex 2.29558 96.5209 13.2
    endloop
  endfacet
  facet normal -0.99144 -0.130561 0
    outer loop
      vertex 2.29558 95.4791 12.95
      vertex 2.26142 95.7385 13.2
      vertex 2.26142 95.7385 12.95
    endloop
  endfacet
  facet normal -0.99144 -0.130561 0
    outer loop
      vertex 2.26142 95.7385 13.2
      vertex 2.29558 95.4791 12.95
      vertex 2.29558 95.4791 13.2
    endloop
  endfacet
  facet normal 0.737183 0.675693 0
    outer loop
      vertex 7.54813 97.9284 13.2
      vertex 7.37132 98.1213 5.3
      vertex 7.37132 98.1213 13.2
    endloop
  endfacet
  facet normal 0.737183 0.675693 0
    outer loop
      vertex 7.37132 98.1213 5.3
      vertex 7.54813 97.9284 13.2
      vertex 7.54813 97.9284 5.3
    endloop
  endfacet
  facet normal 0.300711 0.953715 -0
    outer loop
      vertex 6.27606 98.8191 2.2
      vertex 6.02646 98.8978 13.2
      vertex 6.27606 98.8191 13.2
    endloop
  endfacet
  facet normal 0.300711 0.953715 0
    outer loop
      vertex 6.02646 98.8978 13.2
      vertex 6.27606 98.8191 2.2
      vertex 6.02646 98.8978 2.2
    endloop
  endfacet
  facet normal -0.737183 -0.675693 0
    outer loop
      vertex 3.12868 93.8787 2.2
      vertex 2.95187 94.0716 13.2
      vertex 2.95187 94.0716 2.2
    endloop
  endfacet
  facet normal -0.737183 -0.675693 0
    outer loop
      vertex 2.95187 94.0716 13.2
      vertex 3.12868 93.8787 2.2
      vertex 3.12868 93.8787 13.2
    endloop
  endfacet
  facet normal -0.675559 -0.737306 0
    outer loop
      vertex 3.12868 93.8787 2.2
      vertex 3.32164 93.7019 13.2
      vertex 3.12868 93.8787 13.2
    endloop
  endfacet
  facet normal -0.675559 -0.737306 -0
    outer loop
      vertex 3.32164 93.7019 13.2
      vertex 3.12868 93.8787 2.2
      vertex 3.32164 93.7019 2.2
    endloop
  endfacet
  facet normal -0.130677 -0.991425 0
    outer loop
      vertex 4.72906 93.0456 2.2
      vertex 4.98853 93.0114 13.2
      vertex 4.72906 93.0456 13.2
    endloop
  endfacet
  facet normal -0.130677 -0.991425 -0
    outer loop
      vertex 4.98853 93.0114 13.2
      vertex 4.72906 93.0456 2.2
      vertex 4.98853 93.0114 2.2
    endloop
  endfacet
  facet normal -0.461615 -0.88708 0
    outer loop
      vertex 3.75 93.4019 2.2
      vertex 3.98214 93.2811 13.2
      vertex 3.75 93.4019 13.2
    endloop
  endfacet
  facet normal -0.461615 -0.88708 -0
    outer loop
      vertex 3.98214 93.2811 13.2
      vertex 3.75 93.4019 2.2
      vertex 3.98214 93.2811 2.2
    endloop
  endfacet
  facet normal -0.923875 -0.382694 0
    outer loop
      vertex 2.53108 94.7321 2.2
      vertex 2.43092 94.9739 13.2
      vertex 2.43092 94.9739 2.2
    endloop
  endfacet
  facet normal -0.923875 -0.382694 0
    outer loop
      vertex 2.43092 94.9739 13.2
      vertex 2.53108 94.7321 2.2
      vertex 2.53108 94.7321 13.2
    endloop
  endfacet
  facet normal -0.886985 -0.461798 0
    outer loop
      vertex 2.65192 94.5 2.2
      vertex 2.53108 94.7321 13.2
      vertex 2.53108 94.7321 2.2
    endloop
  endfacet
  facet normal -0.886985 -0.461798 0
    outer loop
      vertex 2.53108 94.7321 13.2
      vertex 2.65192 94.5 2.2
      vertex 2.65192 94.5 13.2
    endloop
  endfacet
  facet normal 0.537244 -0.843427 0
    outer loop
      vertex 6.75 93.4019 2.2
      vertex 6.97073 93.5425 13.2
      vertex 6.75 93.4019 13.2
    endloop
  endfacet
  facet normal 0.537244 -0.843427 0
    outer loop
      vertex 6.97073 93.5425 13.2
      vertex 6.75 93.4019 2.2
      vertex 6.97073 93.5425 2.2
    endloop
  endfacet
  facet normal 0.608954 -0.793206 0
    outer loop
      vertex 6.97073 93.5425 2.2
      vertex 7.17836 93.7019 13.2
      vertex 6.97073 93.5425 13.2
    endloop
  endfacet
  facet normal 0.608954 -0.793206 0
    outer loop
      vertex 7.17836 93.7019 13.2
      vertex 6.97073 93.5425 2.2
      vertex 7.17836 93.7019 2.2
    endloop
  endfacet
  facet normal -0.999048 -0.0436295 0
    outer loop
      vertex 2.26142 95.7385 12.95
      vertex 2.25 96 13.2
      vertex 2.25 96 12.95
    endloop
  endfacet
  facet normal -0.999048 -0.0436295 0
    outer loop
      vertex 2.25 96 13.2
      vertex 2.26142 95.7385 12.95
      vertex 2.26142 95.7385 13.2
    endloop
  endfacet
  facet normal -0.608954 -0.793206 0
    outer loop
      vertex 3.32164 93.7019 2.2
      vertex 3.52927 93.5425 13.2
      vertex 3.32164 93.7019 13.2
    endloop
  endfacet
  facet normal -0.608954 -0.793206 -0
    outer loop
      vertex 3.52927 93.5425 13.2
      vertex 3.32164 93.7019 2.2
      vertex 3.52927 93.5425 2.2
    endloop
  endfacet
  facet normal 0.737183 -0.675693 0
    outer loop
      vertex 7.37132 93.8787 13.2
      vertex 7.54813 94.0716 5.3
      vertex 7.54813 94.0716 13.2
    endloop
  endfacet
  facet normal 0.737183 -0.675693 0
    outer loop
      vertex 7.54813 94.0716 5.3
      vertex 7.37132 93.8787 13.2
      vertex 7.37132 93.8787 5.3
    endloop
  endfacet
  facet normal -0.537244 -0.843427 0
    outer loop
      vertex 3.52927 93.5425 2.2
      vertex 3.75 93.4019 13.2
      vertex 3.52927 93.5425 13.2
    endloop
  endfacet
  facet normal -0.537244 -0.843427 -0
    outer loop
      vertex 3.75 93.4019 13.2
      vertex 3.52927 93.5425 2.2
      vertex 3.75 93.4019 2.2
    endloop
  endfacet
  facet normal 0.382838 -0.923816 0
    outer loop
      vertex 6.27606 93.1809 2.2
      vertex 6.51785 93.2811 13.2
      vertex 6.27606 93.1809 13.2
    endloop
  endfacet
  facet normal 0.382838 -0.923816 0
    outer loop
      vertex 6.51785 93.2811 13.2
      vertex 6.27606 93.1809 2.2
      vertex 6.51785 93.2811 2.2
    endloop
  endfacet
  facet normal 0.999048 -0.0436295 0
    outer loop
      vertex 8.23858 95.7385 13.2
      vertex 8.25 96 2.2
      vertex 8.25 96 13.2
    endloop
  endfacet
  facet normal 0.999048 -0.0436295 0
    outer loop
      vertex 8.25 96 2.2
      vertex 8.23858 95.7385 13.2
      vertex 8.23858 95.7385 2.2
    endloop
  endfacet
  facet normal 0.886985 -0.461798 0
    outer loop
      vertex 7.84808 94.5 13.2
      vertex 7.96892 94.7321 5.3
      vertex 7.96892 94.7321 13.2
    endloop
  endfacet
  facet normal 0.886985 -0.461798 0
    outer loop
      vertex 7.96892 94.7321 5.3
      vertex 7.84808 94.5 13.2
      vertex 7.84808 94.5 5.3
    endloop
  endfacet
  facet normal -0.999048 0.0436295 0
    outer loop
      vertex 2.25 96 12.95
      vertex 2.26142 96.2615 13.2
      vertex 2.26142 96.2615 12.95
    endloop
  endfacet
  facet normal -0.999048 0.0436295 0
    outer loop
      vertex 2.26142 96.2615 13.2
      vertex 2.25 96 12.95
      vertex 2.25 96 13.2
    endloop
  endfacet
  facet normal -0.608954 0.793206 0
    outer loop
      vertex 3.52927 98.4575 2.2
      vertex 3.32164 98.2981 13.2
      vertex 3.52927 98.4575 13.2
    endloop
  endfacet
  facet normal -0.608954 0.793206 0
    outer loop
      vertex 3.32164 98.2981 13.2
      vertex 3.52927 98.4575 2.2
      vertex 3.32164 98.2981 2.2
    endloop
  endfacet
  facet normal -0.843359 -0.53735 0
    outer loop
      vertex 2.79254 94.2793 2.2
      vertex 2.65192 94.5 13.2
      vertex 2.65192 94.5 2.2
    endloop
  endfacet
  facet normal -0.843359 -0.53735 0
    outer loop
      vertex 2.65192 94.5 13.2
      vertex 2.79254 94.2793 2.2
      vertex 2.79254 94.2793 13.2
    endloop
  endfacet
  facet normal -0.216267 -0.976334 0
    outer loop
      vertex 4.47354 93.1022 2.2
      vertex 4.72906 93.0456 13.2
      vertex 4.47354 93.1022 13.2
    endloop
  endfacet
  facet normal -0.216267 -0.976334 -0
    outer loop
      vertex 4.72906 93.0456 13.2
      vertex 4.47354 93.1022 2.2
      vertex 4.72906 93.0456 2.2
    endloop
  endfacet
  facet normal -0.216267 0.976334 0
    outer loop
      vertex 4.72906 98.9544 2.2
      vertex 4.47354 98.8978 13.2
      vertex 4.72906 98.9544 13.2
    endloop
  endfacet
  facet normal -0.216267 0.976334 0
    outer loop
      vertex 4.47354 98.8978 13.2
      vertex 4.72906 98.9544 2.2
      vertex 4.47354 98.8978 2.2
    endloop
  endfacet
  facet normal -0.99144 0.130561 0
    outer loop
      vertex 2.26142 96.2615 12.95
      vertex 2.29558 96.5209 13.2
      vertex 2.29558 96.5209 12.95
    endloop
  endfacet
  facet normal -0.99144 0.130561 0
    outer loop
      vertex 2.29558 96.5209 13.2
      vertex 2.26142 96.2615 12.95
      vertex 2.26142 96.2615 13.2
    endloop
  endfacet
  facet normal -0.953747 0.30061 0
    outer loop
      vertex 2.4 96.928 12.95
      vertex 2.43092 97.0261 2.2
      vertex 2.4 96.928 2.2
    endloop
  endfacet
  facet normal -0.953747 0.30061 0
    outer loop
      vertex 2.43092 97.0261 2.2
      vertex 2.4 96.928 12.95
      vertex 2.43092 97.0261 13.2
    endloop
  endfacet
  facet normal -0.953695 0.300776 0
    outer loop
      vertex 2.35222 96.7765 13.2
      vertex 2.4 96.928 12.95
      vertex 2.35222 96.7765 12.95
    endloop
  endfacet
  facet normal -0.953715 0.300711 -4.33757e-05
    outer loop
      vertex 2.4 96.928 12.95
      vertex 2.35222 96.7765 13.2
      vertex 2.43092 97.0261 13.2
    endloop
  endfacet
  facet normal -0.886985 0.461798 0
    outer loop
      vertex 2.53108 97.2679 2.2
      vertex 2.65192 97.5 13.2
      vertex 2.65192 97.5 2.2
    endloop
  endfacet
  facet normal -0.886985 0.461798 0
    outer loop
      vertex 2.65192 97.5 13.2
      vertex 2.53108 97.2679 2.2
      vertex 2.53108 97.2679 13.2
    endloop
  endfacet
  facet normal -0.0435583 -0.999051 0
    outer loop
      vertex 4.98853 93.0114 2.2
      vertex 5.25 93 13.2
      vertex 4.98853 93.0114 13.2
    endloop
  endfacet
  facet normal -0.0435583 -0.999051 -0
    outer loop
      vertex 5.25 93 13.2
      vertex 4.98853 93.0114 2.2
      vertex 5.25 93 2.2
    endloop
  endfacet
  facet normal 0.0435583 -0.999051 0
    outer loop
      vertex 5.25 93 2.2
      vertex 5.51147 93.0114 13.2
      vertex 5.25 93 13.2
    endloop
  endfacet
  facet normal 0.0435583 -0.999051 0
    outer loop
      vertex 5.51147 93.0114 13.2
      vertex 5.25 93 2.2
      vertex 5.51147 93.0114 2.2
    endloop
  endfacet
  facet normal -0.843359 0.53735 0
    outer loop
      vertex 2.65192 97.5 2.2
      vertex 2.79254 97.7207 13.2
      vertex 2.79254 97.7207 2.2
    endloop
  endfacet
  facet normal -0.843359 0.53735 0
    outer loop
      vertex 2.79254 97.7207 13.2
      vertex 2.65192 97.5 2.2
      vertex 2.65192 97.5 13.2
    endloop
  endfacet
  facet normal -0.923875 0.382694 0
    outer loop
      vertex 2.43092 97.0261 2.2
      vertex 2.53108 97.2679 13.2
      vertex 2.53108 97.2679 2.2
    endloop
  endfacet
  facet normal -0.923875 0.382694 0
    outer loop
      vertex 2.53108 97.2679 13.2
      vertex 2.43092 97.0261 2.2
      vertex 2.43092 97.0261 13.2
    endloop
  endfacet
  facet normal 0 0 1
    outer loop
      vertex 6.275 96 13.2
      vertex 8.25 96 13.2
      vertex 8.23858 96.2615 13.2
    endloop
  endfacet
  facet normal 0 0 1
    outer loop
      vertex 6.2711 96.0893 13.2
      vertex 8.23858 96.2615 13.2
      vertex 8.20442 96.5209 13.2
    endloop
  endfacet
  facet normal 0 0 1
    outer loop
      vertex 8.25 96 13.2
      vertex 6.275 96 13.2
      vertex 8.23858 95.7385 13.2
    endloop
  endfacet
  facet normal 0 0 1
    outer loop
      vertex 6.25943 96.178 13.2
      vertex 8.20442 96.5209 13.2
      vertex 8.14778 96.7765 13.2
    endloop
  endfacet
  facet normal -0 0 1
    outer loop
      vertex 6.2711 95.9107 13.2
      vertex 8.23858 95.7385 13.2
      vertex 6.275 96 13.2
    endloop
  endfacet
  facet normal 0 0 1
    outer loop
      vertex 6.24007 96.2653 13.2
      vertex 8.14778 96.7765 13.2
      vertex 8.06908 97.0261 13.2
    endloop
  endfacet
  facet normal 0 0 1
    outer loop
      vertex 8.23858 95.7385 13.2
      vertex 6.2711 95.9107 13.2
      vertex 8.20442 95.4791 13.2
    endloop
  endfacet
  facet normal 0 0 1
    outer loop
      vertex 6.21318 96.3506 13.2
      vertex 8.06908 97.0261 13.2
      vertex 7.96892 97.2679 13.2
    endloop
  endfacet
  facet normal -0 0 1
    outer loop
      vertex 6.25943 95.822 13.2
      vertex 8.20442 95.4791 13.2
      vertex 6.2711 95.9107 13.2
    endloop
  endfacet
  facet normal 0 0 1
    outer loop
      vertex 6.17896 96.4332 13.2
      vertex 7.96892 97.2679 13.2
      vertex 7.84808 97.5 13.2
    endloop
  endfacet
  facet normal 0 0 1
    outer loop
      vertex 8.20442 95.4791 13.2
      vertex 6.25943 95.822 13.2
      vertex 8.14778 95.2235 13.2
    endloop
  endfacet
  facet normal 0 0 1
    outer loop
      vertex 6.13768 96.5125 13.2
      vertex 7.84808 97.5 13.2
      vertex 7.70746 97.7207 13.2
    endloop
  endfacet
  facet normal -0 0 1
    outer loop
      vertex 6.24007 95.7347 13.2
      vertex 8.14778 95.2235 13.2
      vertex 6.25943 95.822 13.2
    endloop
  endfacet
  facet normal 0 0 1
    outer loop
      vertex 6.08963 96.5879 13.2
      vertex 7.70746 97.7207 13.2
      vertex 7.54813 97.9284 13.2
    endloop
  endfacet
  facet normal 0 0 1
    outer loop
      vertex 8.14778 95.2235 13.2
      vertex 6.24007 95.7347 13.2
      vertex 8.06908 94.9739 13.2
    endloop
  endfacet
  facet normal 0 0 1
    outer loop
      vertex 6.0352 96.6589 13.2
      vertex 7.54813 97.9284 13.2
      vertex 7.37132 98.1213 13.2
    endloop
  endfacet
  facet normal -0 0 1
    outer loop
      vertex 6.21318 95.6494 13.2
      vertex 8.06908 94.9739 13.2
      vertex 6.24007 95.7347 13.2
    endloop
  endfacet
  facet normal 0 0 1
    outer loop
      vertex 5.97478 96.7248 13.2
      vertex 7.37132 98.1213 13.2
      vertex 7.17836 98.2981 13.2
    endloop
  endfacet
  facet normal 0 0 1
    outer loop
      vertex 8.06908 94.9739 13.2
      vertex 6.21318 95.6494 13.2
      vertex 7.96892 94.7321 13.2
    endloop
  endfacet
  facet normal 0 0 1
    outer loop
      vertex 5.90886 96.7852 13.2
      vertex 7.17836 98.2981 13.2
      vertex 6.97073 98.4575 13.2
    endloop
  endfacet
  facet normal -0 0 1
    outer loop
      vertex 6.17896 95.5668 13.2
      vertex 7.96892 94.7321 13.2
      vertex 6.21318 95.6494 13.2
    endloop
  endfacet
  facet normal 0 0 1
    outer loop
      vertex 5.83792 96.8396 13.2
      vertex 6.97073 98.4575 13.2
      vertex 6.75 98.5981 13.2
    endloop
  endfacet
  facet normal 0 0 1
    outer loop
      vertex 7.96892 94.7321 13.2
      vertex 6.17896 95.5668 13.2
      vertex 7.84808 94.5 13.2
    endloop
  endfacet
  facet normal 0 0 1
    outer loop
      vertex 5.7625 96.8877 13.2
      vertex 6.75 98.5981 13.2
      vertex 6.51785 98.7189 13.2
    endloop
  endfacet
  facet normal -0 0 1
    outer loop
      vertex 6.13768 95.4875 13.2
      vertex 7.84808 94.5 13.2
      vertex 6.17896 95.5668 13.2
    endloop
  endfacet
  facet normal 0 0 1
    outer loop
      vertex 5.68318 96.929 13.2
      vertex 6.51785 98.7189 13.2
      vertex 6.27606 98.8191 13.2
    endloop
  endfacet
  facet normal 0 0 1
    outer loop
      vertex 7.84808 94.5 13.2
      vertex 6.13768 95.4875 13.2
      vertex 7.70746 94.2793 13.2
    endloop
  endfacet
  facet normal -0 0 1
    outer loop
      vertex 6.08963 95.4121 13.2
      vertex 7.70746 94.2793 13.2
      vertex 6.13768 95.4875 13.2
    endloop
  endfacet
  facet normal 0 0 1
    outer loop
      vertex 8.23858 96.2615 13.2
      vertex 6.2711 96.0893 13.2
      vertex 6.275 96 13.2
    endloop
  endfacet
  facet normal 0 0 1
    outer loop
      vertex 8.20442 96.5209 13.2
      vertex 6.25943 96.178 13.2
      vertex 6.2711 96.0893 13.2
    endloop
  endfacet
  facet normal 0 0 1
    outer loop
      vertex 8.14778 96.7765 13.2
      vertex 6.24007 96.2653 13.2
      vertex 6.25943 96.178 13.2
    endloop
  endfacet
  facet normal 0 0 1
    outer loop
      vertex 8.06908 97.0261 13.2
      vertex 6.21318 96.3506 13.2
      vertex 6.24007 96.2653 13.2
    endloop
  endfacet
  facet normal 0 0 1
    outer loop
      vertex 7.96892 97.2679 13.2
      vertex 6.17896 96.4332 13.2
      vertex 6.21318 96.3506 13.2
    endloop
  endfacet
  facet normal 0 0 1
    outer loop
      vertex 7.84808 97.5 13.2
      vertex 6.13768 96.5125 13.2
      vertex 6.17896 96.4332 13.2
    endloop
  endfacet
  facet normal 0 0 1
    outer loop
      vertex 7.70746 97.7207 13.2
      vertex 6.08963 96.5879 13.2
      vertex 6.13768 96.5125 13.2
    endloop
  endfacet
  facet normal 0 0 1
    outer loop
      vertex 7.54813 97.9284 13.2
      vertex 6.0352 96.6589 13.2
      vertex 6.08963 96.5879 13.2
    endloop
  endfacet
  facet normal 0 0 1
    outer loop
      vertex 5.60057 96.9632 13.2
      vertex 6.27606 98.8191 13.2
      vertex 6.02646 98.8978 13.2
    endloop
  endfacet
  facet normal 0 0 1
    outer loop
      vertex 7.37132 98.1213 13.2
      vertex 5.97478 96.7248 13.2
      vertex 6.0352 96.6589 13.2
    endloop
  endfacet
  facet normal 0 0 1
    outer loop
      vertex 7.17836 98.2981 13.2
      vertex 5.90886 96.7852 13.2
      vertex 5.97478 96.7248 13.2
    endloop
  endfacet
  facet normal 0 0 1
    outer loop
      vertex 6.97073 98.4575 13.2
      vertex 5.83792 96.8396 13.2
      vertex 5.90886 96.7852 13.2
    endloop
  endfacet
  facet normal 0 0 1
    outer loop
      vertex 5.51529 96.9901 13.2
      vertex 6.02646 98.8978 13.2
      vertex 5.77094 98.9544 13.2
    endloop
  endfacet
  facet normal 0 0 1
    outer loop
      vertex 6.75 98.5981 13.2
      vertex 5.7625 96.8877 13.2
      vertex 5.83792 96.8396 13.2
    endloop
  endfacet
  facet normal 0 0 1
    outer loop
      vertex 6.51785 98.7189 13.2
      vertex 5.68318 96.929 13.2
      vertex 5.7625 96.8877 13.2
    endloop
  endfacet
  facet normal 0 0 1
    outer loop
      vertex 6.27606 98.8191 13.2
      vertex 5.60057 96.9632 13.2
      vertex 5.68318 96.929 13.2
    endloop
  endfacet
  facet normal 0 0 1
    outer loop
      vertex 6.02646 98.8978 13.2
      vertex 5.51529 96.9901 13.2
      vertex 5.60057 96.9632 13.2
    endloop
  endfacet
  facet normal 0 0 1
    outer loop
      vertex 5.42799 97.0094 13.2
      vertex 5.77094 98.9544 13.2
      vertex 5.51147 98.9886 13.2
    endloop
  endfacet
  facet normal 0 0 1
    outer loop
      vertex 5.77094 98.9544 13.2
      vertex 5.42799 97.0094 13.2
      vertex 5.51529 96.9901 13.2
    endloop
  endfacet
  facet normal 0 0 1
    outer loop
      vertex 5.51147 98.9886 13.2
      vertex 5.33933 97.0211 13.2
      vertex 5.42799 97.0094 13.2
    endloop
  endfacet
  facet normal 0 0 1
    outer loop
      vertex 5.25 99 13.2
      vertex 5.33933 97.0211 13.2
      vertex 5.51147 98.9886 13.2
    endloop
  endfacet
  facet normal 0 0 1
    outer loop
      vertex 5.25 99 13.2
      vertex 5.25 97.025 13.2
      vertex 5.33933 97.0211 13.2
    endloop
  endfacet
  facet normal 0 0 1
    outer loop
      vertex 5.25 99 13.2
      vertex 5.16066 97.0211 13.2
      vertex 5.25 97.025 13.2
    endloop
  endfacet
  facet normal -0 0 1
    outer loop
      vertex 4.98853 98.9886 13.2
      vertex 5.16066 97.0211 13.2
      vertex 5.25 99 13.2
    endloop
  endfacet
  facet normal 0 0 1
    outer loop
      vertex 5.16066 97.0211 13.2
      vertex 4.98853 98.9886 13.2
      vertex 5.07201 97.0094 13.2
    endloop
  endfacet
  facet normal -0 0 1
    outer loop
      vertex 4.72906 98.9544 13.2
      vertex 5.07201 97.0094 13.2
      vertex 4.98853 98.9886 13.2
    endloop
  endfacet
  facet normal 0 0 1
    outer loop
      vertex 5.07201 97.0094 13.2
      vertex 4.72906 98.9544 13.2
      vertex 4.98471 96.9901 13.2
    endloop
  endfacet
  facet normal -0 0 1
    outer loop
      vertex 4.47354 98.8978 13.2
      vertex 4.98471 96.9901 13.2
      vertex 4.72906 98.9544 13.2
    endloop
  endfacet
  facet normal 0 0 1
    outer loop
      vertex 4.98471 96.9901 13.2
      vertex 4.47354 98.8978 13.2
      vertex 4.89943 96.9632 13.2
    endloop
  endfacet
  facet normal -0 0 1
    outer loop
      vertex 4.22394 98.8191 13.2
      vertex 4.89943 96.9632 13.2
      vertex 4.47354 98.8978 13.2
    endloop
  endfacet
  facet normal 0 0 1
    outer loop
      vertex 4.89943 96.9632 13.2
      vertex 4.22394 98.8191 13.2
      vertex 4.81682 96.929 13.2
    endloop
  endfacet
  facet normal -0 0 1
    outer loop
      vertex 3.98214 98.7189 13.2
      vertex 4.81682 96.929 13.2
      vertex 4.22394 98.8191 13.2
    endloop
  endfacet
  facet normal 0 0 1
    outer loop
      vertex 4.81682 96.929 13.2
      vertex 3.98214 98.7189 13.2
      vertex 4.7375 96.8877 13.2
    endloop
  endfacet
  facet normal -0 0 1
    outer loop
      vertex 3.75 98.5981 13.2
      vertex 4.7375 96.8877 13.2
      vertex 3.98214 98.7189 13.2
    endloop
  endfacet
  facet normal 0 0 1
    outer loop
      vertex 4.7375 96.8877 13.2
      vertex 3.75 98.5981 13.2
      vertex 4.66208 96.8396 13.2
    endloop
  endfacet
  facet normal -0 0 1
    outer loop
      vertex 3.52927 98.4575 13.2
      vertex 4.66208 96.8396 13.2
      vertex 3.75 98.5981 13.2
    endloop
  endfacet
  facet normal 0 0 1
    outer loop
      vertex 4.66208 96.8396 13.2
      vertex 3.52927 98.4575 13.2
      vertex 4.59114 96.7852 13.2
    endloop
  endfacet
  facet normal -0 0 1
    outer loop
      vertex 3.32164 98.2981 13.2
      vertex 4.59114 96.7852 13.2
      vertex 3.52927 98.4575 13.2
    endloop
  endfacet
  facet normal 0 0 1
    outer loop
      vertex 4.59114 96.7852 13.2
      vertex 3.32164 98.2981 13.2
      vertex 4.52522 96.7248 13.2
    endloop
  endfacet
  facet normal -0 0 1
    outer loop
      vertex 3.12868 98.1213 13.2
      vertex 4.52522 96.7248 13.2
      vertex 3.32164 98.2981 13.2
    endloop
  endfacet
  facet normal 0 0 1
    outer loop
      vertex 4.52522 96.7248 13.2
      vertex 3.12868 98.1213 13.2
      vertex 4.4648 96.6589 13.2
    endloop
  endfacet
  facet normal -0 0 1
    outer loop
      vertex 2.95187 97.9284 13.2
      vertex 4.4648 96.6589 13.2
      vertex 3.12868 98.1213 13.2
    endloop
  endfacet
  facet normal -0 0 1
    outer loop
      vertex 2.79254 97.7207 13.2
      vertex 4.41037 96.5879 13.2
      vertex 2.95187 97.9284 13.2
    endloop
  endfacet
  facet normal 0 0 1
    outer loop
      vertex 4.4648 96.6589 13.2
      vertex 2.95187 97.9284 13.2
      vertex 4.41037 96.5879 13.2
    endloop
  endfacet
  facet normal 0 0 1
    outer loop
      vertex 7.70746 94.2793 13.2
      vertex 6.08963 95.4121 13.2
      vertex 7.54813 94.0716 13.2
    endloop
  endfacet
  facet normal -0 0 1
    outer loop
      vertex 6.0352 95.3411 13.2
      vertex 7.54813 94.0716 13.2
      vertex 6.08963 95.4121 13.2
    endloop
  endfacet
  facet normal 0 0 1
    outer loop
      vertex 7.54813 94.0716 13.2
      vertex 6.0352 95.3411 13.2
      vertex 7.37132 93.8787 13.2
    endloop
  endfacet
  facet normal -0 0 1
    outer loop
      vertex 5.97478 95.2752 13.2
      vertex 7.37132 93.8787 13.2
      vertex 6.0352 95.3411 13.2
    endloop
  endfacet
  facet normal 0 0 1
    outer loop
      vertex 7.37132 93.8787 13.2
      vertex 5.97478 95.2752 13.2
      vertex 7.17836 93.7019 13.2
    endloop
  endfacet
  facet normal -0 0 1
    outer loop
      vertex 5.90886 95.2148 13.2
      vertex 7.17836 93.7019 13.2
      vertex 5.97478 95.2752 13.2
    endloop
  endfacet
  facet normal 0 0 1
    outer loop
      vertex 7.17836 93.7019 13.2
      vertex 5.90886 95.2148 13.2
      vertex 6.97073 93.5425 13.2
    endloop
  endfacet
  facet normal -0 0 1
    outer loop
      vertex 5.83792 95.1604 13.2
      vertex 6.97073 93.5425 13.2
      vertex 5.90886 95.2148 13.2
    endloop
  endfacet
  facet normal 0 0 1
    outer loop
      vertex 6.97073 93.5425 13.2
      vertex 5.83792 95.1604 13.2
      vertex 6.75 93.4019 13.2
    endloop
  endfacet
  facet normal -0 0 1
    outer loop
      vertex 5.7625 95.1123 13.2
      vertex 6.75 93.4019 13.2
      vertex 5.83792 95.1604 13.2
    endloop
  endfacet
  facet normal 0 0 1
    outer loop
      vertex 6.75 93.4019 13.2
      vertex 5.7625 95.1123 13.2
      vertex 6.51785 93.2811 13.2
    endloop
  endfacet
  facet normal -0 0 1
    outer loop
      vertex 5.68318 95.071 13.2
      vertex 6.51785 93.2811 13.2
      vertex 5.7625 95.1123 13.2
    endloop
  endfacet
  facet normal 0 0 1
    outer loop
      vertex 6.51785 93.2811 13.2
      vertex 5.68318 95.071 13.2
      vertex 6.27606 93.1809 13.2
    endloop
  endfacet
  facet normal -0 0 1
    outer loop
      vertex 5.60057 95.0368 13.2
      vertex 6.27606 93.1809 13.2
      vertex 5.68318 95.071 13.2
    endloop
  endfacet
  facet normal 0 0 1
    outer loop
      vertex 6.27606 93.1809 13.2
      vertex 5.60057 95.0368 13.2
      vertex 6.02646 93.1022 13.2
    endloop
  endfacet
  facet normal -0 0 1
    outer loop
      vertex 5.51529 95.0099 13.2
      vertex 6.02646 93.1022 13.2
      vertex 5.60057 95.0368 13.2
    endloop
  endfacet
  facet normal 0 0 1
    outer loop
      vertex 6.02646 93.1022 13.2
      vertex 5.51529 95.0099 13.2
      vertex 5.77094 93.0456 13.2
    endloop
  endfacet
  facet normal -0 0 1
    outer loop
      vertex 5.42799 94.9906 13.2
      vertex 5.77094 93.0456 13.2
      vertex 5.51529 95.0099 13.2
    endloop
  endfacet
  facet normal 0 0 1
    outer loop
      vertex 5.77094 93.0456 13.2
      vertex 5.42799 94.9906 13.2
      vertex 5.51147 93.0114 13.2
    endloop
  endfacet
  facet normal -0 0 1
    outer loop
      vertex 5.33933 94.9789 13.2
      vertex 5.51147 93.0114 13.2
      vertex 5.42799 94.9906 13.2
    endloop
  endfacet
  facet normal -0 0 1
    outer loop
      vertex 5.25 94.975 13.2
      vertex 5.51147 93.0114 13.2
      vertex 5.33933 94.9789 13.2
    endloop
  endfacet
  facet normal 0 0 1
    outer loop
      vertex 5.25 94.975 13.2
      vertex 5.25 93 13.2
      vertex 5.51147 93.0114 13.2
    endloop
  endfacet
  facet normal 0 0 1
    outer loop
      vertex 5.16066 94.9789 13.2
      vertex 5.25 93 13.2
      vertex 5.25 94.975 13.2
    endloop
  endfacet
  facet normal 0 0 1
    outer loop
      vertex 4.98853 93.0114 13.2
      vertex 5.16066 94.9789 13.2
      vertex 5.07201 94.9906 13.2
    endloop
  endfacet
  facet normal 0 0 1
    outer loop
      vertex 5.16066 94.9789 13.2
      vertex 4.98853 93.0114 13.2
      vertex 5.25 93 13.2
    endloop
  endfacet
  facet normal 0 0 1
    outer loop
      vertex 4.72906 93.0456 13.2
      vertex 5.07201 94.9906 13.2
      vertex 4.98471 95.0099 13.2
    endloop
  endfacet
  facet normal 0 0 1
    outer loop
      vertex 4.47354 93.1022 13.2
      vertex 4.98471 95.0099 13.2
      vertex 4.89943 95.0368 13.2
    endloop
  endfacet
  facet normal 0 0 1
    outer loop
      vertex 4.22394 93.1809 13.2
      vertex 4.89943 95.0368 13.2
      vertex 4.81682 95.071 13.2
    endloop
  endfacet
  facet normal 0 0 1
    outer loop
      vertex 3.98214 93.2811 13.2
      vertex 4.81682 95.071 13.2
      vertex 4.7375 95.1123 13.2
    endloop
  endfacet
  facet normal 0 0 1
    outer loop
      vertex 5.07201 94.9906 13.2
      vertex 4.72906 93.0456 13.2
      vertex 4.98853 93.0114 13.2
    endloop
  endfacet
  facet normal 0 0 1
    outer loop
      vertex 3.75 93.4019 13.2
      vertex 4.7375 95.1123 13.2
      vertex 4.66208 95.1604 13.2
    endloop
  endfacet
  facet normal 0 0 1
    outer loop
      vertex 3.52927 93.5425 13.2
      vertex 4.66208 95.1604 13.2
      vertex 4.59114 95.2148 13.2
    endloop
  endfacet
  facet normal 0 0 1
    outer loop
      vertex 3.32164 93.7019 13.2
      vertex 4.59114 95.2148 13.2
      vertex 4.52522 95.2752 13.2
    endloop
  endfacet
  facet normal 0 0 1
    outer loop
      vertex 4.98471 95.0099 13.2
      vertex 4.47354 93.1022 13.2
      vertex 4.72906 93.0456 13.2
    endloop
  endfacet
  facet normal 0 0 1
    outer loop
      vertex 3.12868 93.8787 13.2
      vertex 4.52522 95.2752 13.2
      vertex 4.4648 95.3411 13.2
    endloop
  endfacet
  facet normal 0 0 1
    outer loop
      vertex 2.95187 94.0716 13.2
      vertex 4.4648 95.3411 13.2
      vertex 4.41037 95.4121 13.2
    endloop
  endfacet
  facet normal 0 0 1
    outer loop
      vertex 2.79254 94.2793 13.2
      vertex 4.41037 95.4121 13.2
      vertex 4.36232 95.4875 13.2
    endloop
  endfacet
  facet normal 0 0 1
    outer loop
      vertex 2.65192 94.5 13.2
      vertex 4.36232 95.4875 13.2
      vertex 4.32103 95.5668 13.2
    endloop
  endfacet
  facet normal 0 0 1
    outer loop
      vertex 2.53108 94.7321 13.2
      vertex 4.32103 95.5668 13.2
      vertex 4.28681 95.6494 13.2
    endloop
  endfacet
  facet normal 0 0 1
    outer loop
      vertex 2.43092 94.9739 13.2
      vertex 4.28681 95.6494 13.2
      vertex 4.25993 95.7347 13.2
    endloop
  endfacet
  facet normal 0 0 1
    outer loop
      vertex 2.35222 95.2235 13.2
      vertex 4.25993 95.7347 13.2
      vertex 4.24057 95.822 13.2
    endloop
  endfacet
  facet normal 0 0 1
    outer loop
      vertex 2.29558 95.4791 13.2
      vertex 4.24057 95.822 13.2
      vertex 4.2289 95.9107 13.2
    endloop
  endfacet
  facet normal 0 0 1
    outer loop
      vertex 4.89943 95.0368 13.2
      vertex 4.22394 93.1809 13.2
      vertex 4.47354 93.1022 13.2
    endloop
  endfacet
  facet normal 0 0 1
    outer loop
      vertex 2.26142 95.7385 13.2
      vertex 4.2289 95.9107 13.2
      vertex 4.225 96 13.2
    endloop
  endfacet
  facet normal 0 0 1
    outer loop
      vertex 4.41037 96.5879 13.2
      vertex 2.79254 97.7207 13.2
      vertex 4.36232 96.5125 13.2
    endloop
  endfacet
  facet normal -0 0 1
    outer loop
      vertex 2.65192 97.5 13.2
      vertex 4.36232 96.5125 13.2
      vertex 2.79254 97.7207 13.2
    endloop
  endfacet
  facet normal 0 0 1
    outer loop
      vertex 4.81682 95.071 13.2
      vertex 3.98214 93.2811 13.2
      vertex 4.22394 93.1809 13.2
    endloop
  endfacet
  facet normal 0 0 1
    outer loop
      vertex 4.36232 96.5125 13.2
      vertex 2.65192 97.5 13.2
      vertex 4.32103 96.4332 13.2
    endloop
  endfacet
  facet normal 0 0 1
    outer loop
      vertex 4.7375 95.1123 13.2
      vertex 3.75 93.4019 13.2
      vertex 3.98214 93.2811 13.2
    endloop
  endfacet
  facet normal -0 0 1
    outer loop
      vertex 2.53108 97.2679 13.2
      vertex 4.32103 96.4332 13.2
      vertex 2.65192 97.5 13.2
    endloop
  endfacet
  facet normal 0 0 1
    outer loop
      vertex 4.66208 95.1604 13.2
      vertex 3.52927 93.5425 13.2
      vertex 3.75 93.4019 13.2
    endloop
  endfacet
  facet normal 0 0 1
    outer loop
      vertex 4.32103 96.4332 13.2
      vertex 2.53108 97.2679 13.2
      vertex 4.28681 96.3506 13.2
    endloop
  endfacet
  facet normal 0 0 1
    outer loop
      vertex 4.59114 95.2148 13.2
      vertex 3.32164 93.7019 13.2
      vertex 3.52927 93.5425 13.2
    endloop
  endfacet
  facet normal -0 0 1
    outer loop
      vertex 2.43092 97.0261 13.2
      vertex 4.28681 96.3506 13.2
      vertex 2.53108 97.2679 13.2
    endloop
  endfacet
  facet normal 0 0 1
    outer loop
      vertex 4.52522 95.2752 13.2
      vertex 3.12868 93.8787 13.2
      vertex 3.32164 93.7019 13.2
    endloop
  endfacet
  facet normal 0 0 1
    outer loop
      vertex 4.28681 96.3506 13.2
      vertex 2.43092 97.0261 13.2
      vertex 4.25993 96.2653 13.2
    endloop
  endfacet
  facet normal 0 0 1
    outer loop
      vertex 4.4648 95.3411 13.2
      vertex 2.95187 94.0716 13.2
      vertex 3.12868 93.8787 13.2
    endloop
  endfacet
  facet normal -0 0 1
    outer loop
      vertex 2.35222 96.7765 13.2
      vertex 4.25993 96.2653 13.2
      vertex 2.43092 97.0261 13.2
    endloop
  endfacet
  facet normal 0 0 1
    outer loop
      vertex 4.41037 95.4121 13.2
      vertex 2.79254 94.2793 13.2
      vertex 2.95187 94.0716 13.2
    endloop
  endfacet
  facet normal 0 0 1
    outer loop
      vertex 4.25993 96.2653 13.2
      vertex 2.35222 96.7765 13.2
      vertex 4.24057 96.178 13.2
    endloop
  endfacet
  facet normal 0 0 1
    outer loop
      vertex 4.36232 95.4875 13.2
      vertex 2.65192 94.5 13.2
      vertex 2.79254 94.2793 13.2
    endloop
  endfacet
  facet normal -0 0 1
    outer loop
      vertex 2.29558 96.5209 13.2
      vertex 4.24057 96.178 13.2
      vertex 2.35222 96.7765 13.2
    endloop
  endfacet
  facet normal 0 0 1
    outer loop
      vertex 4.32103 95.5668 13.2
      vertex 2.53108 94.7321 13.2
      vertex 2.65192 94.5 13.2
    endloop
  endfacet
  facet normal 0 0 1
    outer loop
      vertex 4.24057 96.178 13.2
      vertex 2.29558 96.5209 13.2
      vertex 4.2289 96.0893 13.2
    endloop
  endfacet
  facet normal 0 0 1
    outer loop
      vertex 4.28681 95.6494 13.2
      vertex 2.43092 94.9739 13.2
      vertex 2.53108 94.7321 13.2
    endloop
  endfacet
  facet normal -0 0 1
    outer loop
      vertex 2.26142 96.2615 13.2
      vertex 4.2289 96.0893 13.2
      vertex 2.29558 96.5209 13.2
    endloop
  endfacet
  facet normal 0 0 1
    outer loop
      vertex 4.25993 95.7347 13.2
      vertex 2.35222 95.2235 13.2
      vertex 2.43092 94.9739 13.2
    endloop
  endfacet
  facet normal 0 0 1
    outer loop
      vertex 4.2289 96.0893 13.2
      vertex 2.26142 96.2615 13.2
      vertex 4.225 96 13.2
    endloop
  endfacet
  facet normal 0 0 1
    outer loop
      vertex 4.24057 95.822 13.2
      vertex 2.29558 95.4791 13.2
      vertex 2.35222 95.2235 13.2
    endloop
  endfacet
  facet normal 0 0 1
    outer loop
      vertex 2.25 96 13.2
      vertex 4.225 96 13.2
      vertex 2.26142 96.2615 13.2
    endloop
  endfacet
  facet normal 0 0 1
    outer loop
      vertex 4.2289 95.9107 13.2
      vertex 2.26142 95.7385 13.2
      vertex 2.29558 95.4791 13.2
    endloop
  endfacet
  facet normal 0 0 1
    outer loop
      vertex 4.225 96 13.2
      vertex 2.25 96 13.2
      vertex 2.26142 95.7385 13.2
    endloop
  endfacet
  facet normal -0.999048 -0.0436314 0
    outer loop
      vertex 6.275 96 5.95
      vertex 6.2711 96.0893 13.2
      vertex 6.2711 96.0893 5.95
    endloop
  endfacet
  facet normal -0.999048 -0.0436314 0
    outer loop
      vertex 6.2711 96.0893 13.2
      vertex 6.275 96 5.95
      vertex 6.275 96 13.2
    endloop
  endfacet
  facet normal -0.953733 -0.300655 0
    outer loop
      vertex 6.24007 96.2653 5.95
      vertex 6.21318 96.3506 13.2
      vertex 6.21318 96.3506 5.95
    endloop
  endfacet
  facet normal -0.953733 -0.300655 0
    outer loop
      vertex 6.21318 96.3506 13.2
      vertex 6.24007 96.2653 5.95
      vertex 6.24007 96.2653 13.2
    endloop
  endfacet
  facet normal -0.300821 -0.953681 0
    outer loop
      vertex 5.51529 96.9901 5.95
      vertex 5.60057 96.9632 13.2
      vertex 5.51529 96.9901 13.2
    endloop
  endfacet
  facet normal -0.300821 -0.953681 -0
    outer loop
      vertex 5.60057 96.9632 13.2
      vertex 5.51529 96.9901 5.95
      vertex 5.60057 96.9632 5.95
    endloop
  endfacet
  facet normal 0.793624 0.608408 0
    outer loop
      vertex 4.4648 95.3411 13.2
      vertex 4.41037 95.4121 5.95
      vertex 4.41037 95.4121 13.2
    endloop
  endfacet
  facet normal 0.793624 0.608408 0
    outer loop
      vertex 4.41037 95.4121 5.95
      vertex 4.4648 95.3411 13.2
      vertex 4.4648 95.3411 5.95
    endloop
  endfacet
  facet normal 0.923856 0.38274 0
    outer loop
      vertex 4.32103 95.5668 13.2
      vertex 4.28681 95.6494 5.95
      vertex 4.28681 95.6494 13.2
    endloop
  endfacet
  facet normal 0.923856 0.38274 0
    outer loop
      vertex 4.28681 95.6494 5.95
      vertex 4.32103 95.5668 13.2
      vertex 4.32103 95.5668 5.95
    endloop
  endfacet
  facet normal -0.999048 0.0436314 0
    outer loop
      vertex 6.2711 95.9107 5.95
      vertex 6.275 96 13.2
      vertex 6.275 96 5.95
    endloop
  endfacet
  facet normal -0.999048 0.0436314 0
    outer loop
      vertex 6.275 96 13.2
      vertex 6.2711 95.9107 5.95
      vertex 6.2711 95.9107 13.2
    endloop
  endfacet
  facet normal 0.38251 -0.923951 0
    outer loop
      vertex 4.81682 96.929 5.95
      vertex 4.89943 96.9632 13.2
      vertex 4.81682 96.929 13.2
    endloop
  endfacet
  facet normal 0.38251 -0.923951 0
    outer loop
      vertex 4.89943 96.9632 13.2
      vertex 4.81682 96.929 5.95
      vertex 4.89943 96.9632 5.95
    endloop
  endfacet
  facet normal -0.737089 -0.675796 0
    outer loop
      vertex 6.0352 96.6589 5.95
      vertex 5.97478 96.7248 13.2
      vertex 5.97478 96.7248 5.95
    endloop
  endfacet
  facet normal -0.737089 -0.675796 0
    outer loop
      vertex 5.97478 96.7248 13.2
      vertex 6.0352 96.6589 5.95
      vertex 6.0352 96.6589 13.2
    endloop
  endfacet
  facet normal -0.793624 -0.608408 0
    outer loop
      vertex 6.08963 96.5879 5.95
      vertex 6.0352 96.6589 13.2
      vertex 6.0352 96.6589 5.95
    endloop
  endfacet
  facet normal -0.793624 -0.608408 0
    outer loop
      vertex 6.0352 96.6589 13.2
      vertex 6.08963 96.5879 5.95
      vertex 6.08963 96.5879 13.2
    endloop
  endfacet
  facet normal -0.923856 -0.38274 0
    outer loop
      vertex 6.21318 96.3506 5.95
      vertex 6.17896 96.4332 13.2
      vertex 6.17896 96.4332 5.95
    endloop
  endfacet
  facet normal -0.923856 -0.38274 0
    outer loop
      vertex 6.17896 96.4332 13.2
      vertex 6.21318 96.3506 5.95
      vertex 6.21318 96.3506 13.2
    endloop
  endfacet
  facet normal 0.999048 -0.0436314 0
    outer loop
      vertex 4.225 96 13.2
      vertex 4.2289 96.0893 5.95
      vertex 4.2289 96.0893 13.2
    endloop
  endfacet
  facet normal 0.999048 -0.0436314 0
    outer loop
      vertex 4.2289 96.0893 5.95
      vertex 4.225 96 13.2
      vertex 4.225 96 5.95
    endloop
  endfacet
  facet normal 0.215864 -0.976423 0
    outer loop
      vertex 4.98471 96.9901 5.95
      vertex 5.07201 97.0094 13.2
      vertex 4.98471 96.9901 13.2
    endloop
  endfacet
  facet normal 0.215864 -0.976423 0
    outer loop
      vertex 5.07201 97.0094 13.2
      vertex 4.98471 96.9901 5.95
      vertex 5.07201 97.0094 5.95
    endloop
  endfacet
  facet normal 0.843316 -0.537418 0
    outer loop
      vertex 4.36232 96.5125 13.2
      vertex 4.41037 96.5879 5.95
      vertex 4.41037 96.5879 13.2
    endloop
  endfacet
  facet normal 0.843316 -0.537418 0
    outer loop
      vertex 4.41037 96.5879 5.95
      vertex 4.36232 96.5125 13.2
      vertex 4.36232 96.5125 5.95
    endloop
  endfacet
  facet normal 0.737089 -0.675796 0
    outer loop
      vertex 4.4648 96.6589 13.2
      vertex 4.52522 96.7248 5.95
      vertex 4.52522 96.7248 13.2
    endloop
  endfacet
  facet normal 0.737089 -0.675796 0
    outer loop
      vertex 4.52522 96.7248 5.95
      vertex 4.4648 96.6589 13.2
      vertex 4.4648 96.6589 5.95
    endloop
  endfacet
  facet normal 0.737089 0.675796 0
    outer loop
      vertex 4.52522 95.2752 13.2
      vertex 4.4648 95.3411 5.95
      vertex 4.4648 95.3411 13.2
    endloop
  endfacet
  facet normal 0.737089 0.675796 0
    outer loop
      vertex 4.4648 95.3411 5.95
      vertex 4.52522 95.2752 13.2
      vertex 4.52522 95.2752 5.95
    endloop
  endfacet
  facet normal -0.976282 -0.216504 0
    outer loop
      vertex 6.25943 96.178 5.95
      vertex 6.24007 96.2653 13.2
      vertex 6.24007 96.2653 5.95
    endloop
  endfacet
  facet normal -0.976282 -0.216504 0
    outer loop
      vertex 6.24007 96.2653 13.2
      vertex 6.25943 96.178 5.95
      vertex 6.25943 96.178 13.2
    endloop
  endfacet
  facet normal -0.215864 0.976423 0
    outer loop
      vertex 5.51529 95.0099 5.95
      vertex 5.42799 94.9906 13.2
      vertex 5.51529 95.0099 13.2
    endloop
  endfacet
  facet normal -0.215864 0.976423 0
    outer loop
      vertex 5.42799 94.9906 13.2
      vertex 5.51529 95.0099 5.95
      vertex 5.42799 94.9906 5.95
    endloop
  endfacet
  facet normal 0.608521 0.793538 -0
    outer loop
      vertex 4.66208 95.1604 5.95
      vertex 4.59114 95.2148 13.2
      vertex 4.66208 95.1604 13.2
    endloop
  endfacet
  facet normal 0.608521 0.793538 0
    outer loop
      vertex 4.59114 95.2148 13.2
      vertex 4.66208 95.1604 5.95
      vertex 4.59114 95.2148 5.95
    endloop
  endfacet
  facet normal 0.999048 0.0436314 0
    outer loop
      vertex 4.2289 95.9107 13.2
      vertex 4.225 96 5.95
      vertex 4.225 96 13.2
    endloop
  endfacet
  facet normal 0.999048 0.0436314 0
    outer loop
      vertex 4.225 96 5.95
      vertex 4.2289 95.9107 13.2
      vertex 4.2289 95.9107 5.95
    endloop
  endfacet
  facet normal 0.215864 0.976423 -0
    outer loop
      vertex 5.07201 94.9906 5.95
      vertex 4.98471 95.0099 13.2
      vertex 5.07201 94.9906 13.2
    endloop
  endfacet
  facet normal 0.215864 0.976423 0
    outer loop
      vertex 4.98471 95.0099 13.2
      vertex 5.07201 94.9906 5.95
      vertex 4.98471 95.0099 5.95
    endloop
  endfacet
  facet normal 0.0436119 0.999049 -0
    outer loop
      vertex 5.25 94.975 5.95
      vertex 5.16066 94.9789 13.2
      vertex 5.25 94.975 13.2
    endloop
  endfacet
  facet normal 0.0436119 0.999049 0
    outer loop
      vertex 5.16066 94.9789 13.2
      vertex 5.25 94.975 5.95
      vertex 5.16066 94.9789 5.95
    endloop
  endfacet
  facet normal 0.976282 0.216504 0
    outer loop
      vertex 4.25993 95.7347 13.2
      vertex 4.24057 95.822 5.95
      vertex 4.24057 95.822 13.2
    endloop
  endfacet
  facet normal 0.976282 0.216504 0
    outer loop
      vertex 4.24057 95.822 5.95
      vertex 4.25993 95.7347 13.2
      vertex 4.25993 95.7347 5.95
    endloop
  endfacet
  facet normal -0.793624 0.608408 0
    outer loop
      vertex 6.0352 95.3411 5.95
      vertex 6.08963 95.4121 13.2
      vertex 6.08963 95.4121 5.95
    endloop
  endfacet
  facet normal -0.793624 0.608408 0
    outer loop
      vertex 6.08963 95.4121 13.2
      vertex 6.0352 95.3411 5.95
      vertex 6.0352 95.3411 13.2
    endloop
  endfacet
  facet normal 0.991456 0.130443 0
    outer loop
      vertex 4.24057 95.822 13.2
      vertex 4.2289 95.9107 5.95
      vertex 4.2289 95.9107 13.2
    endloop
  endfacet
  facet normal 0.991456 0.130443 0
    outer loop
      vertex 4.2289 95.9107 5.95
      vertex 4.24057 95.822 13.2
      vertex 4.24057 95.822 5.95
    endloop
  endfacet
  facet normal 0.461824 -0.886971 0
    outer loop
      vertex 4.7375 96.8877 5.95
      vertex 4.81682 96.929 13.2
      vertex 4.7375 96.8877 13.2
    endloop
  endfacet
  facet normal 0.461824 -0.886971 0
    outer loop
      vertex 4.81682 96.929 13.2
      vertex 4.7375 96.8877 5.95
      vertex 4.81682 96.929 5.95
    endloop
  endfacet
  facet normal 0.300821 -0.953681 0
    outer loop
      vertex 4.89943 96.9632 5.95
      vertex 4.98471 96.9901 13.2
      vertex 4.89943 96.9632 13.2
    endloop
  endfacet
  facet normal 0.300821 -0.953681 0
    outer loop
      vertex 4.98471 96.9901 13.2
      vertex 4.89943 96.9632 5.95
      vertex 4.98471 96.9901 5.95
    endloop
  endfacet
  facet normal -0.461824 -0.886971 0
    outer loop
      vertex 5.68318 96.929 5.95
      vertex 5.7625 96.8877 13.2
      vertex 5.68318 96.929 13.2
    endloop
  endfacet
  facet normal -0.461824 -0.886971 -0
    outer loop
      vertex 5.7625 96.8877 13.2
      vertex 5.68318 96.929 5.95
      vertex 5.7625 96.8877 5.95
    endloop
  endfacet
  facet normal -0.887015 0.46174 0
    outer loop
      vertex 6.13768 95.4875 5.95
      vertex 6.17896 95.5668 13.2
      vertex 6.17896 95.5668 5.95
    endloop
  endfacet
  facet normal -0.887015 0.46174 0
    outer loop
      vertex 6.17896 95.5668 13.2
      vertex 6.13768 95.4875 5.95
      vertex 6.13768 95.4875 13.2
    endloop
  endfacet
  facet normal -0.923856 0.38274 0
    outer loop
      vertex 6.17896 95.5668 5.95
      vertex 6.21318 95.6494 13.2
      vertex 6.21318 95.6494 5.95
    endloop
  endfacet
  facet normal -0.923856 0.38274 0
    outer loop
      vertex 6.21318 95.6494 13.2
      vertex 6.17896 95.5668 5.95
      vertex 6.17896 95.5668 13.2
    endloop
  endfacet
  facet normal -0.737089 0.675796 0
    outer loop
      vertex 5.97478 95.2752 5.95
      vertex 6.0352 95.3411 13.2
      vertex 6.0352 95.3411 5.95
    endloop
  endfacet
  facet normal -0.737089 0.675796 0
    outer loop
      vertex 6.0352 95.3411 13.2
      vertex 5.97478 95.2752 5.95
      vertex 5.97478 95.2752 13.2
    endloop
  endfacet
  facet normal -0.675563 0.737303 0
    outer loop
      vertex 5.97478 95.2752 5.95
      vertex 5.90886 95.2148 13.2
      vertex 5.97478 95.2752 13.2
    endloop
  endfacet
  facet normal -0.675563 0.737303 0
    outer loop
      vertex 5.90886 95.2148 13.2
      vertex 5.97478 95.2752 5.95
      vertex 5.90886 95.2148 5.95
    endloop
  endfacet
  facet normal -0.887015 -0.46174 0
    outer loop
      vertex 6.17896 96.4332 5.95
      vertex 6.13768 96.5125 13.2
      vertex 6.13768 96.5125 5.95
    endloop
  endfacet
  facet normal -0.887015 -0.46174 0
    outer loop
      vertex 6.13768 96.5125 13.2
      vertex 6.17896 96.4332 5.95
      vertex 6.17896 96.4332 13.2
    endloop
  endfacet
  facet normal -0.461824 0.886971 0
    outer loop
      vertex 5.7625 95.1123 5.95
      vertex 5.68318 95.071 13.2
      vertex 5.7625 95.1123 13.2
    endloop
  endfacet
  facet normal -0.461824 0.886971 0
    outer loop
      vertex 5.68318 95.071 13.2
      vertex 5.7625 95.1123 5.95
      vertex 5.68318 95.071 5.95
    endloop
  endfacet
  facet normal -0.991456 -0.130443 0
    outer loop
      vertex 6.2711 96.0893 5.95
      vertex 6.25943 96.178 13.2
      vertex 6.25943 96.178 5.95
    endloop
  endfacet
  facet normal -0.991456 -0.130443 0
    outer loop
      vertex 6.25943 96.178 13.2
      vertex 6.2711 96.0893 5.95
      vertex 6.2711 96.0893 13.2
    endloop
  endfacet
  facet normal -0.843316 -0.537418 0
    outer loop
      vertex 6.13768 96.5125 5.95
      vertex 6.08963 96.5879 13.2
      vertex 6.08963 96.5879 5.95
    endloop
  endfacet
  facet normal -0.843316 -0.537418 0
    outer loop
      vertex 6.08963 96.5879 13.2
      vertex 6.13768 96.5125 5.95
      vertex 6.13768 96.5125 13.2
    endloop
  endfacet
  facet normal -0.537714 -0.843127 0
    outer loop
      vertex 5.7625 96.8877 5.95
      vertex 5.83792 96.8396 13.2
      vertex 5.7625 96.8877 13.2
    endloop
  endfacet
  facet normal -0.537714 -0.843127 -0
    outer loop
      vertex 5.83792 96.8396 13.2
      vertex 5.7625 96.8877 5.95
      vertex 5.83792 96.8396 5.95
    endloop
  endfacet
  facet normal -0.843316 0.537418 0
    outer loop
      vertex 6.08963 95.4121 5.95
      vertex 6.13768 95.4875 13.2
      vertex 6.13768 95.4875 5.95
    endloop
  endfacet
  facet normal -0.843316 0.537418 0
    outer loop
      vertex 6.13768 95.4875 13.2
      vertex 6.08963 95.4121 5.95
      vertex 6.08963 95.4121 13.2
    endloop
  endfacet
  facet normal 0.675563 0.737303 -0
    outer loop
      vertex 4.59114 95.2148 5.95
      vertex 4.52522 95.2752 13.2
      vertex 4.59114 95.2148 13.2
    endloop
  endfacet
  facet normal 0.675563 0.737303 0
    outer loop
      vertex 4.52522 95.2752 13.2
      vertex 4.59114 95.2148 5.95
      vertex 4.52522 95.2752 5.95
    endloop
  endfacet
  facet normal -0.38251 -0.923951 0
    outer loop
      vertex 5.60057 96.9632 5.95
      vertex 5.68318 96.929 13.2
      vertex 5.60057 96.9632 13.2
    endloop
  endfacet
  facet normal -0.38251 -0.923951 -0
    outer loop
      vertex 5.68318 96.929 13.2
      vertex 5.60057 96.9632 5.95
      vertex 5.68318 96.929 5.95
    endloop
  endfacet
  facet normal -0.991456 0.130443 0
    outer loop
      vertex 6.25943 95.822 5.95
      vertex 6.2711 95.9107 13.2
      vertex 6.2711 95.9107 5.95
    endloop
  endfacet
  facet normal -0.991456 0.130443 0
    outer loop
      vertex 6.2711 95.9107 13.2
      vertex 6.25943 95.822 5.95
      vertex 6.25943 95.822 13.2
    endloop
  endfacet
  facet normal -0.215864 -0.976423 0
    outer loop
      vertex 5.42799 97.0094 5.95
      vertex 5.51529 96.9901 13.2
      vertex 5.42799 97.0094 13.2
    endloop
  endfacet
  facet normal -0.215864 -0.976423 -0
    outer loop
      vertex 5.51529 96.9901 13.2
      vertex 5.42799 97.0094 5.95
      vertex 5.51529 96.9901 5.95
    endloop
  endfacet
  facet normal -0.0436168 -0.999048 0
    outer loop
      vertex 5.25 97.025 5.95
      vertex 5.33933 97.0211 13.2
      vertex 5.25 97.025 13.2
    endloop
  endfacet
  facet normal -0.0436168 -0.999048 -0
    outer loop
      vertex 5.33933 97.0211 13.2
      vertex 5.25 97.025 5.95
      vertex 5.33933 97.0211 5.95
    endloop
  endfacet
  facet normal 0.675563 -0.737303 0
    outer loop
      vertex 4.52522 96.7248 5.95
      vertex 4.59114 96.7852 13.2
      vertex 4.52522 96.7248 13.2
    endloop
  endfacet
  facet normal 0.675563 -0.737303 0
    outer loop
      vertex 4.59114 96.7852 13.2
      vertex 4.52522 96.7248 5.95
      vertex 4.59114 96.7852 5.95
    endloop
  endfacet
  facet normal 0.608521 -0.793538 0
    outer loop
      vertex 4.59114 96.7852 5.95
      vertex 4.66208 96.8396 13.2
      vertex 4.59114 96.7852 13.2
    endloop
  endfacet
  facet normal 0.608521 -0.793538 0
    outer loop
      vertex 4.66208 96.8396 13.2
      vertex 4.59114 96.7852 5.95
      vertex 4.66208 96.8396 5.95
    endloop
  endfacet
  facet normal -0.976282 0.216504 0
    outer loop
      vertex 6.24007 95.7347 5.95
      vertex 6.25943 95.822 13.2
      vertex 6.25943 95.822 5.95
    endloop
  endfacet
  facet normal -0.976282 0.216504 0
    outer loop
      vertex 6.25943 95.822 13.2
      vertex 6.24007 95.7347 5.95
      vertex 6.24007 95.7347 13.2
    endloop
  endfacet
  facet normal -0.38251 0.923951 0
    outer loop
      vertex 5.68318 95.071 5.95
      vertex 5.60057 95.0368 13.2
      vertex 5.68318 95.071 13.2
    endloop
  endfacet
  facet normal -0.38251 0.923951 0
    outer loop
      vertex 5.60057 95.0368 13.2
      vertex 5.68318 95.071 5.95
      vertex 5.60057 95.0368 5.95
    endloop
  endfacet
  facet normal -0.130831 0.991405 0
    outer loop
      vertex 5.42799 94.9906 5.95
      vertex 5.33933 94.9789 13.2
      vertex 5.42799 94.9906 13.2
    endloop
  endfacet
  facet normal -0.130831 0.991405 0
    outer loop
      vertex 5.33933 94.9789 13.2
      vertex 5.42799 94.9906 5.95
      vertex 5.33933 94.9789 5.95
    endloop
  endfacet
  facet normal -0.0436168 0.999048 0
    outer loop
      vertex 5.33933 94.9789 5.95
      vertex 5.25 94.975 13.2
      vertex 5.33933 94.9789 13.2
    endloop
  endfacet
  facet normal -0.0436168 0.999048 0
    outer loop
      vertex 5.25 94.975 13.2
      vertex 5.33933 94.9789 5.95
      vertex 5.25 94.975 5.95
    endloop
  endfacet
  facet normal 0.976282 -0.216504 0
    outer loop
      vertex 4.24057 96.178 13.2
      vertex 4.25993 96.2653 5.95
      vertex 4.25993 96.2653 13.2
    endloop
  endfacet
  facet normal 0.976282 -0.216504 0
    outer loop
      vertex 4.25993 96.2653 5.95
      vertex 4.24057 96.178 13.2
      vertex 4.24057 96.178 5.95
    endloop
  endfacet
  facet normal 0.461824 0.886971 -0
    outer loop
      vertex 4.81682 95.071 5.95
      vertex 4.7375 95.1123 13.2
      vertex 4.81682 95.071 13.2
    endloop
  endfacet
  facet normal 0.461824 0.886971 0
    outer loop
      vertex 4.7375 95.1123 13.2
      vertex 4.81682 95.071 5.95
      vertex 4.7375 95.1123 5.95
    endloop
  endfacet
  facet normal 0.886969 0.461828 0
    outer loop
      vertex 4.36232 95.4875 13.2
      vertex 4.32103 95.5668 5.95
      vertex 4.32103 95.5668 13.2
    endloop
  endfacet
  facet normal 0.886969 0.461828 0
    outer loop
      vertex 4.32103 95.5668 5.95
      vertex 4.36232 95.4875 13.2
      vertex 4.36232 95.4875 5.95
    endloop
  endfacet
  facet normal 0.991456 -0.130443 0
    outer loop
      vertex 4.2289 96.0893 13.2
      vertex 4.24057 96.178 5.95
      vertex 4.24057 96.178 13.2
    endloop
  endfacet
  facet normal 0.991456 -0.130443 0
    outer loop
      vertex 4.24057 96.178 5.95
      vertex 4.2289 96.0893 13.2
      vertex 4.2289 96.0893 5.95
    endloop
  endfacet
  facet normal -0.675563 -0.737303 0
    outer loop
      vertex 5.90886 96.7852 5.95
      vertex 5.97478 96.7248 13.2
      vertex 5.90886 96.7852 13.2
    endloop
  endfacet
  facet normal -0.675563 -0.737303 -0
    outer loop
      vertex 5.97478 96.7248 13.2
      vertex 5.90886 96.7852 5.95
      vertex 5.97478 96.7248 5.95
    endloop
  endfacet
  facet normal 0.300821 0.953681 -0
    outer loop
      vertex 4.98471 95.0099 5.95
      vertex 4.89943 95.0368 13.2
      vertex 4.98471 95.0099 13.2
    endloop
  endfacet
  facet normal 0.300821 0.953681 0
    outer loop
      vertex 4.89943 95.0368 13.2
      vertex 4.98471 95.0099 5.95
      vertex 4.89943 95.0368 5.95
    endloop
  endfacet
  facet normal 0.953765 -0.300553 0
    outer loop
      vertex 4.25993 96.2653 13.2
      vertex 4.28681 96.3506 5.95
      vertex 4.28681 96.3506 13.2
    endloop
  endfacet
  facet normal 0.953765 -0.300553 0
    outer loop
      vertex 4.28681 96.3506 5.95
      vertex 4.25993 96.2653 13.2
      vertex 4.25993 96.2653 5.95
    endloop
  endfacet
  facet normal 0.130845 0.991403 -0
    outer loop
      vertex 5.16066 94.9789 5.95
      vertex 5.07201 94.9906 13.2
      vertex 5.16066 94.9789 13.2
    endloop
  endfacet
  facet normal 0.130845 0.991403 0
    outer loop
      vertex 5.07201 94.9906 13.2
      vertex 5.16066 94.9789 5.95
      vertex 5.07201 94.9906 5.95
    endloop
  endfacet
  facet normal 0.953765 0.300553 0
    outer loop
      vertex 4.28681 95.6494 13.2
      vertex 4.25993 95.7347 5.95
      vertex 4.25993 95.7347 13.2
    endloop
  endfacet
  facet normal 0.953765 0.300553 0
    outer loop
      vertex 4.25993 95.7347 5.95
      vertex 4.28681 95.6494 13.2
      vertex 4.28681 95.6494 5.95
    endloop
  endfacet
  facet normal 0.886969 -0.461828 0
    outer loop
      vertex 4.32103 96.4332 13.2
      vertex 4.36232 96.5125 5.95
      vertex 4.36232 96.5125 13.2
    endloop
  endfacet
  facet normal 0.886969 -0.461828 0
    outer loop
      vertex 4.36232 96.5125 5.95
      vertex 4.32103 96.4332 13.2
      vertex 4.32103 96.4332 5.95
    endloop
  endfacet
  facet normal 0 0 1
    outer loop
      vertex 6.2711 96.0893 5.95
      vertex 6.2711 95.9107 5.95
      vertex 6.275 96 5.95
    endloop
  endfacet
  facet normal 0 0 1
    outer loop
      vertex 6.25943 96.178 5.95
      vertex 6.2711 95.9107 5.95
      vertex 6.2711 96.0893 5.95
    endloop
  endfacet
  facet normal 0 0 1
    outer loop
      vertex 6.25943 96.178 5.95
      vertex 6.25943 95.822 5.95
      vertex 6.2711 95.9107 5.95
    endloop
  endfacet
  facet normal 0 0 1
    outer loop
      vertex 6.24007 96.2653 5.95
      vertex 6.25943 95.822 5.95
      vertex 6.25943 96.178 5.95
    endloop
  endfacet
  facet normal 0 0 1
    outer loop
      vertex 6.24007 96.2653 5.95
      vertex 6.24007 95.7347 5.95
      vertex 6.25943 95.822 5.95
    endloop
  endfacet
  facet normal 0 0 1
    outer loop
      vertex 6.21318 96.3506 5.95
      vertex 6.24007 95.7347 5.95
      vertex 6.24007 96.2653 5.95
    endloop
  endfacet
  facet normal 0 0 1
    outer loop
      vertex 6.21318 96.3506 5.95
      vertex 6.21318 95.6494 5.95
      vertex 6.24007 95.7347 5.95
    endloop
  endfacet
  facet normal 0 0 1
    outer loop
      vertex 6.17896 96.4332 5.95
      vertex 6.21318 95.6494 5.95
      vertex 6.21318 96.3506 5.95
    endloop
  endfacet
  facet normal 0 0 1
    outer loop
      vertex 6.17896 96.4332 5.95
      vertex 6.17896 95.5668 5.95
      vertex 6.21318 95.6494 5.95
    endloop
  endfacet
  facet normal 0 0 1
    outer loop
      vertex 6.13768 96.5125 5.95
      vertex 6.17896 95.5668 5.95
      vertex 6.17896 96.4332 5.95
    endloop
  endfacet
  facet normal 0 0 1
    outer loop
      vertex 6.13768 96.5125 5.95
      vertex 6.13768 95.4875 5.95
      vertex 6.17896 95.5668 5.95
    endloop
  endfacet
  facet normal 0 0 1
    outer loop
      vertex 6.08963 96.5879 5.95
      vertex 6.13768 95.4875 5.95
      vertex 6.13768 96.5125 5.95
    endloop
  endfacet
  facet normal 0 0 1
    outer loop
      vertex 6.08963 96.5879 5.95
      vertex 6.08963 95.4121 5.95
      vertex 6.13768 95.4875 5.95
    endloop
  endfacet
  facet normal 0 0 1
    outer loop
      vertex 6.0352 96.6589 5.95
      vertex 6.08963 95.4121 5.95
      vertex 6.08963 96.5879 5.95
    endloop
  endfacet
  facet normal 0 0 1
    outer loop
      vertex 6.0352 96.6589 5.95
      vertex 6.0352 95.3411 5.95
      vertex 6.08963 95.4121 5.95
    endloop
  endfacet
  facet normal 0 0 1
    outer loop
      vertex 5.97478 96.7248 5.95
      vertex 6.0352 95.3411 5.95
      vertex 6.0352 96.6589 5.95
    endloop
  endfacet
  facet normal 0 0 1
    outer loop
      vertex 5.97478 96.7248 5.95
      vertex 5.97478 95.2752 5.95
      vertex 6.0352 95.3411 5.95
    endloop
  endfacet
  facet normal 0 0 1
    outer loop
      vertex 5.90886 96.7852 5.95
      vertex 5.97478 95.2752 5.95
      vertex 5.97478 96.7248 5.95
    endloop
  endfacet
  facet normal 0 0 1
    outer loop
      vertex 5.90886 96.7852 5.95
      vertex 5.90886 95.2148 5.95
      vertex 5.97478 95.2752 5.95
    endloop
  endfacet
  facet normal 0 0 1
    outer loop
      vertex 5.83792 96.8396 5.95
      vertex 5.90886 95.2148 5.95
      vertex 5.90886 96.7852 5.95
    endloop
  endfacet
  facet normal 0 0 1
    outer loop
      vertex 5.83792 96.8396 5.95
      vertex 5.83792 95.1604 5.95
      vertex 5.90886 95.2148 5.95
    endloop
  endfacet
  facet normal 0 0 1
    outer loop
      vertex 5.7625 96.8877 5.95
      vertex 5.83792 95.1604 5.95
      vertex 5.83792 96.8396 5.95
    endloop
  endfacet
  facet normal 0 0 1
    outer loop
      vertex 5.7625 96.8877 5.95
      vertex 5.7625 95.1123 5.95
      vertex 5.83792 95.1604 5.95
    endloop
  endfacet
  facet normal 0 0 1
    outer loop
      vertex 5.68318 96.929 5.95
      vertex 5.7625 95.1123 5.95
      vertex 5.7625 96.8877 5.95
    endloop
  endfacet
  facet normal 0 0 1
    outer loop
      vertex 5.68318 96.929 5.95
      vertex 5.68318 95.071 5.95
      vertex 5.7625 95.1123 5.95
    endloop
  endfacet
  facet normal 0 0 1
    outer loop
      vertex 5.60057 96.9632 5.95
      vertex 5.68318 95.071 5.95
      vertex 5.68318 96.929 5.95
    endloop
  endfacet
  facet normal 0 0 1
    outer loop
      vertex 5.60057 96.9632 5.95
      vertex 5.60057 95.0368 5.95
      vertex 5.68318 95.071 5.95
    endloop
  endfacet
  facet normal 0 0 1
    outer loop
      vertex 5.51529 96.9901 5.95
      vertex 5.60057 95.0368 5.95
      vertex 5.60057 96.9632 5.95
    endloop
  endfacet
  facet normal 0 0 1
    outer loop
      vertex 5.51529 96.9901 5.95
      vertex 5.51529 95.0099 5.95
      vertex 5.60057 95.0368 5.95
    endloop
  endfacet
  facet normal 0 0 1
    outer loop
      vertex 5.42799 97.0094 5.95
      vertex 5.51529 95.0099 5.95
      vertex 5.51529 96.9901 5.95
    endloop
  endfacet
  facet normal 0 0 1
    outer loop
      vertex 5.42799 97.0094 5.95
      vertex 5.42799 94.9906 5.95
      vertex 5.51529 95.0099 5.95
    endloop
  endfacet
  facet normal 0 0 1
    outer loop
      vertex 5.33933 97.0211 5.95
      vertex 5.42799 94.9906 5.95
      vertex 5.42799 97.0094 5.95
    endloop
  endfacet
  facet normal 0 0 1
    outer loop
      vertex 5.33933 97.0211 5.95
      vertex 5.33933 94.9789 5.95
      vertex 5.42799 94.9906 5.95
    endloop
  endfacet
  facet normal 0 0 1
    outer loop
      vertex 5.25 97.025 5.95
      vertex 5.33933 94.9789 5.95
      vertex 5.33933 97.0211 5.95
    endloop
  endfacet
  facet normal 0 0 1
    outer loop
      vertex 5.25 97.025 5.95
      vertex 5.25 94.975 5.95
      vertex 5.33933 94.9789 5.95
    endloop
  endfacet
  facet normal -0 0 1
    outer loop
      vertex 5.16066 97.0211 5.95
      vertex 5.25 94.975 5.95
      vertex 5.25 97.025 5.95
    endloop
  endfacet
  facet normal 0 0 1
    outer loop
      vertex 5.16066 97.0211 5.95
      vertex 5.16066 94.9789 5.95
      vertex 5.25 94.975 5.95
    endloop
  endfacet
  facet normal -0 0 1
    outer loop
      vertex 5.07201 97.0094 5.95
      vertex 5.16066 94.9789 5.95
      vertex 5.16066 97.0211 5.95
    endloop
  endfacet
  facet normal 0 0 1
    outer loop
      vertex 5.07201 97.0094 5.95
      vertex 5.07201 94.9906 5.95
      vertex 5.16066 94.9789 5.95
    endloop
  endfacet
  facet normal -0 0 1
    outer loop
      vertex 4.98471 96.9901 5.95
      vertex 5.07201 94.9906 5.95
      vertex 5.07201 97.0094 5.95
    endloop
  endfacet
  facet normal 0 0 1
    outer loop
      vertex 4.98471 96.9901 5.95
      vertex 4.98471 95.0099 5.95
      vertex 5.07201 94.9906 5.95
    endloop
  endfacet
  facet normal -0 0 1
    outer loop
      vertex 4.89943 96.9632 5.95
      vertex 4.98471 95.0099 5.95
      vertex 4.98471 96.9901 5.95
    endloop
  endfacet
  facet normal 0 0 1
    outer loop
      vertex 4.89943 96.9632 5.95
      vertex 4.89943 95.0368 5.95
      vertex 4.98471 95.0099 5.95
    endloop
  endfacet
  facet normal -0 0 1
    outer loop
      vertex 4.81682 96.929 5.95
      vertex 4.89943 95.0368 5.95
      vertex 4.89943 96.9632 5.95
    endloop
  endfacet
  facet normal 0 0 1
    outer loop
      vertex 4.81682 96.929 5.95
      vertex 4.81682 95.071 5.95
      vertex 4.89943 95.0368 5.95
    endloop
  endfacet
  facet normal -0 0 1
    outer loop
      vertex 4.7375 96.8877 5.95
      vertex 4.81682 95.071 5.95
      vertex 4.81682 96.929 5.95
    endloop
  endfacet
  facet normal 0 0 1
    outer loop
      vertex 4.7375 96.8877 5.95
      vertex 4.7375 95.1123 5.95
      vertex 4.81682 95.071 5.95
    endloop
  endfacet
  facet normal -0 0 1
    outer loop
      vertex 4.66208 96.8396 5.95
      vertex 4.7375 95.1123 5.95
      vertex 4.7375 96.8877 5.95
    endloop
  endfacet
  facet normal 0 0 1
    outer loop
      vertex 4.66208 96.8396 5.95
      vertex 4.66208 95.1604 5.95
      vertex 4.7375 95.1123 5.95
    endloop
  endfacet
  facet normal -0 0 1
    outer loop
      vertex 4.59114 96.7852 5.95
      vertex 4.66208 95.1604 5.95
      vertex 4.66208 96.8396 5.95
    endloop
  endfacet
  facet normal 0 0 1
    outer loop
      vertex 4.59114 96.7852 5.95
      vertex 4.59114 95.2148 5.95
      vertex 4.66208 95.1604 5.95
    endloop
  endfacet
  facet normal -0 0 1
    outer loop
      vertex 4.52522 96.7248 5.95
      vertex 4.59114 95.2148 5.95
      vertex 4.59114 96.7852 5.95
    endloop
  endfacet
  facet normal 0 0 1
    outer loop
      vertex 4.52522 96.7248 5.95
      vertex 4.52522 95.2752 5.95
      vertex 4.59114 95.2148 5.95
    endloop
  endfacet
  facet normal -0 0 1
    outer loop
      vertex 4.4648 96.6589 5.95
      vertex 4.52522 95.2752 5.95
      vertex 4.52522 96.7248 5.95
    endloop
  endfacet
  facet normal 0 0 1
    outer loop
      vertex 4.4648 96.6589 5.95
      vertex 4.4648 95.3411 5.95
      vertex 4.52522 95.2752 5.95
    endloop
  endfacet
  facet normal -0 0 1
    outer loop
      vertex 4.41037 96.5879 5.95
      vertex 4.4648 95.3411 5.95
      vertex 4.4648 96.6589 5.95
    endloop
  endfacet
  facet normal 0 0 1
    outer loop
      vertex 4.41037 96.5879 5.95
      vertex 4.41037 95.4121 5.95
      vertex 4.4648 95.3411 5.95
    endloop
  endfacet
  facet normal -0 0 1
    outer loop
      vertex 4.36232 96.5125 5.95
      vertex 4.41037 95.4121 5.95
      vertex 4.41037 96.5879 5.95
    endloop
  endfacet
  facet normal 0 0 1
    outer loop
      vertex 4.36232 96.5125 5.95
      vertex 4.36232 95.4875 5.95
      vertex 4.41037 95.4121 5.95
    endloop
  endfacet
  facet normal -0 0 1
    outer loop
      vertex 4.32103 96.4332 5.95
      vertex 4.36232 95.4875 5.95
      vertex 4.36232 96.5125 5.95
    endloop
  endfacet
  facet normal 0 0 1
    outer loop
      vertex 4.32103 96.4332 5.95
      vertex 4.32103 95.5668 5.95
      vertex 4.36232 95.4875 5.95
    endloop
  endfacet
  facet normal -0 0 1
    outer loop
      vertex 4.28681 96.3506 5.95
      vertex 4.32103 95.5668 5.95
      vertex 4.32103 96.4332 5.95
    endloop
  endfacet
  facet normal 0 0 1
    outer loop
      vertex 4.28681 96.3506 5.95
      vertex 4.28681 95.6494 5.95
      vertex 4.32103 95.5668 5.95
    endloop
  endfacet
  facet normal -0 0 1
    outer loop
      vertex 4.25993 96.2653 5.95
      vertex 4.28681 95.6494 5.95
      vertex 4.28681 96.3506 5.95
    endloop
  endfacet
  facet normal 0 0 1
    outer loop
      vertex 4.25993 96.2653 5.95
      vertex 4.25993 95.7347 5.95
      vertex 4.28681 95.6494 5.95
    endloop
  endfacet
  facet normal -0 0 1
    outer loop
      vertex 4.24057 96.178 5.95
      vertex 4.25993 95.7347 5.95
      vertex 4.25993 96.2653 5.95
    endloop
  endfacet
  facet normal 0 0 1
    outer loop
      vertex 4.24057 96.178 5.95
      vertex 4.24057 95.822 5.95
      vertex 4.25993 95.7347 5.95
    endloop
  endfacet
  facet normal -0 0 1
    outer loop
      vertex 4.2289 96.0893 5.95
      vertex 4.24057 95.822 5.95
      vertex 4.24057 96.178 5.95
    endloop
  endfacet
  facet normal 0 0 1
    outer loop
      vertex 4.2289 96.0893 5.95
      vertex 4.2289 95.9107 5.95
      vertex 4.24057 95.822 5.95
    endloop
  endfacet
  facet normal 0 -0 1
    outer loop
      vertex 4.2289 95.9107 5.95
      vertex 4.2289 96.0893 5.95
      vertex 4.225 96 5.95
    endloop
  endfacet
  facet normal -0.608521 -0.793538 0
    outer loop
      vertex 5.83792 96.8396 5.95
      vertex 5.90886 96.7852 13.2
      vertex 5.83792 96.8396 13.2
    endloop
  endfacet
  facet normal -0.608521 -0.793538 -0
    outer loop
      vertex 5.90886 96.7852 13.2
      vertex 5.83792 96.8396 5.95
      vertex 5.90886 96.7852 5.95
    endloop
  endfacet
  facet normal 0.537714 0.843127 -0
    outer loop
      vertex 4.7375 95.1123 5.95
      vertex 4.66208 95.1604 13.2
      vertex 4.7375 95.1123 13.2
    endloop
  endfacet
  facet normal 0.537714 0.843127 0
    outer loop
      vertex 4.66208 95.1604 13.2
      vertex 4.7375 95.1123 5.95
      vertex 4.66208 95.1604 5.95
    endloop
  endfacet
  facet normal 0.0436119 -0.999049 0
    outer loop
      vertex 5.16066 97.0211 5.95
      vertex 5.25 97.025 13.2
      vertex 5.16066 97.0211 13.2
    endloop
  endfacet
  facet normal 0.0436119 -0.999049 0
    outer loop
      vertex 5.25 97.025 13.2
      vertex 5.16066 97.0211 5.95
      vertex 5.25 97.025 5.95
    endloop
  endfacet
  facet normal -0.300821 0.953681 0
    outer loop
      vertex 5.60057 95.0368 5.95
      vertex 5.51529 95.0099 13.2
      vertex 5.60057 95.0368 13.2
    endloop
  endfacet
  facet normal -0.300821 0.953681 0
    outer loop
      vertex 5.51529 95.0099 13.2
      vertex 5.60057 95.0368 5.95
      vertex 5.51529 95.0099 5.95
    endloop
  endfacet
  facet normal 0.130845 -0.991403 0
    outer loop
      vertex 5.07201 97.0094 5.95
      vertex 5.16066 97.0211 13.2
      vertex 5.07201 97.0094 13.2
    endloop
  endfacet
  facet normal 0.130845 -0.991403 0
    outer loop
      vertex 5.16066 97.0211 13.2
      vertex 5.07201 97.0094 5.95
      vertex 5.16066 97.0211 5.95
    endloop
  endfacet
  facet normal -0.953733 0.300655 0
    outer loop
      vertex 6.21318 95.6494 5.95
      vertex 6.24007 95.7347 13.2
      vertex 6.24007 95.7347 5.95
    endloop
  endfacet
  facet normal -0.953733 0.300655 0
    outer loop
      vertex 6.24007 95.7347 13.2
      vertex 6.21318 95.6494 5.95
      vertex 6.21318 95.6494 13.2
    endloop
  endfacet
  facet normal 0.843316 0.537418 0
    outer loop
      vertex 4.41037 95.4121 13.2
      vertex 4.36232 95.4875 5.95
      vertex 4.36232 95.4875 13.2
    endloop
  endfacet
  facet normal 0.843316 0.537418 0
    outer loop
      vertex 4.36232 95.4875 5.95
      vertex 4.41037 95.4121 13.2
      vertex 4.41037 95.4121 5.95
    endloop
  endfacet
  facet normal 0.537714 -0.843127 0
    outer loop
      vertex 4.66208 96.8396 5.95
      vertex 4.7375 96.8877 13.2
      vertex 4.66208 96.8396 13.2
    endloop
  endfacet
  facet normal 0.537714 -0.843127 0
    outer loop
      vertex 4.7375 96.8877 13.2
      vertex 4.66208 96.8396 5.95
      vertex 4.7375 96.8877 5.95
    endloop
  endfacet
  facet normal -0.608521 0.793538 0
    outer loop
      vertex 5.90886 95.2148 5.95
      vertex 5.83792 95.1604 13.2
      vertex 5.90886 95.2148 13.2
    endloop
  endfacet
  facet normal -0.608521 0.793538 0
    outer loop
      vertex 5.83792 95.1604 13.2
      vertex 5.90886 95.2148 5.95
      vertex 5.83792 95.1604 5.95
    endloop
  endfacet
  facet normal -0.537714 0.843127 0
    outer loop
      vertex 5.83792 95.1604 5.95
      vertex 5.7625 95.1123 13.2
      vertex 5.83792 95.1604 13.2
    endloop
  endfacet
  facet normal -0.537714 0.843127 0
    outer loop
      vertex 5.7625 95.1123 13.2
      vertex 5.83792 95.1604 5.95
      vertex 5.7625 95.1123 5.95
    endloop
  endfacet
  facet normal 0.923856 -0.38274 0
    outer loop
      vertex 4.28681 96.3506 13.2
      vertex 4.32103 96.4332 5.95
      vertex 4.32103 96.4332 13.2
    endloop
  endfacet
  facet normal 0.923856 -0.38274 0
    outer loop
      vertex 4.32103 96.4332 5.95
      vertex 4.28681 96.3506 13.2
      vertex 4.28681 96.3506 5.95
    endloop
  endfacet
  facet normal -0.130831 -0.991405 0
    outer loop
      vertex 5.33933 97.0211 5.95
      vertex 5.42799 97.0094 13.2
      vertex 5.33933 97.0211 13.2
    endloop
  endfacet
  facet normal -0.130831 -0.991405 -0
    outer loop
      vertex 5.42799 97.0094 13.2
      vertex 5.33933 97.0211 5.95
      vertex 5.42799 97.0094 5.95
    endloop
  endfacet
  facet normal 0.38251 0.923951 -0
    outer loop
      vertex 4.89943 95.0368 5.95
      vertex 4.81682 95.071 13.2
      vertex 4.89943 95.0368 13.2
    endloop
  endfacet
  facet normal 0.38251 0.923951 0
    outer loop
      vertex 4.81682 95.071 13.2
      vertex 4.89943 95.0368 5.95
      vertex 4.81682 95.071 5.95
    endloop
  endfacet
  facet normal 0.793624 -0.608408 0
    outer loop
      vertex 4.41037 96.5879 13.2
      vertex 4.4648 96.6589 5.95
      vertex 4.4648 96.6589 13.2
    endloop
  endfacet
  facet normal 0.793624 -0.608408 0
    outer loop
      vertex 4.4648 96.6589 5.95
      vertex 4.41037 96.5879 13.2
      vertex 4.41037 96.5879 5.95
    endloop
  endfacet
  facet normal 0.99102 0.133715 0
    outer loop
      vertex 117.739 48.2615 13.2
      vertex 117.704 48.5209 12.95
      vertex 117.704 48.5209 13.2
    endloop
  endfacet
  facet normal 0.99102 0.133715 0
    outer loop
      vertex 117.704 48.5209 12.95
      vertex 117.739 48.2615 13.2
      vertex 117.739 48.2615 12.95
    endloop
  endfacet
  facet normal -0.610118 0.792311 0
    outer loop
      vertex 113.029 50.4575 2.2
      vertex 112.822 50.2981 13.2
      vertex 113.029 50.4575 13.2
    endloop
  endfacet
  facet normal -0.610118 0.792311 0
    outer loop
      vertex 112.822 50.2981 13.2
      vertex 113.029 50.4575 2.2
      vertex 112.822 50.2981 2.2
    endloop
  endfacet
  facet normal -0.99102 0.133715 0
    outer loop
      vertex 111.761 48.2615 2.2
      vertex 111.796 48.5209 13.2
      vertex 111.796 48.5209 2.2
    endloop
  endfacet
  facet normal -0.99102 0.133715 0
    outer loop
      vertex 111.796 48.5209 13.2
      vertex 111.761 48.2615 2.2
      vertex 111.761 48.2615 13.2
    endloop
  endfacet
  facet normal -0.536777 0.843724 0
    outer loop
      vertex 113.25 50.5981 2.2
      vertex 113.029 50.4575 13.2
      vertex 113.25 50.5981 13.2
    endloop
  endfacet
  facet normal -0.536777 0.843724 0
    outer loop
      vertex 113.029 50.4575 13.2
      vertex 113.25 50.5981 2.2
      vertex 113.029 50.4575 2.2
    endloop
  endfacet
  facet normal 0.736821 0.676088 0
    outer loop
      vertex 117.048 49.9284 13.2
      vertex 116.871 50.1213 2.2
      vertex 116.871 50.1213 13.2
    endloop
  endfacet
  facet normal 0.736821 0.676088 0
    outer loop
      vertex 116.871 50.1213 2.2
      vertex 117.048 49.9284 13.2
      vertex 117.048 49.9284 2.2
    endloop
  endfacet
  facet normal 0.610118 -0.792311 0
    outer loop
      vertex 116.471 45.5425 2.2
      vertex 116.678 45.7019 13.2
      vertex 116.471 45.5425 13.2
    endloop
  endfacet
  facet normal 0.610118 -0.792311 0
    outer loop
      vertex 116.678 45.7019 13.2
      vertex 116.471 45.5425 2.2
      vertex 116.678 45.7019 2.2
    endloop
  endfacet
  facet normal 0.97683 0.214016 0
    outer loop
      vertex 117.704 48.5209 13.2
      vertex 117.648 48.7765 12.95
      vertex 117.648 48.7765 13.2
    endloop
  endfacet
  facet normal 0.97683 0.214016 0
    outer loop
      vertex 117.648 48.7765 12.95
      vertex 117.704 48.5209 13.2
      vertex 117.704 48.5209 12.95
    endloop
  endfacet
  facet normal 0 0 1
    outer loop
      vertex 115.775 48 13.2
      vertex 117.75 48 13.2
      vertex 117.739 48.2615 13.2
    endloop
  endfacet
  facet normal 0 0 1
    outer loop
      vertex 115.771 48.0893 13.2
      vertex 117.739 48.2615 13.2
      vertex 117.704 48.5209 13.2
    endloop
  endfacet
  facet normal 0 0 1
    outer loop
      vertex 117.75 48 13.2
      vertex 115.775 48 13.2
      vertex 117.739 47.7385 13.2
    endloop
  endfacet
  facet normal 0 0 1
    outer loop
      vertex 115.759 48.178 13.2
      vertex 117.704 48.5209 13.2
      vertex 117.648 48.7765 13.2
    endloop
  endfacet
  facet normal -0 0 1
    outer loop
      vertex 115.771 47.9107 13.2
      vertex 117.739 47.7385 13.2
      vertex 115.775 48 13.2
    endloop
  endfacet
  facet normal 0 0 1
    outer loop
      vertex 115.74 48.2653 13.2
      vertex 117.648 48.7765 13.2
      vertex 117.569 49.0261 13.2
    endloop
  endfacet
  facet normal 0 0 1
    outer loop
      vertex 117.739 47.7385 13.2
      vertex 115.771 47.9107 13.2
      vertex 117.704 47.4791 13.2
    endloop
  endfacet
  facet normal 0 0 1
    outer loop
      vertex 115.713 48.3506 13.2
      vertex 117.569 49.0261 13.2
      vertex 117.469 49.2679 13.2
    endloop
  endfacet
  facet normal -0 0 1
    outer loop
      vertex 115.759 47.822 13.2
      vertex 117.704 47.4791 13.2
      vertex 115.771 47.9107 13.2
    endloop
  endfacet
  facet normal 0 0 1
    outer loop
      vertex 115.679 48.4332 13.2
      vertex 117.469 49.2679 13.2
      vertex 117.348 49.5 13.2
    endloop
  endfacet
  facet normal 0 0 1
    outer loop
      vertex 117.704 47.4791 13.2
      vertex 115.759 47.822 13.2
      vertex 117.648 47.2235 13.2
    endloop
  endfacet
  facet normal 0 0 1
    outer loop
      vertex 115.638 48.5125 13.2
      vertex 117.348 49.5 13.2
      vertex 117.207 49.7207 13.2
    endloop
  endfacet
  facet normal -0 0 1
    outer loop
      vertex 115.74 47.7347 13.2
      vertex 117.648 47.2235 13.2
      vertex 115.759 47.822 13.2
    endloop
  endfacet
  facet normal 0 0 1
    outer loop
      vertex 115.59 48.5879 13.2
      vertex 117.207 49.7207 13.2
      vertex 117.048 49.9284 13.2
    endloop
  endfacet
  facet normal 0 0 1
    outer loop
      vertex 117.648 47.2235 13.2
      vertex 115.74 47.7347 13.2
      vertex 117.569 46.9739 13.2
    endloop
  endfacet
  facet normal 0 0 1
    outer loop
      vertex 115.535 48.6589 13.2
      vertex 117.048 49.9284 13.2
      vertex 116.871 50.1213 13.2
    endloop
  endfacet
  facet normal -0 0 1
    outer loop
      vertex 115.713 47.6494 13.2
      vertex 117.569 46.9739 13.2
      vertex 115.74 47.7347 13.2
    endloop
  endfacet
  facet normal 0 0 1
    outer loop
      vertex 115.475 48.7248 13.2
      vertex 116.871 50.1213 13.2
      vertex 116.678 50.2981 13.2
    endloop
  endfacet
  facet normal 0 0 1
    outer loop
      vertex 117.569 46.9739 13.2
      vertex 115.713 47.6494 13.2
      vertex 117.469 46.7321 13.2
    endloop
  endfacet
  facet normal 0 0 1
    outer loop
      vertex 115.409 48.7852 13.2
      vertex 116.678 50.2981 13.2
      vertex 116.471 50.4575 13.2
    endloop
  endfacet
  facet normal -0 0 1
    outer loop
      vertex 115.679 47.5668 13.2
      vertex 117.469 46.7321 13.2
      vertex 115.713 47.6494 13.2
    endloop
  endfacet
  facet normal 0 0 1
    outer loop
      vertex 115.338 48.8396 13.2
      vertex 116.471 50.4575 13.2
      vertex 116.25 50.5981 13.2
    endloop
  endfacet
  facet normal 0 0 1
    outer loop
      vertex 117.469 46.7321 13.2
      vertex 115.679 47.5668 13.2
      vertex 117.348 46.5 13.2
    endloop
  endfacet
  facet normal 0 0 1
    outer loop
      vertex 115.262 48.8877 13.2
      vertex 116.25 50.5981 13.2
      vertex 116.018 50.7189 13.2
    endloop
  endfacet
  facet normal -0 0 1
    outer loop
      vertex 115.638 47.4875 13.2
      vertex 117.348 46.5 13.2
      vertex 115.679 47.5668 13.2
    endloop
  endfacet
  facet normal 0 0 1
    outer loop
      vertex 115.183 48.929 13.2
      vertex 116.018 50.7189 13.2
      vertex 115.776 50.8191 13.2
    endloop
  endfacet
  facet normal 0 0 1
    outer loop
      vertex 117.348 46.5 13.2
      vertex 115.638 47.4875 13.2
      vertex 117.207 46.2793 13.2
    endloop
  endfacet
  facet normal -0 0 1
    outer loop
      vertex 115.59 47.4121 13.2
      vertex 117.207 46.2793 13.2
      vertex 115.638 47.4875 13.2
    endloop
  endfacet
  facet normal 0 0 1
    outer loop
      vertex 117.739 48.2615 13.2
      vertex 115.771 48.0893 13.2
      vertex 115.775 48 13.2
    endloop
  endfacet
  facet normal 0 0 1
    outer loop
      vertex 117.704 48.5209 13.2
      vertex 115.759 48.178 13.2
      vertex 115.771 48.0893 13.2
    endloop
  endfacet
  facet normal 0 0 1
    outer loop
      vertex 117.648 48.7765 13.2
      vertex 115.74 48.2653 13.2
      vertex 115.759 48.178 13.2
    endloop
  endfacet
  facet normal 0 0 1
    outer loop
      vertex 117.569 49.0261 13.2
      vertex 115.713 48.3506 13.2
      vertex 115.74 48.2653 13.2
    endloop
  endfacet
  facet normal 0 0 1
    outer loop
      vertex 117.469 49.2679 13.2
      vertex 115.679 48.4332 13.2
      vertex 115.713 48.3506 13.2
    endloop
  endfacet
  facet normal 0 0 1
    outer loop
      vertex 117.348 49.5 13.2
      vertex 115.638 48.5125 13.2
      vertex 115.679 48.4332 13.2
    endloop
  endfacet
  facet normal 0 0 1
    outer loop
      vertex 117.207 49.7207 13.2
      vertex 115.59 48.5879 13.2
      vertex 115.638 48.5125 13.2
    endloop
  endfacet
  facet normal 0 0 1
    outer loop
      vertex 117.048 49.9284 13.2
      vertex 115.535 48.6589 13.2
      vertex 115.59 48.5879 13.2
    endloop
  endfacet
  facet normal 0 0 1
    outer loop
      vertex 115.101 48.9632 13.2
      vertex 115.776 50.8191 13.2
      vertex 115.526 50.8978 13.2
    endloop
  endfacet
  facet normal 0 0 1
    outer loop
      vertex 116.871 50.1213 13.2
      vertex 115.475 48.7248 13.2
      vertex 115.535 48.6589 13.2
    endloop
  endfacet
  facet normal 0 0 1
    outer loop
      vertex 116.678 50.2981 13.2
      vertex 115.409 48.7852 13.2
      vertex 115.475 48.7248 13.2
    endloop
  endfacet
  facet normal 0 0 1
    outer loop
      vertex 116.471 50.4575 13.2
      vertex 115.338 48.8396 13.2
      vertex 115.409 48.7852 13.2
    endloop
  endfacet
  facet normal 0 0 1
    outer loop
      vertex 115.015 48.9901 13.2
      vertex 115.526 50.8978 13.2
      vertex 115.271 50.9544 13.2
    endloop
  endfacet
  facet normal 0 0 1
    outer loop
      vertex 116.25 50.5981 13.2
      vertex 115.262 48.8877 13.2
      vertex 115.338 48.8396 13.2
    endloop
  endfacet
  facet normal 0 0 1
    outer loop
      vertex 116.018 50.7189 13.2
      vertex 115.183 48.929 13.2
      vertex 115.262 48.8877 13.2
    endloop
  endfacet
  facet normal 0 0 1
    outer loop
      vertex 115.776 50.8191 13.2
      vertex 115.101 48.9632 13.2
      vertex 115.183 48.929 13.2
    endloop
  endfacet
  facet normal 0 0 1
    outer loop
      vertex 115.526 50.8978 13.2
      vertex 115.015 48.9901 13.2
      vertex 115.101 48.9632 13.2
    endloop
  endfacet
  facet normal 0 0 1
    outer loop
      vertex 114.928 49.0094 13.2
      vertex 115.271 50.9544 13.2
      vertex 115.011 50.9886 13.2
    endloop
  endfacet
  facet normal 0 0 1
    outer loop
      vertex 115.271 50.9544 13.2
      vertex 114.928 49.0094 13.2
      vertex 115.015 48.9901 13.2
    endloop
  endfacet
  facet normal 0 0 1
    outer loop
      vertex 115.011 50.9886 13.2
      vertex 114.839 49.0211 13.2
      vertex 114.928 49.0094 13.2
    endloop
  endfacet
  facet normal 0 0 1
    outer loop
      vertex 114.75 51 13.2
      vertex 114.839 49.0211 13.2
      vertex 115.011 50.9886 13.2
    endloop
  endfacet
  facet normal 0 0 1
    outer loop
      vertex 114.75 51 13.2
      vertex 114.75 49.025 13.2
      vertex 114.839 49.0211 13.2
    endloop
  endfacet
  facet normal 0 0 1
    outer loop
      vertex 114.75 51 13.2
      vertex 114.661 49.0211 13.2
      vertex 114.75 49.025 13.2
    endloop
  endfacet
  facet normal -0 0 1
    outer loop
      vertex 114.489 50.9886 13.2
      vertex 114.661 49.0211 13.2
      vertex 114.75 51 13.2
    endloop
  endfacet
  facet normal 0 0 1
    outer loop
      vertex 114.661 49.0211 13.2
      vertex 114.489 50.9886 13.2
      vertex 114.572 49.0094 13.2
    endloop
  endfacet
  facet normal -0 0 1
    outer loop
      vertex 114.229 50.9544 13.2
      vertex 114.572 49.0094 13.2
      vertex 114.489 50.9886 13.2
    endloop
  endfacet
  facet normal 0 0 1
    outer loop
      vertex 114.572 49.0094 13.2
      vertex 114.229 50.9544 13.2
      vertex 114.485 48.9901 13.2
    endloop
  endfacet
  facet normal -0 0 1
    outer loop
      vertex 113.974 50.8978 13.2
      vertex 114.485 48.9901 13.2
      vertex 114.229 50.9544 13.2
    endloop
  endfacet
  facet normal 0 0 1
    outer loop
      vertex 114.485 48.9901 13.2
      vertex 113.974 50.8978 13.2
      vertex 114.399 48.9632 13.2
    endloop
  endfacet
  facet normal -0 0 1
    outer loop
      vertex 113.724 50.8191 13.2
      vertex 114.399 48.9632 13.2
      vertex 113.974 50.8978 13.2
    endloop
  endfacet
  facet normal 0 0 1
    outer loop
      vertex 114.399 48.9632 13.2
      vertex 113.724 50.8191 13.2
      vertex 114.317 48.929 13.2
    endloop
  endfacet
  facet normal -0 0 1
    outer loop
      vertex 113.482 50.7189 13.2
      vertex 114.317 48.929 13.2
      vertex 113.724 50.8191 13.2
    endloop
  endfacet
  facet normal 0 0 1
    outer loop
      vertex 114.317 48.929 13.2
      vertex 113.482 50.7189 13.2
      vertex 114.238 48.8877 13.2
    endloop
  endfacet
  facet normal -0 0 1
    outer loop
      vertex 113.25 50.5981 13.2
      vertex 114.238 48.8877 13.2
      vertex 113.482 50.7189 13.2
    endloop
  endfacet
  facet normal 0 0 1
    outer loop
      vertex 114.238 48.8877 13.2
      vertex 113.25 50.5981 13.2
      vertex 114.162 48.8396 13.2
    endloop
  endfacet
  facet normal -0 0 1
    outer loop
      vertex 113.029 50.4575 13.2
      vertex 114.162 48.8396 13.2
      vertex 113.25 50.5981 13.2
    endloop
  endfacet
  facet normal 0 0 1
    outer loop
      vertex 114.162 48.8396 13.2
      vertex 113.029 50.4575 13.2
      vertex 114.091 48.7852 13.2
    endloop
  endfacet
  facet normal -0 0 1
    outer loop
      vertex 112.822 50.2981 13.2
      vertex 114.091 48.7852 13.2
      vertex 113.029 50.4575 13.2
    endloop
  endfacet
  facet normal 0 0 1
    outer loop
      vertex 114.091 48.7852 13.2
      vertex 112.822 50.2981 13.2
      vertex 114.025 48.7248 13.2
    endloop
  endfacet
  facet normal -0 0 1
    outer loop
      vertex 112.629 50.1213 13.2
      vertex 114.025 48.7248 13.2
      vertex 112.822 50.2981 13.2
    endloop
  endfacet
  facet normal 0 0 1
    outer loop
      vertex 114.025 48.7248 13.2
      vertex 112.629 50.1213 13.2
      vertex 113.965 48.6589 13.2
    endloop
  endfacet
  facet normal -0 0 1
    outer loop
      vertex 112.452 49.9284 13.2
      vertex 113.965 48.6589 13.2
      vertex 112.629 50.1213 13.2
    endloop
  endfacet
  facet normal -0 0 1
    outer loop
      vertex 112.293 49.7207 13.2
      vertex 113.91 48.5879 13.2
      vertex 112.452 49.9284 13.2
    endloop
  endfacet
  facet normal 0 0 1
    outer loop
      vertex 113.965 48.6589 13.2
      vertex 112.452 49.9284 13.2
      vertex 113.91 48.5879 13.2
    endloop
  endfacet
  facet normal 0 0 1
    outer loop
      vertex 117.207 46.2793 13.2
      vertex 115.59 47.4121 13.2
      vertex 117.048 46.0716 13.2
    endloop
  endfacet
  facet normal -0 0 1
    outer loop
      vertex 115.535 47.3411 13.2
      vertex 117.048 46.0716 13.2
      vertex 115.59 47.4121 13.2
    endloop
  endfacet
  facet normal 0 0 1
    outer loop
      vertex 117.048 46.0716 13.2
      vertex 115.535 47.3411 13.2
      vertex 116.871 45.8787 13.2
    endloop
  endfacet
  facet normal -0 0 1
    outer loop
      vertex 115.475 47.2752 13.2
      vertex 116.871 45.8787 13.2
      vertex 115.535 47.3411 13.2
    endloop
  endfacet
  facet normal 0 0 1
    outer loop
      vertex 116.871 45.8787 13.2
      vertex 115.475 47.2752 13.2
      vertex 116.678 45.7019 13.2
    endloop
  endfacet
  facet normal -0 0 1
    outer loop
      vertex 115.409 47.2148 13.2
      vertex 116.678 45.7019 13.2
      vertex 115.475 47.2752 13.2
    endloop
  endfacet
  facet normal 0 0 1
    outer loop
      vertex 116.678 45.7019 13.2
      vertex 115.409 47.2148 13.2
      vertex 116.471 45.5425 13.2
    endloop
  endfacet
  facet normal -0 0 1
    outer loop
      vertex 115.338 47.1604 13.2
      vertex 116.471 45.5425 13.2
      vertex 115.409 47.2148 13.2
    endloop
  endfacet
  facet normal 0 0 1
    outer loop
      vertex 116.471 45.5425 13.2
      vertex 115.338 47.1604 13.2
      vertex 116.25 45.4019 13.2
    endloop
  endfacet
  facet normal -0 0 1
    outer loop
      vertex 115.262 47.1123 13.2
      vertex 116.25 45.4019 13.2
      vertex 115.338 47.1604 13.2
    endloop
  endfacet
  facet normal 0 0 1
    outer loop
      vertex 116.25 45.4019 13.2
      vertex 115.262 47.1123 13.2
      vertex 116.018 45.2811 13.2
    endloop
  endfacet
  facet normal -0 0 1
    outer loop
      vertex 115.183 47.071 13.2
      vertex 116.018 45.2811 13.2
      vertex 115.262 47.1123 13.2
    endloop
  endfacet
  facet normal 0 0 1
    outer loop
      vertex 116.018 45.2811 13.2
      vertex 115.183 47.071 13.2
      vertex 115.776 45.1809 13.2
    endloop
  endfacet
  facet normal -0 0 1
    outer loop
      vertex 115.101 47.0368 13.2
      vertex 115.776 45.1809 13.2
      vertex 115.183 47.071 13.2
    endloop
  endfacet
  facet normal 0 0 1
    outer loop
      vertex 115.776 45.1809 13.2
      vertex 115.101 47.0368 13.2
      vertex 115.526 45.1022 13.2
    endloop
  endfacet
  facet normal -0 0 1
    outer loop
      vertex 115.015 47.0099 13.2
      vertex 115.526 45.1022 13.2
      vertex 115.101 47.0368 13.2
    endloop
  endfacet
  facet normal 0 0 1
    outer loop
      vertex 115.526 45.1022 13.2
      vertex 115.015 47.0099 13.2
      vertex 115.271 45.0456 13.2
    endloop
  endfacet
  facet normal -0 0 1
    outer loop
      vertex 114.928 46.9906 13.2
      vertex 115.271 45.0456 13.2
      vertex 115.015 47.0099 13.2
    endloop
  endfacet
  facet normal 0 0 1
    outer loop
      vertex 115.271 45.0456 13.2
      vertex 114.928 46.9906 13.2
      vertex 115.011 45.0114 13.2
    endloop
  endfacet
  facet normal -0 0 1
    outer loop
      vertex 114.839 46.9789 13.2
      vertex 115.011 45.0114 13.2
      vertex 114.928 46.9906 13.2
    endloop
  endfacet
  facet normal -0 0 1
    outer loop
      vertex 114.75 46.975 13.2
      vertex 115.011 45.0114 13.2
      vertex 114.839 46.9789 13.2
    endloop
  endfacet
  facet normal 0 0 1
    outer loop
      vertex 114.75 46.975 13.2
      vertex 114.75 45 13.2
      vertex 115.011 45.0114 13.2
    endloop
  endfacet
  facet normal 0 0 1
    outer loop
      vertex 114.661 46.9789 13.2
      vertex 114.75 45 13.2
      vertex 114.75 46.975 13.2
    endloop
  endfacet
  facet normal 0 0 1
    outer loop
      vertex 114.489 45.0114 13.2
      vertex 114.661 46.9789 13.2
      vertex 114.572 46.9906 13.2
    endloop
  endfacet
  facet normal 0 0 1
    outer loop
      vertex 114.661 46.9789 13.2
      vertex 114.489 45.0114 13.2
      vertex 114.75 45 13.2
    endloop
  endfacet
  facet normal 0 0 1
    outer loop
      vertex 114.229 45.0456 13.2
      vertex 114.572 46.9906 13.2
      vertex 114.485 47.0099 13.2
    endloop
  endfacet
  facet normal 0 0 1
    outer loop
      vertex 113.974 45.1022 13.2
      vertex 114.485 47.0099 13.2
      vertex 114.399 47.0368 13.2
    endloop
  endfacet
  facet normal 0 0 1
    outer loop
      vertex 113.724 45.1809 13.2
      vertex 114.399 47.0368 13.2
      vertex 114.317 47.071 13.2
    endloop
  endfacet
  facet normal 0 0 1
    outer loop
      vertex 113.482 45.2811 13.2
      vertex 114.317 47.071 13.2
      vertex 114.238 47.1123 13.2
    endloop
  endfacet
  facet normal 0 0 1
    outer loop
      vertex 114.572 46.9906 13.2
      vertex 114.229 45.0456 13.2
      vertex 114.489 45.0114 13.2
    endloop
  endfacet
  facet normal 0 0 1
    outer loop
      vertex 113.25 45.4019 13.2
      vertex 114.238 47.1123 13.2
      vertex 114.162 47.1604 13.2
    endloop
  endfacet
  facet normal 0 0 1
    outer loop
      vertex 113.029 45.5425 13.2
      vertex 114.162 47.1604 13.2
      vertex 114.091 47.2148 13.2
    endloop
  endfacet
  facet normal 0 0 1
    outer loop
      vertex 112.822 45.7019 13.2
      vertex 114.091 47.2148 13.2
      vertex 114.025 47.2752 13.2
    endloop
  endfacet
  facet normal 0 0 1
    outer loop
      vertex 114.485 47.0099 13.2
      vertex 113.974 45.1022 13.2
      vertex 114.229 45.0456 13.2
    endloop
  endfacet
  facet normal 0 0 1
    outer loop
      vertex 112.629 45.8787 13.2
      vertex 114.025 47.2752 13.2
      vertex 113.965 47.3411 13.2
    endloop
  endfacet
  facet normal 0 0 1
    outer loop
      vertex 112.452 46.0716 13.2
      vertex 113.965 47.3411 13.2
      vertex 113.91 47.4121 13.2
    endloop
  endfacet
  facet normal 0 0 1
    outer loop
      vertex 112.293 46.2793 13.2
      vertex 113.91 47.4121 13.2
      vertex 113.862 47.4875 13.2
    endloop
  endfacet
  facet normal 0 0 1
    outer loop
      vertex 112.152 46.5 13.2
      vertex 113.862 47.4875 13.2
      vertex 113.821 47.5668 13.2
    endloop
  endfacet
  facet normal 0 0 1
    outer loop
      vertex 112.031 46.7321 13.2
      vertex 113.821 47.5668 13.2
      vertex 113.787 47.6494 13.2
    endloop
  endfacet
  facet normal 0 0 1
    outer loop
      vertex 111.931 46.9739 13.2
      vertex 113.787 47.6494 13.2
      vertex 113.76 47.7347 13.2
    endloop
  endfacet
  facet normal 0 0 1
    outer loop
      vertex 111.852 47.2235 13.2
      vertex 113.76 47.7347 13.2
      vertex 113.741 47.822 13.2
    endloop
  endfacet
  facet normal 0 0 1
    outer loop
      vertex 111.796 47.4791 13.2
      vertex 113.741 47.822 13.2
      vertex 113.729 47.9107 13.2
    endloop
  endfacet
  facet normal 0 0 1
    outer loop
      vertex 114.399 47.0368 13.2
      vertex 113.724 45.1809 13.2
      vertex 113.974 45.1022 13.2
    endloop
  endfacet
  facet normal 0 0 1
    outer loop
      vertex 111.761 47.7385 13.2
      vertex 113.729 47.9107 13.2
      vertex 113.725 48 13.2
    endloop
  endfacet
  facet normal 0 0 1
    outer loop
      vertex 113.91 48.5879 13.2
      vertex 112.293 49.7207 13.2
      vertex 113.862 48.5125 13.2
    endloop
  endfacet
  facet normal -0 0 1
    outer loop
      vertex 112.152 49.5 13.2
      vertex 113.862 48.5125 13.2
      vertex 112.293 49.7207 13.2
    endloop
  endfacet
  facet normal 0 0 1
    outer loop
      vertex 114.317 47.071 13.2
      vertex 113.482 45.2811 13.2
      vertex 113.724 45.1809 13.2
    endloop
  endfacet
  facet normal 0 0 1
    outer loop
      vertex 113.862 48.5125 13.2
      vertex 112.152 49.5 13.2
      vertex 113.821 48.4332 13.2
    endloop
  endfacet
  facet normal 0 0 1
    outer loop
      vertex 114.238 47.1123 13.2
      vertex 113.25 45.4019 13.2
      vertex 113.482 45.2811 13.2
    endloop
  endfacet
  facet normal -0 0 1
    outer loop
      vertex 112.031 49.2679 13.2
      vertex 113.821 48.4332 13.2
      vertex 112.152 49.5 13.2
    endloop
  endfacet
  facet normal 0 0 1
    outer loop
      vertex 114.162 47.1604 13.2
      vertex 113.029 45.5425 13.2
      vertex 113.25 45.4019 13.2
    endloop
  endfacet
  facet normal 0 0 1
    outer loop
      vertex 113.821 48.4332 13.2
      vertex 112.031 49.2679 13.2
      vertex 113.787 48.3506 13.2
    endloop
  endfacet
  facet normal 0 0 1
    outer loop
      vertex 114.091 47.2148 13.2
      vertex 112.822 45.7019 13.2
      vertex 113.029 45.5425 13.2
    endloop
  endfacet
  facet normal -0 0 1
    outer loop
      vertex 111.931 49.0261 13.2
      vertex 113.787 48.3506 13.2
      vertex 112.031 49.2679 13.2
    endloop
  endfacet
  facet normal 0 0 1
    outer loop
      vertex 114.025 47.2752 13.2
      vertex 112.629 45.8787 13.2
      vertex 112.822 45.7019 13.2
    endloop
  endfacet
  facet normal 0 0 1
    outer loop
      vertex 113.787 48.3506 13.2
      vertex 111.931 49.0261 13.2
      vertex 113.76 48.2653 13.2
    endloop
  endfacet
  facet normal 0 0 1
    outer loop
      vertex 113.965 47.3411 13.2
      vertex 112.452 46.0716 13.2
      vertex 112.629 45.8787 13.2
    endloop
  endfacet
  facet normal -0 0 1
    outer loop
      vertex 111.852 48.7765 13.2
      vertex 113.76 48.2653 13.2
      vertex 111.931 49.0261 13.2
    endloop
  endfacet
  facet normal 0 0 1
    outer loop
      vertex 113.91 47.4121 13.2
      vertex 112.293 46.2793 13.2
      vertex 112.452 46.0716 13.2
    endloop
  endfacet
  facet normal 0 0 1
    outer loop
      vertex 113.76 48.2653 13.2
      vertex 111.852 48.7765 13.2
      vertex 113.741 48.178 13.2
    endloop
  endfacet
  facet normal 0 0 1
    outer loop
      vertex 113.862 47.4875 13.2
      vertex 112.152 46.5 13.2
      vertex 112.293 46.2793 13.2
    endloop
  endfacet
  facet normal -0 0 1
    outer loop
      vertex 111.796 48.5209 13.2
      vertex 113.741 48.178 13.2
      vertex 111.852 48.7765 13.2
    endloop
  endfacet
  facet normal 0 0 1
    outer loop
      vertex 113.821 47.5668 13.2
      vertex 112.031 46.7321 13.2
      vertex 112.152 46.5 13.2
    endloop
  endfacet
  facet normal 0 0 1
    outer loop
      vertex 113.741 48.178 13.2
      vertex 111.796 48.5209 13.2
      vertex 113.729 48.0893 13.2
    endloop
  endfacet
  facet normal 0 0 1
    outer loop
      vertex 113.787 47.6494 13.2
      vertex 111.931 46.9739 13.2
      vertex 112.031 46.7321 13.2
    endloop
  endfacet
  facet normal -0 0 1
    outer loop
      vertex 111.761 48.2615 13.2
      vertex 113.729 48.0893 13.2
      vertex 111.796 48.5209 13.2
    endloop
  endfacet
  facet normal 0 0 1
    outer loop
      vertex 113.76 47.7347 13.2
      vertex 111.852 47.2235 13.2
      vertex 111.931 46.9739 13.2
    endloop
  endfacet
  facet normal 0 0 1
    outer loop
      vertex 113.729 48.0893 13.2
      vertex 111.761 48.2615 13.2
      vertex 113.725 48 13.2
    endloop
  endfacet
  facet normal 0 0 1
    outer loop
      vertex 113.741 47.822 13.2
      vertex 111.796 47.4791 13.2
      vertex 111.852 47.2235 13.2
    endloop
  endfacet
  facet normal 0 0 1
    outer loop
      vertex 111.75 48 13.2
      vertex 113.725 48 13.2
      vertex 111.761 48.2615 13.2
    endloop
  endfacet
  facet normal 0 0 1
    outer loop
      vertex 113.729 47.9107 13.2
      vertex 111.761 47.7385 13.2
      vertex 111.796 47.4791 13.2
    endloop
  endfacet
  facet normal 0 0 1
    outer loop
      vertex 113.725 48 13.2
      vertex 111.75 48 13.2
      vertex 111.761 47.7385 13.2
    endloop
  endfacet
  facet normal 0.924091 0.382172 0
    outer loop
      vertex 117.569 49.0261 13.2
      vertex 117.469 49.2679 2.2
      vertex 117.469 49.2679 13.2
    endloop
  endfacet
  facet normal 0.924091 0.382172 0
    outer loop
      vertex 117.469 49.2679 2.2
      vertex 117.569 49.0261 13.2
      vertex 117.569 49.0261 2.2
    endloop
  endfacet
  facet normal -0.99102 -0.133715 0
    outer loop
      vertex 111.796 47.4791 2.2
      vertex 111.761 47.7385 13.2
      vertex 111.761 47.7385 2.2
    endloop
  endfacet
  facet normal -0.99102 -0.133715 0
    outer loop
      vertex 111.761 47.7385 13.2
      vertex 111.796 47.4791 2.2
      vertex 111.796 47.4791 13.2
    endloop
  endfacet
  facet normal 0.382554 -0.923933 0
    outer loop
      vertex 115.776 45.1809 2.2
      vertex 116.018 45.2811 13.2
      vertex 115.776 45.1809 13.2
    endloop
  endfacet
  facet normal 0.382554 -0.923933 0
    outer loop
      vertex 116.018 45.2811 13.2
      vertex 115.776 45.1809 2.2
      vertex 116.018 45.2811 2.2
    endloop
  endfacet
  facet normal 0.97683 -0.214016 0
    outer loop
      vertex 117.648 47.2235 13.2
      vertex 117.704 47.4791 12.95
      vertex 117.704 47.4791 13.2
    endloop
  endfacet
  facet normal 0.97683 -0.214016 0
    outer loop
      vertex 117.704 47.4791 12.95
      vertex 117.648 47.2235 13.2
      vertex 117.648 47.2235 12.95
    endloop
  endfacet
  facet normal 0.736821 -0.676088 0
    outer loop
      vertex 116.871 45.8787 13.2
      vertex 117.048 46.0716 2.2
      vertex 117.048 46.0716 13.2
    endloop
  endfacet
  facet normal 0.736821 -0.676088 0
    outer loop
      vertex 117.048 46.0716 2.2
      vertex 116.871 45.8787 13.2
      vertex 116.871 45.8787 2.2
    endloop
  endfacet
  facet normal -0.216687 -0.976241 0
    outer loop
      vertex 113.974 45.1022 2.2
      vertex 114.229 45.0456 13.2
      vertex 113.974 45.1022 13.2
    endloop
  endfacet
  facet normal -0.216687 -0.976241 -0
    outer loop
      vertex 114.229 45.0456 13.2
      vertex 113.974 45.1022 2.2
      vertex 114.229 45.0456 2.2
    endloop
  endfacet
  facet normal 0.794043 -0.607862 0
    outer loop
      vertex 117.048 46.0716 13.2
      vertex 117.207 46.2793 2.2
      vertex 117.207 46.2793 13.2
    endloop
  endfacet
  facet normal 0.794043 -0.607862 0
    outer loop
      vertex 117.207 46.2793 2.2
      vertex 117.048 46.0716 13.2
      vertex 117.048 46.0716 2.2
    endloop
  endfacet
  facet normal 0.999116 0.0420278 0
    outer loop
      vertex 117.75 48 13.2
      vertex 117.739 48.2615 12.95
      vertex 117.739 48.2615 13.2
    endloop
  endfacet
  facet normal 0.999116 0.0420278 0
    outer loop
      vertex 117.739 48.2615 12.95
      vertex 117.75 48 13.2
      vertex 117.75 48 12.95
    endloop
  endfacet
  facet normal 0.924091 -0.382172 0
    outer loop
      vertex 117.469 46.7321 13.2
      vertex 117.569 46.9739 2.2
      vertex 117.569 46.9739 13.2
    endloop
  endfacet
  facet normal 0.924091 -0.382172 0
    outer loop
      vertex 117.569 46.9739 2.2
      vertex 117.469 46.7321 13.2
      vertex 117.469 46.7321 2.2
    endloop
  endfacet
  facet normal -0.924091 0.382172 0
    outer loop
      vertex 111.931 49.0261 2.2
      vertex 112.031 49.2679 13.2
      vertex 112.031 49.2679 2.2
    endloop
  endfacet
  facet normal -0.924091 0.382172 0
    outer loop
      vertex 112.031 49.2679 13.2
      vertex 111.931 49.0261 2.2
      vertex 111.931 49.0261 13.2
    endloop
  endfacet
  facet normal -0.675482 0.737376 0
    outer loop
      vertex 112.822 50.2981 2.2
      vertex 112.629 50.1213 13.2
      vertex 112.822 50.2981 13.2
    endloop
  endfacet
  facet normal -0.675482 0.737376 0
    outer loop
      vertex 112.629 50.1213 13.2
      vertex 112.822 50.2981 2.2
      vertex 112.629 50.1213 2.2
    endloop
  endfacet
  facet normal -0.886735 -0.462279 0
    outer loop
      vertex 112.152 46.5 2.2
      vertex 112.031 46.7321 13.2
      vertex 112.031 46.7321 2.2
    endloop
  endfacet
  facet normal -0.886735 -0.462279 0
    outer loop
      vertex 112.031 46.7321 13.2
      vertex 112.152 46.5 2.2
      vertex 112.152 46.5 13.2
    endloop
  endfacet
  facet normal 0.300273 -0.953853 0
    outer loop
      vertex 115.526 45.1022 2.2
      vertex 115.776 45.1809 13.2
      vertex 115.526 45.1022 13.2
    endloop
  endfacet
  facet normal 0.300273 -0.953853 0
    outer loop
      vertex 115.776 45.1809 13.2
      vertex 115.526 45.1022 2.2
      vertex 115.776 45.1809 2.2
    endloop
  endfacet
  facet normal -0.675482 -0.737376 0
    outer loop
      vertex 112.629 45.8787 2.2
      vertex 112.822 45.7019 13.2
      vertex 112.629 45.8787 13.2
    endloop
  endfacet
  facet normal -0.675482 -0.737376 -0
    outer loop
      vertex 112.822 45.7019 13.2
      vertex 112.629 45.8787 2.2
      vertex 112.822 45.7019 2.2
    endloop
  endfacet
  facet normal -0.924091 -0.382172 0
    outer loop
      vertex 112.031 46.7321 2.2
      vertex 111.931 46.9739 13.2
      vertex 111.931 46.9739 2.2
    endloop
  endfacet
  facet normal -0.924091 -0.382172 0
    outer loop
      vertex 111.931 46.9739 13.2
      vertex 112.031 46.7321 2.2
      vertex 112.031 46.7321 13.2
    endloop
  endfacet
  facet normal 0.0436366 -0.999047 0
    outer loop
      vertex 114.75 45 2.2
      vertex 115.011 45.0114 13.2
      vertex 114.75 45 13.2
    endloop
  endfacet
  facet normal 0.0436366 -0.999047 0
    outer loop
      vertex 115.011 45.0114 13.2
      vertex 114.75 45 2.2
      vertex 115.011 45.0114 2.2
    endloop
  endfacet
  facet normal 0.382554 0.923933 -0
    outer loop
      vertex 116.018 50.7189 2.2
      vertex 115.776 50.8191 13.2
      vertex 116.018 50.7189 13.2
    endloop
  endfacet
  facet normal 0.382554 0.923933 0
    outer loop
      vertex 115.776 50.8191 13.2
      vertex 116.018 50.7189 2.2
      vertex 115.776 50.8191 2.2
    endloop
  endfacet
  facet normal 0.675482 0.737376 -0
    outer loop
      vertex 116.871 50.1213 2.2
      vertex 116.678 50.2981 13.2
      vertex 116.871 50.1213 13.2
    endloop
  endfacet
  facet normal 0.675482 0.737376 0
    outer loop
      vertex 116.678 50.2981 13.2
      vertex 116.871 50.1213 2.2
      vertex 116.678 50.2981 2.2
    endloop
  endfacet
  facet normal 0.886735 -0.462279 0
    outer loop
      vertex 117.348 46.5 13.2
      vertex 117.469 46.7321 2.2
      vertex 117.469 46.7321 13.2
    endloop
  endfacet
  facet normal 0.886735 -0.462279 0
    outer loop
      vertex 117.469 46.7321 2.2
      vertex 117.348 46.5 13.2
      vertex 117.348 46.5 2.2
    endloop
  endfacet
  facet normal -0.999116 0.0420278 0
    outer loop
      vertex 111.75 48 2.2
      vertex 111.761 48.2615 13.2
      vertex 111.761 48.2615 2.2
    endloop
  endfacet
  facet normal -0.999116 0.0420278 0
    outer loop
      vertex 111.761 48.2615 13.2
      vertex 111.75 48 2.2
      vertex 111.75 48 13.2
    endloop
  endfacet
  facet normal 0.216687 -0.976241 0
    outer loop
      vertex 115.271 45.0456 2.2
      vertex 115.526 45.1022 13.2
      vertex 115.271 45.0456 13.2
    endloop
  endfacet
  facet normal 0.216687 -0.976241 0
    outer loop
      vertex 115.526 45.1022 13.2
      vertex 115.271 45.0456 2.2
      vertex 115.526 45.1022 2.2
    endloop
  endfacet
  facet normal 0.886735 0.462279 0
    outer loop
      vertex 117.469 49.2679 13.2
      vertex 117.348 49.5 2.2
      vertex 117.348 49.5 13.2
    endloop
  endfacet
  facet normal 0.886735 0.462279 0
    outer loop
      vertex 117.348 49.5 2.2
      vertex 117.469 49.2679 13.2
      vertex 117.469 49.2679 2.2
    endloop
  endfacet
  facet normal 0.130415 -0.991459 0
    outer loop
      vertex 115.011 45.0114 2.2
      vertex 115.271 45.0456 13.2
      vertex 115.011 45.0114 13.2
    endloop
  endfacet
  facet normal 0.130415 -0.991459 0
    outer loop
      vertex 115.271 45.0456 13.2
      vertex 115.011 45.0114 2.2
      vertex 115.271 45.0456 2.2
    endloop
  endfacet
  facet normal 0.130415 0.991459 -0
    outer loop
      vertex 115.271 50.9544 2.2
      vertex 115.011 50.9886 13.2
      vertex 115.271 50.9544 13.2
    endloop
  endfacet
  facet normal 0.130415 0.991459 0
    outer loop
      vertex 115.011 50.9886 13.2
      vertex 115.271 50.9544 2.2
      vertex 115.011 50.9886 2.2
    endloop
  endfacet
  facet normal 0.610118 0.792311 -0
    outer loop
      vertex 116.678 50.2981 2.2
      vertex 116.471 50.4575 13.2
      vertex 116.678 50.2981 13.2
    endloop
  endfacet
  facet normal 0.610118 0.792311 0
    outer loop
      vertex 116.471 50.4575 13.2
      vertex 116.678 50.2981 2.2
      vertex 116.471 50.4575 2.2
    endloop
  endfacet
  facet normal -0.382554 0.923933 0
    outer loop
      vertex 113.724 50.8191 2.2
      vertex 113.482 50.7189 13.2
      vertex 113.724 50.8191 13.2
    endloop
  endfacet
  facet normal -0.382554 0.923933 0
    outer loop
      vertex 113.482 50.7189 13.2
      vertex 113.724 50.8191 2.2
      vertex 113.482 50.7189 2.2
    endloop
  endfacet
  facet normal 0.842701 0.538382 0
    outer loop
      vertex 117.348 49.5 13.2
      vertex 117.207 49.7207 2.2
      vertex 117.207 49.7207 13.2
    endloop
  endfacet
  facet normal 0.842701 0.538382 0
    outer loop
      vertex 117.207 49.7207 2.2
      vertex 117.348 49.5 13.2
      vertex 117.348 49.5 2.2
    endloop
  endfacet
  facet normal -0.97683 -0.214016 0
    outer loop
      vertex 111.852 47.2235 2.2
      vertex 111.796 47.4791 13.2
      vertex 111.796 47.4791 2.2
    endloop
  endfacet
  facet normal -0.97683 -0.214016 0
    outer loop
      vertex 111.796 47.4791 13.2
      vertex 111.852 47.2235 2.2
      vertex 111.852 47.2235 13.2
    endloop
  endfacet
  facet normal 0.953297 -0.302035 0
    outer loop
      vertex 117.648 47.2235 13.2
      vertex 117.6 47.072 12.95
      vertex 117.648 47.2235 12.95
    endloop
  endfacet
  facet normal 0.953386 -0.301753 -0.000187927
    outer loop
      vertex 117.569 46.9739 13.2
      vertex 117.6 47.072 12.95
      vertex 117.648 47.2235 13.2
    endloop
  endfacet
  facet normal 0.953524 -0.301317 0
    outer loop
      vertex 117.569 46.9739 2.2
      vertex 117.6 47.072 12.95
      vertex 117.569 46.9739 13.2
    endloop
  endfacet
  facet normal 0.953524 -0.301317 0
    outer loop
      vertex 117.6 47.072 12.95
      vertex 117.569 46.9739 2.2
      vertex 117.6 47.072 2.2
    endloop
  endfacet
  facet normal -0.536777 -0.843724 0
    outer loop
      vertex 113.029 45.5425 2.2
      vertex 113.25 45.4019 13.2
      vertex 113.029 45.5425 13.2
    endloop
  endfacet
  facet normal -0.536777 -0.843724 -0
    outer loop
      vertex 113.25 45.4019 13.2
      vertex 113.029 45.5425 2.2
      vertex 113.25 45.4019 2.2
    endloop
  endfacet
  facet normal 0.0436366 0.999047 -0
    outer loop
      vertex 115.011 50.9886 2.2
      vertex 114.75 51 13.2
      vertex 115.011 50.9886 13.2
    endloop
  endfacet
  facet normal 0.0436366 0.999047 0
    outer loop
      vertex 114.75 51 13.2
      vertex 115.011 50.9886 2.2
      vertex 114.75 51 2.2
    endloop
  endfacet
  facet normal 0.794043 0.607862 0
    outer loop
      vertex 117.207 49.7207 13.2
      vertex 117.048 49.9284 2.2
      vertex 117.048 49.9284 13.2
    endloop
  endfacet
  facet normal 0.794043 0.607862 0
    outer loop
      vertex 117.048 49.9284 2.2
      vertex 117.207 49.7207 13.2
      vertex 117.207 49.7207 2.2
    endloop
  endfacet
  facet normal 0.461834 0.886966 -0
    outer loop
      vertex 116.25 50.5981 2.2
      vertex 116.018 50.7189 13.2
      vertex 116.25 50.5981 13.2
    endloop
  endfacet
  facet normal 0.461834 0.886966 0
    outer loop
      vertex 116.018 50.7189 13.2
      vertex 116.25 50.5981 2.2
      vertex 116.018 50.7189 2.2
    endloop
  endfacet
  facet normal -0.842701 -0.538382 0
    outer loop
      vertex 112.293 46.2793 2.2
      vertex 112.152 46.5 13.2
      vertex 112.152 46.5 2.2
    endloop
  endfacet
  facet normal -0.842701 -0.538382 0
    outer loop
      vertex 112.152 46.5 13.2
      vertex 112.293 46.2793 2.2
      vertex 112.293 46.2793 13.2
    endloop
  endfacet
  facet normal 0.99102 -0.133715 0
    outer loop
      vertex 117.704 47.4791 13.2
      vertex 117.739 47.7385 12.95
      vertex 117.739 47.7385 13.2
    endloop
  endfacet
  facet normal 0.99102 -0.133715 0
    outer loop
      vertex 117.739 47.7385 12.95
      vertex 117.704 47.4791 13.2
      vertex 117.704 47.4791 12.95
    endloop
  endfacet
  facet normal -0.842701 0.538382 0
    outer loop
      vertex 112.152 49.5 2.2
      vertex 112.293 49.7207 13.2
      vertex 112.293 49.7207 2.2
    endloop
  endfacet
  facet normal -0.842701 0.538382 0
    outer loop
      vertex 112.293 49.7207 13.2
      vertex 112.152 49.5 2.2
      vertex 112.152 49.5 13.2
    endloop
  endfacet
  facet normal 0.536777 0.843724 -0
    outer loop
      vertex 116.471 50.4575 2.2
      vertex 116.25 50.5981 13.2
      vertex 116.471 50.4575 13.2
    endloop
  endfacet
  facet normal 0.536777 0.843724 0
    outer loop
      vertex 116.25 50.5981 13.2
      vertex 116.471 50.4575 2.2
      vertex 116.25 50.5981 2.2
    endloop
  endfacet
  facet normal 0.300273 0.953853 -0
    outer loop
      vertex 115.776 50.8191 2.2
      vertex 115.526 50.8978 13.2
      vertex 115.776 50.8191 13.2
    endloop
  endfacet
  facet normal 0.300273 0.953853 0
    outer loop
      vertex 115.526 50.8978 13.2
      vertex 115.776 50.8191 2.2
      vertex 115.526 50.8978 2.2
    endloop
  endfacet
  facet normal -0.736821 0.676088 0
    outer loop
      vertex 112.452 49.9284 2.2
      vertex 112.629 50.1213 13.2
      vertex 112.629 50.1213 2.2
    endloop
  endfacet
  facet normal -0.736821 0.676088 0
    outer loop
      vertex 112.629 50.1213 13.2
      vertex 112.452 49.9284 2.2
      vertex 112.452 49.9284 13.2
    endloop
  endfacet
  facet normal 0.999116 -0.0420278 0
    outer loop
      vertex 117.739 47.7385 13.2
      vertex 117.75 48 12.95
      vertex 117.75 48 13.2
    endloop
  endfacet
  facet normal 0.999116 -0.0420278 0
    outer loop
      vertex 117.75 48 12.95
      vertex 117.739 47.7385 13.2
      vertex 117.739 47.7385 12.95
    endloop
  endfacet
  facet normal -0.461834 0.886966 0
    outer loop
      vertex 113.482 50.7189 2.2
      vertex 113.25 50.5981 13.2
      vertex 113.482 50.7189 13.2
    endloop
  endfacet
  facet normal -0.461834 0.886966 0
    outer loop
      vertex 113.25 50.5981 13.2
      vertex 113.482 50.7189 2.2
      vertex 113.25 50.5981 2.2
    endloop
  endfacet
  facet normal -0.736821 -0.676088 0
    outer loop
      vertex 112.629 45.8787 2.2
      vertex 112.452 46.0716 13.2
      vertex 112.452 46.0716 2.2
    endloop
  endfacet
  facet normal -0.736821 -0.676088 0
    outer loop
      vertex 112.452 46.0716 13.2
      vertex 112.629 45.8787 2.2
      vertex 112.629 45.8787 13.2
    endloop
  endfacet
  facet normal -0.130415 0.991459 0
    outer loop
      vertex 114.489 50.9886 2.2
      vertex 114.229 50.9544 13.2
      vertex 114.489 50.9886 13.2
    endloop
  endfacet
  facet normal -0.130415 0.991459 0
    outer loop
      vertex 114.229 50.9544 13.2
      vertex 114.489 50.9886 2.2
      vertex 114.229 50.9544 2.2
    endloop
  endfacet
  facet normal -0.97683 0.214016 0
    outer loop
      vertex 111.796 48.5209 2.2
      vertex 111.852 48.7765 13.2
      vertex 111.852 48.7765 2.2
    endloop
  endfacet
  facet normal -0.97683 0.214016 0
    outer loop
      vertex 111.852 48.7765 13.2
      vertex 111.796 48.5209 2.2
      vertex 111.796 48.5209 13.2
    endloop
  endfacet
  facet normal -0.610118 -0.792311 0
    outer loop
      vertex 112.822 45.7019 2.2
      vertex 113.029 45.5425 13.2
      vertex 112.822 45.7019 13.2
    endloop
  endfacet
  facet normal -0.610118 -0.792311 -0
    outer loop
      vertex 113.029 45.5425 13.2
      vertex 112.822 45.7019 2.2
      vertex 113.029 45.5425 2.2
    endloop
  endfacet
  facet normal 0.216687 0.976241 -0
    outer loop
      vertex 115.526 50.8978 2.2
      vertex 115.271 50.9544 13.2
      vertex 115.526 50.8978 13.2
    endloop
  endfacet
  facet normal 0.216687 0.976241 0
    outer loop
      vertex 115.271 50.9544 13.2
      vertex 115.526 50.8978 2.2
      vertex 115.271 50.9544 2.2
    endloop
  endfacet
  facet normal -0.461834 -0.886966 0
    outer loop
      vertex 113.25 45.4019 2.2
      vertex 113.482 45.2811 13.2
      vertex 113.25 45.4019 13.2
    endloop
  endfacet
  facet normal -0.461834 -0.886966 -0
    outer loop
      vertex 113.482 45.2811 13.2
      vertex 113.25 45.4019 2.2
      vertex 113.482 45.2811 2.2
    endloop
  endfacet
  facet normal -0.216687 0.976241 0
    outer loop
      vertex 114.229 50.9544 2.2
      vertex 113.974 50.8978 13.2
      vertex 114.229 50.9544 13.2
    endloop
  endfacet
  facet normal -0.216687 0.976241 0
    outer loop
      vertex 113.974 50.8978 13.2
      vertex 114.229 50.9544 2.2
      vertex 113.974 50.8978 2.2
    endloop
  endfacet
  facet normal 0.842701 -0.538382 0
    outer loop
      vertex 117.207 46.2793 13.2
      vertex 117.348 46.5 2.2
      vertex 117.348 46.5 13.2
    endloop
  endfacet
  facet normal 0.842701 -0.538382 0
    outer loop
      vertex 117.348 46.5 2.2
      vertex 117.207 46.2793 13.2
      vertex 117.207 46.2793 2.2
    endloop
  endfacet
  facet normal -0.999116 -0.0420278 0
    outer loop
      vertex 111.761 47.7385 2.2
      vertex 111.75 48 13.2
      vertex 111.75 48 2.2
    endloop
  endfacet
  facet normal -0.999116 -0.0420278 0
    outer loop
      vertex 111.75 48 13.2
      vertex 111.761 47.7385 2.2
      vertex 111.761 47.7385 13.2
    endloop
  endfacet
  facet normal 0.461834 -0.886966 0
    outer loop
      vertex 116.018 45.2811 2.2
      vertex 116.25 45.4019 13.2
      vertex 116.018 45.2811 13.2
    endloop
  endfacet
  facet normal 0.461834 -0.886966 0
    outer loop
      vertex 116.25 45.4019 13.2
      vertex 116.018 45.2811 2.2
      vertex 116.25 45.4019 2.2
    endloop
  endfacet
  facet normal -0.0436366 0.999047 0
    outer loop
      vertex 114.75 51 2.2
      vertex 114.489 50.9886 13.2
      vertex 114.75 51 13.2
    endloop
  endfacet
  facet normal -0.0436366 0.999047 0
    outer loop
      vertex 114.489 50.9886 13.2
      vertex 114.75 51 2.2
      vertex 114.489 50.9886 2.2
    endloop
  endfacet
  facet normal -0.300273 -0.953853 0
    outer loop
      vertex 113.724 45.1809 2.2
      vertex 113.974 45.1022 13.2
      vertex 113.724 45.1809 13.2
    endloop
  endfacet
  facet normal -0.300273 -0.953853 -0
    outer loop
      vertex 113.974 45.1022 13.2
      vertex 113.724 45.1809 2.2
      vertex 113.974 45.1022 2.2
    endloop
  endfacet
  facet normal 0.953524 0.301317 0
    outer loop
      vertex 117.569 49.0261 13.2
      vertex 117.6 48.928 12.95
      vertex 117.569 49.0261 2.2
    endloop
  endfacet
  facet normal 0.953386 0.301753 -0.000187927
    outer loop
      vertex 117.648 48.7765 13.2
      vertex 117.6 48.928 12.95
      vertex 117.569 49.0261 13.2
    endloop
  endfacet
  facet normal 0.953297 0.302035 0
    outer loop
      vertex 117.6 48.928 12.95
      vertex 117.648 48.7765 13.2
      vertex 117.648 48.7765 12.95
    endloop
  endfacet
  facet normal 0.953524 0.301317 0
    outer loop
      vertex 117.569 49.0261 2.2
      vertex 117.6 48.928 12.95
      vertex 117.6 48.928 2.2
    endloop
  endfacet
  facet normal 0.536777 -0.843724 0
    outer loop
      vertex 116.25 45.4019 2.2
      vertex 116.471 45.5425 13.2
      vertex 116.25 45.4019 13.2
    endloop
  endfacet
  facet normal 0.536777 -0.843724 0
    outer loop
      vertex 116.471 45.5425 13.2
      vertex 116.25 45.4019 2.2
      vertex 116.471 45.5425 2.2
    endloop
  endfacet
  facet normal -0.130415 -0.991459 0
    outer loop
      vertex 114.229 45.0456 2.2
      vertex 114.489 45.0114 13.2
      vertex 114.229 45.0456 13.2
    endloop
  endfacet
  facet normal -0.130415 -0.991459 -0
    outer loop
      vertex 114.489 45.0114 13.2
      vertex 114.229 45.0456 2.2
      vertex 114.489 45.0114 2.2
    endloop
  endfacet
  facet normal -0.300273 0.953853 0
    outer loop
      vertex 113.974 50.8978 2.2
      vertex 113.724 50.8191 13.2
      vertex 113.974 50.8978 13.2
    endloop
  endfacet
  facet normal -0.300273 0.953853 0
    outer loop
      vertex 113.724 50.8191 13.2
      vertex 113.974 50.8978 2.2
      vertex 113.724 50.8191 2.2
    endloop
  endfacet
  facet normal 0.675482 -0.737376 0
    outer loop
      vertex 116.678 45.7019 2.2
      vertex 116.871 45.8787 13.2
      vertex 116.678 45.7019 13.2
    endloop
  endfacet
  facet normal 0.675482 -0.737376 0
    outer loop
      vertex 116.871 45.8787 13.2
      vertex 116.678 45.7019 2.2
      vertex 116.871 45.8787 2.2
    endloop
  endfacet
  facet normal -0.382554 -0.923933 0
    outer loop
      vertex 113.482 45.2811 2.2
      vertex 113.724 45.1809 13.2
      vertex 113.482 45.2811 13.2
    endloop
  endfacet
  facet normal -0.382554 -0.923933 -0
    outer loop
      vertex 113.724 45.1809 13.2
      vertex 113.482 45.2811 2.2
      vertex 113.724 45.1809 2.2
    endloop
  endfacet
  facet normal -0.953386 -0.301753 0
    outer loop
      vertex 111.931 46.9739 2.2
      vertex 111.852 47.2235 13.2
      vertex 111.852 47.2235 2.2
    endloop
  endfacet
  facet normal -0.953386 -0.301753 0
    outer loop
      vertex 111.852 47.2235 13.2
      vertex 111.931 46.9739 2.2
      vertex 111.931 46.9739 13.2
    endloop
  endfacet
  facet normal -0.794043 -0.607862 0
    outer loop
      vertex 112.452 46.0716 2.2
      vertex 112.293 46.2793 13.2
      vertex 112.293 46.2793 2.2
    endloop
  endfacet
  facet normal -0.794043 -0.607862 0
    outer loop
      vertex 112.293 46.2793 13.2
      vertex 112.452 46.0716 2.2
      vertex 112.452 46.0716 13.2
    endloop
  endfacet
  facet normal -0.953386 0.301753 0
    outer loop
      vertex 111.852 48.7765 2.2
      vertex 111.931 49.0261 13.2
      vertex 111.931 49.0261 2.2
    endloop
  endfacet
  facet normal -0.953386 0.301753 0
    outer loop
      vertex 111.931 49.0261 13.2
      vertex 111.852 48.7765 2.2
      vertex 111.852 48.7765 13.2
    endloop
  endfacet
  facet normal -0.886735 0.462279 0
    outer loop
      vertex 112.031 49.2679 2.2
      vertex 112.152 49.5 13.2
      vertex 112.152 49.5 2.2
    endloop
  endfacet
  facet normal -0.886735 0.462279 0
    outer loop
      vertex 112.152 49.5 13.2
      vertex 112.031 49.2679 2.2
      vertex 112.031 49.2679 13.2
    endloop
  endfacet
  facet normal -0.0436366 -0.999047 0
    outer loop
      vertex 114.489 45.0114 2.2
      vertex 114.75 45 13.2
      vertex 114.489 45.0114 13.2
    endloop
  endfacet
  facet normal -0.0436366 -0.999047 -0
    outer loop
      vertex 114.75 45 13.2
      vertex 114.489 45.0114 2.2
      vertex 114.75 45 2.2
    endloop
  endfacet
  facet normal -0.794043 0.607862 0
    outer loop
      vertex 112.293 49.7207 2.2
      vertex 112.452 49.9284 13.2
      vertex 112.452 49.9284 2.2
    endloop
  endfacet
  facet normal -0.794043 0.607862 0
    outer loop
      vertex 112.452 49.9284 13.2
      vertex 112.293 49.7207 2.2
      vertex 112.293 49.7207 13.2
    endloop
  endfacet
  facet normal -0.534788 -0.844987 0
    outer loop
      vertex 115.262 48.8877 5.95
      vertex 115.338 48.8396 13.2
      vertex 115.262 48.8877 13.2
    endloop
  endfacet
  facet normal -0.534788 -0.844987 -0
    outer loop
      vertex 115.338 48.8396 13.2
      vertex 115.262 48.8877 5.95
      vertex 115.338 48.8396 5.95
    endloop
  endfacet
  facet normal -0.990972 -0.134066 0
    outer loop
      vertex 115.771 48.0893 5.95
      vertex 115.759 48.178 13.2
      vertex 115.759 48.178 5.95
    endloop
  endfacet
  facet normal -0.990972 -0.134066 0
    outer loop
      vertex 115.759 48.178 13.2
      vertex 115.771 48.0893 5.95
      vertex 115.771 48.0893 13.2
    endloop
  endfacet
  facet normal -0.998998 -0.044748 0
    outer loop
      vertex 115.775 48 5.95
      vertex 115.771 48.0893 13.2
      vertex 115.771 48.0893 5.95
    endloop
  endfacet
  facet normal -0.998998 -0.044748 0
    outer loop
      vertex 115.771 48.0893 13.2
      vertex 115.775 48 5.95
      vertex 115.775 48 13.2
    endloop
  endfacet
  facet normal -0.977126 -0.212662 0
    outer loop
      vertex 115.759 48.178 5.95
      vertex 115.74 48.2653 13.2
      vertex 115.74 48.2653 5.95
    endloop
  endfacet
  facet normal -0.977126 -0.212662 0
    outer loop
      vertex 115.74 48.2653 13.2
      vertex 115.759 48.178 5.95
      vertex 115.759 48.178 13.2
    endloop
  endfacet
  facet normal -0.95338 -0.301773 0
    outer loop
      vertex 115.74 48.2653 5.95
      vertex 115.713 48.3506 13.2
      vertex 115.713 48.3506 5.95
    endloop
  endfacet
  facet normal -0.95338 -0.301773 0
    outer loop
      vertex 115.713 48.3506 13.2
      vertex 115.74 48.2653 5.95
      vertex 115.74 48.2653 13.2
    endloop
  endfacet
  facet normal -0.384935 0.922944 0
    outer loop
      vertex 115.183 47.071 5.95
      vertex 115.101 47.0368 13.2
      vertex 115.183 47.071 13.2
    endloop
  endfacet
  facet normal -0.384935 0.922944 0
    outer loop
      vertex 115.101 47.0368 13.2
      vertex 115.183 47.071 5.95
      vertex 115.101 47.0368 5.95
    endloop
  endfacet
  facet normal -0.843569 -0.53702 0
    outer loop
      vertex 115.638 48.5125 5.95
      vertex 115.59 48.5879 13.2
      vertex 115.59 48.5879 5.95
    endloop
  endfacet
  facet normal -0.843569 -0.53702 0
    outer loop
      vertex 115.59 48.5879 13.2
      vertex 115.638 48.5125 5.95
      vertex 115.638 48.5125 13.2
    endloop
  endfacet
  facet normal -0.384935 -0.922944 0
    outer loop
      vertex 115.101 48.9632 5.95
      vertex 115.183 48.929 13.2
      vertex 115.101 48.9632 13.2
    endloop
  endfacet
  facet normal -0.384935 -0.922944 -0
    outer loop
      vertex 115.183 48.929 13.2
      vertex 115.101 48.9632 5.95
      vertex 115.183 48.929 5.95
    endloop
  endfacet
  facet normal 0.384935 -0.922944 0
    outer loop
      vertex 114.317 48.929 5.95
      vertex 114.399 48.9632 13.2
      vertex 114.317 48.929 13.2
    endloop
  endfacet
  facet normal 0.384935 -0.922944 0
    outer loop
      vertex 114.399 48.9632 13.2
      vertex 114.317 48.929 5.95
      vertex 114.399 48.9632 5.95
    endloop
  endfacet
  facet normal -0.998998 0.044748 0
    outer loop
      vertex 115.771 47.9107 5.95
      vertex 115.775 48 13.2
      vertex 115.775 48 5.95
    endloop
  endfacet
  facet normal -0.998998 0.044748 0
    outer loop
      vertex 115.775 48 13.2
      vertex 115.771 47.9107 5.95
      vertex 115.771 47.9107 13.2
    endloop
  endfacet
  facet normal 0.298528 -0.954401 0
    outer loop
      vertex 114.399 48.9632 5.95
      vertex 114.485 48.9901 13.2
      vertex 114.399 48.9632 13.2
    endloop
  endfacet
  facet normal 0.298528 -0.954401 0
    outer loop
      vertex 114.485 48.9901 13.2
      vertex 114.399 48.9632 5.95
      vertex 114.485 48.9901 5.95
    endloop
  endfacet
  facet normal 0.998998 -0.044748 0
    outer loop
      vertex 113.725 48 13.2
      vertex 113.729 48.0893 5.95
      vertex 113.729 48.0893 13.2
    endloop
  endfacet
  facet normal 0.998998 -0.044748 0
    outer loop
      vertex 113.729 48.0893 5.95
      vertex 113.725 48 13.2
      vertex 113.725 48 5.95
    endloop
  endfacet
  facet normal -0.463294 0.886205 0
    outer loop
      vertex 115.262 47.1123 5.95
      vertex 115.183 47.071 13.2
      vertex 115.262 47.1123 13.2
    endloop
  endfacet
  facet normal -0.463294 0.886205 0
    outer loop
      vertex 115.183 47.071 13.2
      vertex 115.262 47.1123 5.95
      vertex 115.183 47.071 5.95
    endloop
  endfacet
  facet normal -0.924724 0.380637 0
    outer loop
      vertex 115.679 47.5668 5.95
      vertex 115.713 47.6494 13.2
      vertex 115.713 47.6494 5.95
    endloop
  endfacet
  facet normal -0.924724 0.380637 0
    outer loop
      vertex 115.713 47.6494 13.2
      vertex 115.679 47.5668 5.95
      vertex 115.679 47.5668 13.2
    endloop
  endfacet
  facet normal 0.843569 0.53702 0
    outer loop
      vertex 113.91 47.4121 13.2
      vertex 113.862 47.4875 5.95
      vertex 113.862 47.4875 13.2
    endloop
  endfacet
  facet normal 0.843569 0.53702 0
    outer loop
      vertex 113.862 47.4875 5.95
      vertex 113.91 47.4121 13.2
      vertex 113.91 47.4121 5.95
    endloop
  endfacet
  facet normal -0.298528 -0.954401 0
    outer loop
      vertex 115.015 48.9901 5.95
      vertex 115.101 48.9632 13.2
      vertex 115.015 48.9901 13.2
    endloop
  endfacet
  facet normal -0.298528 -0.954401 -0
    outer loop
      vertex 115.101 48.9632 13.2
      vertex 115.015 48.9901 5.95
      vertex 115.101 48.9632 5.95
    endloop
  endfacet
  facet normal -0.739432 -0.673231 0
    outer loop
      vertex 115.535 48.6589 5.95
      vertex 115.475 48.7248 13.2
      vertex 115.475 48.7248 5.95
    endloop
  endfacet
  facet normal -0.739432 -0.673231 0
    outer loop
      vertex 115.475 48.7248 13.2
      vertex 115.535 48.6589 5.95
      vertex 115.535 48.6589 13.2
    endloop
  endfacet
  facet normal -0.79055 -0.612398 0
    outer loop
      vertex 115.59 48.5879 5.95
      vertex 115.535 48.6589 13.2
      vertex 115.535 48.6589 5.95
    endloop
  endfacet
  facet normal -0.79055 -0.612398 0
    outer loop
      vertex 115.535 48.6589 13.2
      vertex 115.59 48.5879 5.95
      vertex 115.59 48.5879 13.2
    endloop
  endfacet
  facet normal 0.79055 0.612398 0
    outer loop
      vertex 113.965 47.3411 13.2
      vertex 113.91 47.4121 5.95
      vertex 113.91 47.4121 13.2
    endloop
  endfacet
  facet normal 0.79055 0.612398 0
    outer loop
      vertex 113.91 47.4121 5.95
      vertex 113.965 47.3411 13.2
      vertex 113.965 47.3411 5.95
    endloop
  endfacet
  facet normal -0.463294 -0.886205 0
    outer loop
      vertex 115.183 48.929 5.95
      vertex 115.262 48.8877 13.2
      vertex 115.183 48.929 13.2
    endloop
  endfacet
  facet normal -0.463294 -0.886205 -0
    outer loop
      vertex 115.262 48.8877 13.2
      vertex 115.183 48.929 5.95
      vertex 115.262 48.8877 5.95
    endloop
  endfacet
  facet normal -0.843569 0.53702 0
    outer loop
      vertex 115.59 47.4121 5.95
      vertex 115.638 47.4875 13.2
      vertex 115.638 47.4875 5.95
    endloop
  endfacet
  facet normal -0.843569 0.53702 0
    outer loop
      vertex 115.638 47.4875 13.2
      vertex 115.59 47.4121 5.95
      vertex 115.59 47.4121 13.2
    endloop
  endfacet
  facet normal 0.998998 0.044748 0
    outer loop
      vertex 113.729 47.9107 13.2
      vertex 113.725 48 5.95
      vertex 113.725 48 13.2
    endloop
  endfacet
  facet normal 0.998998 0.044748 0
    outer loop
      vertex 113.725 48 5.95
      vertex 113.729 47.9107 13.2
      vertex 113.729 47.9107 5.95
    endloop
  endfacet
  facet normal 0 0 1
    outer loop
      vertex 115.771 48.0893 5.95
      vertex 115.771 47.9107 5.95
      vertex 115.775 48 5.95
    endloop
  endfacet
  facet normal 0 0 1
    outer loop
      vertex 115.759 48.178 5.95
      vertex 115.771 47.9107 5.95
      vertex 115.771 48.0893 5.95
    endloop
  endfacet
  facet normal 0 0 1
    outer loop
      vertex 115.759 48.178 5.95
      vertex 115.759 47.822 5.95
      vertex 115.771 47.9107 5.95
    endloop
  endfacet
  facet normal 0 0 1
    outer loop
      vertex 115.74 48.2653 5.95
      vertex 115.759 47.822 5.95
      vertex 115.759 48.178 5.95
    endloop
  endfacet
  facet normal 0 0 1
    outer loop
      vertex 115.74 48.2653 5.95
      vertex 115.74 47.7347 5.95
      vertex 115.759 47.822 5.95
    endloop
  endfacet
  facet normal 0 0 1
    outer loop
      vertex 115.713 48.3506 5.95
      vertex 115.74 47.7347 5.95
      vertex 115.74 48.2653 5.95
    endloop
  endfacet
  facet normal 0 0 1
    outer loop
      vertex 115.713 48.3506 5.95
      vertex 115.713 47.6494 5.95
      vertex 115.74 47.7347 5.95
    endloop
  endfacet
  facet normal 0 0 1
    outer loop
      vertex 115.679 48.4332 5.95
      vertex 115.713 47.6494 5.95
      vertex 115.713 48.3506 5.95
    endloop
  endfacet
  facet normal 0 0 1
    outer loop
      vertex 115.679 48.4332 5.95
      vertex 115.679 47.5668 5.95
      vertex 115.713 47.6494 5.95
    endloop
  endfacet
  facet normal 0 0 1
    outer loop
      vertex 115.638 48.5125 5.95
      vertex 115.679 47.5668 5.95
      vertex 115.679 48.4332 5.95
    endloop
  endfacet
  facet normal 0 0 1
    outer loop
      vertex 115.638 48.5125 5.95
      vertex 115.638 47.4875 5.95
      vertex 115.679 47.5668 5.95
    endloop
  endfacet
  facet normal 0 0 1
    outer loop
      vertex 115.59 48.5879 5.95
      vertex 115.638 47.4875 5.95
      vertex 115.638 48.5125 5.95
    endloop
  endfacet
  facet normal 0 0 1
    outer loop
      vertex 115.59 48.5879 5.95
      vertex 115.59 47.4121 5.95
      vertex 115.638 47.4875 5.95
    endloop
  endfacet
  facet normal 0 0 1
    outer loop
      vertex 115.535 48.6589 5.95
      vertex 115.59 47.4121 5.95
      vertex 115.59 48.5879 5.95
    endloop
  endfacet
  facet normal 0 0 1
    outer loop
      vertex 115.535 48.6589 5.95
      vertex 115.535 47.3411 5.95
      vertex 115.59 47.4121 5.95
    endloop
  endfacet
  facet normal 0 0 1
    outer loop
      vertex 115.475 48.7248 5.95
      vertex 115.535 47.3411 5.95
      vertex 115.535 48.6589 5.95
    endloop
  endfacet
  facet normal 0 0 1
    outer loop
      vertex 115.475 48.7248 5.95
      vertex 115.475 47.2752 5.95
      vertex 115.535 47.3411 5.95
    endloop
  endfacet
  facet normal 0 0 1
    outer loop
      vertex 115.409 48.7852 5.95
      vertex 115.475 47.2752 5.95
      vertex 115.475 48.7248 5.95
    endloop
  endfacet
  facet normal 0 0 1
    outer loop
      vertex 115.409 48.7852 5.95
      vertex 115.409 47.2148 5.95
      vertex 115.475 47.2752 5.95
    endloop
  endfacet
  facet normal 0 0 1
    outer loop
      vertex 115.338 48.8396 5.95
      vertex 115.409 47.2148 5.95
      vertex 115.409 48.7852 5.95
    endloop
  endfacet
  facet normal 0 0 1
    outer loop
      vertex 115.338 48.8396 5.95
      vertex 115.338 47.1604 5.95
      vertex 115.409 47.2148 5.95
    endloop
  endfacet
  facet normal 0 0 1
    outer loop
      vertex 115.262 48.8877 5.95
      vertex 115.338 47.1604 5.95
      vertex 115.338 48.8396 5.95
    endloop
  endfacet
  facet normal 0 0 1
    outer loop
      vertex 115.262 48.8877 5.95
      vertex 115.262 47.1123 5.95
      vertex 115.338 47.1604 5.95
    endloop
  endfacet
  facet normal 0 0 1
    outer loop
      vertex 115.183 48.929 5.95
      vertex 115.262 47.1123 5.95
      vertex 115.262 48.8877 5.95
    endloop
  endfacet
  facet normal 0 0 1
    outer loop
      vertex 115.183 48.929 5.95
      vertex 115.183 47.071 5.95
      vertex 115.262 47.1123 5.95
    endloop
  endfacet
  facet normal 0 0 1
    outer loop
      vertex 115.101 48.9632 5.95
      vertex 115.183 47.071 5.95
      vertex 115.183 48.929 5.95
    endloop
  endfacet
  facet normal 0 0 1
    outer loop
      vertex 115.101 48.9632 5.95
      vertex 115.101 47.0368 5.95
      vertex 115.183 47.071 5.95
    endloop
  endfacet
  facet normal 0 0 1
    outer loop
      vertex 115.015 48.9901 5.95
      vertex 115.101 47.0368 5.95
      vertex 115.101 48.9632 5.95
    endloop
  endfacet
  facet normal 0 0 1
    outer loop
      vertex 115.015 48.9901 5.95
      vertex 115.015 47.0099 5.95
      vertex 115.101 47.0368 5.95
    endloop
  endfacet
  facet normal 0 0 1
    outer loop
      vertex 114.928 49.0094 5.95
      vertex 115.015 47.0099 5.95
      vertex 115.015 48.9901 5.95
    endloop
  endfacet
  facet normal 0 0 1
    outer loop
      vertex 114.928 49.0094 5.95
      vertex 114.928 46.9906 5.95
      vertex 115.015 47.0099 5.95
    endloop
  endfacet
  facet normal 0 0 1
    outer loop
      vertex 114.839 49.0211 5.95
      vertex 114.928 46.9906 5.95
      vertex 114.928 49.0094 5.95
    endloop
  endfacet
  facet normal 0 0 1
    outer loop
      vertex 114.839 49.0211 5.95
      vertex 114.839 46.9789 5.95
      vertex 114.928 46.9906 5.95
    endloop
  endfacet
  facet normal 0 0 1
    outer loop
      vertex 114.75 49.025 5.95
      vertex 114.839 46.9789 5.95
      vertex 114.839 49.0211 5.95
    endloop
  endfacet
  facet normal 0 0 1
    outer loop
      vertex 114.75 49.025 5.95
      vertex 114.75 46.975 5.95
      vertex 114.839 46.9789 5.95
    endloop
  endfacet
  facet normal -0 0 1
    outer loop
      vertex 114.661 49.0211 5.95
      vertex 114.75 46.975 5.95
      vertex 114.75 49.025 5.95
    endloop
  endfacet
  facet normal 0 0 1
    outer loop
      vertex 114.661 49.0211 5.95
      vertex 114.661 46.9789 5.95
      vertex 114.75 46.975 5.95
    endloop
  endfacet
  facet normal -0 0 1
    outer loop
      vertex 114.572 49.0094 5.95
      vertex 114.661 46.9789 5.95
      vertex 114.661 49.0211 5.95
    endloop
  endfacet
  facet normal 0 0 1
    outer loop
      vertex 114.572 49.0094 5.95
      vertex 114.572 46.9906 5.95
      vertex 114.661 46.9789 5.95
    endloop
  endfacet
  facet normal -0 0 1
    outer loop
      vertex 114.485 48.9901 5.95
      vertex 114.572 46.9906 5.95
      vertex 114.572 49.0094 5.95
    endloop
  endfacet
  facet normal 0 0 1
    outer loop
      vertex 114.485 48.9901 5.95
      vertex 114.485 47.0099 5.95
      vertex 114.572 46.9906 5.95
    endloop
  endfacet
  facet normal -0 0 1
    outer loop
      vertex 114.399 48.9632 5.95
      vertex 114.485 47.0099 5.95
      vertex 114.485 48.9901 5.95
    endloop
  endfacet
  facet normal 0 0 1
    outer loop
      vertex 114.399 48.9632 5.95
      vertex 114.399 47.0368 5.95
      vertex 114.485 47.0099 5.95
    endloop
  endfacet
  facet normal -0 0 1
    outer loop
      vertex 114.317 48.929 5.95
      vertex 114.399 47.0368 5.95
      vertex 114.399 48.9632 5.95
    endloop
  endfacet
  facet normal 0 0 1
    outer loop
      vertex 114.317 48.929 5.95
      vertex 114.317 47.071 5.95
      vertex 114.399 47.0368 5.95
    endloop
  endfacet
  facet normal -0 0 1
    outer loop
      vertex 114.238 48.8877 5.95
      vertex 114.317 47.071 5.95
      vertex 114.317 48.929 5.95
    endloop
  endfacet
  facet normal 0 0 1
    outer loop
      vertex 114.238 48.8877 5.95
      vertex 114.238 47.1123 5.95
      vertex 114.317 47.071 5.95
    endloop
  endfacet
  facet normal -0 0 1
    outer loop
      vertex 114.162 48.8396 5.95
      vertex 114.238 47.1123 5.95
      vertex 114.238 48.8877 5.95
    endloop
  endfacet
  facet normal 0 0 1
    outer loop
      vertex 114.162 48.8396 5.95
      vertex 114.162 47.1604 5.95
      vertex 114.238 47.1123 5.95
    endloop
  endfacet
  facet normal -0 0 1
    outer loop
      vertex 114.091 48.7852 5.95
      vertex 114.162 47.1604 5.95
      vertex 114.162 48.8396 5.95
    endloop
  endfacet
  facet normal 0 0 1
    outer loop
      vertex 114.091 48.7852 5.95
      vertex 114.091 47.2148 5.95
      vertex 114.162 47.1604 5.95
    endloop
  endfacet
  facet normal -0 0 1
    outer loop
      vertex 114.025 48.7248 5.95
      vertex 114.091 47.2148 5.95
      vertex 114.091 48.7852 5.95
    endloop
  endfacet
  facet normal 0 0 1
    outer loop
      vertex 114.025 48.7248 5.95
      vertex 114.025 47.2752 5.95
      vertex 114.091 47.2148 5.95
    endloop
  endfacet
  facet normal -0 0 1
    outer loop
      vertex 113.965 48.6589 5.95
      vertex 114.025 47.2752 5.95
      vertex 114.025 48.7248 5.95
    endloop
  endfacet
  facet normal 0 0 1
    outer loop
      vertex 113.965 48.6589 5.95
      vertex 113.965 47.3411 5.95
      vertex 114.025 47.2752 5.95
    endloop
  endfacet
  facet normal -0 0 1
    outer loop
      vertex 113.91 48.5879 5.95
      vertex 113.965 47.3411 5.95
      vertex 113.965 48.6589 5.95
    endloop
  endfacet
  facet normal 0 0 1
    outer loop
      vertex 113.91 48.5879 5.95
      vertex 113.91 47.4121 5.95
      vertex 113.965 47.3411 5.95
    endloop
  endfacet
  facet normal -0 0 1
    outer loop
      vertex 113.862 48.5125 5.95
      vertex 113.91 47.4121 5.95
      vertex 113.91 48.5879 5.95
    endloop
  endfacet
  facet normal 0 0 1
    outer loop
      vertex 113.862 48.5125 5.95
      vertex 113.862 47.4875 5.95
      vertex 113.91 47.4121 5.95
    endloop
  endfacet
  facet normal -0 0 1
    outer loop
      vertex 113.821 48.4332 5.95
      vertex 113.862 47.4875 5.95
      vertex 113.862 48.5125 5.95
    endloop
  endfacet
  facet normal 0 0 1
    outer loop
      vertex 113.821 48.4332 5.95
      vertex 113.821 47.5668 5.95
      vertex 113.862 47.4875 5.95
    endloop
  endfacet
  facet normal -0 0 1
    outer loop
      vertex 113.787 48.3506 5.95
      vertex 113.821 47.5668 5.95
      vertex 113.821 48.4332 5.95
    endloop
  endfacet
  facet normal 0 0 1
    outer loop
      vertex 113.787 48.3506 5.95
      vertex 113.787 47.6494 5.95
      vertex 113.821 47.5668 5.95
    endloop
  endfacet
  facet normal -0 0 1
    outer loop
      vertex 113.76 48.2653 5.95
      vertex 113.787 47.6494 5.95
      vertex 113.787 48.3506 5.95
    endloop
  endfacet
  facet normal 0 0 1
    outer loop
      vertex 113.76 48.2653 5.95
      vertex 113.76 47.7347 5.95
      vertex 113.787 47.6494 5.95
    endloop
  endfacet
  facet normal -0 0 1
    outer loop
      vertex 113.741 48.178 5.95
      vertex 113.76 47.7347 5.95
      vertex 113.76 48.2653 5.95
    endloop
  endfacet
  facet normal 0 0 1
    outer loop
      vertex 113.741 48.178 5.95
      vertex 113.741 47.822 5.95
      vertex 113.76 47.7347 5.95
    endloop
  endfacet
  facet normal -0 0 1
    outer loop
      vertex 113.729 48.0893 5.95
      vertex 113.741 47.822 5.95
      vertex 113.741 48.178 5.95
    endloop
  endfacet
  facet normal 0 0 1
    outer loop
      vertex 113.729 48.0893 5.95
      vertex 113.729 47.9107 5.95
      vertex 113.741 47.822 5.95
    endloop
  endfacet
  facet normal 0 -0 1
    outer loop
      vertex 113.729 47.9107 5.95
      vertex 113.729 48.0893 5.95
      vertex 113.725 48 5.95
    endloop
  endfacet
  facet normal -0.888296 -0.459271 0
    outer loop
      vertex 115.679 48.4332 5.95
      vertex 115.638 48.5125 13.2
      vertex 115.638 48.5125 5.95
    endloop
  endfacet
  facet normal -0.888296 -0.459271 0
    outer loop
      vertex 115.638 48.5125 13.2
      vertex 115.679 48.4332 5.95
      vertex 115.679 48.4332 13.2
    endloop
  endfacet
  facet normal 0.675117 -0.737711 0
    outer loop
      vertex 114.025 48.7248 5.95
      vertex 114.091 48.7852 13.2
      vertex 114.025 48.7248 13.2
    endloop
  endfacet
  facet normal 0.675117 -0.737711 0
    outer loop
      vertex 114.091 48.7852 13.2
      vertex 114.025 48.7248 5.95
      vertex 114.091 48.7852 5.95
    endloop
  endfacet
  facet normal 0.608197 0.793786 -0
    outer loop
      vertex 114.162 47.1604 5.95
      vertex 114.091 47.2148 13.2
      vertex 114.162 47.1604 13.2
    endloop
  endfacet
  facet normal 0.608197 0.793786 0
    outer loop
      vertex 114.091 47.2148 13.2
      vertex 114.162 47.1604 5.95
      vertex 114.091 47.2148 5.95
    endloop
  endfacet
  facet normal 0.463294 -0.886205 0
    outer loop
      vertex 114.238 48.8877 5.95
      vertex 114.317 48.929 13.2
      vertex 114.238 48.8877 13.2
    endloop
  endfacet
  facet normal 0.463294 -0.886205 0
    outer loop
      vertex 114.317 48.929 13.2
      vertex 114.238 48.8877 5.95
      vertex 114.317 48.929 5.95
    endloop
  endfacet
  facet normal 0.95338 0.301773 0
    outer loop
      vertex 113.787 47.6494 13.2
      vertex 113.76 47.7347 5.95
      vertex 113.76 47.7347 13.2
    endloop
  endfacet
  facet normal 0.95338 0.301773 0
    outer loop
      vertex 113.76 47.7347 5.95
      vertex 113.787 47.6494 13.2
      vertex 113.787 47.6494 5.95
    endloop
  endfacet
  facet normal -0.924724 -0.380637 0
    outer loop
      vertex 115.713 48.3506 5.95
      vertex 115.679 48.4332 13.2
      vertex 115.679 48.4332 5.95
    endloop
  endfacet
  facet normal -0.924724 -0.380637 0
    outer loop
      vertex 115.679 48.4332 13.2
      vertex 115.713 48.3506 5.95
      vertex 115.713 48.3506 13.2
    endloop
  endfacet
  facet normal -0.675117 0.737711 0
    outer loop
      vertex 115.475 47.2752 5.95
      vertex 115.409 47.2148 13.2
      vertex 115.475 47.2752 13.2
    endloop
  endfacet
  facet normal -0.675117 0.737711 0
    outer loop
      vertex 115.409 47.2148 13.2
      vertex 115.475 47.2752 5.95
      vertex 115.409 47.2148 5.95
    endloop
  endfacet
  facet normal 0.216574 -0.976266 0
    outer loop
      vertex 114.485 48.9901 5.95
      vertex 114.572 49.0094 13.2
      vertex 114.485 48.9901 13.2
    endloop
  endfacet
  facet normal 0.216574 -0.976266 0
    outer loop
      vertex 114.572 49.0094 13.2
      vertex 114.485 48.9901 5.95
      vertex 114.572 49.0094 5.95
    endloop
  endfacet
  facet normal 0.990972 0.134066 0
    outer loop
      vertex 113.741 47.822 13.2
      vertex 113.729 47.9107 5.95
      vertex 113.729 47.9107 13.2
    endloop
  endfacet
  facet normal 0.990972 0.134066 0
    outer loop
      vertex 113.729 47.9107 5.95
      vertex 113.741 47.822 13.2
      vertex 113.741 47.822 5.95
    endloop
  endfacet
  facet normal 0.0437782 0.999041 -0
    outer loop
      vertex 114.75 46.975 5.95
      vertex 114.661 46.9789 13.2
      vertex 114.75 46.975 13.2
    endloop
  endfacet
  facet normal 0.0437782 0.999041 0
    outer loop
      vertex 114.661 46.9789 13.2
      vertex 114.75 46.975 5.95
      vertex 114.661 46.9789 5.95
    endloop
  endfacet
  facet normal -0.990972 0.134066 0
    outer loop
      vertex 115.759 47.822 5.95
      vertex 115.771 47.9107 13.2
      vertex 115.771 47.9107 5.95
    endloop
  endfacet
  facet normal -0.990972 0.134066 0
    outer loop
      vertex 115.771 47.9107 13.2
      vertex 115.759 47.822 5.95
      vertex 115.759 47.822 13.2
    endloop
  endfacet
  facet normal 0.924724 0.380637 0
    outer loop
      vertex 113.821 47.5668 13.2
      vertex 113.787 47.6494 5.95
      vertex 113.787 47.6494 13.2
    endloop
  endfacet
  facet normal 0.924724 0.380637 0
    outer loop
      vertex 113.787 47.6494 5.95
      vertex 113.821 47.5668 13.2
      vertex 113.821 47.5668 5.95
    endloop
  endfacet
  facet normal -0.977126 0.212662 0
    outer loop
      vertex 115.74 47.7347 5.95
      vertex 115.759 47.822 13.2
      vertex 115.759 47.822 5.95
    endloop
  endfacet
  facet normal -0.977126 0.212662 0
    outer loop
      vertex 115.759 47.822 13.2
      vertex 115.74 47.7347 5.95
      vertex 115.74 47.7347 13.2
    endloop
  endfacet
  facet normal 0.675117 0.737711 -0
    outer loop
      vertex 114.091 47.2148 5.95
      vertex 114.025 47.2752 13.2
      vertex 114.091 47.2148 13.2
    endloop
  endfacet
  facet normal 0.675117 0.737711 0
    outer loop
      vertex 114.025 47.2752 13.2
      vertex 114.091 47.2148 5.95
      vertex 114.025 47.2752 5.95
    endloop
  endfacet
  facet normal -0.79055 0.612398 0
    outer loop
      vertex 115.535 47.3411 5.95
      vertex 115.59 47.4121 13.2
      vertex 115.59 47.4121 5.95
    endloop
  endfacet
  facet normal -0.79055 0.612398 0
    outer loop
      vertex 115.59 47.4121 13.2
      vertex 115.535 47.3411 5.95
      vertex 115.535 47.3411 13.2
    endloop
  endfacet
  facet normal -0.888296 0.459271 0
    outer loop
      vertex 115.638 47.4875 5.95
      vertex 115.679 47.5668 13.2
      vertex 115.679 47.5668 5.95
    endloop
  endfacet
  facet normal -0.888296 0.459271 0
    outer loop
      vertex 115.679 47.5668 13.2
      vertex 115.638 47.4875 5.95
      vertex 115.638 47.4875 13.2
    endloop
  endfacet
  facet normal 0.990972 -0.134066 0
    outer loop
      vertex 113.729 48.0893 13.2
      vertex 113.741 48.178 5.95
      vertex 113.741 48.178 13.2
    endloop
  endfacet
  facet normal 0.990972 -0.134066 0
    outer loop
      vertex 113.741 48.178 5.95
      vertex 113.729 48.0893 13.2
      vertex 113.729 48.0893 5.95
    endloop
  endfacet
  facet normal 0.977126 0.212662 0
    outer loop
      vertex 113.76 47.7347 13.2
      vertex 113.741 47.822 5.95
      vertex 113.741 47.822 13.2
    endloop
  endfacet
  facet normal 0.977126 0.212662 0
    outer loop
      vertex 113.741 47.822 5.95
      vertex 113.76 47.7347 13.2
      vertex 113.76 47.7347 5.95
    endloop
  endfacet
  facet normal 0.216574 0.976266 -0
    outer loop
      vertex 114.572 46.9906 5.95
      vertex 114.485 47.0099 13.2
      vertex 114.572 46.9906 13.2
    endloop
  endfacet
  facet normal 0.216574 0.976266 0
    outer loop
      vertex 114.485 47.0099 13.2
      vertex 114.572 46.9906 5.95
      vertex 114.485 47.0099 5.95
    endloop
  endfacet
  facet normal -0.739432 0.673231 0
    outer loop
      vertex 115.475 47.2752 5.95
      vertex 115.535 47.3411 13.2
      vertex 115.535 47.3411 5.95
    endloop
  endfacet
  facet normal -0.739432 0.673231 0
    outer loop
      vertex 115.535 47.3411 13.2
      vertex 115.475 47.2752 5.95
      vertex 115.475 47.2752 13.2
    endloop
  endfacet
  facet normal -0.130339 0.991469 0
    outer loop
      vertex 114.928 46.9906 5.95
      vertex 114.839 46.9789 13.2
      vertex 114.928 46.9906 13.2
    endloop
  endfacet
  facet normal -0.130339 0.991469 0
    outer loop
      vertex 114.839 46.9789 13.2
      vertex 114.928 46.9906 5.95
      vertex 114.839 46.9789 5.95
    endloop
  endfacet
  facet normal 0.608197 -0.793786 0
    outer loop
      vertex 114.091 48.7852 5.95
      vertex 114.162 48.8396 13.2
      vertex 114.091 48.7852 13.2
    endloop
  endfacet
  facet normal 0.608197 -0.793786 0
    outer loop
      vertex 114.162 48.8396 13.2
      vertex 114.091 48.7852 5.95
      vertex 114.162 48.8396 5.95
    endloop
  endfacet
  facet normal -0.0437782 -0.999041 0
    outer loop
      vertex 114.75 49.025 5.95
      vertex 114.839 49.0211 13.2
      vertex 114.75 49.025 13.2
    endloop
  endfacet
  facet normal -0.0437782 -0.999041 -0
    outer loop
      vertex 114.839 49.0211 13.2
      vertex 114.75 49.025 5.95
      vertex 114.839 49.0211 5.95
    endloop
  endfacet
  facet normal 0.739432 0.673231 0
    outer loop
      vertex 114.025 47.2752 13.2
      vertex 113.965 47.3411 5.95
      vertex 113.965 47.3411 13.2
    endloop
  endfacet
  facet normal 0.739432 0.673231 0
    outer loop
      vertex 113.965 47.3411 5.95
      vertex 114.025 47.2752 13.2
      vertex 114.025 47.2752 5.95
    endloop
  endfacet
  facet normal -0.216574 0.976266 0
    outer loop
      vertex 115.015 47.0099 5.95
      vertex 114.928 46.9906 13.2
      vertex 115.015 47.0099 13.2
    endloop
  endfacet
  facet normal -0.216574 0.976266 0
    outer loop
      vertex 114.928 46.9906 13.2
      vertex 115.015 47.0099 5.95
      vertex 114.928 46.9906 5.95
    endloop
  endfacet
  facet normal -0.216574 -0.976266 0
    outer loop
      vertex 114.928 49.0094 5.95
      vertex 115.015 48.9901 13.2
      vertex 114.928 49.0094 13.2
    endloop
  endfacet
  facet normal -0.216574 -0.976266 -0
    outer loop
      vertex 115.015 48.9901 13.2
      vertex 114.928 49.0094 5.95
      vertex 115.015 48.9901 5.95
    endloop
  endfacet
  facet normal 0.739432 -0.673231 0
    outer loop
      vertex 113.965 48.6589 13.2
      vertex 114.025 48.7248 5.95
      vertex 114.025 48.7248 13.2
    endloop
  endfacet
  facet normal 0.739432 -0.673231 0
    outer loop
      vertex 114.025 48.7248 5.95
      vertex 113.965 48.6589 13.2
      vertex 113.965 48.6589 5.95
    endloop
  endfacet
  facet normal 0.977126 -0.212662 0
    outer loop
      vertex 113.741 48.178 13.2
      vertex 113.76 48.2653 5.95
      vertex 113.76 48.2653 13.2
    endloop
  endfacet
  facet normal 0.977126 -0.212662 0
    outer loop
      vertex 113.76 48.2653 5.95
      vertex 113.741 48.178 13.2
      vertex 113.741 48.178 5.95
    endloop
  endfacet
  facet normal 0.843569 -0.53702 0
    outer loop
      vertex 113.862 48.5125 13.2
      vertex 113.91 48.5879 5.95
      vertex 113.91 48.5879 13.2
    endloop
  endfacet
  facet normal 0.843569 -0.53702 0
    outer loop
      vertex 113.91 48.5879 5.95
      vertex 113.862 48.5125 13.2
      vertex 113.862 48.5125 5.95
    endloop
  endfacet
  facet normal -0.0437782 0.999041 0
    outer loop
      vertex 114.839 46.9789 5.95
      vertex 114.75 46.975 13.2
      vertex 114.839 46.9789 13.2
    endloop
  endfacet
  facet normal -0.0437782 0.999041 0
    outer loop
      vertex 114.75 46.975 13.2
      vertex 114.839 46.9789 5.95
      vertex 114.75 46.975 5.95
    endloop
  endfacet
  facet normal 0.463294 0.886205 -0
    outer loop
      vertex 114.317 47.071 5.95
      vertex 114.238 47.1123 13.2
      vertex 114.317 47.071 13.2
    endloop
  endfacet
  facet normal 0.463294 0.886205 0
    outer loop
      vertex 114.238 47.1123 13.2
      vertex 114.317 47.071 5.95
      vertex 114.238 47.1123 5.95
    endloop
  endfacet
  facet normal 0.888296 0.459271 0
    outer loop
      vertex 113.862 47.4875 13.2
      vertex 113.821 47.5668 5.95
      vertex 113.821 47.5668 13.2
    endloop
  endfacet
  facet normal 0.888296 0.459271 0
    outer loop
      vertex 113.821 47.5668 5.95
      vertex 113.862 47.4875 13.2
      vertex 113.862 47.4875 5.95
    endloop
  endfacet
  facet normal -0.675117 -0.737711 0
    outer loop
      vertex 115.409 48.7852 5.95
      vertex 115.475 48.7248 13.2
      vertex 115.409 48.7852 13.2
    endloop
  endfacet
  facet normal -0.675117 -0.737711 -0
    outer loop
      vertex 115.475 48.7248 13.2
      vertex 115.409 48.7852 5.95
      vertex 115.475 48.7248 5.95
    endloop
  endfacet
  facet normal 0.298528 0.954401 -0
    outer loop
      vertex 114.485 47.0099 5.95
      vertex 114.399 47.0368 13.2
      vertex 114.485 47.0099 13.2
    endloop
  endfacet
  facet normal 0.298528 0.954401 0
    outer loop
      vertex 114.399 47.0368 13.2
      vertex 114.485 47.0099 5.95
      vertex 114.399 47.0368 5.95
    endloop
  endfacet
  facet normal 0.95338 -0.301773 0
    outer loop
      vertex 113.76 48.2653 13.2
      vertex 113.787 48.3506 5.95
      vertex 113.787 48.3506 13.2
    endloop
  endfacet
  facet normal 0.95338 -0.301773 0
    outer loop
      vertex 113.787 48.3506 5.95
      vertex 113.76 48.2653 13.2
      vertex 113.76 48.2653 5.95
    endloop
  endfacet
  facet normal 0.130339 0.991469 -0
    outer loop
      vertex 114.661 46.9789 5.95
      vertex 114.572 46.9906 13.2
      vertex 114.661 46.9789 13.2
    endloop
  endfacet
  facet normal 0.130339 0.991469 0
    outer loop
      vertex 114.572 46.9906 13.2
      vertex 114.661 46.9789 5.95
      vertex 114.572 46.9906 5.95
    endloop
  endfacet
  facet normal 0.888296 -0.459271 0
    outer loop
      vertex 113.821 48.4332 13.2
      vertex 113.862 48.5125 5.95
      vertex 113.862 48.5125 13.2
    endloop
  endfacet
  facet normal 0.888296 -0.459271 0
    outer loop
      vertex 113.862 48.5125 5.95
      vertex 113.821 48.4332 13.2
      vertex 113.821 48.4332 5.95
    endloop
  endfacet
  facet normal -0.608197 -0.793786 0
    outer loop
      vertex 115.338 48.8396 5.95
      vertex 115.409 48.7852 13.2
      vertex 115.338 48.8396 13.2
    endloop
  endfacet
  facet normal -0.608197 -0.793786 -0
    outer loop
      vertex 115.409 48.7852 13.2
      vertex 115.338 48.8396 5.95
      vertex 115.409 48.7852 5.95
    endloop
  endfacet
  facet normal 0.534788 0.844987 -0
    outer loop
      vertex 114.238 47.1123 5.95
      vertex 114.162 47.1604 13.2
      vertex 114.238 47.1123 13.2
    endloop
  endfacet
  facet normal 0.534788 0.844987 0
    outer loop
      vertex 114.162 47.1604 13.2
      vertex 114.238 47.1123 5.95
      vertex 114.162 47.1604 5.95
    endloop
  endfacet
  facet normal 0.0437782 -0.999041 0
    outer loop
      vertex 114.661 49.0211 5.95
      vertex 114.75 49.025 13.2
      vertex 114.661 49.0211 13.2
    endloop
  endfacet
  facet normal 0.0437782 -0.999041 0
    outer loop
      vertex 114.75 49.025 13.2
      vertex 114.661 49.0211 5.95
      vertex 114.75 49.025 5.95
    endloop
  endfacet
  facet normal -0.298528 0.954401 0
    outer loop
      vertex 115.101 47.0368 5.95
      vertex 115.015 47.0099 13.2
      vertex 115.101 47.0368 13.2
    endloop
  endfacet
  facet normal -0.298528 0.954401 0
    outer loop
      vertex 115.015 47.0099 13.2
      vertex 115.101 47.0368 5.95
      vertex 115.015 47.0099 5.95
    endloop
  endfacet
  facet normal 0.130339 -0.991469 0
    outer loop
      vertex 114.572 49.0094 5.95
      vertex 114.661 49.0211 13.2
      vertex 114.572 49.0094 13.2
    endloop
  endfacet
  facet normal 0.130339 -0.991469 0
    outer loop
      vertex 114.661 49.0211 13.2
      vertex 114.572 49.0094 5.95
      vertex 114.661 49.0211 5.95
    endloop
  endfacet
  facet normal -0.95338 0.301773 0
    outer loop
      vertex 115.713 47.6494 5.95
      vertex 115.74 47.7347 13.2
      vertex 115.74 47.7347 5.95
    endloop
  endfacet
  facet normal -0.95338 0.301773 0
    outer loop
      vertex 115.74 47.7347 13.2
      vertex 115.713 47.6494 5.95
      vertex 115.713 47.6494 13.2
    endloop
  endfacet
  facet normal 0.534788 -0.844987 0
    outer loop
      vertex 114.162 48.8396 5.95
      vertex 114.238 48.8877 13.2
      vertex 114.162 48.8396 13.2
    endloop
  endfacet
  facet normal 0.534788 -0.844987 0
    outer loop
      vertex 114.238 48.8877 13.2
      vertex 114.162 48.8396 5.95
      vertex 114.238 48.8877 5.95
    endloop
  endfacet
  facet normal -0.608197 0.793786 0
    outer loop
      vertex 115.409 47.2148 5.95
      vertex 115.338 47.1604 13.2
      vertex 115.409 47.2148 13.2
    endloop
  endfacet
  facet normal -0.608197 0.793786 0
    outer loop
      vertex 115.338 47.1604 13.2
      vertex 115.409 47.2148 5.95
      vertex 115.338 47.1604 5.95
    endloop
  endfacet
  facet normal -0.534788 0.844987 0
    outer loop
      vertex 115.338 47.1604 5.95
      vertex 115.262 47.1123 13.2
      vertex 115.338 47.1604 13.2
    endloop
  endfacet
  facet normal -0.534788 0.844987 0
    outer loop
      vertex 115.262 47.1123 13.2
      vertex 115.338 47.1604 5.95
      vertex 115.262 47.1123 5.95
    endloop
  endfacet
  facet normal 0.924724 -0.380637 0
    outer loop
      vertex 113.787 48.3506 13.2
      vertex 113.821 48.4332 5.95
      vertex 113.821 48.4332 13.2
    endloop
  endfacet
  facet normal 0.924724 -0.380637 0
    outer loop
      vertex 113.821 48.4332 5.95
      vertex 113.787 48.3506 13.2
      vertex 113.787 48.3506 5.95
    endloop
  endfacet
  facet normal -0.130339 -0.991469 0
    outer loop
      vertex 114.839 49.0211 5.95
      vertex 114.928 49.0094 13.2
      vertex 114.839 49.0211 13.2
    endloop
  endfacet
  facet normal -0.130339 -0.991469 -0
    outer loop
      vertex 114.928 49.0094 13.2
      vertex 114.839 49.0211 5.95
      vertex 114.928 49.0094 5.95
    endloop
  endfacet
  facet normal 0.384935 0.922944 -0
    outer loop
      vertex 114.399 47.0368 5.95
      vertex 114.317 47.071 13.2
      vertex 114.399 47.0368 13.2
    endloop
  endfacet
  facet normal 0.384935 0.922944 0
    outer loop
      vertex 114.317 47.071 13.2
      vertex 114.399 47.0368 5.95
      vertex 114.317 47.071 5.95
    endloop
  endfacet
  facet normal 0.79055 -0.612398 0
    outer loop
      vertex 113.91 48.5879 13.2
      vertex 113.965 48.6589 5.95
      vertex 113.965 48.6589 13.2
    endloop
  endfacet
  facet normal 0.79055 -0.612398 0
    outer loop
      vertex 113.965 48.6589 5.95
      vertex 113.91 48.5879 13.2
      vertex 113.91 48.5879 5.95
    endloop
  endfacet
  facet normal 0.97683 0.214016 0
    outer loop
      vertex 117.704 96.5209 13.2
      vertex 117.648 96.7765 12.95
      vertex 117.648 96.7765 13.2
    endloop
  endfacet
  facet normal 0.97683 0.214016 0
    outer loop
      vertex 117.648 96.7765 12.95
      vertex 117.704 96.5209 13.2
      vertex 117.704 96.5209 12.95
    endloop
  endfacet
  facet normal 0.99102 0.133715 0
    outer loop
      vertex 117.739 96.2615 13.2
      vertex 117.704 96.5209 12.95
      vertex 117.704 96.5209 13.2
    endloop
  endfacet
  facet normal 0.99102 0.133715 0
    outer loop
      vertex 117.704 96.5209 12.95
      vertex 117.739 96.2615 13.2
      vertex 117.739 96.2615 12.95
    endloop
  endfacet
  facet normal 0.999116 0.0420278 0
    outer loop
      vertex 117.75 96 13.2
      vertex 117.739 96.2615 12.95
      vertex 117.739 96.2615 13.2
    endloop
  endfacet
  facet normal 0.999116 0.0420278 0
    outer loop
      vertex 117.739 96.2615 12.95
      vertex 117.75 96 13.2
      vertex 117.75 96 12.95
    endloop
  endfacet
  facet normal 0.130415 0.991459 -0
    outer loop
      vertex 115.271 98.9544 2.2
      vertex 115.011 98.9886 13.2
      vertex 115.271 98.9544 13.2
    endloop
  endfacet
  facet normal 0.130415 0.991459 0
    outer loop
      vertex 115.011 98.9886 13.2
      vertex 115.271 98.9544 2.2
      vertex 115.011 98.9886 2.2
    endloop
  endfacet
  facet normal -0.953386 0.301753 0
    outer loop
      vertex 111.852 96.7765 5.3
      vertex 111.931 97.0261 13.2
      vertex 111.931 97.0261 5.3
    endloop
  endfacet
  facet normal -0.953386 0.301753 0
    outer loop
      vertex 111.931 97.0261 13.2
      vertex 111.852 96.7765 5.3
      vertex 111.852 96.7765 13.2
    endloop
  endfacet
  facet normal -0.536777 0.843724 0
    outer loop
      vertex 113.25 98.5981 2.2
      vertex 113.029 98.4575 13.2
      vertex 113.25 98.5981 13.2
    endloop
  endfacet
  facet normal -0.536777 0.843724 0
    outer loop
      vertex 113.029 98.4575 13.2
      vertex 113.25 98.5981 2.2
      vertex 113.029 98.4575 2.2
    endloop
  endfacet
  facet normal 0.216687 0.976241 -0
    outer loop
      vertex 115.526 98.8978 2.2
      vertex 115.271 98.9544 13.2
      vertex 115.526 98.8978 13.2
    endloop
  endfacet
  facet normal 0.216687 0.976241 0
    outer loop
      vertex 115.271 98.9544 13.2
      vertex 115.526 98.8978 2.2
      vertex 115.271 98.9544 2.2
    endloop
  endfacet
  facet normal -0.999116 -0.0420278 0
    outer loop
      vertex 111.761 95.7385 2.2
      vertex 111.75 96 13.2
      vertex 111.75 96 2.2
    endloop
  endfacet
  facet normal -0.999116 -0.0420278 0
    outer loop
      vertex 111.75 96 13.2
      vertex 111.761 95.7385 2.2
      vertex 111.761 95.7385 13.2
    endloop
  endfacet
  facet normal 0.300273 0.953853 -0
    outer loop
      vertex 115.776 98.8191 2.2
      vertex 115.526 98.8978 13.2
      vertex 115.776 98.8191 13.2
    endloop
  endfacet
  facet normal 0.300273 0.953853 0
    outer loop
      vertex 115.526 98.8978 13.2
      vertex 115.776 98.8191 2.2
      vertex 115.526 98.8978 2.2
    endloop
  endfacet
  facet normal -0.610118 0.792311 0
    outer loop
      vertex 113.029 98.4575 2.2
      vertex 112.822 98.2981 13.2
      vertex 113.029 98.4575 13.2
    endloop
  endfacet
  facet normal -0.610118 0.792311 0
    outer loop
      vertex 112.822 98.2981 13.2
      vertex 113.029 98.4575 2.2
      vertex 112.822 98.2981 2.2
    endloop
  endfacet
  facet normal -0.382554 0.923933 0
    outer loop
      vertex 113.724 98.8191 2.2
      vertex 113.482 98.7189 13.2
      vertex 113.724 98.8191 13.2
    endloop
  endfacet
  facet normal -0.382554 0.923933 0
    outer loop
      vertex 113.482 98.7189 13.2
      vertex 113.724 98.8191 2.2
      vertex 113.482 98.7189 2.2
    endloop
  endfacet
  facet normal 0.675482 -0.737376 0
    outer loop
      vertex 116.678 93.7019 2.2
      vertex 116.871 93.8787 13.2
      vertex 116.678 93.7019 13.2
    endloop
  endfacet
  facet normal 0.675482 -0.737376 0
    outer loop
      vertex 116.871 93.8787 13.2
      vertex 116.678 93.7019 2.2
      vertex 116.871 93.8787 2.2
    endloop
  endfacet
  facet normal 0.99102 -0.133715 0
    outer loop
      vertex 117.704 95.4791 13.2
      vertex 117.739 95.7385 12.95
      vertex 117.739 95.7385 13.2
    endloop
  endfacet
  facet normal 0.99102 -0.133715 0
    outer loop
      vertex 117.739 95.7385 12.95
      vertex 117.704 95.4791 13.2
      vertex 117.704 95.4791 12.95
    endloop
  endfacet
  facet normal -0.610118 -0.792311 0
    outer loop
      vertex 112.822 93.7019 2.2
      vertex 113.029 93.5425 13.2
      vertex 112.822 93.7019 13.2
    endloop
  endfacet
  facet normal -0.610118 -0.792311 -0
    outer loop
      vertex 113.029 93.5425 13.2
      vertex 112.822 93.7019 2.2
      vertex 113.029 93.5425 2.2
    endloop
  endfacet
  facet normal 0.953524 0.301317 0
    outer loop
      vertex 117.569 97.0261 13.2
      vertex 117.6 96.928 12.95
      vertex 117.569 97.0261 2.2
    endloop
  endfacet
  facet normal 0.953386 0.301753 -0.000187927
    outer loop
      vertex 117.648 96.7765 13.2
      vertex 117.6 96.928 12.95
      vertex 117.569 97.0261 13.2
    endloop
  endfacet
  facet normal 0.953297 0.302035 0
    outer loop
      vertex 117.6 96.928 12.95
      vertex 117.648 96.7765 13.2
      vertex 117.648 96.7765 12.95
    endloop
  endfacet
  facet normal 0.953524 0.301317 0
    outer loop
      vertex 117.569 97.0261 2.2
      vertex 117.6 96.928 12.95
      vertex 117.6 96.928 2.2
    endloop
  endfacet
  facet normal 0.675482 0.737376 -0
    outer loop
      vertex 116.871 98.1213 2.2
      vertex 116.678 98.2981 13.2
      vertex 116.871 98.1213 13.2
    endloop
  endfacet
  facet normal 0.675482 0.737376 0
    outer loop
      vertex 116.678 98.2981 13.2
      vertex 116.871 98.1213 2.2
      vertex 116.678 98.2981 2.2
    endloop
  endfacet
  facet normal 0.610118 0.792311 -0
    outer loop
      vertex 116.678 98.2981 2.2
      vertex 116.471 98.4575 13.2
      vertex 116.678 98.2981 13.2
    endloop
  endfacet
  facet normal 0.610118 0.792311 0
    outer loop
      vertex 116.471 98.4575 13.2
      vertex 116.678 98.2981 2.2
      vertex 116.471 98.4575 2.2
    endloop
  endfacet
  facet normal -0.886735 -0.462279 0
    outer loop
      vertex 112.152 94.5 5.3
      vertex 112.031 94.7321 13.2
      vertex 112.031 94.7321 5.3
    endloop
  endfacet
  facet normal -0.886735 -0.462279 0
    outer loop
      vertex 112.031 94.7321 13.2
      vertex 112.152 94.5 5.3
      vertex 112.152 94.5 13.2
    endloop
  endfacet
  facet normal 0.794043 -0.607862 0
    outer loop
      vertex 117.048 94.0716 13.2
      vertex 117.207 94.2793 2.2
      vertex 117.207 94.2793 13.2
    endloop
  endfacet
  facet normal 0.794043 -0.607862 0
    outer loop
      vertex 117.207 94.2793 2.2
      vertex 117.048 94.0716 13.2
      vertex 117.048 94.0716 2.2
    endloop
  endfacet
  facet normal 0.794043 0.607862 0
    outer loop
      vertex 117.207 97.7207 13.2
      vertex 117.048 97.9284 2.2
      vertex 117.048 97.9284 13.2
    endloop
  endfacet
  facet normal 0.794043 0.607862 0
    outer loop
      vertex 117.048 97.9284 2.2
      vertex 117.207 97.7207 13.2
      vertex 117.207 97.7207 2.2
    endloop
  endfacet
  facet normal 0.97683 -0.214016 0
    outer loop
      vertex 117.648 95.2235 13.2
      vertex 117.704 95.4791 12.95
      vertex 117.704 95.4791 13.2
    endloop
  endfacet
  facet normal 0.97683 -0.214016 0
    outer loop
      vertex 117.704 95.4791 12.95
      vertex 117.648 95.2235 13.2
      vertex 117.648 95.2235 12.95
    endloop
  endfacet
  facet normal -0.736821 -0.676088 0
    outer loop
      vertex 112.629 93.8787 5.3
      vertex 112.452 94.0716 13.2
      vertex 112.452 94.0716 5.3
    endloop
  endfacet
  facet normal -0.736821 -0.676088 0
    outer loop
      vertex 112.452 94.0716 13.2
      vertex 112.629 93.8787 5.3
      vertex 112.629 93.8787 13.2
    endloop
  endfacet
  facet normal 0.461834 0.886966 -0
    outer loop
      vertex 116.25 98.5981 2.2
      vertex 116.018 98.7189 13.2
      vertex 116.25 98.5981 13.2
    endloop
  endfacet
  facet normal 0.461834 0.886966 0
    outer loop
      vertex 116.018 98.7189 13.2
      vertex 116.25 98.5981 2.2
      vertex 116.018 98.7189 2.2
    endloop
  endfacet
  facet normal 0.536777 0.843724 -0
    outer loop
      vertex 116.471 98.4575 2.2
      vertex 116.25 98.5981 13.2
      vertex 116.471 98.4575 13.2
    endloop
  endfacet
  facet normal 0.536777 0.843724 0
    outer loop
      vertex 116.25 98.5981 13.2
      vertex 116.471 98.4575 2.2
      vertex 116.25 98.5981 2.2
    endloop
  endfacet
  facet normal -0.675482 0.737376 3.37083e-05
    outer loop
      vertex 112.822 98.2981 13.2
      vertex 112.675 98.1638 5.3
      vertex 112.629 98.1213 13.2
    endloop
  endfacet
  facet normal -0.674496 0.738279 0
    outer loop
      vertex 112.822 98.2981 2.2
      vertex 112.675 98.1638 5.3
      vertex 112.822 98.2981 13.2
    endloop
  endfacet
  facet normal -0.674496 0.738279 0
    outer loop
      vertex 112.675 98.1638 5.3
      vertex 112.822 98.2981 2.2
      vertex 112.675 98.1638 2.2
    endloop
  endfacet
  facet normal -0.678612 0.734497 0
    outer loop
      vertex 112.629 98.1213 13.2
      vertex 112.675 98.1638 5.3
      vertex 112.629 98.1213 5.3
    endloop
  endfacet
  facet normal 0.924091 0.382172 0
    outer loop
      vertex 117.569 97.0261 13.2
      vertex 117.469 97.2679 2.2
      vertex 117.469 97.2679 13.2
    endloop
  endfacet
  facet normal 0.924091 0.382172 0
    outer loop
      vertex 117.469 97.2679 2.2
      vertex 117.569 97.0261 13.2
      vertex 117.569 97.0261 2.2
    endloop
  endfacet
  facet normal 0.924091 -0.382172 0
    outer loop
      vertex 117.469 94.7321 13.2
      vertex 117.569 94.9739 2.2
      vertex 117.569 94.9739 13.2
    endloop
  endfacet
  facet normal 0.924091 -0.382172 0
    outer loop
      vertex 117.569 94.9739 2.2
      vertex 117.469 94.7321 13.2
      vertex 117.469 94.7321 2.2
    endloop
  endfacet
  facet normal 0.382554 0.923933 -0
    outer loop
      vertex 116.018 98.7189 2.2
      vertex 115.776 98.8191 13.2
      vertex 116.018 98.7189 13.2
    endloop
  endfacet
  facet normal 0.382554 0.923933 0
    outer loop
      vertex 115.776 98.8191 13.2
      vertex 116.018 98.7189 2.2
      vertex 115.776 98.8191 2.2
    endloop
  endfacet
  facet normal -0.953386 -0.301753 0
    outer loop
      vertex 111.931 94.9739 5.3
      vertex 111.852 95.2235 13.2
      vertex 111.852 95.2235 5.3
    endloop
  endfacet
  facet normal -0.953386 -0.301753 0
    outer loop
      vertex 111.852 95.2235 13.2
      vertex 111.931 94.9739 5.3
      vertex 111.931 94.9739 13.2
    endloop
  endfacet
  facet normal 0 0 1
    outer loop
      vertex 115.775 96 13.2
      vertex 117.75 96 13.2
      vertex 117.739 96.2615 13.2
    endloop
  endfacet
  facet normal 0 0 1
    outer loop
      vertex 115.771 96.0893 13.2
      vertex 117.739 96.2615 13.2
      vertex 117.704 96.5209 13.2
    endloop
  endfacet
  facet normal 0 0 1
    outer loop
      vertex 117.75 96 13.2
      vertex 115.775 96 13.2
      vertex 117.739 95.7385 13.2
    endloop
  endfacet
  facet normal 0 0 1
    outer loop
      vertex 115.759 96.178 13.2
      vertex 117.704 96.5209 13.2
      vertex 117.648 96.7765 13.2
    endloop
  endfacet
  facet normal -0 0 1
    outer loop
      vertex 115.771 95.9107 13.2
      vertex 117.739 95.7385 13.2
      vertex 115.775 96 13.2
    endloop
  endfacet
  facet normal 0 0 1
    outer loop
      vertex 115.74 96.2653 13.2
      vertex 117.648 96.7765 13.2
      vertex 117.569 97.0261 13.2
    endloop
  endfacet
  facet normal 0 0 1
    outer loop
      vertex 117.739 95.7385 13.2
      vertex 115.771 95.9107 13.2
      vertex 117.704 95.4791 13.2
    endloop
  endfacet
  facet normal 0 0 1
    outer loop
      vertex 115.713 96.3506 13.2
      vertex 117.569 97.0261 13.2
      vertex 117.469 97.2679 13.2
    endloop
  endfacet
  facet normal -0 0 1
    outer loop
      vertex 115.759 95.822 13.2
      vertex 117.704 95.4791 13.2
      vertex 115.771 95.9107 13.2
    endloop
  endfacet
  facet normal 0 0 1
    outer loop
      vertex 115.679 96.4332 13.2
      vertex 117.469 97.2679 13.2
      vertex 117.348 97.5 13.2
    endloop
  endfacet
  facet normal 0 0 1
    outer loop
      vertex 117.704 95.4791 13.2
      vertex 115.759 95.822 13.2
      vertex 117.648 95.2235 13.2
    endloop
  endfacet
  facet normal 0 0 1
    outer loop
      vertex 115.638 96.5125 13.2
      vertex 117.348 97.5 13.2
      vertex 117.207 97.7207 13.2
    endloop
  endfacet
  facet normal -0 0 1
    outer loop
      vertex 115.74 95.7347 13.2
      vertex 117.648 95.2235 13.2
      vertex 115.759 95.822 13.2
    endloop
  endfacet
  facet normal 0 0 1
    outer loop
      vertex 115.59 96.5879 13.2
      vertex 117.207 97.7207 13.2
      vertex 117.048 97.9284 13.2
    endloop
  endfacet
  facet normal 0 0 1
    outer loop
      vertex 117.648 95.2235 13.2
      vertex 115.74 95.7347 13.2
      vertex 117.569 94.9739 13.2
    endloop
  endfacet
  facet normal 0 0 1
    outer loop
      vertex 115.535 96.6589 13.2
      vertex 117.048 97.9284 13.2
      vertex 116.871 98.1213 13.2
    endloop
  endfacet
  facet normal -0 0 1
    outer loop
      vertex 115.713 95.6494 13.2
      vertex 117.569 94.9739 13.2
      vertex 115.74 95.7347 13.2
    endloop
  endfacet
  facet normal 0 0 1
    outer loop
      vertex 115.475 96.7248 13.2
      vertex 116.871 98.1213 13.2
      vertex 116.678 98.2981 13.2
    endloop
  endfacet
  facet normal 0 0 1
    outer loop
      vertex 117.569 94.9739 13.2
      vertex 115.713 95.6494 13.2
      vertex 117.469 94.7321 13.2
    endloop
  endfacet
  facet normal 0 0 1
    outer loop
      vertex 115.409 96.7852 13.2
      vertex 116.678 98.2981 13.2
      vertex 116.471 98.4575 13.2
    endloop
  endfacet
  facet normal -0 0 1
    outer loop
      vertex 115.679 95.5668 13.2
      vertex 117.469 94.7321 13.2
      vertex 115.713 95.6494 13.2
    endloop
  endfacet
  facet normal 0 0 1
    outer loop
      vertex 115.338 96.8396 13.2
      vertex 116.471 98.4575 13.2
      vertex 116.25 98.5981 13.2
    endloop
  endfacet
  facet normal 0 0 1
    outer loop
      vertex 117.469 94.7321 13.2
      vertex 115.679 95.5668 13.2
      vertex 117.348 94.5 13.2
    endloop
  endfacet
  facet normal 0 0 1
    outer loop
      vertex 115.262 96.8877 13.2
      vertex 116.25 98.5981 13.2
      vertex 116.018 98.7189 13.2
    endloop
  endfacet
  facet normal -0 0 1
    outer loop
      vertex 115.638 95.4875 13.2
      vertex 117.348 94.5 13.2
      vertex 115.679 95.5668 13.2
    endloop
  endfacet
  facet normal 0 0 1
    outer loop
      vertex 115.183 96.929 13.2
      vertex 116.018 98.7189 13.2
      vertex 115.776 98.8191 13.2
    endloop
  endfacet
  facet normal 0 0 1
    outer loop
      vertex 117.348 94.5 13.2
      vertex 115.638 95.4875 13.2
      vertex 117.207 94.2793 13.2
    endloop
  endfacet
  facet normal -0 0 1
    outer loop
      vertex 115.59 95.4121 13.2
      vertex 117.207 94.2793 13.2
      vertex 115.638 95.4875 13.2
    endloop
  endfacet
  facet normal 0 0 1
    outer loop
      vertex 117.739 96.2615 13.2
      vertex 115.771 96.0893 13.2
      vertex 115.775 96 13.2
    endloop
  endfacet
  facet normal 0 0 1
    outer loop
      vertex 117.704 96.5209 13.2
      vertex 115.759 96.178 13.2
      vertex 115.771 96.0893 13.2
    endloop
  endfacet
  facet normal 0 0 1
    outer loop
      vertex 117.648 96.7765 13.2
      vertex 115.74 96.2653 13.2
      vertex 115.759 96.178 13.2
    endloop
  endfacet
  facet normal 0 0 1
    outer loop
      vertex 117.569 97.0261 13.2
      vertex 115.713 96.3506 13.2
      vertex 115.74 96.2653 13.2
    endloop
  endfacet
  facet normal 0 0 1
    outer loop
      vertex 117.469 97.2679 13.2
      vertex 115.679 96.4332 13.2
      vertex 115.713 96.3506 13.2
    endloop
  endfacet
  facet normal 0 0 1
    outer loop
      vertex 117.348 97.5 13.2
      vertex 115.638 96.5125 13.2
      vertex 115.679 96.4332 13.2
    endloop
  endfacet
  facet normal 0 0 1
    outer loop
      vertex 117.207 97.7207 13.2
      vertex 115.59 96.5879 13.2
      vertex 115.638 96.5125 13.2
    endloop
  endfacet
  facet normal 0 0 1
    outer loop
      vertex 117.048 97.9284 13.2
      vertex 115.535 96.6589 13.2
      vertex 115.59 96.5879 13.2
    endloop
  endfacet
  facet normal 0 0 1
    outer loop
      vertex 115.101 96.9632 13.2
      vertex 115.776 98.8191 13.2
      vertex 115.526 98.8978 13.2
    endloop
  endfacet
  facet normal 0 0 1
    outer loop
      vertex 116.871 98.1213 13.2
      vertex 115.475 96.7248 13.2
      vertex 115.535 96.6589 13.2
    endloop
  endfacet
  facet normal 0 0 1
    outer loop
      vertex 116.678 98.2981 13.2
      vertex 115.409 96.7852 13.2
      vertex 115.475 96.7248 13.2
    endloop
  endfacet
  facet normal 0 0 1
    outer loop
      vertex 116.471 98.4575 13.2
      vertex 115.338 96.8396 13.2
      vertex 115.409 96.7852 13.2
    endloop
  endfacet
  facet normal 0 0 1
    outer loop
      vertex 115.015 96.9901 13.2
      vertex 115.526 98.8978 13.2
      vertex 115.271 98.9544 13.2
    endloop
  endfacet
  facet normal 0 0 1
    outer loop
      vertex 116.25 98.5981 13.2
      vertex 115.262 96.8877 13.2
      vertex 115.338 96.8396 13.2
    endloop
  endfacet
  facet normal 0 0 1
    outer loop
      vertex 116.018 98.7189 13.2
      vertex 115.183 96.929 13.2
      vertex 115.262 96.8877 13.2
    endloop
  endfacet
  facet normal 0 0 1
    outer loop
      vertex 115.776 98.8191 13.2
      vertex 115.101 96.9632 13.2
      vertex 115.183 96.929 13.2
    endloop
  endfacet
  facet normal 0 0 1
    outer loop
      vertex 115.526 98.8978 13.2
      vertex 115.015 96.9901 13.2
      vertex 115.101 96.9632 13.2
    endloop
  endfacet
  facet normal 0 0 1
    outer loop
      vertex 114.928 97.0094 13.2
      vertex 115.271 98.9544 13.2
      vertex 115.011 98.9886 13.2
    endloop
  endfacet
  facet normal 0 0 1
    outer loop
      vertex 115.271 98.9544 13.2
      vertex 114.928 97.0094 13.2
      vertex 115.015 96.9901 13.2
    endloop
  endfacet
  facet normal 0 0 1
    outer loop
      vertex 115.011 98.9886 13.2
      vertex 114.839 97.0211 13.2
      vertex 114.928 97.0094 13.2
    endloop
  endfacet
  facet normal 0 0 1
    outer loop
      vertex 114.75 99 13.2
      vertex 114.839 97.0211 13.2
      vertex 115.011 98.9886 13.2
    endloop
  endfacet
  facet normal 0 0 1
    outer loop
      vertex 114.75 99 13.2
      vertex 114.75 97.025 13.2
      vertex 114.839 97.0211 13.2
    endloop
  endfacet
  facet normal 0 0 1
    outer loop
      vertex 114.75 99 13.2
      vertex 114.661 97.0211 13.2
      vertex 114.75 97.025 13.2
    endloop
  endfacet
  facet normal -0 0 1
    outer loop
      vertex 114.489 98.9886 13.2
      vertex 114.661 97.0211 13.2
      vertex 114.75 99 13.2
    endloop
  endfacet
  facet normal 0 0 1
    outer loop
      vertex 114.661 97.0211 13.2
      vertex 114.489 98.9886 13.2
      vertex 114.572 97.0094 13.2
    endloop
  endfacet
  facet normal -0 0 1
    outer loop
      vertex 114.229 98.9544 13.2
      vertex 114.572 97.0094 13.2
      vertex 114.489 98.9886 13.2
    endloop
  endfacet
  facet normal 0 0 1
    outer loop
      vertex 114.572 97.0094 13.2
      vertex 114.229 98.9544 13.2
      vertex 114.485 96.9901 13.2
    endloop
  endfacet
  facet normal -0 0 1
    outer loop
      vertex 113.974 98.8978 13.2
      vertex 114.485 96.9901 13.2
      vertex 114.229 98.9544 13.2
    endloop
  endfacet
  facet normal 0 0 1
    outer loop
      vertex 114.485 96.9901 13.2
      vertex 113.974 98.8978 13.2
      vertex 114.399 96.9632 13.2
    endloop
  endfacet
  facet normal -0 0 1
    outer loop
      vertex 113.724 98.8191 13.2
      vertex 114.399 96.9632 13.2
      vertex 113.974 98.8978 13.2
    endloop
  endfacet
  facet normal 0 0 1
    outer loop
      vertex 114.399 96.9632 13.2
      vertex 113.724 98.8191 13.2
      vertex 114.317 96.929 13.2
    endloop
  endfacet
  facet normal -0 0 1
    outer loop
      vertex 113.482 98.7189 13.2
      vertex 114.317 96.929 13.2
      vertex 113.724 98.8191 13.2
    endloop
  endfacet
  facet normal 0 0 1
    outer loop
      vertex 114.317 96.929 13.2
      vertex 113.482 98.7189 13.2
      vertex 114.238 96.8877 13.2
    endloop
  endfacet
  facet normal -0 0 1
    outer loop
      vertex 113.25 98.5981 13.2
      vertex 114.238 96.8877 13.2
      vertex 113.482 98.7189 13.2
    endloop
  endfacet
  facet normal 0 0 1
    outer loop
      vertex 114.238 96.8877 13.2
      vertex 113.25 98.5981 13.2
      vertex 114.162 96.8396 13.2
    endloop
  endfacet
  facet normal -0 0 1
    outer loop
      vertex 113.029 98.4575 13.2
      vertex 114.162 96.8396 13.2
      vertex 113.25 98.5981 13.2
    endloop
  endfacet
  facet normal 0 0 1
    outer loop
      vertex 114.162 96.8396 13.2
      vertex 113.029 98.4575 13.2
      vertex 114.091 96.7852 13.2
    endloop
  endfacet
  facet normal -0 0 1
    outer loop
      vertex 112.822 98.2981 13.2
      vertex 114.091 96.7852 13.2
      vertex 113.029 98.4575 13.2
    endloop
  endfacet
  facet normal 0 0 1
    outer loop
      vertex 114.091 96.7852 13.2
      vertex 112.822 98.2981 13.2
      vertex 114.025 96.7248 13.2
    endloop
  endfacet
  facet normal -0 0 1
    outer loop
      vertex 112.629 98.1213 13.2
      vertex 114.025 96.7248 13.2
      vertex 112.822 98.2981 13.2
    endloop
  endfacet
  facet normal 0 0 1
    outer loop
      vertex 114.025 96.7248 13.2
      vertex 112.629 98.1213 13.2
      vertex 113.965 96.6589 13.2
    endloop
  endfacet
  facet normal -0 0 1
    outer loop
      vertex 112.452 97.9284 13.2
      vertex 113.965 96.6589 13.2
      vertex 112.629 98.1213 13.2
    endloop
  endfacet
  facet normal -0 0 1
    outer loop
      vertex 112.293 97.7207 13.2
      vertex 113.91 96.5879 13.2
      vertex 112.452 97.9284 13.2
    endloop
  endfacet
  facet normal 0 0 1
    outer loop
      vertex 113.965 96.6589 13.2
      vertex 112.452 97.9284 13.2
      vertex 113.91 96.5879 13.2
    endloop
  endfacet
  facet normal 0 0 1
    outer loop
      vertex 117.207 94.2793 13.2
      vertex 115.59 95.4121 13.2
      vertex 117.048 94.0716 13.2
    endloop
  endfacet
  facet normal -0 0 1
    outer loop
      vertex 115.535 95.3411 13.2
      vertex 117.048 94.0716 13.2
      vertex 115.59 95.4121 13.2
    endloop
  endfacet
  facet normal 0 0 1
    outer loop
      vertex 117.048 94.0716 13.2
      vertex 115.535 95.3411 13.2
      vertex 116.871 93.8787 13.2
    endloop
  endfacet
  facet normal -0 0 1
    outer loop
      vertex 115.475 95.2752 13.2
      vertex 116.871 93.8787 13.2
      vertex 115.535 95.3411 13.2
    endloop
  endfacet
  facet normal 0 0 1
    outer loop
      vertex 116.871 93.8787 13.2
      vertex 115.475 95.2752 13.2
      vertex 116.678 93.7019 13.2
    endloop
  endfacet
  facet normal -0 0 1
    outer loop
      vertex 115.409 95.2148 13.2
      vertex 116.678 93.7019 13.2
      vertex 115.475 95.2752 13.2
    endloop
  endfacet
  facet normal 0 0 1
    outer loop
      vertex 116.678 93.7019 13.2
      vertex 115.409 95.2148 13.2
      vertex 116.471 93.5425 13.2
    endloop
  endfacet
  facet normal -0 0 1
    outer loop
      vertex 115.338 95.1604 13.2
      vertex 116.471 93.5425 13.2
      vertex 115.409 95.2148 13.2
    endloop
  endfacet
  facet normal 0 0 1
    outer loop
      vertex 116.471 93.5425 13.2
      vertex 115.338 95.1604 13.2
      vertex 116.25 93.4019 13.2
    endloop
  endfacet
  facet normal -0 0 1
    outer loop
      vertex 115.262 95.1123 13.2
      vertex 116.25 93.4019 13.2
      vertex 115.338 95.1604 13.2
    endloop
  endfacet
  facet normal 0 0 1
    outer loop
      vertex 116.25 93.4019 13.2
      vertex 115.262 95.1123 13.2
      vertex 116.018 93.2811 13.2
    endloop
  endfacet
  facet normal -0 0 1
    outer loop
      vertex 115.183 95.071 13.2
      vertex 116.018 93.2811 13.2
      vertex 115.262 95.1123 13.2
    endloop
  endfacet
  facet normal 0 0 1
    outer loop
      vertex 116.018 93.2811 13.2
      vertex 115.183 95.071 13.2
      vertex 115.776 93.1809 13.2
    endloop
  endfacet
  facet normal -0 0 1
    outer loop
      vertex 115.101 95.0368 13.2
      vertex 115.776 93.1809 13.2
      vertex 115.183 95.071 13.2
    endloop
  endfacet
  facet normal 0 0 1
    outer loop
      vertex 115.776 93.1809 13.2
      vertex 115.101 95.0368 13.2
      vertex 115.526 93.1022 13.2
    endloop
  endfacet
  facet normal -0 0 1
    outer loop
      vertex 115.015 95.0099 13.2
      vertex 115.526 93.1022 13.2
      vertex 115.101 95.0368 13.2
    endloop
  endfacet
  facet normal 0 0 1
    outer loop
      vertex 115.526 93.1022 13.2
      vertex 115.015 95.0099 13.2
      vertex 115.271 93.0456 13.2
    endloop
  endfacet
  facet normal -0 0 1
    outer loop
      vertex 114.928 94.9906 13.2
      vertex 115.271 93.0456 13.2
      vertex 115.015 95.0099 13.2
    endloop
  endfacet
  facet normal 0 0 1
    outer loop
      vertex 115.271 93.0456 13.2
      vertex 114.928 94.9906 13.2
      vertex 115.011 93.0114 13.2
    endloop
  endfacet
  facet normal -0 0 1
    outer loop
      vertex 114.839 94.9789 13.2
      vertex 115.011 93.0114 13.2
      vertex 114.928 94.9906 13.2
    endloop
  endfacet
  facet normal -0 0 1
    outer loop
      vertex 114.75 94.975 13.2
      vertex 115.011 93.0114 13.2
      vertex 114.839 94.9789 13.2
    endloop
  endfacet
  facet normal 0 0 1
    outer loop
      vertex 114.75 94.975 13.2
      vertex 114.75 93 13.2
      vertex 115.011 93.0114 13.2
    endloop
  endfacet
  facet normal 0 0 1
    outer loop
      vertex 114.661 94.9789 13.2
      vertex 114.75 93 13.2
      vertex 114.75 94.975 13.2
    endloop
  endfacet
  facet normal 0 0 1
    outer loop
      vertex 114.489 93.0114 13.2
      vertex 114.661 94.9789 13.2
      vertex 114.572 94.9906 13.2
    endloop
  endfacet
  facet normal 0 0 1
    outer loop
      vertex 114.661 94.9789 13.2
      vertex 114.489 93.0114 13.2
      vertex 114.75 93 13.2
    endloop
  endfacet
  facet normal 0 0 1
    outer loop
      vertex 114.229 93.0456 13.2
      vertex 114.572 94.9906 13.2
      vertex 114.485 95.0099 13.2
    endloop
  endfacet
  facet normal 0 0 1
    outer loop
      vertex 113.974 93.1022 13.2
      vertex 114.485 95.0099 13.2
      vertex 114.399 95.0368 13.2
    endloop
  endfacet
  facet normal 0 0 1
    outer loop
      vertex 113.724 93.1809 13.2
      vertex 114.399 95.0368 13.2
      vertex 114.317 95.071 13.2
    endloop
  endfacet
  facet normal 0 0 1
    outer loop
      vertex 113.482 93.2811 13.2
      vertex 114.317 95.071 13.2
      vertex 114.238 95.1123 13.2
    endloop
  endfacet
  facet normal 0 0 1
    outer loop
      vertex 114.572 94.9906 13.2
      vertex 114.229 93.0456 13.2
      vertex 114.489 93.0114 13.2
    endloop
  endfacet
  facet normal 0 0 1
    outer loop
      vertex 113.25 93.4019 13.2
      vertex 114.238 95.1123 13.2
      vertex 114.162 95.1604 13.2
    endloop
  endfacet
  facet normal 0 0 1
    outer loop
      vertex 113.029 93.5425 13.2
      vertex 114.162 95.1604 13.2
      vertex 114.091 95.2148 13.2
    endloop
  endfacet
  facet normal 0 0 1
    outer loop
      vertex 112.822 93.7019 13.2
      vertex 114.091 95.2148 13.2
      vertex 114.025 95.2752 13.2
    endloop
  endfacet
  facet normal 0 0 1
    outer loop
      vertex 114.485 95.0099 13.2
      vertex 113.974 93.1022 13.2
      vertex 114.229 93.0456 13.2
    endloop
  endfacet
  facet normal 0 0 1
    outer loop
      vertex 112.629 93.8787 13.2
      vertex 114.025 95.2752 13.2
      vertex 113.965 95.3411 13.2
    endloop
  endfacet
  facet normal 0 0 1
    outer loop
      vertex 112.452 94.0716 13.2
      vertex 113.965 95.3411 13.2
      vertex 113.91 95.4121 13.2
    endloop
  endfacet
  facet normal 0 0 1
    outer loop
      vertex 112.293 94.2793 13.2
      vertex 113.91 95.4121 13.2
      vertex 113.862 95.4875 13.2
    endloop
  endfacet
  facet normal 0 0 1
    outer loop
      vertex 112.152 94.5 13.2
      vertex 113.862 95.4875 13.2
      vertex 113.821 95.5668 13.2
    endloop
  endfacet
  facet normal 0 0 1
    outer loop
      vertex 112.031 94.7321 13.2
      vertex 113.821 95.5668 13.2
      vertex 113.787 95.6494 13.2
    endloop
  endfacet
  facet normal 0 0 1
    outer loop
      vertex 111.931 94.9739 13.2
      vertex 113.787 95.6494 13.2
      vertex 113.76 95.7347 13.2
    endloop
  endfacet
  facet normal 0 0 1
    outer loop
      vertex 111.852 95.2235 13.2
      vertex 113.76 95.7347 13.2
      vertex 113.741 95.822 13.2
    endloop
  endfacet
  facet normal 0 0 1
    outer loop
      vertex 111.796 95.4791 13.2
      vertex 113.741 95.822 13.2
      vertex 113.729 95.9107 13.2
    endloop
  endfacet
  facet normal 0 0 1
    outer loop
      vertex 114.399 95.0368 13.2
      vertex 113.724 93.1809 13.2
      vertex 113.974 93.1022 13.2
    endloop
  endfacet
  facet normal 0 0 1
    outer loop
      vertex 111.761 95.7385 13.2
      vertex 113.729 95.9107 13.2
      vertex 113.725 96 13.2
    endloop
  endfacet
  facet normal 0 0 1
    outer loop
      vertex 113.91 96.5879 13.2
      vertex 112.293 97.7207 13.2
      vertex 113.862 96.5125 13.2
    endloop
  endfacet
  facet normal -0 0 1
    outer loop
      vertex 112.152 97.5 13.2
      vertex 113.862 96.5125 13.2
      vertex 112.293 97.7207 13.2
    endloop
  endfacet
  facet normal 0 0 1
    outer loop
      vertex 114.317 95.071 13.2
      vertex 113.482 93.2811 13.2
      vertex 113.724 93.1809 13.2
    endloop
  endfacet
  facet normal 0 0 1
    outer loop
      vertex 113.862 96.5125 13.2
      vertex 112.152 97.5 13.2
      vertex 113.821 96.4332 13.2
    endloop
  endfacet
  facet normal 0 0 1
    outer loop
      vertex 114.238 95.1123 13.2
      vertex 113.25 93.4019 13.2
      vertex 113.482 93.2811 13.2
    endloop
  endfacet
  facet normal -0 0 1
    outer loop
      vertex 112.031 97.2679 13.2
      vertex 113.821 96.4332 13.2
      vertex 112.152 97.5 13.2
    endloop
  endfacet
  facet normal 0 0 1
    outer loop
      vertex 114.162 95.1604 13.2
      vertex 113.029 93.5425 13.2
      vertex 113.25 93.4019 13.2
    endloop
  endfacet
  facet normal 0 0 1
    outer loop
      vertex 113.821 96.4332 13.2
      vertex 112.031 97.2679 13.2
      vertex 113.787 96.3506 13.2
    endloop
  endfacet
  facet normal 0 0 1
    outer loop
      vertex 114.091 95.2148 13.2
      vertex 112.822 93.7019 13.2
      vertex 113.029 93.5425 13.2
    endloop
  endfacet
  facet normal -0 0 1
    outer loop
      vertex 111.931 97.0261 13.2
      vertex 113.787 96.3506 13.2
      vertex 112.031 97.2679 13.2
    endloop
  endfacet
  facet normal 0 0 1
    outer loop
      vertex 114.025 95.2752 13.2
      vertex 112.629 93.8787 13.2
      vertex 112.822 93.7019 13.2
    endloop
  endfacet
  facet normal 0 0 1
    outer loop
      vertex 113.787 96.3506 13.2
      vertex 111.931 97.0261 13.2
      vertex 113.76 96.2653 13.2
    endloop
  endfacet
  facet normal 0 0 1
    outer loop
      vertex 113.965 95.3411 13.2
      vertex 112.452 94.0716 13.2
      vertex 112.629 93.8787 13.2
    endloop
  endfacet
  facet normal -0 0 1
    outer loop
      vertex 111.852 96.7765 13.2
      vertex 113.76 96.2653 13.2
      vertex 111.931 97.0261 13.2
    endloop
  endfacet
  facet normal 0 0 1
    outer loop
      vertex 113.91 95.4121 13.2
      vertex 112.293 94.2793 13.2
      vertex 112.452 94.0716 13.2
    endloop
  endfacet
  facet normal 0 0 1
    outer loop
      vertex 113.76 96.2653 13.2
      vertex 111.852 96.7765 13.2
      vertex 113.741 96.178 13.2
    endloop
  endfacet
  facet normal 0 0 1
    outer loop
      vertex 113.862 95.4875 13.2
      vertex 112.152 94.5 13.2
      vertex 112.293 94.2793 13.2
    endloop
  endfacet
  facet normal -0 0 1
    outer loop
      vertex 111.796 96.5209 13.2
      vertex 113.741 96.178 13.2
      vertex 111.852 96.7765 13.2
    endloop
  endfacet
  facet normal 0 0 1
    outer loop
      vertex 113.821 95.5668 13.2
      vertex 112.031 94.7321 13.2
      vertex 112.152 94.5 13.2
    endloop
  endfacet
  facet normal 0 0 1
    outer loop
      vertex 113.741 96.178 13.2
      vertex 111.796 96.5209 13.2
      vertex 113.729 96.0893 13.2
    endloop
  endfacet
  facet normal 0 0 1
    outer loop
      vertex 113.787 95.6494 13.2
      vertex 111.931 94.9739 13.2
      vertex 112.031 94.7321 13.2
    endloop
  endfacet
  facet normal -0 0 1
    outer loop
      vertex 111.761 96.2615 13.2
      vertex 113.729 96.0893 13.2
      vertex 111.796 96.5209 13.2
    endloop
  endfacet
  facet normal 0 0 1
    outer loop
      vertex 113.76 95.7347 13.2
      vertex 111.852 95.2235 13.2
      vertex 111.931 94.9739 13.2
    endloop
  endfacet
  facet normal 0 0 1
    outer loop
      vertex 113.729 96.0893 13.2
      vertex 111.761 96.2615 13.2
      vertex 113.725 96 13.2
    endloop
  endfacet
  facet normal 0 0 1
    outer loop
      vertex 113.741 95.822 13.2
      vertex 111.796 95.4791 13.2
      vertex 111.852 95.2235 13.2
    endloop
  endfacet
  facet normal 0 0 1
    outer loop
      vertex 111.75 96 13.2
      vertex 113.725 96 13.2
      vertex 111.761 96.2615 13.2
    endloop
  endfacet
  facet normal 0 0 1
    outer loop
      vertex 113.729 95.9107 13.2
      vertex 111.761 95.7385 13.2
      vertex 111.796 95.4791 13.2
    endloop
  endfacet
  facet normal 0 0 1
    outer loop
      vertex 113.725 96 13.2
      vertex 111.75 96 13.2
      vertex 111.761 95.7385 13.2
    endloop
  endfacet
  facet normal 0.999116 -0.0420278 0
    outer loop
      vertex 117.739 95.7385 13.2
      vertex 117.75 96 12.95
      vertex 117.75 96 13.2
    endloop
  endfacet
  facet normal 0.999116 -0.0420278 0
    outer loop
      vertex 117.75 96 12.95
      vertex 117.739 95.7385 13.2
      vertex 117.739 95.7385 12.95
    endloop
  endfacet
  facet normal 0.0436366 -0.999047 0
    outer loop
      vertex 114.75 93 2.2
      vertex 115.011 93.0114 13.2
      vertex 114.75 93 13.2
    endloop
  endfacet
  facet normal 0.0436366 -0.999047 0
    outer loop
      vertex 115.011 93.0114 13.2
      vertex 114.75 93 2.2
      vertex 115.011 93.0114 2.2
    endloop
  endfacet
  facet normal 0.610118 -0.792311 0
    outer loop
      vertex 116.471 93.5425 2.2
      vertex 116.678 93.7019 13.2
      vertex 116.471 93.5425 13.2
    endloop
  endfacet
  facet normal 0.610118 -0.792311 0
    outer loop
      vertex 116.678 93.7019 13.2
      vertex 116.471 93.5425 2.2
      vertex 116.678 93.7019 2.2
    endloop
  endfacet
  facet normal -0.300273 0.953853 0
    outer loop
      vertex 113.974 98.8978 2.2
      vertex 113.724 98.8191 13.2
      vertex 113.974 98.8978 13.2
    endloop
  endfacet
  facet normal -0.300273 0.953853 0
    outer loop
      vertex 113.724 98.8191 13.2
      vertex 113.974 98.8978 2.2
      vertex 113.724 98.8191 2.2
    endloop
  endfacet
  facet normal -0.0436366 0.999047 0
    outer loop
      vertex 114.75 99 2.2
      vertex 114.489 98.9886 13.2
      vertex 114.75 99 13.2
    endloop
  endfacet
  facet normal -0.0436366 0.999047 0
    outer loop
      vertex 114.489 98.9886 13.2
      vertex 114.75 99 2.2
      vertex 114.489 98.9886 2.2
    endloop
  endfacet
  facet normal 0.536777 -0.843724 0
    outer loop
      vertex 116.25 93.4019 2.2
      vertex 116.471 93.5425 13.2
      vertex 116.25 93.4019 13.2
    endloop
  endfacet
  facet normal 0.536777 -0.843724 0
    outer loop
      vertex 116.471 93.5425 13.2
      vertex 116.25 93.4019 2.2
      vertex 116.471 93.5425 2.2
    endloop
  endfacet
  facet normal 0.130415 -0.991459 0
    outer loop
      vertex 115.011 93.0114 2.2
      vertex 115.271 93.0456 13.2
      vertex 115.011 93.0114 13.2
    endloop
  endfacet
  facet normal 0.130415 -0.991459 0
    outer loop
      vertex 115.271 93.0456 13.2
      vertex 115.011 93.0114 2.2
      vertex 115.271 93.0456 2.2
    endloop
  endfacet
  facet normal 0.953297 -0.302035 0
    outer loop
      vertex 117.648 95.2235 13.2
      vertex 117.6 95.072 12.95
      vertex 117.648 95.2235 12.95
    endloop
  endfacet
  facet normal 0.953386 -0.301753 -0.000187927
    outer loop
      vertex 117.569 94.9739 13.2
      vertex 117.6 95.072 12.95
      vertex 117.648 95.2235 13.2
    endloop
  endfacet
  facet normal 0.953524 -0.301317 0
    outer loop
      vertex 117.569 94.9739 2.2
      vertex 117.6 95.072 12.95
      vertex 117.569 94.9739 13.2
    endloop
  endfacet
  facet normal 0.953524 -0.301317 0
    outer loop
      vertex 117.6 95.072 12.95
      vertex 117.569 94.9739 2.2
      vertex 117.6 95.072 2.2
    endloop
  endfacet
  facet normal 0.842701 -0.538382 0
    outer loop
      vertex 117.207 94.2793 13.2
      vertex 117.348 94.5 2.2
      vertex 117.348 94.5 13.2
    endloop
  endfacet
  facet normal 0.842701 -0.538382 0
    outer loop
      vertex 117.348 94.5 2.2
      vertex 117.207 94.2793 13.2
      vertex 117.207 94.2793 2.2
    endloop
  endfacet
  facet normal 0.0436366 0.999047 -0
    outer loop
      vertex 115.011 98.9886 2.2
      vertex 114.75 99 13.2
      vertex 115.011 98.9886 13.2
    endloop
  endfacet
  facet normal 0.0436366 0.999047 0
    outer loop
      vertex 114.75 99 13.2
      vertex 115.011 98.9886 2.2
      vertex 114.75 99 2.2
    endloop
  endfacet
  facet normal -0.924091 -0.382172 0
    outer loop
      vertex 112.031 94.7321 5.3
      vertex 111.931 94.9739 13.2
      vertex 111.931 94.9739 5.3
    endloop
  endfacet
  facet normal -0.924091 -0.382172 0
    outer loop
      vertex 111.931 94.9739 13.2
      vertex 112.031 94.7321 5.3
      vertex 112.031 94.7321 13.2
    endloop
  endfacet
  facet normal 0.886735 0.462279 0
    outer loop
      vertex 117.469 97.2679 13.2
      vertex 117.348 97.5 2.2
      vertex 117.348 97.5 13.2
    endloop
  endfacet
  facet normal 0.886735 0.462279 0
    outer loop
      vertex 117.348 97.5 2.2
      vertex 117.469 97.2679 13.2
      vertex 117.469 97.2679 2.2
    endloop
  endfacet
  facet normal 0.300273 -0.953853 0
    outer loop
      vertex 115.526 93.1022 2.2
      vertex 115.776 93.1809 13.2
      vertex 115.526 93.1022 13.2
    endloop
  endfacet
  facet normal 0.300273 -0.953853 0
    outer loop
      vertex 115.776 93.1809 13.2
      vertex 115.526 93.1022 2.2
      vertex 115.776 93.1809 2.2
    endloop
  endfacet
  facet normal -0.130415 -0.991459 0
    outer loop
      vertex 114.229 93.0456 2.2
      vertex 114.489 93.0114 13.2
      vertex 114.229 93.0456 13.2
    endloop
  endfacet
  facet normal -0.130415 -0.991459 -0
    outer loop
      vertex 114.489 93.0114 13.2
      vertex 114.229 93.0456 2.2
      vertex 114.489 93.0114 2.2
    endloop
  endfacet
  facet normal 0.842701 0.538382 0
    outer loop
      vertex 117.348 97.5 13.2
      vertex 117.207 97.7207 2.2
      vertex 117.207 97.7207 13.2
    endloop
  endfacet
  facet normal 0.842701 0.538382 0
    outer loop
      vertex 117.207 97.7207 2.2
      vertex 117.348 97.5 13.2
      vertex 117.348 97.5 2.2
    endloop
  endfacet
  facet normal -0.999116 0.0420278 0
    outer loop
      vertex 111.75 96 2.2
      vertex 111.761 96.2615 13.2
      vertex 111.761 96.2615 2.2
    endloop
  endfacet
  facet normal -0.999116 0.0420278 0
    outer loop
      vertex 111.761 96.2615 13.2
      vertex 111.75 96 2.2
      vertex 111.75 96 13.2
    endloop
  endfacet
  facet normal -0.736821 0.676088 0
    outer loop
      vertex 112.452 97.9284 5.3
      vertex 112.629 98.1213 13.2
      vertex 112.629 98.1213 5.3
    endloop
  endfacet
  facet normal -0.736821 0.676088 0
    outer loop
      vertex 112.629 98.1213 13.2
      vertex 112.452 97.9284 5.3
      vertex 112.452 97.9284 13.2
    endloop
  endfacet
  facet normal -0.842701 -0.538382 0
    outer loop
      vertex 112.293 94.2793 5.3
      vertex 112.152 94.5 13.2
      vertex 112.152 94.5 5.3
    endloop
  endfacet
  facet normal -0.842701 -0.538382 0
    outer loop
      vertex 112.152 94.5 13.2
      vertex 112.293 94.2793 5.3
      vertex 112.293 94.2793 13.2
    endloop
  endfacet
  facet normal -0.842701 0.538382 0
    outer loop
      vertex 112.152 97.5 5.3
      vertex 112.293 97.7207 13.2
      vertex 112.293 97.7207 5.3
    endloop
  endfacet
  facet normal -0.842701 0.538382 0
    outer loop
      vertex 112.293 97.7207 13.2
      vertex 112.152 97.5 5.3
      vertex 112.152 97.5 13.2
    endloop
  endfacet
  facet normal -0.461834 0.886966 0
    outer loop
      vertex 113.482 98.7189 2.2
      vertex 113.25 98.5981 13.2
      vertex 113.482 98.7189 13.2
    endloop
  endfacet
  facet normal -0.461834 0.886966 0
    outer loop
      vertex 113.25 98.5981 13.2
      vertex 113.482 98.7189 2.2
      vertex 113.25 98.5981 2.2
    endloop
  endfacet
  facet normal -0.990906 -0.134556 -0
    outer loop
      vertex 111.775 95.6354 5.3
      vertex 111.761 95.7385 2.2
      vertex 111.775 95.6354 2.2
    endloop
  endfacet
  facet normal -0.990906 -0.134556 0
    outer loop
      vertex 111.761 95.7385 2.2
      vertex 111.775 95.6354 5.3
      vertex 111.761 95.7385 13.2
    endloop
  endfacet
  facet normal -0.991094 -0.13316 -0
    outer loop
      vertex 111.796 95.4791 13.2
      vertex 111.775 95.6354 5.3
      vertex 111.796 95.4791 5.3
    endloop
  endfacet
  facet normal -0.99102 -0.133715 -1.11711e-05
    outer loop
      vertex 111.775 95.6354 5.3
      vertex 111.796 95.4791 13.2
      vertex 111.761 95.7385 13.2
    endloop
  endfacet
  facet normal -0.216687 -0.976241 0
    outer loop
      vertex 113.974 93.1022 2.2
      vertex 114.229 93.0456 13.2
      vertex 113.974 93.1022 13.2
    endloop
  endfacet
  facet normal -0.216687 -0.976241 -0
    outer loop
      vertex 114.229 93.0456 13.2
      vertex 113.974 93.1022 2.2
      vertex 114.229 93.0456 2.2
    endloop
  endfacet
  facet normal -0.130415 0.991459 0
    outer loop
      vertex 114.489 98.9886 2.2
      vertex 114.229 98.9544 13.2
      vertex 114.489 98.9886 13.2
    endloop
  endfacet
  facet normal -0.130415 0.991459 0
    outer loop
      vertex 114.229 98.9544 13.2
      vertex 114.489 98.9886 2.2
      vertex 114.229 98.9544 2.2
    endloop
  endfacet
  facet normal 0.461834 -0.886966 0
    outer loop
      vertex 116.018 93.2811 2.2
      vertex 116.25 93.4019 13.2
      vertex 116.018 93.2811 13.2
    endloop
  endfacet
  facet normal 0.461834 -0.886966 0
    outer loop
      vertex 116.25 93.4019 13.2
      vertex 116.018 93.2811 2.2
      vertex 116.25 93.4019 2.2
    endloop
  endfacet
  facet normal 0.382554 -0.923933 0
    outer loop
      vertex 115.776 93.1809 2.2
      vertex 116.018 93.2811 13.2
      vertex 115.776 93.1809 13.2
    endloop
  endfacet
  facet normal 0.382554 -0.923933 0
    outer loop
      vertex 116.018 93.2811 13.2
      vertex 115.776 93.1809 2.2
      vertex 116.018 93.2811 2.2
    endloop
  endfacet
  facet normal 0.736821 0.676088 0
    outer loop
      vertex 117.048 97.9284 13.2
      vertex 116.871 98.1213 2.2
      vertex 116.871 98.1213 13.2
    endloop
  endfacet
  facet normal 0.736821 0.676088 0
    outer loop
      vertex 116.871 98.1213 2.2
      vertex 117.048 97.9284 13.2
      vertex 117.048 97.9284 2.2
    endloop
  endfacet
  facet normal -0.97683 0.214016 0
    outer loop
      vertex 111.796 96.5209 5.3
      vertex 111.852 96.7765 13.2
      vertex 111.852 96.7765 5.3
    endloop
  endfacet
  facet normal -0.97683 0.214016 0
    outer loop
      vertex 111.852 96.7765 13.2
      vertex 111.796 96.5209 5.3
      vertex 111.796 96.5209 13.2
    endloop
  endfacet
  facet normal -0.678612 -0.734497 0
    outer loop
      vertex 112.675 93.8362 5.3
      vertex 112.629 93.8787 13.2
      vertex 112.629 93.8787 5.3
    endloop
  endfacet
  facet normal -0.675482 -0.737376 3.37083e-05
    outer loop
      vertex 112.629 93.8787 13.2
      vertex 112.675 93.8362 5.3
      vertex 112.822 93.7019 13.2
    endloop
  endfacet
  facet normal -0.674496 -0.738279 0
    outer loop
      vertex 112.822 93.7019 2.2
      vertex 112.675 93.8362 5.3
      vertex 112.675 93.8362 2.2
    endloop
  endfacet
  facet normal -0.674496 -0.738279 0
    outer loop
      vertex 112.675 93.8362 5.3
      vertex 112.822 93.7019 2.2
      vertex 112.822 93.7019 13.2
    endloop
  endfacet
  facet normal -0.536777 -0.843724 0
    outer loop
      vertex 113.029 93.5425 2.2
      vertex 113.25 93.4019 13.2
      vertex 113.029 93.5425 13.2
    endloop
  endfacet
  facet normal -0.536777 -0.843724 -0
    outer loop
      vertex 113.25 93.4019 13.2
      vertex 113.029 93.5425 2.2
      vertex 113.25 93.4019 2.2
    endloop
  endfacet
  facet normal 0.886735 -0.462279 0
    outer loop
      vertex 117.348 94.5 13.2
      vertex 117.469 94.7321 2.2
      vertex 117.469 94.7321 13.2
    endloop
  endfacet
  facet normal 0.886735 -0.462279 0
    outer loop
      vertex 117.469 94.7321 2.2
      vertex 117.348 94.5 13.2
      vertex 117.348 94.5 2.2
    endloop
  endfacet
  facet normal -0.382554 -0.923933 0
    outer loop
      vertex 113.482 93.2811 2.2
      vertex 113.724 93.1809 13.2
      vertex 113.482 93.2811 13.2
    endloop
  endfacet
  facet normal -0.382554 -0.923933 -0
    outer loop
      vertex 113.724 93.1809 13.2
      vertex 113.482 93.2811 2.2
      vertex 113.724 93.1809 2.2
    endloop
  endfacet
  facet normal -0.794043 -0.607862 0
    outer loop
      vertex 112.452 94.0716 5.3
      vertex 112.293 94.2793 13.2
      vertex 112.293 94.2793 5.3
    endloop
  endfacet
  facet normal -0.794043 -0.607862 0
    outer loop
      vertex 112.293 94.2793 13.2
      vertex 112.452 94.0716 5.3
      vertex 112.452 94.0716 13.2
    endloop
  endfacet
  facet normal -0.97683 -0.214016 0
    outer loop
      vertex 111.852 95.2235 5.3
      vertex 111.796 95.4791 13.2
      vertex 111.796 95.4791 5.3
    endloop
  endfacet
  facet normal -0.97683 -0.214016 0
    outer loop
      vertex 111.796 95.4791 13.2
      vertex 111.852 95.2235 5.3
      vertex 111.852 95.2235 13.2
    endloop
  endfacet
  facet normal -0.216687 0.976241 0
    outer loop
      vertex 114.229 98.9544 2.2
      vertex 113.974 98.8978 13.2
      vertex 114.229 98.9544 13.2
    endloop
  endfacet
  facet normal -0.216687 0.976241 0
    outer loop
      vertex 113.974 98.8978 13.2
      vertex 114.229 98.9544 2.2
      vertex 113.974 98.8978 2.2
    endloop
  endfacet
  facet normal -0.924091 0.382172 0
    outer loop
      vertex 111.931 97.0261 5.3
      vertex 112.031 97.2679 13.2
      vertex 112.031 97.2679 5.3
    endloop
  endfacet
  facet normal -0.924091 0.382172 0
    outer loop
      vertex 112.031 97.2679 13.2
      vertex 111.931 97.0261 5.3
      vertex 111.931 97.0261 13.2
    endloop
  endfacet
  facet normal -0.0436366 -0.999047 0
    outer loop
      vertex 114.489 93.0114 2.2
      vertex 114.75 93 13.2
      vertex 114.489 93.0114 13.2
    endloop
  endfacet
  facet normal -0.0436366 -0.999047 -0
    outer loop
      vertex 114.75 93 13.2
      vertex 114.489 93.0114 2.2
      vertex 114.75 93 2.2
    endloop
  endfacet
  facet normal -0.990906 0.134556 0
    outer loop
      vertex 111.775 96.3646 2.2
      vertex 111.761 96.2615 2.2
      vertex 111.775 96.3646 5.3
    endloop
  endfacet
  facet normal -0.991094 0.13316 0
    outer loop
      vertex 111.775 96.3646 5.3
      vertex 111.796 96.5209 13.2
      vertex 111.796 96.5209 5.3
    endloop
  endfacet
  facet normal -0.990906 0.134556 0
    outer loop
      vertex 111.761 96.2615 13.2
      vertex 111.775 96.3646 5.3
      vertex 111.761 96.2615 2.2
    endloop
  endfacet
  facet normal -0.99102 0.133715 -1.11711e-05
    outer loop
      vertex 111.775 96.3646 5.3
      vertex 111.761 96.2615 13.2
      vertex 111.796 96.5209 13.2
    endloop
  endfacet
  facet normal -0.300273 -0.953853 0
    outer loop
      vertex 113.724 93.1809 2.2
      vertex 113.974 93.1022 13.2
      vertex 113.724 93.1809 13.2
    endloop
  endfacet
  facet normal -0.300273 -0.953853 -0
    outer loop
      vertex 113.974 93.1022 13.2
      vertex 113.724 93.1809 2.2
      vertex 113.974 93.1022 2.2
    endloop
  endfacet
  facet normal 0.216687 -0.976241 0
    outer loop
      vertex 115.271 93.0456 2.2
      vertex 115.526 93.1022 13.2
      vertex 115.271 93.0456 13.2
    endloop
  endfacet
  facet normal 0.216687 -0.976241 0
    outer loop
      vertex 115.526 93.1022 13.2
      vertex 115.271 93.0456 2.2
      vertex 115.526 93.1022 2.2
    endloop
  endfacet
  facet normal 0.736821 -0.676088 0
    outer loop
      vertex 116.871 93.8787 13.2
      vertex 117.048 94.0716 2.2
      vertex 117.048 94.0716 13.2
    endloop
  endfacet
  facet normal 0.736821 -0.676088 0
    outer loop
      vertex 117.048 94.0716 2.2
      vertex 116.871 93.8787 13.2
      vertex 116.871 93.8787 2.2
    endloop
  endfacet
  facet normal -0.461834 -0.886966 0
    outer loop
      vertex 113.25 93.4019 2.2
      vertex 113.482 93.2811 13.2
      vertex 113.25 93.4019 13.2
    endloop
  endfacet
  facet normal -0.461834 -0.886966 -0
    outer loop
      vertex 113.482 93.2811 13.2
      vertex 113.25 93.4019 2.2
      vertex 113.482 93.2811 2.2
    endloop
  endfacet
  facet normal -0.794043 0.607862 0
    outer loop
      vertex 112.293 97.7207 5.3
      vertex 112.452 97.9284 13.2
      vertex 112.452 97.9284 5.3
    endloop
  endfacet
  facet normal -0.794043 0.607862 0
    outer loop
      vertex 112.452 97.9284 13.2
      vertex 112.293 97.7207 5.3
      vertex 112.293 97.7207 13.2
    endloop
  endfacet
  facet normal -0.886735 0.462279 0
    outer loop
      vertex 112.031 97.2679 5.3
      vertex 112.152 97.5 13.2
      vertex 112.152 97.5 5.3
    endloop
  endfacet
  facet normal -0.886735 0.462279 0
    outer loop
      vertex 112.152 97.5 13.2
      vertex 112.031 97.2679 5.3
      vertex 112.031 97.2679 13.2
    endloop
  endfacet
  facet normal -0.534788 -0.844987 0
    outer loop
      vertex 115.262 96.8877 5.95
      vertex 115.338 96.8396 13.2
      vertex 115.262 96.8877 13.2
    endloop
  endfacet
  facet normal -0.534788 -0.844987 -0
    outer loop
      vertex 115.338 96.8396 13.2
      vertex 115.262 96.8877 5.95
      vertex 115.338 96.8396 5.95
    endloop
  endfacet
  facet normal -0.990972 -0.134066 0
    outer loop
      vertex 115.771 96.0893 5.95
      vertex 115.759 96.178 13.2
      vertex 115.759 96.178 5.95
    endloop
  endfacet
  facet normal -0.990972 -0.134066 0
    outer loop
      vertex 115.759 96.178 13.2
      vertex 115.771 96.0893 5.95
      vertex 115.771 96.0893 13.2
    endloop
  endfacet
  facet normal -0.998998 -0.044748 0
    outer loop
      vertex 115.775 96 5.95
      vertex 115.771 96.0893 13.2
      vertex 115.771 96.0893 5.95
    endloop
  endfacet
  facet normal -0.998998 -0.044748 0
    outer loop
      vertex 115.771 96.0893 13.2
      vertex 115.775 96 5.95
      vertex 115.775 96 13.2
    endloop
  endfacet
  facet normal -0.977126 -0.212662 0
    outer loop
      vertex 115.759 96.178 5.95
      vertex 115.74 96.2653 13.2
      vertex 115.74 96.2653 5.95
    endloop
  endfacet
  facet normal -0.977126 -0.212662 0
    outer loop
      vertex 115.74 96.2653 13.2
      vertex 115.759 96.178 5.95
      vertex 115.759 96.178 13.2
    endloop
  endfacet
  facet normal -0.95338 -0.301773 0
    outer loop
      vertex 115.74 96.2653 5.95
      vertex 115.713 96.3506 13.2
      vertex 115.713 96.3506 5.95
    endloop
  endfacet
  facet normal -0.95338 -0.301773 0
    outer loop
      vertex 115.713 96.3506 13.2
      vertex 115.74 96.2653 5.95
      vertex 115.74 96.2653 13.2
    endloop
  endfacet
  facet normal -0.384935 0.922944 0
    outer loop
      vertex 115.183 95.071 5.95
      vertex 115.101 95.0368 13.2
      vertex 115.183 95.071 13.2
    endloop
  endfacet
  facet normal -0.384935 0.922944 0
    outer loop
      vertex 115.101 95.0368 13.2
      vertex 115.183 95.071 5.95
      vertex 115.101 95.0368 5.95
    endloop
  endfacet
  facet normal -0.843569 -0.53702 0
    outer loop
      vertex 115.638 96.5125 5.95
      vertex 115.59 96.5879 13.2
      vertex 115.59 96.5879 5.95
    endloop
  endfacet
  facet normal -0.843569 -0.53702 0
    outer loop
      vertex 115.59 96.5879 13.2
      vertex 115.638 96.5125 5.95
      vertex 115.638 96.5125 13.2
    endloop
  endfacet
  facet normal -0.384935 -0.922944 0
    outer loop
      vertex 115.101 96.9632 5.95
      vertex 115.183 96.929 13.2
      vertex 115.101 96.9632 13.2
    endloop
  endfacet
  facet normal -0.384935 -0.922944 -0
    outer loop
      vertex 115.183 96.929 13.2
      vertex 115.101 96.9632 5.95
      vertex 115.183 96.929 5.95
    endloop
  endfacet
  facet normal 0.384935 -0.922944 0
    outer loop
      vertex 114.317 96.929 5.95
      vertex 114.399 96.9632 13.2
      vertex 114.317 96.929 13.2
    endloop
  endfacet
  facet normal 0.384935 -0.922944 0
    outer loop
      vertex 114.399 96.9632 13.2
      vertex 114.317 96.929 5.95
      vertex 114.399 96.9632 5.95
    endloop
  endfacet
  facet normal -0.998998 0.044748 0
    outer loop
      vertex 115.771 95.9107 5.95
      vertex 115.775 96 13.2
      vertex 115.775 96 5.95
    endloop
  endfacet
  facet normal -0.998998 0.044748 0
    outer loop
      vertex 115.775 96 13.2
      vertex 115.771 95.9107 5.95
      vertex 115.771 95.9107 13.2
    endloop
  endfacet
  facet normal -0.608197 -0.793786 0
    outer loop
      vertex 115.338 96.8396 5.95
      vertex 115.409 96.7852 13.2
      vertex 115.338 96.8396 13.2
    endloop
  endfacet
  facet normal -0.608197 -0.793786 -0
    outer loop
      vertex 115.409 96.7852 13.2
      vertex 115.338 96.8396 5.95
      vertex 115.409 96.7852 5.95
    endloop
  endfacet
  facet normal 0.298528 -0.954401 0
    outer loop
      vertex 114.399 96.9632 5.95
      vertex 114.485 96.9901 13.2
      vertex 114.399 96.9632 13.2
    endloop
  endfacet
  facet normal 0.298528 -0.954401 0
    outer loop
      vertex 114.485 96.9901 13.2
      vertex 114.399 96.9632 5.95
      vertex 114.485 96.9901 5.95
    endloop
  endfacet
  facet normal 0.998998 -0.044748 0
    outer loop
      vertex 113.725 96 13.2
      vertex 113.729 96.0893 5.95
      vertex 113.729 96.0893 13.2
    endloop
  endfacet
  facet normal 0.998998 -0.044748 0
    outer loop
      vertex 113.729 96.0893 5.95
      vertex 113.725 96 13.2
      vertex 113.725 96 5.95
    endloop
  endfacet
  facet normal -0.463294 0.886205 0
    outer loop
      vertex 115.262 95.1123 5.95
      vertex 115.183 95.071 13.2
      vertex 115.262 95.1123 13.2
    endloop
  endfacet
  facet normal -0.463294 0.886205 0
    outer loop
      vertex 115.183 95.071 13.2
      vertex 115.262 95.1123 5.95
      vertex 115.183 95.071 5.95
    endloop
  endfacet
  facet normal -0.924724 0.380637 0
    outer loop
      vertex 115.679 95.5668 5.95
      vertex 115.713 95.6494 13.2
      vertex 115.713 95.6494 5.95
    endloop
  endfacet
  facet normal -0.924724 0.380637 0
    outer loop
      vertex 115.713 95.6494 13.2
      vertex 115.679 95.5668 5.95
      vertex 115.679 95.5668 13.2
    endloop
  endfacet
  facet normal 0.843569 0.53702 0
    outer loop
      vertex 113.91 95.4121 13.2
      vertex 113.862 95.4875 5.95
      vertex 113.862 95.4875 13.2
    endloop
  endfacet
  facet normal 0.843569 0.53702 0
    outer loop
      vertex 113.862 95.4875 5.95
      vertex 113.91 95.4121 13.2
      vertex 113.91 95.4121 5.95
    endloop
  endfacet
  facet normal -0.298528 -0.954401 0
    outer loop
      vertex 115.015 96.9901 5.95
      vertex 115.101 96.9632 13.2
      vertex 115.015 96.9901 13.2
    endloop
  endfacet
  facet normal -0.298528 -0.954401 -0
    outer loop
      vertex 115.101 96.9632 13.2
      vertex 115.015 96.9901 5.95
      vertex 115.101 96.9632 5.95
    endloop
  endfacet
  facet normal -0.739432 -0.673231 0
    outer loop
      vertex 115.535 96.6589 5.95
      vertex 115.475 96.7248 13.2
      vertex 115.475 96.7248 5.95
    endloop
  endfacet
  facet normal -0.739432 -0.673231 0
    outer loop
      vertex 115.475 96.7248 13.2
      vertex 115.535 96.6589 5.95
      vertex 115.535 96.6589 13.2
    endloop
  endfacet
  facet normal -0.79055 -0.612398 0
    outer loop
      vertex 115.59 96.5879 5.95
      vertex 115.535 96.6589 13.2
      vertex 115.535 96.6589 5.95
    endloop
  endfacet
  facet normal -0.79055 -0.612398 0
    outer loop
      vertex 115.535 96.6589 13.2
      vertex 115.59 96.5879 5.95
      vertex 115.59 96.5879 13.2
    endloop
  endfacet
  facet normal 0.79055 0.612398 0
    outer loop
      vertex 113.965 95.3411 13.2
      vertex 113.91 95.4121 5.95
      vertex 113.91 95.4121 13.2
    endloop
  endfacet
  facet normal 0.79055 0.612398 0
    outer loop
      vertex 113.91 95.4121 5.95
      vertex 113.965 95.3411 13.2
      vertex 113.965 95.3411 5.95
    endloop
  endfacet
  facet normal -0.463294 -0.886205 0
    outer loop
      vertex 115.183 96.929 5.95
      vertex 115.262 96.8877 13.2
      vertex 115.183 96.929 13.2
    endloop
  endfacet
  facet normal -0.463294 -0.886205 -0
    outer loop
      vertex 115.262 96.8877 13.2
      vertex 115.183 96.929 5.95
      vertex 115.262 96.8877 5.95
    endloop
  endfacet
  facet normal -0.843569 0.53702 0
    outer loop
      vertex 115.59 95.4121 5.95
      vertex 115.638 95.4875 13.2
      vertex 115.638 95.4875 5.95
    endloop
  endfacet
  facet normal -0.843569 0.53702 0
    outer loop
      vertex 115.638 95.4875 13.2
      vertex 115.59 95.4121 5.95
      vertex 115.59 95.4121 13.2
    endloop
  endfacet
  facet normal 0.998998 0.044748 0
    outer loop
      vertex 113.729 95.9107 13.2
      vertex 113.725 96 5.95
      vertex 113.725 96 13.2
    endloop
  endfacet
  facet normal 0.998998 0.044748 0
    outer loop
      vertex 113.725 96 5.95
      vertex 113.729 95.9107 13.2
      vertex 113.729 95.9107 5.95
    endloop
  endfacet
  facet normal 0 0 1
    outer loop
      vertex 115.771 96.0893 5.95
      vertex 115.771 95.9107 5.95
      vertex 115.775 96 5.95
    endloop
  endfacet
  facet normal 0 0 1
    outer loop
      vertex 115.759 96.178 5.95
      vertex 115.771 95.9107 5.95
      vertex 115.771 96.0893 5.95
    endloop
  endfacet
  facet normal 0 0 1
    outer loop
      vertex 115.759 96.178 5.95
      vertex 115.759 95.822 5.95
      vertex 115.771 95.9107 5.95
    endloop
  endfacet
  facet normal 0 0 1
    outer loop
      vertex 115.74 96.2653 5.95
      vertex 115.759 95.822 5.95
      vertex 115.759 96.178 5.95
    endloop
  endfacet
  facet normal 0 0 1
    outer loop
      vertex 115.74 96.2653 5.95
      vertex 115.74 95.7347 5.95
      vertex 115.759 95.822 5.95
    endloop
  endfacet
  facet normal 0 0 1
    outer loop
      vertex 115.713 96.3506 5.95
      vertex 115.74 95.7347 5.95
      vertex 115.74 96.2653 5.95
    endloop
  endfacet
  facet normal 0 0 1
    outer loop
      vertex 115.713 96.3506 5.95
      vertex 115.713 95.6494 5.95
      vertex 115.74 95.7347 5.95
    endloop
  endfacet
  facet normal 0 0 1
    outer loop
      vertex 115.679 96.4332 5.95
      vertex 115.713 95.6494 5.95
      vertex 115.713 96.3506 5.95
    endloop
  endfacet
  facet normal 0 0 1
    outer loop
      vertex 115.679 96.4332 5.95
      vertex 115.679 95.5668 5.95
      vertex 115.713 95.6494 5.95
    endloop
  endfacet
  facet normal 0 0 1
    outer loop
      vertex 115.638 96.5125 5.95
      vertex 115.679 95.5668 5.95
      vertex 115.679 96.4332 5.95
    endloop
  endfacet
  facet normal 0 0 1
    outer loop
      vertex 115.638 96.5125 5.95
      vertex 115.638 95.4875 5.95
      vertex 115.679 95.5668 5.95
    endloop
  endfacet
  facet normal 0 0 1
    outer loop
      vertex 115.59 96.5879 5.95
      vertex 115.638 95.4875 5.95
      vertex 115.638 96.5125 5.95
    endloop
  endfacet
  facet normal 0 0 1
    outer loop
      vertex 115.59 96.5879 5.95
      vertex 115.59 95.4121 5.95
      vertex 115.638 95.4875 5.95
    endloop
  endfacet
  facet normal 0 0 1
    outer loop
      vertex 115.535 96.6589 5.95
      vertex 115.59 95.4121 5.95
      vertex 115.59 96.5879 5.95
    endloop
  endfacet
  facet normal 0 0 1
    outer loop
      vertex 115.535 96.6589 5.95
      vertex 115.535 95.3411 5.95
      vertex 115.59 95.4121 5.95
    endloop
  endfacet
  facet normal 0 0 1
    outer loop
      vertex 115.475 96.7248 5.95
      vertex 115.535 95.3411 5.95
      vertex 115.535 96.6589 5.95
    endloop
  endfacet
  facet normal 0 0 1
    outer loop
      vertex 115.475 96.7248 5.95
      vertex 115.475 95.2752 5.95
      vertex 115.535 95.3411 5.95
    endloop
  endfacet
  facet normal 0 0 1
    outer loop
      vertex 115.409 96.7852 5.95
      vertex 115.475 95.2752 5.95
      vertex 115.475 96.7248 5.95
    endloop
  endfacet
  facet normal 0 0 1
    outer loop
      vertex 115.409 96.7852 5.95
      vertex 115.409 95.2148 5.95
      vertex 115.475 95.2752 5.95
    endloop
  endfacet
  facet normal 0 0 1
    outer loop
      vertex 115.338 96.8396 5.95
      vertex 115.409 95.2148 5.95
      vertex 115.409 96.7852 5.95
    endloop
  endfacet
  facet normal 0 0 1
    outer loop
      vertex 115.338 96.8396 5.95
      vertex 115.338 95.1604 5.95
      vertex 115.409 95.2148 5.95
    endloop
  endfacet
  facet normal 0 0 1
    outer loop
      vertex 115.262 96.8877 5.95
      vertex 115.338 95.1604 5.95
      vertex 115.338 96.8396 5.95
    endloop
  endfacet
  facet normal 0 0 1
    outer loop
      vertex 115.262 96.8877 5.95
      vertex 115.262 95.1123 5.95
      vertex 115.338 95.1604 5.95
    endloop
  endfacet
  facet normal 0 0 1
    outer loop
      vertex 115.183 96.929 5.95
      vertex 115.262 95.1123 5.95
      vertex 115.262 96.8877 5.95
    endloop
  endfacet
  facet normal 0 0 1
    outer loop
      vertex 115.183 96.929 5.95
      vertex 115.183 95.071 5.95
      vertex 115.262 95.1123 5.95
    endloop
  endfacet
  facet normal 0 0 1
    outer loop
      vertex 115.101 96.9632 5.95
      vertex 115.183 95.071 5.95
      vertex 115.183 96.929 5.95
    endloop
  endfacet
  facet normal 0 0 1
    outer loop
      vertex 115.101 96.9632 5.95
      vertex 115.101 95.0368 5.95
      vertex 115.183 95.071 5.95
    endloop
  endfacet
  facet normal 0 0 1
    outer loop
      vertex 115.015 96.9901 5.95
      vertex 115.101 95.0368 5.95
      vertex 115.101 96.9632 5.95
    endloop
  endfacet
  facet normal 0 0 1
    outer loop
      vertex 115.015 96.9901 5.95
      vertex 115.015 95.0099 5.95
      vertex 115.101 95.0368 5.95
    endloop
  endfacet
  facet normal 0 0 1
    outer loop
      vertex 114.928 97.0094 5.95
      vertex 115.015 95.0099 5.95
      vertex 115.015 96.9901 5.95
    endloop
  endfacet
  facet normal 0 0 1
    outer loop
      vertex 114.928 97.0094 5.95
      vertex 114.928 94.9906 5.95
      vertex 115.015 95.0099 5.95
    endloop
  endfacet
  facet normal 0 0 1
    outer loop
      vertex 114.839 97.0211 5.95
      vertex 114.928 94.9906 5.95
      vertex 114.928 97.0094 5.95
    endloop
  endfacet
  facet normal 0 0 1
    outer loop
      vertex 114.839 97.0211 5.95
      vertex 114.839 94.9789 5.95
      vertex 114.928 94.9906 5.95
    endloop
  endfacet
  facet normal 0 0 1
    outer loop
      vertex 114.75 97.025 5.95
      vertex 114.839 94.9789 5.95
      vertex 114.839 97.0211 5.95
    endloop
  endfacet
  facet normal 0 0 1
    outer loop
      vertex 114.75 97.025 5.95
      vertex 114.75 94.975 5.95
      vertex 114.839 94.9789 5.95
    endloop
  endfacet
  facet normal -0 0 1
    outer loop
      vertex 114.661 97.0211 5.95
      vertex 114.75 94.975 5.95
      vertex 114.75 97.025 5.95
    endloop
  endfacet
  facet normal 0 0 1
    outer loop
      vertex 114.661 97.0211 5.95
      vertex 114.661 94.9789 5.95
      vertex 114.75 94.975 5.95
    endloop
  endfacet
  facet normal -0 0 1
    outer loop
      vertex 114.572 97.0094 5.95
      vertex 114.661 94.9789 5.95
      vertex 114.661 97.0211 5.95
    endloop
  endfacet
  facet normal 0 0 1
    outer loop
      vertex 114.572 97.0094 5.95
      vertex 114.572 94.9906 5.95
      vertex 114.661 94.9789 5.95
    endloop
  endfacet
  facet normal -0 0 1
    outer loop
      vertex 114.485 96.9901 5.95
      vertex 114.572 94.9906 5.95
      vertex 114.572 97.0094 5.95
    endloop
  endfacet
  facet normal 0 0 1
    outer loop
      vertex 114.485 96.9901 5.95
      vertex 114.485 95.0099 5.95
      vertex 114.572 94.9906 5.95
    endloop
  endfacet
  facet normal -0 0 1
    outer loop
      vertex 114.399 96.9632 5.95
      vertex 114.485 95.0099 5.95
      vertex 114.485 96.9901 5.95
    endloop
  endfacet
  facet normal 0 0 1
    outer loop
      vertex 114.399 96.9632 5.95
      vertex 114.399 95.0368 5.95
      vertex 114.485 95.0099 5.95
    endloop
  endfacet
  facet normal -0 0 1
    outer loop
      vertex 114.317 96.929 5.95
      vertex 114.399 95.0368 5.95
      vertex 114.399 96.9632 5.95
    endloop
  endfacet
  facet normal 0 0 1
    outer loop
      vertex 114.317 96.929 5.95
      vertex 114.317 95.071 5.95
      vertex 114.399 95.0368 5.95
    endloop
  endfacet
  facet normal -0 0 1
    outer loop
      vertex 114.238 96.8877 5.95
      vertex 114.317 95.071 5.95
      vertex 114.317 96.929 5.95
    endloop
  endfacet
  facet normal 0 0 1
    outer loop
      vertex 114.238 96.8877 5.95
      vertex 114.238 95.1123 5.95
      vertex 114.317 95.071 5.95
    endloop
  endfacet
  facet normal -0 0 1
    outer loop
      vertex 114.162 96.8396 5.95
      vertex 114.238 95.1123 5.95
      vertex 114.238 96.8877 5.95
    endloop
  endfacet
  facet normal 0 0 1
    outer loop
      vertex 114.162 96.8396 5.95
      vertex 114.162 95.1604 5.95
      vertex 114.238 95.1123 5.95
    endloop
  endfacet
  facet normal -0 0 1
    outer loop
      vertex 114.091 96.7852 5.95
      vertex 114.162 95.1604 5.95
      vertex 114.162 96.8396 5.95
    endloop
  endfacet
  facet normal 0 0 1
    outer loop
      vertex 114.091 96.7852 5.95
      vertex 114.091 95.2148 5.95
      vertex 114.162 95.1604 5.95
    endloop
  endfacet
  facet normal -0 0 1
    outer loop
      vertex 114.025 96.7248 5.95
      vertex 114.091 95.2148 5.95
      vertex 114.091 96.7852 5.95
    endloop
  endfacet
  facet normal 0 0 1
    outer loop
      vertex 114.025 96.7248 5.95
      vertex 114.025 95.2752 5.95
      vertex 114.091 95.2148 5.95
    endloop
  endfacet
  facet normal -0 0 1
    outer loop
      vertex 113.965 96.6589 5.95
      vertex 114.025 95.2752 5.95
      vertex 114.025 96.7248 5.95
    endloop
  endfacet
  facet normal 0 0 1
    outer loop
      vertex 113.965 96.6589 5.95
      vertex 113.965 95.3411 5.95
      vertex 114.025 95.2752 5.95
    endloop
  endfacet
  facet normal -0 0 1
    outer loop
      vertex 113.91 96.5879 5.95
      vertex 113.965 95.3411 5.95
      vertex 113.965 96.6589 5.95
    endloop
  endfacet
  facet normal 0 0 1
    outer loop
      vertex 113.91 96.5879 5.95
      vertex 113.91 95.4121 5.95
      vertex 113.965 95.3411 5.95
    endloop
  endfacet
  facet normal -0 0 1
    outer loop
      vertex 113.862 96.5125 5.95
      vertex 113.91 95.4121 5.95
      vertex 113.91 96.5879 5.95
    endloop
  endfacet
  facet normal 0 0 1
    outer loop
      vertex 113.862 96.5125 5.95
      vertex 113.862 95.4875 5.95
      vertex 113.91 95.4121 5.95
    endloop
  endfacet
  facet normal -0 0 1
    outer loop
      vertex 113.821 96.4332 5.95
      vertex 113.862 95.4875 5.95
      vertex 113.862 96.5125 5.95
    endloop
  endfacet
  facet normal 0 0 1
    outer loop
      vertex 113.821 96.4332 5.95
      vertex 113.821 95.5668 5.95
      vertex 113.862 95.4875 5.95
    endloop
  endfacet
  facet normal -0 0 1
    outer loop
      vertex 113.787 96.3506 5.95
      vertex 113.821 95.5668 5.95
      vertex 113.821 96.4332 5.95
    endloop
  endfacet
  facet normal 0 0 1
    outer loop
      vertex 113.787 96.3506 5.95
      vertex 113.787 95.6494 5.95
      vertex 113.821 95.5668 5.95
    endloop
  endfacet
  facet normal -0 0 1
    outer loop
      vertex 113.76 96.2653 5.95
      vertex 113.787 95.6494 5.95
      vertex 113.787 96.3506 5.95
    endloop
  endfacet
  facet normal 0 0 1
    outer loop
      vertex 113.76 96.2653 5.95
      vertex 113.76 95.7347 5.95
      vertex 113.787 95.6494 5.95
    endloop
  endfacet
  facet normal -0 0 1
    outer loop
      vertex 113.741 96.178 5.95
      vertex 113.76 95.7347 5.95
      vertex 113.76 96.2653 5.95
    endloop
  endfacet
  facet normal 0 0 1
    outer loop
      vertex 113.741 96.178 5.95
      vertex 113.741 95.822 5.95
      vertex 113.76 95.7347 5.95
    endloop
  endfacet
  facet normal -0 0 1
    outer loop
      vertex 113.729 96.0893 5.95
      vertex 113.741 95.822 5.95
      vertex 113.741 96.178 5.95
    endloop
  endfacet
  facet normal 0 0 1
    outer loop
      vertex 113.729 96.0893 5.95
      vertex 113.729 95.9107 5.95
      vertex 113.741 95.822 5.95
    endloop
  endfacet
  facet normal 0 -0 1
    outer loop
      vertex 113.729 95.9107 5.95
      vertex 113.729 96.0893 5.95
      vertex 113.725 96 5.95
    endloop
  endfacet
  facet normal -0.888296 -0.459271 0
    outer loop
      vertex 115.679 96.4332 5.95
      vertex 115.638 96.5125 13.2
      vertex 115.638 96.5125 5.95
    endloop
  endfacet
  facet normal -0.888296 -0.459271 0
    outer loop
      vertex 115.638 96.5125 13.2
      vertex 115.679 96.4332 5.95
      vertex 115.679 96.4332 13.2
    endloop
  endfacet
  facet normal 0.675117 -0.737711 0
    outer loop
      vertex 114.025 96.7248 5.95
      vertex 114.091 96.7852 13.2
      vertex 114.025 96.7248 13.2
    endloop
  endfacet
  facet normal 0.675117 -0.737711 0
    outer loop
      vertex 114.091 96.7852 13.2
      vertex 114.025 96.7248 5.95
      vertex 114.091 96.7852 5.95
    endloop
  endfacet
  facet normal 0.608197 0.793786 -0
    outer loop
      vertex 114.162 95.1604 5.95
      vertex 114.091 95.2148 13.2
      vertex 114.162 95.1604 13.2
    endloop
  endfacet
  facet normal 0.608197 0.793786 0
    outer loop
      vertex 114.091 95.2148 13.2
      vertex 114.162 95.1604 5.95
      vertex 114.091 95.2148 5.95
    endloop
  endfacet
  facet normal 0.463294 -0.886205 0
    outer loop
      vertex 114.238 96.8877 5.95
      vertex 114.317 96.929 13.2
      vertex 114.238 96.8877 13.2
    endloop
  endfacet
  facet normal 0.463294 -0.886205 0
    outer loop
      vertex 114.317 96.929 13.2
      vertex 114.238 96.8877 5.95
      vertex 114.317 96.929 5.95
    endloop
  endfacet
  facet normal 0.95338 0.301773 0
    outer loop
      vertex 113.787 95.6494 13.2
      vertex 113.76 95.7347 5.95
      vertex 113.76 95.7347 13.2
    endloop
  endfacet
  facet normal 0.95338 0.301773 0
    outer loop
      vertex 113.76 95.7347 5.95
      vertex 113.787 95.6494 13.2
      vertex 113.787 95.6494 5.95
    endloop
  endfacet
  facet normal -0.924724 -0.380637 0
    outer loop
      vertex 115.713 96.3506 5.95
      vertex 115.679 96.4332 13.2
      vertex 115.679 96.4332 5.95
    endloop
  endfacet
  facet normal -0.924724 -0.380637 0
    outer loop
      vertex 115.679 96.4332 13.2
      vertex 115.713 96.3506 5.95
      vertex 115.713 96.3506 13.2
    endloop
  endfacet
  facet normal -0.675117 0.737711 0
    outer loop
      vertex 115.475 95.2752 5.95
      vertex 115.409 95.2148 13.2
      vertex 115.475 95.2752 13.2
    endloop
  endfacet
  facet normal -0.675117 0.737711 0
    outer loop
      vertex 115.409 95.2148 13.2
      vertex 115.475 95.2752 5.95
      vertex 115.409 95.2148 5.95
    endloop
  endfacet
  facet normal 0.216574 -0.976266 0
    outer loop
      vertex 114.485 96.9901 5.95
      vertex 114.572 97.0094 13.2
      vertex 114.485 96.9901 13.2
    endloop
  endfacet
  facet normal 0.216574 -0.976266 0
    outer loop
      vertex 114.572 97.0094 13.2
      vertex 114.485 96.9901 5.95
      vertex 114.572 97.0094 5.95
    endloop
  endfacet
  facet normal 0.990972 0.134066 0
    outer loop
      vertex 113.741 95.822 13.2
      vertex 113.729 95.9107 5.95
      vertex 113.729 95.9107 13.2
    endloop
  endfacet
  facet normal 0.990972 0.134066 0
    outer loop
      vertex 113.729 95.9107 5.95
      vertex 113.741 95.822 13.2
      vertex 113.741 95.822 5.95
    endloop
  endfacet
  facet normal 0.0437782 0.999041 -0
    outer loop
      vertex 114.75 94.975 5.95
      vertex 114.661 94.9789 13.2
      vertex 114.75 94.975 13.2
    endloop
  endfacet
  facet normal 0.0437782 0.999041 0
    outer loop
      vertex 114.661 94.9789 13.2
      vertex 114.75 94.975 5.95
      vertex 114.661 94.9789 5.95
    endloop
  endfacet
  facet normal -0.990972 0.134066 0
    outer loop
      vertex 115.759 95.822 5.95
      vertex 115.771 95.9107 13.2
      vertex 115.771 95.9107 5.95
    endloop
  endfacet
  facet normal -0.990972 0.134066 0
    outer loop
      vertex 115.771 95.9107 13.2
      vertex 115.759 95.822 5.95
      vertex 115.759 95.822 13.2
    endloop
  endfacet
  facet normal 0.924724 0.380637 0
    outer loop
      vertex 113.821 95.5668 13.2
      vertex 113.787 95.6494 5.95
      vertex 113.787 95.6494 13.2
    endloop
  endfacet
  facet normal 0.924724 0.380637 0
    outer loop
      vertex 113.787 95.6494 5.95
      vertex 113.821 95.5668 13.2
      vertex 113.821 95.5668 5.95
    endloop
  endfacet
  facet normal -0.977126 0.212662 0
    outer loop
      vertex 115.74 95.7347 5.95
      vertex 115.759 95.822 13.2
      vertex 115.759 95.822 5.95
    endloop
  endfacet
  facet normal -0.977126 0.212662 0
    outer loop
      vertex 115.759 95.822 13.2
      vertex 115.74 95.7347 5.95
      vertex 115.74 95.7347 13.2
    endloop
  endfacet
  facet normal 0.675117 0.737711 -0
    outer loop
      vertex 114.091 95.2148 5.95
      vertex 114.025 95.2752 13.2
      vertex 114.091 95.2148 13.2
    endloop
  endfacet
  facet normal 0.675117 0.737711 0
    outer loop
      vertex 114.025 95.2752 13.2
      vertex 114.091 95.2148 5.95
      vertex 114.025 95.2752 5.95
    endloop
  endfacet
  facet normal -0.79055 0.612398 0
    outer loop
      vertex 115.535 95.3411 5.95
      vertex 115.59 95.4121 13.2
      vertex 115.59 95.4121 5.95
    endloop
  endfacet
  facet normal -0.79055 0.612398 0
    outer loop
      vertex 115.59 95.4121 13.2
      vertex 115.535 95.3411 5.95
      vertex 115.535 95.3411 13.2
    endloop
  endfacet
  facet normal -0.888296 0.459271 0
    outer loop
      vertex 115.638 95.4875 5.95
      vertex 115.679 95.5668 13.2
      vertex 115.679 95.5668 5.95
    endloop
  endfacet
  facet normal -0.888296 0.459271 0
    outer loop
      vertex 115.679 95.5668 13.2
      vertex 115.638 95.4875 5.95
      vertex 115.638 95.4875 13.2
    endloop
  endfacet
  facet normal 0.990972 -0.134066 0
    outer loop
      vertex 113.729 96.0893 13.2
      vertex 113.741 96.178 5.95
      vertex 113.741 96.178 13.2
    endloop
  endfacet
  facet normal 0.990972 -0.134066 0
    outer loop
      vertex 113.741 96.178 5.95
      vertex 113.729 96.0893 13.2
      vertex 113.729 96.0893 5.95
    endloop
  endfacet
  facet normal 0.977126 0.212662 0
    outer loop
      vertex 113.76 95.7347 13.2
      vertex 113.741 95.822 5.95
      vertex 113.741 95.822 13.2
    endloop
  endfacet
  facet normal 0.977126 0.212662 0
    outer loop
      vertex 113.741 95.822 5.95
      vertex 113.76 95.7347 13.2
      vertex 113.76 95.7347 5.95
    endloop
  endfacet
  facet normal 0.216574 0.976266 -0
    outer loop
      vertex 114.572 94.9906 5.95
      vertex 114.485 95.0099 13.2
      vertex 114.572 94.9906 13.2
    endloop
  endfacet
  facet normal 0.216574 0.976266 0
    outer loop
      vertex 114.485 95.0099 13.2
      vertex 114.572 94.9906 5.95
      vertex 114.485 95.0099 5.95
    endloop
  endfacet
  facet normal -0.739432 0.673231 0
    outer loop
      vertex 115.475 95.2752 5.95
      vertex 115.535 95.3411 13.2
      vertex 115.535 95.3411 5.95
    endloop
  endfacet
  facet normal -0.739432 0.673231 0
    outer loop
      vertex 115.535 95.3411 13.2
      vertex 115.475 95.2752 5.95
      vertex 115.475 95.2752 13.2
    endloop
  endfacet
  facet normal -0.130339 0.991469 0
    outer loop
      vertex 114.928 94.9906 5.95
      vertex 114.839 94.9789 13.2
      vertex 114.928 94.9906 13.2
    endloop
  endfacet
  facet normal -0.130339 0.991469 0
    outer loop
      vertex 114.839 94.9789 13.2
      vertex 114.928 94.9906 5.95
      vertex 114.839 94.9789 5.95
    endloop
  endfacet
  facet normal 0.608197 -0.793786 0
    outer loop
      vertex 114.091 96.7852 5.95
      vertex 114.162 96.8396 13.2
      vertex 114.091 96.7852 13.2
    endloop
  endfacet
  facet normal 0.608197 -0.793786 0
    outer loop
      vertex 114.162 96.8396 13.2
      vertex 114.091 96.7852 5.95
      vertex 114.162 96.8396 5.95
    endloop
  endfacet
  facet normal -0.0437782 -0.999041 0
    outer loop
      vertex 114.75 97.025 5.95
      vertex 114.839 97.0211 13.2
      vertex 114.75 97.025 13.2
    endloop
  endfacet
  facet normal -0.0437782 -0.999041 -0
    outer loop
      vertex 114.839 97.0211 13.2
      vertex 114.75 97.025 5.95
      vertex 114.839 97.0211 5.95
    endloop
  endfacet
  facet normal 0.739432 0.673231 0
    outer loop
      vertex 114.025 95.2752 13.2
      vertex 113.965 95.3411 5.95
      vertex 113.965 95.3411 13.2
    endloop
  endfacet
  facet normal 0.739432 0.673231 0
    outer loop
      vertex 113.965 95.3411 5.95
      vertex 114.025 95.2752 13.2
      vertex 114.025 95.2752 5.95
    endloop
  endfacet
  facet normal -0.216574 0.976266 0
    outer loop
      vertex 115.015 95.0099 5.95
      vertex 114.928 94.9906 13.2
      vertex 115.015 95.0099 13.2
    endloop
  endfacet
  facet normal -0.216574 0.976266 0
    outer loop
      vertex 114.928 94.9906 13.2
      vertex 115.015 95.0099 5.95
      vertex 114.928 94.9906 5.95
    endloop
  endfacet
  facet normal -0.216574 -0.976266 0
    outer loop
      vertex 114.928 97.0094 5.95
      vertex 115.015 96.9901 13.2
      vertex 114.928 97.0094 13.2
    endloop
  endfacet
  facet normal -0.216574 -0.976266 -0
    outer loop
      vertex 115.015 96.9901 13.2
      vertex 114.928 97.0094 5.95
      vertex 115.015 96.9901 5.95
    endloop
  endfacet
  facet normal 0.739432 -0.673231 0
    outer loop
      vertex 113.965 96.6589 13.2
      vertex 114.025 96.7248 5.95
      vertex 114.025 96.7248 13.2
    endloop
  endfacet
  facet normal 0.739432 -0.673231 0
    outer loop
      vertex 114.025 96.7248 5.95
      vertex 113.965 96.6589 13.2
      vertex 113.965 96.6589 5.95
    endloop
  endfacet
  facet normal 0.977126 -0.212662 0
    outer loop
      vertex 113.741 96.178 13.2
      vertex 113.76 96.2653 5.95
      vertex 113.76 96.2653 13.2
    endloop
  endfacet
  facet normal 0.977126 -0.212662 0
    outer loop
      vertex 113.76 96.2653 5.95
      vertex 113.741 96.178 13.2
      vertex 113.741 96.178 5.95
    endloop
  endfacet
  facet normal 0.843569 -0.53702 0
    outer loop
      vertex 113.862 96.5125 13.2
      vertex 113.91 96.5879 5.95
      vertex 113.91 96.5879 13.2
    endloop
  endfacet
  facet normal 0.843569 -0.53702 0
    outer loop
      vertex 113.91 96.5879 5.95
      vertex 113.862 96.5125 13.2
      vertex 113.862 96.5125 5.95
    endloop
  endfacet
  facet normal -0.0437782 0.999041 0
    outer loop
      vertex 114.839 94.9789 5.95
      vertex 114.75 94.975 13.2
      vertex 114.839 94.9789 13.2
    endloop
  endfacet
  facet normal -0.0437782 0.999041 0
    outer loop
      vertex 114.75 94.975 13.2
      vertex 114.839 94.9789 5.95
      vertex 114.75 94.975 5.95
    endloop
  endfacet
  facet normal 0.463294 0.886205 -0
    outer loop
      vertex 114.317 95.071 5.95
      vertex 114.238 95.1123 13.2
      vertex 114.317 95.071 13.2
    endloop
  endfacet
  facet normal 0.463294 0.886205 0
    outer loop
      vertex 114.238 95.1123 13.2
      vertex 114.317 95.071 5.95
      vertex 114.238 95.1123 5.95
    endloop
  endfacet
  facet normal 0.888296 0.459271 0
    outer loop
      vertex 113.862 95.4875 13.2
      vertex 113.821 95.5668 5.95
      vertex 113.821 95.5668 13.2
    endloop
  endfacet
  facet normal 0.888296 0.459271 0
    outer loop
      vertex 113.821 95.5668 5.95
      vertex 113.862 95.4875 13.2
      vertex 113.862 95.4875 5.95
    endloop
  endfacet
  facet normal -0.675117 -0.737711 0
    outer loop
      vertex 115.409 96.7852 5.95
      vertex 115.475 96.7248 13.2
      vertex 115.409 96.7852 13.2
    endloop
  endfacet
  facet normal -0.675117 -0.737711 -0
    outer loop
      vertex 115.475 96.7248 13.2
      vertex 115.409 96.7852 5.95
      vertex 115.475 96.7248 5.95
    endloop
  endfacet
  facet normal 0.298528 0.954401 -0
    outer loop
      vertex 114.485 95.0099 5.95
      vertex 114.399 95.0368 13.2
      vertex 114.485 95.0099 13.2
    endloop
  endfacet
  facet normal 0.298528 0.954401 0
    outer loop
      vertex 114.399 95.0368 13.2
      vertex 114.485 95.0099 5.95
      vertex 114.399 95.0368 5.95
    endloop
  endfacet
  facet normal 0.95338 -0.301773 0
    outer loop
      vertex 113.76 96.2653 13.2
      vertex 113.787 96.3506 5.95
      vertex 113.787 96.3506 13.2
    endloop
  endfacet
  facet normal 0.95338 -0.301773 0
    outer loop
      vertex 113.787 96.3506 5.95
      vertex 113.76 96.2653 13.2
      vertex 113.76 96.2653 5.95
    endloop
  endfacet
  facet normal 0.130339 0.991469 -0
    outer loop
      vertex 114.661 94.9789 5.95
      vertex 114.572 94.9906 13.2
      vertex 114.661 94.9789 13.2
    endloop
  endfacet
  facet normal 0.130339 0.991469 0
    outer loop
      vertex 114.572 94.9906 13.2
      vertex 114.661 94.9789 5.95
      vertex 114.572 94.9906 5.95
    endloop
  endfacet
  facet normal 0.888296 -0.459271 0
    outer loop
      vertex 113.821 96.4332 13.2
      vertex 113.862 96.5125 5.95
      vertex 113.862 96.5125 13.2
    endloop
  endfacet
  facet normal 0.888296 -0.459271 0
    outer loop
      vertex 113.862 96.5125 5.95
      vertex 113.821 96.4332 13.2
      vertex 113.821 96.4332 5.95
    endloop
  endfacet
  facet normal 0.534788 0.844987 -0
    outer loop
      vertex 114.238 95.1123 5.95
      vertex 114.162 95.1604 13.2
      vertex 114.238 95.1123 13.2
    endloop
  endfacet
  facet normal 0.534788 0.844987 0
    outer loop
      vertex 114.162 95.1604 13.2
      vertex 114.238 95.1123 5.95
      vertex 114.162 95.1604 5.95
    endloop
  endfacet
  facet normal 0.0437782 -0.999041 0
    outer loop
      vertex 114.661 97.0211 5.95
      vertex 114.75 97.025 13.2
      vertex 114.661 97.0211 13.2
    endloop
  endfacet
  facet normal 0.0437782 -0.999041 0
    outer loop
      vertex 114.75 97.025 13.2
      vertex 114.661 97.0211 5.95
      vertex 114.75 97.025 5.95
    endloop
  endfacet
  facet normal -0.298528 0.954401 0
    outer loop
      vertex 115.101 95.0368 5.95
      vertex 115.015 95.0099 13.2
      vertex 115.101 95.0368 13.2
    endloop
  endfacet
  facet normal -0.298528 0.954401 0
    outer loop
      vertex 115.015 95.0099 13.2
      vertex 115.101 95.0368 5.95
      vertex 115.015 95.0099 5.95
    endloop
  endfacet
  facet normal 0.130339 -0.991469 0
    outer loop
      vertex 114.572 97.0094 5.95
      vertex 114.661 97.0211 13.2
      vertex 114.572 97.0094 13.2
    endloop
  endfacet
  facet normal 0.130339 -0.991469 0
    outer loop
      vertex 114.661 97.0211 13.2
      vertex 114.572 97.0094 5.95
      vertex 114.661 97.0211 5.95
    endloop
  endfacet
  facet normal -0.95338 0.301773 0
    outer loop
      vertex 115.713 95.6494 5.95
      vertex 115.74 95.7347 13.2
      vertex 115.74 95.7347 5.95
    endloop
  endfacet
  facet normal -0.95338 0.301773 0
    outer loop
      vertex 115.74 95.7347 13.2
      vertex 115.713 95.6494 5.95
      vertex 115.713 95.6494 13.2
    endloop
  endfacet
  facet normal 0.534788 -0.844987 0
    outer loop
      vertex 114.162 96.8396 5.95
      vertex 114.238 96.8877 13.2
      vertex 114.162 96.8396 13.2
    endloop
  endfacet
  facet normal 0.534788 -0.844987 0
    outer loop
      vertex 114.238 96.8877 13.2
      vertex 114.162 96.8396 5.95
      vertex 114.238 96.8877 5.95
    endloop
  endfacet
  facet normal -0.608197 0.793786 0
    outer loop
      vertex 115.409 95.2148 5.95
      vertex 115.338 95.1604 13.2
      vertex 115.409 95.2148 13.2
    endloop
  endfacet
  facet normal -0.608197 0.793786 0
    outer loop
      vertex 115.338 95.1604 13.2
      vertex 115.409 95.2148 5.95
      vertex 115.338 95.1604 5.95
    endloop
  endfacet
  facet normal -0.534788 0.844987 0
    outer loop
      vertex 115.338 95.1604 5.95
      vertex 115.262 95.1123 13.2
      vertex 115.338 95.1604 13.2
    endloop
  endfacet
  facet normal -0.534788 0.844987 0
    outer loop
      vertex 115.262 95.1123 13.2
      vertex 115.338 95.1604 5.95
      vertex 115.262 95.1123 5.95
    endloop
  endfacet
  facet normal 0.924724 -0.380637 0
    outer loop
      vertex 113.787 96.3506 13.2
      vertex 113.821 96.4332 5.95
      vertex 113.821 96.4332 13.2
    endloop
  endfacet
  facet normal 0.924724 -0.380637 0
    outer loop
      vertex 113.821 96.4332 5.95
      vertex 113.787 96.3506 13.2
      vertex 113.787 96.3506 5.95
    endloop
  endfacet
  facet normal -0.130339 -0.991469 0
    outer loop
      vertex 114.839 97.0211 5.95
      vertex 114.928 97.0094 13.2
      vertex 114.839 97.0211 13.2
    endloop
  endfacet
  facet normal -0.130339 -0.991469 -0
    outer loop
      vertex 114.928 97.0094 13.2
      vertex 114.839 97.0211 5.95
      vertex 114.928 97.0094 5.95
    endloop
  endfacet
  facet normal 0.384935 0.922944 -0
    outer loop
      vertex 114.399 95.0368 5.95
      vertex 114.317 95.071 13.2
      vertex 114.399 95.0368 13.2
    endloop
  endfacet
  facet normal 0.384935 0.922944 0
    outer loop
      vertex 114.317 95.071 13.2
      vertex 114.399 95.0368 5.95
      vertex 114.317 95.071 5.95
    endloop
  endfacet
  facet normal 0.79055 -0.612398 0
    outer loop
      vertex 113.91 96.5879 13.2
      vertex 113.965 96.6589 5.95
      vertex 113.965 96.6589 13.2
    endloop
  endfacet
  facet normal 0.79055 -0.612398 0
    outer loop
      vertex 113.965 96.6589 5.95
      vertex 113.91 96.5879 13.2
      vertex 113.91 96.5879 5.95
    endloop
  endfacet
endsolid OpenSCAD_Model
